step,predator_0,prey_0
1,1,20
2,1,20
3,1,20
4,1,20
5,1,20
6,1,20
7,1,20
8,1,20
9,1,20
10,1,20
11,1,19
12,1,19
13,1,19
14,1,19
15,1,19
16,1,19
17,1,19
18,1,19
19,1,19
20,1,19
21,1,19
22,1,19
23,1,19
24,1,19
25,1,19
26,1,19
27,1,19
28,1,19
29,1,19
30,1,19
31,1,19
32,1,19
33,1,19
34,1,19
35,1,19
36,1,19
37,1,19
38,1,19
39,1,19
40,1,19
41,1,19
42,1,19
43,1,19
44,1,19
45,1,19
46,1,19
47,1,19
48,1,19
49,1,19
50,1,19
51,1,19
52,1,19
53,1,19
54,1,19
55,1,19
56,1,19
57,1,19
58,1,19
59,1,19
60,1,19
61,1,19
62,1,19
63,1,19
64,1,19
65,1,19
66,1,19
67,1,19
68,1,19
69,1,19
70,1,19
71,1,19
72,1,19
73,1,19
74,1,19
75,1,19
76,1,19
77,1,19
78,1,19
79,1,19
80,1,19
81,1,19
82,1,19
83,1,19
84,1,19
85,1,19
86,1,19
87,1,19
88,1,19
89,1,19
90,1,19
91,1,19
92,1,19
93,1,19
94,1,19
95,1,19
96,1,19
97,1,19
98,1,19
99,1,19
101,1,19
102,1,19
103,1,19
104,1,19
105,1,19
106,1,19
107,1,19
108,1,19
109,1,19
110,1,19
111,1,19
112,1,19
113,1,19
114,1,19
115,1,18
116,1,18
117,1,18
118,1,18
119,1,18
120,1,18
121,1,18
122,1,18
123,1,18
124,1,18
125,1,18
126,1,18
127,1,18
128,1,18
129,1,18
130,1,18
131,1,18
132,1,18
133,1,18
134,1,18
135,1,18
136,1,18
137,1,18
138,1,18
139,1,18
140,1,18
141,1,18
142,1,18
143,1,18
144,1,18
145,1,18
146,1,18
147,1,18
148,1,18
149,1,18
150,1,18
151,1,18
152,1,18
153,1,18
154,1,18
155,1,18
156,1,18
157,1,18
158,1,18
159,1,18
160,1,18
161,1,18
162,1,18
163,1,18
164,1,18
165,1,18
166,1,18
167,1,18
168,1,18
169,1,18
170,1,18
171,1,18
172,1,18
173,1,18
174,1,18
175,1,18
176,1,18
177,1,18
178,1,18
179,1,18
180,1,18
181,1,18
182,1,18
183,1,18
184,1,18
185,1,19
186,1,19
187,1,19
188,1,19
189,1,19
190,1,19
191,1,19
192,1,19
193,1,19
194,1,19
195,1,19
196,1,19
197,1,19
198,1,19
199,1,19
201,1,19
202,1,19
203,1,19
204,1,19
205,1,19
206,1,19
207,1,19
208,1,18
209,1,18
210,1,18
211,1,18
212,1,18
213,1,18
214,1,18
215,1,18
216,1,18
217,1,18
218,1,18
219,1,18
220,1,18
221,1,18
222,1,18
223,1,18
224,1,18
225,1,18
226,1,18
227,1,18
228,1,18
229,1,18
230,1,18
231,1,18
232,1,18
233,1,18
234,1,18
235,1,18
236,1,18
237,1,18
238,1,18
239,1,19
240,1,19
241,1,19
242,1,19
243,1,19
244,1,19
245,1,19
246,1,19
247,1,19
248,1,19
249,1,19
250,1,19
251,1,19
252,1,19
253,1,19
254,1,19
255,1,18
256,1,18
257,1,18
258,1,18
259,1,18
260,1,18
261,1,18
262,1,18
263,1,18
264,1,18
265,1,18
266,1,18
267,1,18
268,1,18
269,1,18
270,1,18
271,1,18
272,1,18
273,1,18
274,1,18
275,1,18
276,1,18
277,1,18
278,1,18
279,1,18
280,1,18
281,1,18
282,1,18
283,1,18
284,1,18
285,1,18
286,1,19
287,1,19
288,1,19
289,1,19
290,1,19
291,1,19
292,1,19
293,1,19
294,1,19
295,1,19
296,1,19
297,1,19
298,1,19
299,1,19
301,1,19
302,1,19
303,1,19
304,1,19
305,1,19
306,1,19
307,1,19
308,1,20
309,1,20
310,1,20
311,1,20
312,1,20
313,1,20
314,1,20
315,1,20
316,1,20
317,1,20
318,1,20
319,1,20
320,1,20
321,1,20
322,1,20
323,1,20
324,1,20
325,1,20
326,1,21
327,1,21
328,1,21
329,1,21
330,1,21
331,1,21
332,1,21
333,1,21
334,1,21
335,1,21
336,1,21
337,1,20
338,1,20
339,1,20
340,1,20
341,1,20
342,1,20
343,1,20
344,1,20
345,1,20
346,1,20
347,1,20
348,1,20
349,1,20
350,1,20
351,1,20
352,1,20
353,1,20
354,1,20
355,1,20
356,1,20
357,1,20
358,1,20
359,1,20
360,1,20
361,1,21
362,1,21
363,1,21
364,1,21
365,1,21
366,1,21
367,1,21
368,1,21
369,1,21
370,1,21
371,1,21
372,1,21
373,1,21
374,1,21
375,1,21
376,1,21
377,1,21
378,1,21
379,1,21
380,1,21
381,1,21
382,1,21
383,1,21
384,1,21
385,1,21
386,1,21
387,1,21
388,1,21
389,1,21
390,1,21
391,1,21
392,1,21
393,1,21
394,1,21
395,1,21
396,1,21
397,1,21
398,1,21
399,1,21
401,1,21
402,1,21
403,1,21
404,1,21
405,1,21
406,1,21
407,1,21
408,1,21
409,1,21
410,1,21
411,1,21
412,1,21
413,1,21
414,1,21
415,1,21
416,1,21
417,1,21
418,1,21
419,1,21
420,1,21
421,1,21
422,1,21
423,1,21
424,1,22
425,1,22
426,1,22
427,1,22
428,1,22
429,1,22
430,1,22
431,1,22
432,1,23
433,1,23
434,1,23
435,1,23
436,1,23
437,1,23
438,1,23
439,1,23
440,1,23
441,1,23
442,1,23
443,1,23
444,1,23
445,1,23
446,1,23
447,1,23
448,1,23
449,1,23
450,1,23
451,1,23
452,1,23
453,1,23
454,1,23
455,1,23
456,1,23
457,1,23
458,1,23
459,1,23
460,1,23
461,1,23
462,1,24
463,1,24
464,1,24
465,1,24
466,1,24
467,1,24
468,1,24
469,1,24
470,1,24
471,1,24
472,1,24
473,1,24
474,1,24
475,1,24
476,1,24
477,1,24
478,1,24
479,1,24
480,1,24
481,1,24
482,1,24
483,1,24
484,1,24
485,1,24
486,1,24
487,1,23
488,1,23
489,1,23
490,1,23
491,1,23
492,1,23
493,1,23
494,1,23
495,1,23
496,1,23
497,1,23
498,1,24
499,1,24
501,1,25
502,1,25
503,1,25
504,1,25
505,1,25
506,1,25
507,1,25
508,1,25
509,1,25
510,1,25
511,1,25
512,1,25
513,1,25
514,1,25
515,1,25
516,1,25
517,1,25
518,1,25
519,1,25
520,1,25
521,1,25
522,1,25
523,1,25
524,1,25
525,1,25
526,1,25
527,1,25
528,1,25
529,1,25
530,1,25
531,1,25
532,1,25
533,1,25
534,1,25
535,1,25
536,1,25
537,1,25
538,1,25
539,1,25
540,1,25
541,1,25
542,1,25
543,1,25
544,1,25
545,1,25
546,1,25
547,1,25
548,1,25
549,1,25
550,1,25
551,1,25
552,1,25
553,1,25
554,1,25
555,1,25
556,1,25
557,1,25
558,1,25
559,1,25
560,1,25
561,1,25
562,1,25
563,1,25
564,1,25
565,1,25
566,1,25
567,1,25
568,1,25
569,1,25
570,1,25
571,1,25
572,1,25
573,1,25
574,1,25
575,1,25
576,1,25
577,1,25
578,1,25
579,1,25
580,1,25
581,1,25
582,1,25
583,1,25
584,1,25
585,1,25
586,1,25
587,1,25
588,1,25
589,1,25
590,1,25
591,1,25
592,1,25
593,1,25
594,1,25
595,1,26
596,1,26
597,1,26
598,1,26
599,1,26
601,1,26
602,1,26
603,1,26
604,1,26
605,1,26
606,1,26
607,1,26
608,1,26
609,1,26
610,1,26
611,1,26
612,1,26
613,1,26
614,1,26
615,1,26
616,1,26
617,1,26
618,1,26
619,1,26
620,1,26
621,1,26
622,1,26
623,1,26
624,1,26
625,1,26
626,1,26
627,1,26
628,1,26
629,1,26
630,1,26
631,1,26
632,1,26
633,1,26
634,1,26
635,1,26
636,1,26
637,1,26
638,1,26
639,1,26
640,1,26
641,1,26
642,1,26
643,1,26
644,1,26
645,1,26
646,1,26
647,1,26
648,1,26
649,1,26
650,1,26
651,1,26
652,1,26
653,1,26
654,1,26
655,1,26
656,1,26
657,1,26
658,1,26
659,1,26
660,1,26
661,1,26
662,1,26
663,1,26
664,1,26
665,1,26
666,1,27
667,1,27
668,1,27
669,1,27
670,1,27
671,1,27
672,1,27
673,1,27
674,1,27
675,1,27
676,1,27
677,1,27
678,1,27
679,1,27
680,1,27
681,1,27
682,1,27
683,1,27
684,1,27
685,1,27
686,1,27
687,1,27
688,1,27
689,1,27
690,1,27
691,1,27
692,1,27
693,1,27
694,1,27
695,1,27
696,1,27
697,1,27
698,1,27
699,1,27
701,1,27
702,1,27
703,1,27
704,1,27
705,1,27
706,1,27
707,1,27
708,1,27
709,1,27
710,1,27
711,1,27
712,1,27
713,1,27
714,1,27
715,1,27
716,1,27
717,1,27
718,1,27
719,1,27
720,1,27
721,1,27
722,1,27
723,1,27
724,1,27
725,1,26
726,1,26
727,1,26
728,1,26
729,1,26
730,1,26
731,1,26
732,1,26
733,1,26
734,1,26
735,1,26
736,1,26
737,1,26
738,1,26
739,1,26
740,1,26
741,1,26
742,1,26
743,1,26
744,1,26
745,1,26
746,1,26
747,1,26
748,1,26
749,1,26
750,1,27
751,1,27
752,1,27
753,1,27
754,1,27
755,1,27
756,1,27
757,1,27
758,1,27
759,1,27
760,1,27
761,1,27
762,1,27
763,1,27
764,1,27
765,1,27
766,1,27
767,1,27
768,1,26
769,1,26
770,1,26
771,1,26
772,1,26
773,1,26
774,1,26
775,1,26
776,1,26
777,1,26
778,1,26
779,1,26
780,1,26
781,1,26
782,1,26
783,1,26
784,1,26
785,1,26
786,1,27
787,1,27
788,1,27
789,1,27
790,1,27
791,1,27
792,1,27
793,1,27
794,1,27
795,1,27
796,1,27
797,1,27
798,1,27
799,1,27
801,1,27
802,1,27
803,1,27
804,1,27
805,1,27
806,1,27
807,1,27
808,1,27
809,1,27
810,1,27
811,1,27
812,1,27
813,1,27
814,1,27
815,1,27
816,1,27
817,1,27
818,1,27
819,1,27
820,1,27
821,1,27
822,1,27
823,1,27
824,1,27
825,1,27
826,1,27
827,1,27
828,1,27
829,1,27
830,1,27
831,1,27
832,1,27
833,1,27
834,1,27
835,1,27
836,1,27
837,1,27
838,1,27
839,1,27
840,1,27
841,1,27
842,1,27
843,1,27
844,1,27
845,1,27
846,1,27
847,1,27
848,1,27
849,1,27
850,1,27
851,1,27
852,1,27
853,1,27
854,1,28
855,1,28
856,1,28
857,1,28
858,1,28
859,1,28
860,1,28
861,1,28
862,1,28
863,1,28
864,1,28
865,1,28
866,1,28
867,1,28
868,1,28
869,1,28
870,1,28
871,1,28
872,1,28
873,1,28
874,1,28
875,1,28
876,1,28
877,1,28
878,1,29
879,1,29
880,1,30
881,1,30
882,1,30
883,1,29
884,1,29
885,1,29
886,1,29
887,1,29
888,1,29
889,1,29
890,1,29
891,1,29
892,1,29
893,1,29
894,1,29
895,1,29
896,1,29
897,1,29
898,1,29
899,1,29
901,1,29
902,1,29
903,1,29
904,1,28
905,1,28
906,1,28
907,1,28
908,1,28
909,1,28
910,1,28
911,1,28
912,1,28
913,1,28
914,1,28
915,1,28
916,1,28
917,1,28
918,1,28
919,1,28
920,1,28
921,1,28
922,1,28
923,1,28
924,1,28
925,1,28
926,1,28
927,1,28
928,1,28
929,1,28
930,1,28
931,1,28
932,1,28
933,1,28
934,1,28
935,1,28
936,1,28
937,1,28
938,1,28
939,1,28
940,1,28
941,1,28
942,1,28
943,1,28
944,1,28
945,1,28
946,1,28
947,1,28
948,1,28
949,1,28
950,1,28
951,1,28
952,1,28
953,1,28
954,1,28
955,1,28
956,1,28
957,1,28
958,1,28
959,1,28
960,1,28
961,1,28
962,1,28
963,1,28
964,1,27
965,1,27
966,1,27
967,1,27
968,1,27
969,1,27
970,1,27
971,1,27
972,1,27
973,1,27
974,1,27
975,1,27
976,1,28
977,1,28
978,1,28
979,1,28
980,1,28
981,1,28
982,1,28
983,1,28
984,1,28
985,1,28
986,1,28
987,1,28
988,1,28
989,1,28
990,1,28
991,1,28
992,1,28
993,1,28
994,1,28
995,1,28
996,1,28
997,1,28
998,1,28
999,1,28
1001,1,28
1002,1,28
1003,1,28
1004,1,28
1005,1,28
1006,1,28
1007,1,28
1008,1,28
1009,1,28
1010,1,28
1011,1,28
1012,1,28
1013,1,28
1014,1,28
1015,1,28
1016,1,28
1017,1,27
1018,1,27
1019,1,27
1020,1,27
1021,1,27
1022,1,27
1023,1,27
1024,1,27
1025,1,27
1026,1,27
1027,1,27
1028,1,27
1029,1,27
1030,1,27
1031,1,27
1032,1,27
1033,1,27
1034,1,27
1035,1,27
1036,1,27
1037,1,27
1038,1,27
1039,1,27
1040,1,27
1041,1,27
1042,1,27
1043,1,27
1044,1,27
1045,1,27
1046,1,27
1047,1,28
1048,1,28
1049,1,28
1050,1,28
1051,1,28
1052,1,28
1053,1,28
1054,1,28
1055,1,28
1056,1,28
1057,1,28
1058,1,28
1059,1,28
1060,1,28
1061,1,28
1062,1,28
1063,1,28
1064,1,28
1065,1,28
1066,1,28
1067,1,28
1068,1,28
1069,1,28
1070,1,28
1071,1,28
1072,1,28
1073,1,27
1074,1,27
1075,1,27
1076,1,27
1077,1,27
1078,1,27
1079,1,27
1080,1,27
1081,1,27
1082,1,27
1083,1,27
1084,1,27
1085,1,27
1086,1,27
1087,1,27
1088,1,27
1089,1,27
1090,1,27
1091,1,27
1092,1,27
1093,1,27
1094,1,27
1095,1,27
1096,1,27
1097,1,27
1098,1,27
1099,1,27
1101,1,28
1102,1,28
1103,1,28
1104,1,28
1105,1,28
1106,1,28
1107,1,28
1108,1,28
1109,1,28
1110,1,28
1111,1,28
1112,1,28
1113,1,28
1114,1,28
1115,1,28
1116,1,27
1117,1,27
1118,1,27
1119,1,27
1120,1,27
1121,1,27
1122,1,27
1123,1,27
1124,1,27
1125,1,27
1126,1,27
1127,1,27
1128,1,27
1129,1,27
1130,1,27
1131,1,27
1132,1,27
1133,1,27
1134,1,27
1135,1,27
1136,1,27
1137,1,27
1138,1,27
1139,1,27
1140,1,27
1141,1,27
1142,1,27
1143,1,27
1144,1,27
1145,1,27
1146,1,27
1147,1,27
1148,1,27
1149,1,27
1150,1,27
1151,1,27
1152,1,27
1153,1,28
1154,1,28
1155,1,28
1156,1,28
1157,1,28
1158,1,28
1159,1,28
1160,1,28
1161,1,28
1162,1,28
1163,1,28
1164,1,28
1165,1,28
1166,1,28
1167,1,28
1168,1,28
1169,1,28
1170,1,28
1171,1,28
1172,1,28
1173,1,28
1174,1,28
1175,1,28
1176,1,28
1177,1,28
1178,1,28
1179,1,28
1180,1,28
1181,1,28
1182,1,28
1183,1,28
1184,1,28
1185,1,28
1186,1,28
1187,1,28
1188,1,28
1189,1,27
1190,1,27
1191,1,27
1192,1,28
1193,1,28
1194,1,28
1195,1,28
1196,1,28
1197,1,28
1198,1,28
1199,1,28
1201,1,28
1202,1,28
1203,1,28
1204,1,28
1205,1,28
1206,1,28
1207,1,28
1208,1,28
1209,1,28
1210,1,28
1211,1,28
1212,1,28
1213,1,28
1214,1,28
1215,1,28
1216,1,28
1217,1,28
1218,1,28
1219,1,28
1220,1,28
1221,1,28
1222,1,28
1223,1,28
1224,1,28
1225,1,28
1226,1,28
1227,1,28
1228,1,28
1229,1,28
1230,1,28
1231,1,28
1232,1,28
1233,1,28
1234,1,28
1235,1,28
1236,1,28
1237,1,28
1238,1,28
1239,1,28
1240,1,28
1241,1,28
1242,1,28
1243,1,28
1244,1,28
1245,1,28
1246,1,28
1247,1,28
1248,1,28
1249,1,28
1250,1,28
1251,1,28
1252,1,28
1253,1,29
1254,1,29
1255,1,29
1256,1,29
1257,1,29
1258,1,29
1259,1,29
1260,1,29
1261,1,29
1262,1,29
1263,1,29
1264,1,29
1265,1,29
1266,1,29
1267,1,29
1268,1,29
1269,1,29
1270,1,29
1271,1,29
1272,1,29
1273,1,29
1274,1,29
1275,1,29
1276,1,29
1277,1,29
1278,1,29
1279,1,29
1280,1,29
1281,1,29
1282,1,29
1283,1,29
1284,1,29
1285,1,29
1286,1,29
1287,1,29
1288,1,29
1289,1,29
1290,1,29
1291,1,29
1292,1,29
1293,1,29
1294,1,29
1295,1,29
1296,1,29
1297,1,29
1298,1,29
1299,1,29
1301,1,29
1302,1,28
1303,1,28
1304,1,28
1305,1,28
1306,1,28
1307,1,28
1308,1,28
1309,1,28
1310,1,28
1311,1,28
1312,1,28
1313,1,28
1314,1,28
1315,1,28
1316,1,28
1317,1,28
1318,1,28
1319,1,28
1320,1,28
1321,1,28
1322,1,28
1323,1,28
1324,1,28
1325,1,29
1326,1,29
1327,1,29
1328,1,29
1329,1,29
1330,1,29
1331,1,29
1332,1,29
1333,1,29
1334,1,29
1335,1,29
1336,1,29
1337,1,29
1338,1,29
1339,1,29
1340,1,29
1341,1,29
1342,1,29
1343,1,29
1344,1,29
1345,1,29
1346,1,29
1347,1,29
1348,1,29
1349,1,29
1350,1,29
1351,1,29
1352,1,29
1353,1,29
1354,1,29
1355,1,29
1356,1,29
1357,1,28
1358,1,28
1359,1,28
1360,1,28
1361,1,28
1362,1,28
1363,1,28
1364,1,28
1365,1,28
1366,1,28
1367,1,28
1368,1,28
1369,1,28
1370,1,28
1371,1,28
1372,1,28
1373,1,28
1374,1,28
1375,1,28
1376,1,28
1377,1,28
1378,1,28
1379,1,28
1380,1,28
1381,1,28
1382,1,28
1383,1,28
1384,1,28
1385,1,28
1386,1,28
1387,1,28
1388,1,28
1389,1,28
1390,1,28
1391,1,28
1392,1,28
1393,1,28
1394,1,28
1395,1,28
1396,1,28
1397,1,28
1398,1,28
1399,1,28
1401,1,28
1402,1,28
1403,1,28
1404,1,28
1405,1,28
1406,1,28
1407,1,28
1408,1,28
1409,1,28
1410,1,28
1411,1,28
1412,1,27
1413,1,27
1414,1,27
1415,1,27
1416,1,27
1417,1,27
1418,1,27
1419,1,27
1420,1,27
1421,1,27
1422,1,27
1423,1,27
1424,1,27
1425,1,27
1426,1,27
1427,1,27
1428,1,27
1429,1,27
1430,1,27
1431,1,27
1432,1,27
1433,1,27
1434,1,27
1435,1,27
1436,1,27
1437,1,27
1438,1,27
1439,1,27
1440,1,27
1441,1,27
1442,1,27
1443,1,27
1444,1,27
1445,1,27
1446,1,27
1447,1,27
1448,1,27
1449,1,27
1450,1,27
1451,1,27
1452,1,27
1453,1,27
1454,1,28
1455,1,28
1456,1,28
1457,1,28
1458,1,28
1459,1,28
1460,1,28
1461,1,28
1462,1,28
1463,1,28
1464,1,28
1465,1,28
1466,1,28
1467,1,28
1468,1,28
1469,1,28
1470,1,28
1471,1,28
1472,1,28
1473,1,27
1474,1,27
1475,1,27
1476,1,27
1477,1,27
1478,1,27
1479,1,27
1480,1,27
1481,1,27
1482,1,27
1483,1,27
1484,1,27
1485,1,27
1486,1,27
1487,1,27
1488,1,27
1489,1,27
1490,1,27
1491,1,27
1492,1,27
1493,1,27
1494,1,27
1495,1,27
1496,1,27
1497,1,27
1498,1,27
1499,1,27
1501,1,27
1502,1,27
1503,1,27
1504,1,27
1505,1,27
1506,1,27
1507,1,27
1508,1,27
1509,1,26
1510,1,26
1511,1,26
1512,1,26
1513,1,26
1514,1,26
1515,1,27
1516,1,27
1517,1,27
1518,1,27
1519,1,27
1520,1,27
1521,1,27
1522,1,27
1523,1,27
1524,1,27
1525,1,27
1526,1,27
1527,1,27
1528,1,27
1529,1,27
1530,1,27
1531,1,27
1532,1,27
1533,1,27
1534,1,27
1535,1,27
1536,1,27
1537,1,27
1538,1,27
1539,1,27
1540,1,27
1541,1,27
1542,1,27
1543,1,27
1544,1,27
1545,1,27
1546,1,27
1547,1,27
1548,1,27
1549,1,27
1550,1,27
1551,1,27
1552,1,27
1553,1,27
1554,1,27
1555,1,27
1556,1,27
1557,1,27
1558,1,27
1559,1,27
1560,1,27
1561,1,27
1562,1,27
1563,1,27
1564,1,27
1565,1,27
1566,1,27
1567,1,27
1568,1,27
1569,1,27
1570,1,28
1571,1,28
1572,1,28
1573,1,28
1574,1,28
1575,1,28
1576,1,28
1577,1,28
1578,1,28
1579,1,28
1580,1,28
1581,1,28
1582,1,28
1583,1,28
1584,1,28
1585,1,28
1586,1,28
1587,1,28
1588,1,28
1589,1,28
1590,1,28
1591,1,28
1592,1,28
1593,1,28
1594,1,28
1595,1,28
1596,1,28
1597,1,28
1598,1,28
1599,1,28
1601,1,28
1602,1,28
1603,1,28
1604,1,28
1605,1,28
1606,1,28
1607,1,28
1608,1,28
1609,1,28
1610,1,28
1611,1,28
1612,1,28
1613,1,28
1614,1,28
1615,1,28
1616,1,28
1617,1,28
1618,1,28
1619,1,28
1620,1,29
1621,1,29
1622,1,29
1623,1,29
1624,1,29
1625,1,29
1626,1,30
1627,1,30
1628,1,30
1629,1,30
1630,1,30
1631,1,30
1632,1,30
1633,1,30
1634,1,30
1635,1,30
1636,1,30
1637,1,30
1638,1,30
1639,1,30
1640,1,30
1641,1,30
1642,1,30
1643,1,30
1644,1,30
1645,1,30
1646,1,30
1647,1,30
1648,1,30
1649,1,30
1650,1,30
1651,1,30
1652,1,30
1653,1,30
1654,1,30
1655,1,30
1656,1,30
1657,1,30
1658,1,30
1659,1,30
1660,1,30
1661,1,30
1662,1,30
1663,1,30
1664,1,30
1665,1,30
1666,1,30
1667,1,30
1668,1,31
1669,1,31
1670,1,31
1671,1,31
1672,1,31
1673,1,32
1674,1,32
1675,1,32
1676,1,31
1677,1,31
1678,1,31
1679,1,31
1680,1,31
1681,1,31
1682,1,31
1683,1,31
1684,1,31
1685,1,31
1686,1,31
1687,1,31
1688,1,31
1689,1,31
1690,1,31
1691,1,31
1692,1,31
1693,1,31
1694,1,31
1695,1,31
1696,1,31
1697,1,31
1698,1,31
1699,1,31
1701,1,31
1702,1,31
1703,1,31
1704,1,30
1705,1,30
1706,1,30
1707,1,30
1708,1,30
1709,1,30
1710,1,30
1711,1,30
1712,1,30
1713,1,30
1714,1,30
1715,1,30
1716,1,30
1717,1,30
1718,1,30
1719,1,30
1720,1,30
1721,1,30
1722,1,30
1723,1,30
1724,1,30
1725,1,30
1726,1,30
1727,1,30
1728,1,30
1729,1,30
1730,1,30
1731,1,30
1732,1,30
1733,1,30
1734,1,30
1735,1,30
1736,1,30
1737,1,29
1738,1,29
1739,1,29
1740,1,29
1741,1,29
1742,1,29
1743,1,29
1744,1,29
1745,1,29
1746,1,29
1747,1,29
1748,1,29
1749,1,29
1750,1,29
1751,1,29
1752,1,29
1753,1,29
1754,1,29
1755,1,29
1756,1,29
1757,1,29
1758,1,29
1759,1,29
1760,1,29
1761,1,29
1762,1,29
1763,1,29
1764,1,29
1765,1,29
1766,1,29
1767,1,29
1768,1,29
1769,1,29
1770,1,29
1771,1,29
1772,1,29
1773,1,29
1774,1,29
1775,1,29
1776,1,29
1777,1,29
1778,1,29
1779,1,29
1780,1,29
1781,1,29
1782,1,29
1783,1,29
1784,1,29
1785,1,29
1786,1,29
1787,1,29
1788,1,29
1789,1,29
1790,1,29
1791,1,29
1792,1,29
1793,1,29
1794,1,29
1795,1,29
1796,1,29
1797,1,29
1798,1,30
1799,1,30
1801,1,30
1802,1,30
1803,1,30
1804,1,30
1805,1,29
1806,1,29
1807,1,29
1808,1,29
1809,1,29
1810,1,29
1811,1,29
1812,1,29
1813,1,30
1814,1,30
1815,1,30
1816,1,30
1817,1,30
1818,1,30
1819,1,30
1820,1,30
1821,1,30
1822,1,30
1823,1,30
1824,1,30
1825,1,30
1826,1,30
1827,1,30
1828,1,30
1829,1,30
1830,1,30
1831,1,30
1832,1,30
1833,1,30
1834,1,30
1835,1,30
1836,1,30
1837,1,30
1838,1,30
1839,1,30
1840,1,30
1841,1,30
1842,1,30
1843,1,30
1844,1,30
1845,1,29
1846,1,29
1847,1,29
1848,1,29
1849,1,29
1850,1,29
1851,1,29
1852,1,29
1853,1,29
1854,1,29
1855,1,29
1856,1,29
1857,1,29
1858,1,29
1859,1,29
1860,1,29
1861,1,29
1862,1,29
1863,1,29
1864,1,29
1865,1,29
1866,1,29
1867,1,29
1868,1,29
1869,1,29
1870,1,29
1871,1,30
1872,1,30
1873,1,31
1874,1,31
1875,1,31
1876,1,31
1877,1,31
1878,1,31
1879,1,31
1880,1,31
1881,1,31
1882,1,31
1883,1,31
1884,1,31
1885,1,31
1886,1,31
1887,1,31
1888,1,31
1889,1,31
1890,1,31
1891,1,31
1892,1,31
1893,1,31
1894,1,31
1895,1,31
1896,1,31
1897,1,31
1898,1,31
1899,1,31
1901,1,31
1902,1,31
1903,1,31
1904,1,31
1905,1,31
1906,1,31
1907,1,31
1908,1,31
1909,1,31
1910,1,31
1911,1,31
1912,1,31
1913,1,31
1914,1,31
1915,1,31
1916,1,31
1917,1,31
1918,1,31
1919,1,31
1920,1,31
1921,1,31
1922,1,30
1923,1,30
1924,1,30
1925,1,30
1926,1,30
1927,1,30
1928,1,30
1929,1,30
1930,1,30
1931,1,30
1932,1,30
1933,1,30
1934,1,30
1935,1,30
1936,1,30
1937,1,30
1938,1,30
1939,1,30
1940,1,30
1941,1,30
1942,1,30
1943,1,30
1944,1,30
1945,1,30
1946,1,30
1947,1,30
1948,1,31
1949,1,31
1950,1,31
1951,1,31
1952,1,31
1953,1,31
1954,1,31
1955,1,31
1956,1,31
1957,1,31
1958,1,31
1959,1,31
1960,1,31
1961,1,31
1962,1,31
1963,1,31
1964,1,31
1965,1,31
1966,1,31
1967,1,32
1968,1,32
1969,1,32
1970,1,32
1971,1,32
1972,1,32
1973,1,32
1974,1,31
1975,1,31
1976,1,31
1977,1,31
1978,1,31
1979,1,31
1980,1,31
1981,1,31
1982,1,31
1983,1,31
1984,1,31
1985,1,31
1986,1,31
1987,1,31
1988,1,31
1989,1,31
1990,1,31
1991,1,31
1992,1,31
1993,1,31
1994,1,31
1995,1,31
1996,1,31
1997,1,31
1998,1,31
1999,1,31
2001,1,31
2002,1,31
2003,1,31
2004,1,31
2005,1,31
2006,1,31
2007,1,31
2008,1,31
2009,1,31
2010,1,31
2011,1,31
2012,1,31
2013,1,31
2014,1,31
2015,1,31
2016,1,31
2017,1,31
2018,1,31
2019,1,31
2020,1,31
2021,1,31
2022,1,31
2023,1,31
2024,1,31
2025,1,31
2026,1,31
2027,1,31
2028,1,31
2029,1,31
2030,1,31
2031,1,31
2032,1,31
2033,1,31
2034,1,31
2035,1,31
2036,1,31
2037,1,31
2038,1,31
2039,1,31
2040,1,31
2041,1,31
2042,1,31
2043,1,31
2044,1,31
2045,1,31
2046,1,31
2047,1,31
2048,1,31
2049,1,31
2050,1,31
2051,1,31
2052,1,31
2053,1,31
2054,1,31
2055,1,31
2056,1,31
2057,1,31
2058,1,31
2059,1,31
2060,1,31
2061,1,31
2062,1,31
2063,1,31
2064,1,31
2065,1,31
2066,1,31
2067,1,31
2068,1,31
2069,1,31
2070,1,31
2071,1,31
2072,1,31
2073,1,31
2074,1,31
2075,1,31
2076,1,31
2077,1,31
2078,1,31
2079,1,31
2080,1,31
2081,1,31
2082,1,31
2083,1,31
2084,1,31
2085,1,31
2086,1,31
2087,1,31
2088,1,31
2089,1,31
2090,1,30
2091,1,30
2092,1,30
2093,1,30
2094,1,30
2095,1,30
2096,1,30
2097,1,30
2098,1,30
2099,1,30
2101,1,30
2102,1,30
2103,1,30
2104,1,30
2105,1,31
2106,1,31
2107,1,31
2108,1,31
2109,1,31
2110,1,31
2111,1,31
2112,1,31
2113,1,31
2114,1,31
2115,1,31
2116,1,31
2117,1,31
2118,1,31
2119,1,31
2120,1,31
2121,1,31
2122,1,31
2123,1,31
2124,1,31
2125,1,31
2126,1,31
2127,1,31
2128,1,31
2129,1,31
2130,1,31
2131,1,31
2132,1,31
2133,1,30
2134,1,30
2135,1,30
2136,1,30
2137,1,30
2138,1,30
2139,1,30
2140,1,30
2141,1,30
2142,1,30
2143,1,30
2144,1,30
2145,1,30
2146,1,30
2147,1,30
2148,1,30
2149,1,30
2150,1,30
2151,1,30
2152,1,30
2153,1,30
2154,1,30
2155,1,30
2156,1,30
2157,1,30
2158,1,30
2159,1,30
2160,1,30
2161,1,30
2162,1,30
2163,1,30
2164,1,30
2165,1,30
2166,1,30
2167,1,30
2168,1,30
2169,1,30
2170,1,30
2171,1,30
2172,1,30
2173,1,30
2174,1,30
2175,1,30
2176,1,30
2177,1,30
2178,1,30
2179,1,30
2180,1,30
2181,1,29
2182,1,29
2183,1,30
2184,1,30
2185,1,30
2186,1,30
2187,1,30
2188,1,30
2189,1,30
2190,1,30
2191,1,30
2192,1,30
2193,1,30
2194,1,30
2195,1,30
2196,1,30
2197,1,30
2198,1,30
2199,1,30
2201,1,30
2202,1,30
2203,1,30
2204,1,30
2205,1,30
2206,1,30
2207,1,30
2208,1,30
2209,1,30
2210,1,30
2211,1,30
2212,1,30
2213,1,30
2214,1,30
2215,1,30
2216,1,30
2217,1,30
2218,1,30
2219,1,30
2220,1,30
2221,1,30
2222,1,30
2223,1,30
2224,1,30
2225,1,30
2226,1,30
2227,1,31
2228,1,31
2229,1,31
2230,1,31
2231,1,31
2232,1,31
2233,1,31
2234,1,31
2235,1,31
2236,1,31
2237,1,31
2238,1,31
2239,1,31
2240,1,31
2241,1,31
2242,1,31
2243,1,31
2244,1,31
2245,1,31
2246,1,31
2247,1,31
2248,1,31
2249,1,32
2250,1,32
2251,1,32
2252,1,32
2253,1,32
2254,1,32
2255,1,32
2256,1,32
2257,1,32
2258,1,32
2259,1,32
2260,1,32
2261,1,32
2262,1,32
2263,1,32
2264,1,32
2265,1,32
2266,1,32
2267,1,32
2268,1,32
2269,1,32
2270,1,32
2271,1,32
2272,1,32
2273,1,32
2274,1,32
2275,1,32
2276,1,32
2277,1,32
2278,1,32
2279,1,32
2280,1,32
2281,1,32
2282,1,32
2283,1,32
2284,1,32
2285,1,32
2286,1,32
2287,1,32
2288,1,32
2289,1,32
2290,1,31
2291,1,31
2292,1,31
2293,1,31
2294,1,31
2295,1,31
2296,1,31
2297,1,31
2298,1,31
2299,1,31
2301,1,31
2302,1,31
2303,1,31
2304,1,31
2305,1,31
2306,1,31
2307,1,31
2308,1,31
2309,1,31
2310,1,31
2311,1,31
2312,1,31
2313,1,31
2314,1,31
2315,1,31
2316,1,31
2317,1,31
2318,1,31
2319,1,31
2320,1,31
2321,1,31
2322,1,31
2323,1,31
2324,1,31
2325,1,31
2326,1,31
2327,1,31
2328,1,31
2329,1,32
2330,1,32
2331,1,32
2332,1,32
2333,1,32
2334,1,32
2335,1,32
2336,1,32
2337,1,32
2338,1,32
2339,1,32
2340,1,32
2341,1,32
2342,1,32
2343,1,32
2344,1,32
2345,1,32
2346,1,32
2347,1,32
2348,1,32
2349,1,32
2350,1,32
2351,1,32
2352,1,32
2353,1,32
2354,1,32
2355,1,32
2356,1,32
2357,1,32
2358,1,32
2359,1,32
2360,1,32
2361,1,32
2362,1,31
2363,1,31
2364,1,31
2365,1,31
2366,1,31
2367,1,31
2368,1,31
2369,1,31
2370,1,31
2371,1,31
2372,1,31
2373,1,31
2374,1,31
2375,1,33
2376,1,33
2377,1,33
2378,1,33
2379,1,33
2380,1,33
2381,1,33
2382,1,33
2383,1,33
2384,1,33
2385,1,33
2386,1,34
2387,1,34
2388,1,34
2389,1,34
2390,1,34
2391,1,34
2392,1,34
2393,1,34
2394,1,34
2395,1,34
2396,1,34
2397,1,34
2398,1,34
2399,1,33
2401,1,33
2402,1,33
2403,1,33
2404,1,33
2405,1,33
2406,1,33
2407,1,33
2408,1,33
2409,1,32
2410,1,32
2411,1,32
2412,1,32
2413,1,32
2414,1,32
2415,1,32
2416,1,32
2417,1,32
2418,1,32
2419,1,32
2420,1,32
2421,1,32
2422,1,32
2423,1,32
2424,1,32
2425,1,32
2426,1,32
2427,1,32
2428,1,32
2429,1,32
2430,1,32
2431,1,32
2432,1,32
2433,1,32
2434,1,32
2435,1,32
2436,1,31
2437,1,31
2438,1,31
2439,1,31
2440,1,31
2441,1,31
2442,1,31
2443,1,31
2444,1,31
2445,1,31
2446,1,31
2447,1,31
2448,1,31
2449,1,31
2450,1,31
2451,1,31
2452,1,31
2453,1,31
2454,1,31
2455,1,31
2456,1,31
2457,1,31
2458,1,31
2459,1,31
2460,1,31
2461,1,31
2462,1,31
2463,1,31
2464,1,31
2465,1,31
2466,1,31
2467,1,31
2468,1,31
2469,1,31
2470,1,31
2471,1,31
2472,1,31
2473,1,31
2474,1,31
2475,1,31
2476,1,31
2477,1,31
2478,1,31
2479,1,31
2480,1,31
2481,1,31
2482,1,31
2483,1,31
2484,1,31
2485,1,31
2486,1,31
2487,1,31
2488,1,30
2489,1,30
2490,1,30
2491,1,30
2492,1,29
2493,1,29
2494,1,29
2495,1,29
2496,1,29
2497,1,28
2498,1,28
2499,1,28
2501,1,28
2502,1,28
2503,1,28
2504,1,28
2505,1,28
2506,1,28
2507,1,28
2508,1,28
2509,1,28
2510,1,28
2511,1,28
2512,1,28
2513,1,28
2514,1,28
2515,1,28
2516,1,28
2517,1,28
2518,1,28
2519,1,28
2520,1,28
2521,1,28
2522,1,28
2523,1,28
2524,1,28
2525,1,28
2526,1,28
2527,1,28
2528,1,28
2529,1,28
2530,1,28
2531,1,28
2532,1,28
2533,1,28
2534,1,28
2535,1,28
2536,1,27
2537,1,27
2538,1,27
2539,1,27
2540,1,27
2541,1,27
2542,1,27
2543,1,27
2544,1,27
2545,1,27
2546,1,27
2547,1,27
2548,1,27
2549,1,27
2550,1,27
2551,1,27
2552,1,27
2553,1,27
2554,1,27
2555,1,27
2556,1,27
2557,1,27
2558,1,27
2559,1,27
2560,1,26
2561,1,26
2562,1,26
2563,1,26
2564,1,26
2565,1,26
2566,1,26
2567,1,26
2568,1,26
2569,1,26
2570,1,26
2571,1,26
2572,1,26
2573,1,26
2574,1,26
2575,1,26
2576,1,26
2577,1,26
2578,1,26
2579,1,26
2580,1,26
2581,1,26
2582,1,26
2583,1,25
2584,1,25
2585,1,25
2586,1,25
2587,1,25
2588,1,26
2589,1,26
2590,1,26
2591,1,26
2592,1,26
2593,1,26
2594,1,26
2595,1,26
2596,1,26
2597,1,26
2598,1,26
2599,1,26
2601,1,26
2602,1,25
2603,1,25
2604,1,25
2605,1,25
2606,1,24
2607,1,24
2608,1,25
2609,1,25
2610,1,25
2611,1,25
2612,1,25
2613,1,25
2614,1,25
2615,1,25
2616,1,25
2617,1,25
2618,1,25
2619,1,25
2620,1,25
2621,1,25
2622,1,25
2623,1,25
2624,1,25
2625,1,25
2626,1,25
2627,1,25
2628,1,24
2629,1,24
2630,1,24
2631,1,24
2632,1,24
2633,1,24
2634,1,24
2635,1,23
2636,1,23
2637,1,23
2638,1,23
2639,1,23
2640,1,23
2641,1,23
2642,1,23
2643,1,23
2644,1,23
2645,1,23
2646,1,23
2647,1,23
2648,1,23
2649,1,23
2650,1,23
2651,1,23
2652,1,23
2653,1,23
2654,1,23
2655,1,23
2656,1,23
2657,1,23
2658,1,23
2659,1,23
2660,1,23
2661,1,23
2662,1,23
2663,1,23
2664,1,23
2665,1,24
2666,1,24
2667,1,24
2668,1,24
2669,1,24
2670,1,24
2671,1,24
2672,1,24
2673,1,24
2674,1,24
2675,1,24
2676,1,24
2677,1,24
2678,1,25
2679,1,25
2680,1,25
2681,1,25
2682,1,25
2683,1,25
2684,1,25
2685,1,25
2686,1,25
2687,1,25
2688,1,25
2689,1,25
2690,1,24
2691,1,24
2692,1,24
2693,1,24
2694,1,24
2695,1,24
2696,1,24
2697,1,24
2698,1,24
2699,1,24
2701,1,24
2702,1,24
2703,1,24
2704,1,24
2705,1,24
2706,1,24
2707,1,24
2708,1,24
2709,1,24
2710,1,24
2711,1,24
2712,1,24
2713,1,24
2714,1,24
2715,1,24
2716,1,24
2717,1,24
2718,1,24
2719,1,24
2720,1,24
2721,1,24
2722,1,24
2723,1,24
2724,1,24
2725,1,24
2726,1,24
2727,1,24
2728,1,24
2729,1,24
2730,1,24
2731,1,24
2732,1,24
2733,1,24
2734,1,24
2735,1,24
2736,1,24
2737,1,25
2738,1,25
2739,1,25
2740,1,26
2741,1,26
2742,1,26
2743,1,26
2744,1,26
2745,1,26
2746,1,26
2747,1,26
2748,1,26
2749,1,26
2750,1,26
2751,1,26
2752,1,26
2753,1,26
2754,1,26
2755,1,26
2756,1,27
2757,1,27
2758,1,27
2759,1,27
2760,1,27
2761,1,27
2762,1,27
2763,1,27
2764,1,27
2765,1,27
2766,1,27
2767,1,27
2768,1,27
2769,1,27
2770,1,27
2771,1,27
2772,1,27
2773,1,27
2774,1,27
2775,1,27
2776,1,27
2777,1,27
2778,1,27
2779,1,27
2780,1,27
2781,1,27
2782,1,27
2783,1,27
2784,1,27
2785,1,27
2786,1,27
2787,1,27
2788,1,27
2789,1,27
2790,1,27
2791,1,27
2792,1,27
2793,1,27
2794,1,26
2795,1,26
2796,1,26
2797,1,26
2798,1,26
2799,1,26
2801,1,26
2802,1,26
2803,1,26
2804,1,26
2805,1,26
2806,1,26
2807,1,26
2808,1,26
2809,1,26
2810,1,26
2811,1,26
2812,1,26
2813,1,26
2814,1,26
2815,1,26
2816,1,26
2817,1,26
2818,1,25
2819,1,25
2820,1,25
2821,1,25
2822,1,25
2823,1,25
2824,1,25
2825,1,25
2826,1,25
2827,1,25
2828,1,25
2829,1,25
2830,1,25
2831,1,25
2832,1,25
2833,1,25
2834,1,25
2835,1,25
2836,1,25
2837,1,25
2838,1,25
2839,1,25
2840,1,25
2841,1,25
2842,1,25
2843,1,25
2844,1,25
2845,1,25
2846,1,25
2847,1,25
2848,1,25
2849,1,25
2850,1,25
2851,1,25
2852,1,25
2853,1,24
2854,1,24
2855,1,24
2856,1,24
2857,1,24
2858,1,24
2859,1,24
2860,1,24
2861,1,24
2862,1,24
2863,1,24
2864,1,24
2865,1,24
2866,1,24
2867,1,24
2868,1,24
2869,1,24
2870,1,24
2871,1,24
2872,1,24
2873,1,24
2874,1,25
2875,1,25
2876,1,25
2877,1,25
2878,1,25
2879,1,25
2880,1,25
2881,1,25
2882,1,25
2883,1,25
2884,1,25
2885,1,25
2886,1,25
2887,1,25
2888,1,25
2889,1,25
2890,1,25
2891,1,25
2892,1,25
2893,1,25
2894,1,25
2895,1,25
2896,1,25
2897,1,25
2898,1,25
2899,1,26
2901,1,26
2902,1,26
2903,1,26
2904,1,26
2905,1,25
2906,1,25
2907,1,25
2908,1,25
2909,1,25
2910,1,25
2911,1,25
2912,1,25
2913,1,25
2914,1,25
2915,1,25
2916,1,25
2917,1,25
2918,1,25
2919,1,25
2920,1,25
2921,1,25
2922,1,25
2923,1,25
2924,1,25
2925,1,25
2926,1,25
2927,1,25
2928,1,25
2929,1,25
2930,1,25
2931,1,25
2932,1,25
2933,1,25
2934,1,25
2935,1,25
2936,1,25
2937,1,25
2938,1,25
2939,1,25
2940,1,25
2941,1,25
2942,1,25
2943,1,25
2944,1,25
2945,1,25
2946,1,25
2947,1,25
2948,1,25
2949,1,25
2950,1,25
2951,1,25
2952,1,25
2953,1,25
2954,1,25
2955,1,25
2956,1,25
2957,1,25
2958,1,25
2959,1,25
2960,1,25
2961,1,25
2962,1,25
2963,1,25
2964,1,25
2965,1,25
2966,1,25
2967,1,25
2968,1,25
2969,1,25
2970,1,25
2971,1,25
2972,1,25
2973,1,25
2974,1,25
2975,1,25
2976,1,25
2977,1,25
2978,1,25
2979,1,25
2980,1,25
2981,1,25
2982,1,25
2983,1,25
2984,1,25
2985,1,25
2986,1,25
2987,1,25
2988,1,25
2989,1,25
2990,1,25
2991,1,24
2992,1,24
2993,1,24
2994,1,24
2995,1,24
2996,1,24
2997,1,24
2998,1,24
2999,1,24
3001,1,24
3002,1,24
3003,1,24
3004,1,24
3005,1,24
3006,1,24
3007,1,24
3008,1,24
3009,1,24
3010,1,24
3011,1,24
3012,1,24
3013,1,24
3014,1,24
3015,1,24
3016,1,24
3017,1,24
3018,1,24
3019,1,24
3020,1,24
3021,1,24
3022,1,24
3023,1,24
3024,1,24
3025,1,24
3026,1,24
3027,1,24
3028,1,24
3029,1,24
3030,1,24
3031,1,24
3032,1,24
3033,1,24
3034,1,23
3035,1,23
3036,1,23
3037,1,23
3038,1,23
3039,1,23
3040,1,23
3041,1,23
3042,1,23
3043,1,23
3044,1,23
3045,1,24
3046,1,24
3047,1,24
3048,1,24
3049,1,24
3050,1,25
3051,1,25
3052,1,25
3053,1,25
3054,1,25
3055,1,25
3056,1,25
3057,1,25
3058,1,25
3059,1,26
3060,1,26
3061,1,26
3062,1,26
3063,1,26
3064,1,26
3065,1,26
3066,1,26
3067,1,26
3068,1,26
3069,1,26
3070,1,26
3071,1,26
3072,1,26
3073,1,26
3074,1,26
3075,1,26
3076,1,26
3077,1,26
3078,1,26
3079,1,26
3080,1,26
3081,1,26
3082,1,26
3083,1,26
3084,1,26
3085,1,25
3086,1,25
3087,1,25
3088,1,25
3089,1,25
3090,1,25
3091,1,25
3092,1,25
3093,1,25
3094,1,25
3095,1,25
3096,1,25
3097,1,25
3098,1,25
3099,1,25
3101,1,25
3102,1,25
3103,1,25
3104,1,25
3105,1,25
3106,1,25
3107,1,25
3108,1,25
3109,1,25
3110,1,25
3111,1,25
3112,1,25
3113,1,25
3114,1,25
3115,1,25
3116,1,25
3117,1,25
3118,1,25
3119,1,25
3120,1,25
3121,1,25
3122,1,25
3123,1,25
3124,1,25
3125,1,25
3126,1,25
3127,1,25
3128,1,25
3129,1,25
3130,1,25
3131,1,25
3132,1,25
3133,1,25
3134,1,25
3135,1,25
3136,1,25
3137,1,25
3138,1,25
3139,1,25
3140,1,25
3141,1,25
3142,1,25
3143,1,25
3144,1,25
3145,1,25
3146,1,25
3147,1,25
3148,1,25
3149,1,25
3150,1,25
3151,1,25
3152,1,25
3153,1,25
3154,1,25
3155,1,25
3156,1,25
3157,1,25
3158,1,25
3159,1,25
3160,1,25
3161,1,25
3162,1,25
3163,1,25
3164,1,25
3165,1,25
3166,1,25
3167,1,25
3168,1,25
3169,1,25
3170,1,25
3171,1,25
3172,1,25
3173,1,25
3174,1,25
3175,1,25
3176,1,25
3177,1,25
3178,1,25
3179,1,25
3180,1,25
3181,1,25
3182,1,25
3183,1,25
3184,1,26
3185,1,27
3186,1,27
3187,1,27
3188,1,27
3189,1,27
3190,1,27
3191,1,27
3192,1,27
3193,1,27
3194,1,27
3195,1,27
3196,1,27
3197,1,27
3198,1,27
3199,1,27
3201,1,27
3202,1,27
3203,1,27
3204,1,27
3205,1,27
3206,1,27
3207,1,27
3208,1,28
3209,1,28
3210,1,28
3211,1,28
3212,1,28
3213,1,28
3214,1,28
3215,1,28
3216,1,28
3217,1,28
3218,1,28
3219,1,28
3220,1,28
3221,1,28
3222,1,28
3223,1,28
3224,1,28
3225,1,28
3226,1,29
3227,1,29
3228,1,29
3229,1,29
3230,1,29
3231,1,29
3232,1,29
3233,1,29
3234,1,29
3235,1,29
3236,1,29
3237,1,29
3238,1,29
3239,1,29
3240,1,29
3241,1,29
3242,1,29
3243,1,29
3244,1,29
3245,1,29
3246,1,29
3247,1,29
3248,1,29
3249,1,29
3250,1,29
3251,1,29
3252,1,29
3253,1,29
3254,1,29
3255,1,29
3256,1,29
3257,1,29
3258,1,29
3259,1,29
3260,1,29
3261,1,29
3262,1,29
3263,1,29
3264,1,29
3265,1,29
3266,1,29
3267,1,29
3268,1,29
3269,1,29
3270,1,29
3271,1,29
3272,1,29
3273,1,29
3274,1,29
3275,1,29
3276,1,29
3277,1,29
3278,1,29
3279,1,29
3280,1,29
3281,1,29
3282,1,29
3283,1,29
3284,1,29
3285,1,29
3286,1,29
3287,1,29
3288,1,29
3289,1,29
3290,1,29
3291,1,29
3292,1,29
3293,1,29
3294,1,29
3295,1,29
3296,1,29
3297,1,29
3298,1,29
3299,1,29
3301,1,29
3302,1,29
3303,1,29
3304,1,29
3305,1,29
3306,1,29
3307,1,29
3308,1,29
3309,1,29
3310,1,29
3311,1,29
3312,1,29
3313,1,29
3314,1,29
3315,1,29
3316,1,29
3317,1,29
3318,1,29
3319,1,29
3320,1,29
3321,1,29
3322,1,29
3323,1,29
3324,1,29
3325,1,29
3326,1,29
3327,1,29
3328,1,29
3329,1,29
3330,1,29
3331,1,29
3332,1,29
3333,1,29
3334,1,29
3335,1,29
3336,1,29
3337,1,29
3338,1,29
3339,1,29
3340,1,29
3341,1,29
3342,1,29
3343,1,29
3344,1,29
3345,1,29
3346,1,29
3347,1,29
3348,1,29
3349,1,29
3350,1,29
3351,1,29
3352,1,29
3353,1,29
3354,1,29
3355,1,29
3356,1,29
3357,1,29
3358,1,29
3359,1,29
3360,1,29
3361,1,29
3362,1,29
3363,1,29
3364,1,29
3365,1,29
3366,1,29
3367,1,29
3368,1,29
3369,1,29
3370,1,30
3371,1,30
3372,1,30
3373,1,30
3374,1,30
3375,1,30
3376,1,30
3377,1,30
3378,1,30
3379,1,30
3380,1,30
3381,1,30
3382,1,30
3383,1,31
3384,1,31
3385,1,31
3386,1,31
3387,1,31
3388,1,31
3389,1,31
3390,1,31
3391,1,30
3392,1,30
3393,1,30
3394,1,30
3395,1,30
3396,1,30
3397,1,30
3398,1,30
3399,1,30
3401,1,30
3402,1,30
3403,1,30
3404,1,30
3405,1,30
3406,1,30
3407,1,30
3408,1,30
3409,1,30
3410,1,30
3411,1,30
3412,1,30
3413,1,30
3414,1,30
3415,1,30
3416,1,30
3417,1,30
3418,1,30
3419,1,30
3420,1,30
3421,1,29
3422,1,29
3423,1,29
3424,1,29
3425,1,29
3426,1,29
3427,1,29
3428,1,29
3429,1,29
3430,1,29
3431,1,30
3432,1,30
3433,1,30
3434,1,30
3435,1,30
3436,1,30
3437,1,30
3438,1,30
3439,1,30
3440,1,30
3441,1,30
3442,1,30
3443,1,30
3444,1,30
3445,1,30
3446,1,30
3447,1,30
3448,1,30
3449,1,29
3450,1,29
3451,1,29
3452,1,29
3453,1,29
3454,1,29
3455,1,29
3456,1,29
3457,1,29
3458,1,29
3459,1,29
3460,1,29
3461,1,29
3462,1,29
3463,1,29
3464,1,29
3465,1,29
3466,1,29
3467,1,29
3468,1,29
3469,1,29
3470,1,29
3471,1,29
3472,1,29
3473,1,29
3474,1,29
3475,1,29
3476,1,28
3477,1,28
3478,1,28
3479,1,28
3480,1,28
3481,1,28
3482,1,28
3483,1,28
3484,1,28
3485,1,28
3486,1,28
3487,1,28
3488,1,28
3489,1,29
3490,1,29
3491,1,29
3492,1,29
3493,1,29
3494,1,29
3495,1,30
3496,1,30
3497,1,30
3498,1,30
3499,1,30
3501,1,30
3502,1,30
3503,1,30
3504,1,30
3505,1,30
3506,1,30
3507,1,30
3508,1,30
3509,1,30
3510,1,30
3511,1,31
3512,1,31
3513,1,31
3514,1,31
3515,1,31
3516,1,31
3517,1,31
3518,1,31
3519,1,31
3520,1,31
3521,1,31
3522,1,31
3523,1,31
3524,1,31
3525,1,31
3526,1,31
3527,1,31
3528,1,31
3529,1,31
3530,1,31
3531,1,31
3532,1,32
3533,1,32
3534,1,32
3535,1,32
3536,1,32
3537,1,32
3538,1,32
3539,1,32
3540,1,32
3541,1,32
3542,1,32
3543,1,32
3544,1,32
3545,1,32
3546,1,32
3547,1,32
3548,1,32
3549,1,32
3550,1,32
3551,1,32
3552,1,31
3553,1,31
3554,1,31
3555,1,31
3556,1,31
3557,1,31
3558,1,31
3559,1,31
3560,1,31
3561,1,31
3562,1,31
3563,1,31
3564,1,31
3565,1,31
3566,1,31
3567,1,31
3568,1,31
3569,1,31
3570,1,31
3571,1,31
3572,1,31
3573,1,31
3574,1,31
3575,1,31
3576,1,31
3577,1,31
3578,1,31
3579,1,31
3580,1,31
3581,1,31
3582,1,31
3583,1,31
3584,1,31
3585,1,31
3586,1,31
3587,1,31
3588,1,31
3589,1,31
3590,1,31
3591,1,31
3592,1,31
3593,1,31
3594,1,31
3595,1,31
3596,1,31
3597,1,31
3598,1,31
3599,1,31
3601,1,31
3602,1,31
3603,1,31
3604,1,31
3605,1,31
3606,1,31
3607,1,31
3608,1,31
3609,1,31
3610,1,31
3611,1,31
3612,1,31
3613,1,31
3614,1,31
3615,1,31
3616,1,31
3617,1,31
3618,1,31
3619,1,31
3620,1,30
3621,1,30
3622,1,30
3623,1,30
3624,1,30
3625,1,30
3626,1,30
3627,1,31
3628,1,31
3629,1,31
3630,1,31
3631,1,30
3632,1,30
3633,1,29
3634,1,29
3635,1,29
3636,1,30
3637,1,30
3638,1,30
3639,1,30
3640,1,31
3641,1,31
3642,1,31
3643,1,31
3644,1,31
3645,1,31
3646,1,31
3647,1,31
3648,1,31
3649,1,31
3650,1,31
3651,1,31
3652,1,31
3653,1,31
3654,1,31
3655,1,31
3656,1,31
3657,1,31
3658,1,31
3659,1,31
3660,1,31
3661,1,31
3662,1,30
3663,1,30
3664,1,30
3665,1,30
3666,1,30
3667,1,30
3668,1,30
3669,1,30
3670,1,30
3671,1,30
3672,1,30
3673,1,30
3674,1,30
3675,1,30
3676,1,30
3677,1,30
3678,1,30
3679,1,30
3680,1,30
3681,1,30
3682,1,30
3683,1,30
3684,1,30
3685,1,30
3686,1,30
3687,1,30
3688,1,30
3689,1,30
3690,1,30
3691,1,30
3692,1,30
3693,1,30
3694,1,30
3695,1,30
3696,1,30
3697,1,30
3698,1,30
3699,1,30
3701,1,30
3702,1,30
3703,1,30
3704,1,30
3705,1,30
3706,1,30
3707,1,30
3708,1,30
3709,1,31
3710,1,31
3711,1,31
3712,1,30
3713,1,30
3714,1,30
3715,1,30
3716,1,30
3717,1,30
3718,1,30
3719,1,30
3720,1,30
3721,1,30
3722,1,30
3723,1,30
3724,1,30
3725,1,30
3726,1,30
3727,1,31
3728,1,31
3729,1,31
3730,1,31
3731,1,31
3732,1,31
3733,1,31
3734,1,31
3735,1,31
3736,1,31
3737,1,31
3738,1,31
3739,1,31
3740,1,31
3741,1,31
3742,1,31
3743,1,31
3744,1,31
3745,1,31
3746,1,31
3747,1,31
3748,1,31
3749,1,31
3750,1,31
3751,1,31
3752,1,31
3753,1,31
3754,1,31
3755,1,31
3756,1,31
3757,1,31
3758,1,31
3759,1,31
3760,1,31
3761,1,31
3762,1,31
3763,1,31
3764,1,31
3765,1,31
3766,1,31
3767,1,31
3768,1,31
3769,1,31
3770,1,31
3771,1,31
3772,1,31
3773,1,31
3774,1,30
3775,1,30
3776,1,30
3777,1,30
3778,1,30
3779,1,30
3780,1,30
3781,1,30
3782,1,30
3783,1,30
3784,1,30
3785,1,30
3786,1,30
3787,1,30
3788,1,30
3789,1,30
3790,1,30
3791,1,30
3792,1,30
3793,1,30
3794,1,30
3795,1,30
3796,1,30
3797,1,30
3798,1,30
3799,1,30
3801,1,30
3802,1,30
3803,1,30
3804,1,30
3805,1,30
3806,1,30
3807,1,30
3808,1,30
3809,1,30
3810,1,30
3811,1,30
3812,1,30
3813,1,30
3814,1,30
3815,1,30
3816,1,30
3817,1,30
3818,1,30
3819,1,30
3820,1,30
3821,1,30
3822,1,30
3823,1,29
3824,1,29
3825,1,29
3826,1,29
3827,1,29
3828,1,29
3829,1,29
3830,1,29
3831,1,29
3832,1,29
3833,1,29
3834,1,29
3835,1,29
3836,1,30
3837,1,30
3838,1,30
3839,1,30
3840,1,30
3841,1,30
3842,1,30
3843,1,30
3844,1,30
3845,1,30
3846,1,30
3847,1,30
3848,1,30
3849,1,30
3850,1,31
3851,1,31
3852,1,31
3853,1,31
3854,1,31
3855,1,30
3856,1,30
3857,1,30
3858,1,30
3859,1,30
3860,1,30
3861,1,30
3862,1,30
3863,1,30
3864,1,30
3865,1,30
3866,1,30
3867,1,30
3868,1,30
3869,1,30
3870,1,30
3871,1,30
3872,1,30
3873,1,30
3874,1,29
3875,1,29
3876,1,30
3877,1,30
3878,1,30
3879,1,30
3880,1,30
3881,1,30
3882,1,30
3883,1,30
3884,1,30
3885,1,30
3886,1,30
3887,1,30
3888,1,30
3889,1,30
3890,1,30
3891,1,30
3892,1,30
3893,1,30
3894,1,30
3895,1,30
3896,1,30
3897,1,30
3898,1,30
3899,1,30
3901,1,30
3902,1,30
3903,1,30
3904,1,30
3905,1,30
3906,1,30
3907,1,30
3908,1,30
3909,1,30
3910,1,30
3911,1,30
3912,1,30
3913,1,30
3914,1,30
3915,1,30
3916,1,30
3917,1,30
3918,1,30
3919,1,30
3920,1,30
3921,1,30
3922,1,30
3923,1,30
3924,1,30
3925,1,30
3926,1,30
3927,1,30
3928,1,30
3929,1,30
3930,1,30
3931,1,30
3932,1,30
3933,1,30
3934,1,30
3935,1,30
3936,1,30
3937,1,30
3938,1,30
3939,1,30
3940,1,29
3941,1,29
3942,1,29
3943,1,29
3944,1,29
3945,1,29
3946,1,29
3947,1,29
3948,1,29
3949,1,29
3950,1,29
3951,1,29
3952,1,29
3953,1,29
3954,1,29
3955,1,29
3956,1,29
3957,1,29
3958,1,29
3959,1,29
3960,1,29
3961,1,29
3962,1,29
3963,1,29
3964,1,29
3965,1,29
3966,1,29
3967,1,29
3968,1,29
3969,1,29
3970,1,29
3971,1,29
3972,1,30
3973,1,30
3974,1,30
3975,1,30
3976,1,30
3977,1,30
3978,1,30
3979,1,30
3980,1,30
3981,1,30
3982,1,30
3983,1,29
3984,1,30
3985,1,30
3986,1,30
3987,1,30
3988,1,30
3989,1,30
3990,1,30
3991,1,30
3992,1,30
3993,1,30
3994,1,30
3995,1,30
3996,1,30
3997,1,30
3998,1,29
3999,1,29
4001,1,29
4002,1,29
4003,1,29
4004,1,29
4005,1,29
4006,1,28
4007,1,28
4008,1,28
4009,1,28
4010,1,28
4011,1,28
4012,1,28
4013,1,28
4014,1,27
4015,1,27
4016,1,27
4017,1,27
4018,1,27
4019,1,27
4020,1,27
4021,1,27
4022,1,27
4023,1,27
4024,1,28
4025,1,28
4026,1,28
4027,1,28
4028,1,28
4029,1,28
4030,1,28
4031,1,28
4032,1,28
4033,1,28
4034,1,28
4035,1,28
4036,1,28
4037,1,28
4038,1,28
4039,1,28
4040,1,27
4041,1,27
4042,1,27
4043,1,27
4044,1,27
4045,1,27
4046,1,27
4047,1,27
4048,1,27
4049,1,27
4050,1,27
4051,1,27
4052,1,27
4053,1,27
4054,1,27
4055,1,27
4056,1,27
4057,1,27
4058,1,27
4059,1,27
4060,1,27
4061,1,27
4062,1,26
4063,1,26
4064,1,26
4065,1,26
4066,1,26
4067,1,26
4068,1,26
4069,1,26
4070,1,26
4071,1,26
4072,1,26
4073,1,26
4074,1,26
4075,1,26
4076,1,26
4077,1,26
4078,1,26
4079,1,26
4080,1,26
4081,1,26
4082,1,26
4083,1,26
4084,1,26
4085,1,26
4086,1,26
4087,1,27
4088,1,27
4089,1,27
4090,1,27
4091,1,27
4092,1,27
4093,1,27
4094,1,27
4095,1,27
4096,1,27
4097,1,27
4098,1,27
4099,1,27
4101,1,27
4102,1,27
4103,1,27
4104,1,27
4105,1,27
4106,1,27
4107,1,27
4108,1,27
4109,1,27
4110,1,27
4111,1,27
4112,1,27
4113,1,27
4114,1,27
4115,1,27
4116,1,27
4117,1,27
4118,1,27
4119,1,27
4120,1,27
4121,1,27
4122,1,27
4123,1,27
4124,1,27
4125,1,27
4126,1,27
4127,1,27
4128,1,27
4129,1,27
4130,1,27
4131,1,27
4132,1,27
4133,1,27
4134,1,27
4135,1,27
4136,1,27
4137,1,27
4138,1,27
4139,1,27
4140,1,27
4141,1,27
4142,1,27
4143,1,27
4144,1,27
4145,1,27
4146,1,27
4147,1,27
4148,1,26
4149,1,26
4150,1,26
4151,1,26
4152,1,25
4153,1,25
4154,1,25
4155,1,25
4156,1,25
4157,1,25
4158,1,25
4159,1,25
4160,1,25
4161,1,25
4162,1,25
4163,1,26
4164,1,26
4165,1,26
4166,1,26
4167,1,26
4168,1,26
4169,1,26
4170,1,26
4171,1,26
4172,1,26
4173,1,26
4174,1,26
4175,1,26
4176,1,26
4177,1,26
4178,1,26
4179,1,26
4180,1,26
4181,1,26
4182,1,26
4183,1,26
4184,1,26
4185,1,26
4186,1,26
4187,1,26
4188,1,26
4189,1,26
4190,1,26
4191,1,26
4192,1,26
4193,1,26
4194,1,26
4195,1,26
4196,1,26
4197,1,26
4198,1,26
4199,1,26
4201,1,26
4202,1,26
4203,1,27
4204,1,28
4205,1,28
4206,1,28
4207,1,28
4208,1,28
4209,1,28
4210,1,28
4211,1,28
4212,1,28
4213,1,28
4214,1,28
4215,1,28
4216,1,28
4217,1,28
4218,1,28
4219,1,28
4220,1,27
4221,1,27
4222,1,28
4223,1,28
4224,1,28
4225,1,28
4226,1,28
4227,1,28
4228,1,28
4229,1,28
4230,1,28
4231,1,28
4232,1,28
4233,1,28
4234,1,28
4235,1,28
4236,1,28
4237,1,28
4238,1,28
4239,1,28
4240,1,28
4241,1,28
4242,1,28
4243,1,28
4244,1,28
4245,1,28
4246,1,28
4247,1,28
4248,1,28
4249,1,28
4250,1,28
4251,1,28
4252,1,28
4253,1,28
4254,1,27
4255,1,27
4256,1,27
4257,1,27
4258,1,27
4259,1,27
4260,1,27
4261,1,27
4262,1,27
4263,1,27
4264,1,27
4265,1,27
4266,1,27
4267,1,27
4268,1,27
4269,1,27
4270,1,27
4271,1,27
4272,1,27
4273,1,27
4274,1,27
4275,1,27
4276,1,27
4277,1,27
4278,1,27
4279,1,27
4280,1,27
4281,1,27
4282,1,27
4283,1,27
4284,1,27
4285,1,28
4286,1,28
4287,1,28
4288,1,28
4289,1,28
4290,1,28
4291,1,28
4292,1,28
4293,1,28
4294,1,28
4295,1,28
4296,1,28
4297,1,28
4298,1,28
4299,1,28
4301,1,28
4302,1,28
4303,1,28
4304,1,28
4305,1,28
4306,1,28
4307,1,28
4308,1,28
4309,1,28
4310,1,28
4311,1,28
4312,1,28
4313,1,28
4314,1,28
4315,1,28
4316,1,28
4317,1,28
4318,1,28
4319,1,28
4320,1,28
4321,1,28
4322,1,28
4323,1,29
4324,1,29
4325,1,29
4326,1,29
4327,1,29
4328,1,29
4329,1,29
4330,1,29
4331,1,29
4332,1,29
4333,1,29
4334,1,29
4335,1,29
4336,1,29
4337,1,29
4338,1,29
4339,1,29
4340,1,29
4341,1,29
4342,1,29
4343,1,29
4344,1,29
4345,1,29
4346,1,29
4347,1,29
4348,1,29
4349,1,29
4350,1,29
4351,1,29
4352,1,29
4353,1,29
4354,1,29
4355,1,30
4356,1,30
4357,1,30
4358,1,30
4359,1,30
4360,1,30
4361,1,30
4362,1,30
4363,1,30
4364,1,30
4365,1,30
4366,1,30
4367,1,30
4368,1,30
4369,1,30
4370,1,30
4371,1,30
4372,1,30
4373,1,30
4374,1,30
4375,1,30
4376,1,30
4377,1,30
4378,1,30
4379,1,30
4380,1,30
4381,1,30
4382,1,30
4383,1,30
4384,1,30
4385,1,29
4386,1,29
4387,1,29
4388,1,29
4389,1,29
4390,1,29
4391,1,29
4392,1,29
4393,1,29
4394,1,29
4395,1,29
4396,1,29
4397,1,29
4398,1,29
4399,1,29
4401,1,29
4402,1,29
4403,1,29
4404,1,29
4405,1,29
4406,1,29
4407,1,29
4408,1,29
4409,1,29
4410,1,29
4411,1,29
4412,1,29
4413,1,29
4414,1,29
4415,1,29
4416,1,29
4417,1,29
4418,1,29
4419,1,29
4420,1,29
4421,1,29
4422,1,29
4423,1,29
4424,1,29
4425,1,29
4426,1,29
4427,1,29
4428,1,29
4429,1,29
4430,1,29
4431,1,29
4432,1,28
4433,1,28
4434,1,28
4435,1,27
4436,1,27
4437,1,27
4438,1,27
4439,1,27
4440,1,27
4441,1,27
4442,1,27
4443,1,27
4444,1,27
4445,1,27
4446,1,27
4447,1,27
4448,1,27
4449,1,28
4450,1,28
4451,1,28
4452,1,28
4453,1,28
4454,1,28
4455,1,28
4456,1,28
4457,1,28
4458,1,28
4459,1,28
4460,1,28
4461,1,28
4462,1,28
4463,1,28
4464,1,28
4465,1,28
4466,1,28
4467,1,28
4468,1,28
4469,1,28
4470,1,28
4471,1,28
4472,1,28
4473,1,28
4474,1,28
4475,1,28
4476,1,28
4477,1,28
4478,1,28
4479,1,28
4480,1,27
4481,1,27
4482,1,27
4483,1,27
4484,1,27
4485,1,27
4486,1,27
4487,1,27
4488,1,26
4489,1,26
4490,1,26
4491,1,26
4492,1,26
4493,1,26
4494,1,26
4495,1,26
4496,1,26
4497,1,26
4498,1,26
4499,1,26
4501,1,27
4502,1,27
4503,1,27
4504,1,27
4505,1,27
4506,1,27
4507,1,27
4508,1,27
4509,1,27
4510,1,27
4511,1,27
4512,1,27
4513,1,26
4514,1,26
4515,1,26
4516,1,26
4517,1,26
4518,1,26
4519,1,26
4520,1,26
4521,1,26
4522,1,26
4523,1,26
4524,1,26
4525,1,26
4526,1,26
4527,1,26
4528,1,26
4529,1,26
4530,1,26
4531,1,26
4532,1,26
4533,1,26
4534,1,26
4535,1,26
4536,1,26
4537,1,26
4538,1,26
4539,1,26
4540,1,25
4541,1,25
4542,1,25
4543,1,25
4544,1,25
4545,1,25
4546,1,24
4547,1,24
4548,1,24
4549,1,24
4550,1,24
4551,1,24
4552,1,24
4553,1,24
4554,1,24
4555,1,24
4556,1,24
4557,1,24
4558,1,24
4559,1,24
4560,1,24
4561,1,24
4562,1,24
4563,1,24
4564,1,24
4565,1,24
4566,1,24
4567,1,24
4568,1,24
4569,1,24
4570,1,24
4571,1,24
4572,1,24
4573,1,24
4574,1,24
4575,1,24
4576,1,24
4577,1,24
4578,1,24
4579,1,24
4580,1,24
4581,1,24
4582,1,24
4583,1,24
4584,1,24
4585,1,24
4586,1,24
4587,1,24
4588,1,24
4589,1,24
4590,1,24
4591,1,24
4592,1,24
4593,1,24
4594,1,24
4595,1,24
4596,1,24
4597,1,24
4598,1,24
4599,1,24
4601,1,24
4602,1,24
4603,1,24
4604,1,24
4605,1,24
4606,1,24
4607,1,24
4608,1,24
4609,1,24
4610,1,24
4611,1,24
4612,1,24
4613,1,24
4614,1,24
4615,1,24
4616,1,24
4617,1,24
4618,1,24
4619,1,24
4620,1,24
4621,1,24
4622,1,24
4623,1,24
4624,1,25
4625,1,25
4626,1,25
4627,1,25
4628,1,25
4629,1,25
4630,1,25
4631,1,25
4632,1,25
4633,1,26
4634,1,26
4635,1,26
4636,1,25
4637,1,25
4638,1,25
4639,1,25
4640,1,25
4641,1,25
4642,1,25
4643,1,25
4644,1,25
4645,1,25
4646,1,26
4647,1,26
4648,1,26
4649,1,26
4650,1,26
4651,1,26
4652,1,26
4653,1,26
4654,1,26
4655,1,26
4656,1,26
4657,1,26
4658,1,26
4659,1,26
4660,1,26
4661,1,26
4662,1,26
4663,1,26
4664,1,26
4665,1,26
4666,1,26
4667,1,26
4668,1,26
4669,1,26
4670,1,26
4671,1,26
4672,1,26
4673,1,26
4674,1,26
4675,1,26
4676,1,26
4677,1,26
4678,1,26
4679,1,26
4680,1,26
4681,1,26
4682,1,26
4683,1,26
4684,1,27
4685,1,27
4686,1,27
4687,1,27
4688,1,27
4689,1,27
4690,1,27
4691,1,27
4692,1,27
4693,1,27
4694,1,27
4695,1,27
4696,1,27
4697,1,27
4698,1,27
4699,1,27
4701,1,27
4702,1,27
4703,1,27
4704,1,27
4705,1,27
4706,1,27
4707,1,27
4708,1,27
4709,1,27
4710,1,27
4711,1,27
4712,1,27
4713,1,27
4714,1,27
4715,1,27
4716,1,26
4717,1,26
4718,1,26
4719,1,26
4720,1,26
4721,1,26
4722,1,26
4723,1,26
4724,1,26
4725,1,26
4726,1,26
4727,1,26
4728,1,26
4729,1,26
4730,1,26
4731,1,26
4732,1,26
4733,1,26
4734,1,26
4735,1,26
4736,1,26
4737,1,26
4738,1,26
4739,1,26
4740,1,26
4741,1,26
4742,1,26
4743,1,26
4744,1,26
4745,1,26
4746,1,26
4747,1,26
4748,1,26
4749,1,26
4750,1,26
4751,1,26
4752,1,26
4753,1,26
4754,1,26
4755,1,26
4756,1,26
4757,1,26
4758,1,26
4759,1,26
4760,1,25
4761,1,25
4762,1,25
4763,1,25
4764,1,25
4765,1,25
4766,1,25
4767,1,25
4768,1,25
4769,1,25
4770,1,25
4771,1,25
4772,1,25
4773,1,25
4774,1,25
4775,1,25
4776,1,25
4777,1,25
4778,1,25
4779,1,25
4780,1,25
4781,1,25
4782,1,25
4783,1,25
4784,1,25
4785,1,25
4786,1,25
4787,1,25
4788,1,26
4789,1,26
4790,1,26
4791,1,26
4792,1,26
4793,1,26
4794,1,26
4795,1,26
4796,1,26
4797,1,26
4798,1,26
4799,1,26
4801,1,26
4802,1,26
4803,1,26
4804,1,26
4805,1,26
4806,1,26
4807,1,26
4808,1,26
4809,1,26
4810,1,26
4811,1,26
4812,1,26
4813,1,26
4814,1,26
4815,1,26
4816,1,26
4817,1,26
4818,1,26
4819,1,26
4820,1,26
4821,1,26
4822,1,26
4823,1,26
4824,1,25
4825,1,25
4826,1,25
4827,1,25
4828,1,25
4829,1,25
4830,1,25
4831,1,25
4832,1,25
4833,1,25
4834,1,25
4835,1,25
4836,1,25
4837,1,26
4838,1,26
4839,1,26
4840,1,26
4841,1,26
4842,1,26
4843,1,26
4844,1,27
4845,1,27
4846,1,27
4847,1,27
4848,1,27
4849,1,27
4850,1,27
4851,1,27
4852,1,27
4853,1,27
4854,1,27
4855,1,27
4856,1,27
4857,1,27
4858,1,27
4859,1,27
4860,1,27
4861,1,27
4862,1,27
4863,1,27
4864,1,27
4865,1,27
4866,1,27
4867,1,27
4868,1,27
4869,1,27
4870,1,27
4871,1,28
4872,1,28
4873,1,28
4874,1,28
4875,1,28
4876,1,28
4877,1,28
4878,1,28
4879,1,28
4880,1,28
4881,1,28
4882,1,28
4883,1,28
4884,1,28
4885,1,28
4886,1,28
4887,1,28
4888,1,28
4889,1,28
4890,1,28
4891,1,28
4892,1,28
4893,1,28
4894,1,28
4895,1,28
4896,1,28
4897,1,28
4898,1,28
4899,1,28
4901,1,28
4902,1,28
4903,1,28
4904,1,28
4905,1,28
4906,1,28
4907,1,28
4908,1,28
4909,1,28
4910,1,28
4911,1,28
4912,1,28
4913,1,28
4914,1,28
4915,1,28
4916,1,28
4917,1,28
4918,1,28
4919,1,28
4920,1,28
4921,1,28
4922,1,28
4923,1,28
4924,1,28
4925,1,28
4926,1,28
4927,1,28
4928,1,28
4929,1,28
4930,1,28
4931,1,28
4932,1,28
4933,1,28
4934,1,28
4935,1,28
4936,1,28
4937,1,28
4938,1,28
4939,1,28
4940,1,28
4941,1,28
4942,1,28
4943,1,28
4944,1,27
4945,1,27
4946,1,27
4947,1,27
4948,1,27
4949,1,27
4950,1,27
4951,1,27
4952,1,27
4953,1,27
4954,1,27
4955,1,27
4956,1,27
4957,1,27
4958,1,27
4959,1,27
4960,1,27
4961,1,27
4962,1,27
4963,1,27
4964,1,27
4965,1,27
4966,1,27
4967,1,27
4968,1,27
4969,1,27
4970,1,27
4971,1,27
4972,1,27
4973,1,27
4974,1,27
4975,1,27
4976,1,27
4977,1,27
4978,1,27
4979,1,27
4980,1,27
4981,1,27
4982,1,28
4983,1,28
4984,1,28
4985,1,28
4986,1,28
4987,1,28
4988,1,28
4989,1,28
4990,1,28
4991,1,28
4992,1,28
4993,1,28
4994,1,28
4995,1,28
4996,1,28
4997,1,28
4998,1,28
4999,1,28
5001,1,28
5002,1,28
5003,1,28
5004,1,28
5005,1,28
5006,1,28
5007,1,28
5008,1,28
5009,1,28
5010,1,28
5011,1,28
5012,1,28
5013,1,28
5014,1,28
5015,1,28
5016,1,28
5017,1,28
5018,1,28
5019,1,28
5020,1,28
5021,1,28
5022,1,28
5023,1,28
5024,1,28
5025,1,28
5026,1,28
5027,1,28
5028,1,28
5029,1,27
5030,1,27
5031,1,27
5032,1,27
5033,1,27
5034,1,27
5035,1,27
5036,1,27
5037,1,27
5038,1,27
5039,1,27
5040,1,27
5041,1,27
5042,1,27
5043,1,27
5044,1,27
5045,1,27
5046,1,27
5047,1,27
5048,1,27
5049,1,27
5050,1,27
5051,1,28
5052,1,28
5053,1,28
5054,1,28
5055,1,28
5056,1,28
5057,1,28
5058,1,28
5059,1,28
5060,1,28
5061,1,28
5062,1,28
5063,1,29
5064,1,29
5065,1,29
5066,1,29
5067,1,29
5068,1,29
5069,1,29
5070,1,29
5071,1,29
5072,1,29
5073,1,29
5074,1,29
5075,1,28
5076,1,28
5077,1,28
5078,1,28
5079,1,28
5080,1,28
5081,1,28
5082,1,28
5083,1,28
5084,1,28
5085,1,28
5086,1,28
5087,1,28
5088,1,28
5089,1,28
5090,1,28
5091,1,28
5092,1,28
5093,1,28
5094,1,28
5095,1,28
5096,1,28
5097,1,28
5098,1,28
5099,1,28
5101,1,28
5102,1,28
5103,1,28
5104,1,28
5105,1,29
5106,1,29
5107,1,29
5108,1,29
5109,1,29
5110,1,29
5111,1,29
5112,1,29
5113,1,29
5114,1,29
5115,1,29
5116,1,29
5117,1,29
5118,1,29
5119,1,29
5120,1,29
5121,1,29
5122,1,29
5123,1,29
5124,1,29
5125,1,29
5126,1,29
5127,1,29
5128,1,29
5129,1,29
5130,1,29
5131,1,29
5132,1,29
5133,1,29
5134,1,29
5135,1,29
5136,1,29
5137,1,29
5138,1,29
5139,1,29
5140,1,29
5141,1,29
5142,1,29
5143,1,29
5144,1,29
5145,1,29
5146,1,29
5147,1,29
5148,1,29
5149,1,29
5150,1,29
5151,1,29
5152,1,29
5153,1,29
5154,1,28
5155,1,28
5156,1,28
5157,1,28
5158,1,28
5159,1,28
5160,1,28
5161,1,28
5162,1,28
5163,1,29
5164,1,29
5165,1,29
5166,1,29
5167,1,29
5168,1,29
5169,1,29
5170,1,29
5171,1,29
5172,1,29
5173,1,29
5174,1,29
5175,1,29
5176,1,29
5177,1,29
5178,1,29
5179,1,29
5180,1,29
5181,1,29
5182,1,29
5183,1,29
5184,1,29
5185,1,29
5186,1,29
5187,1,29
5188,1,29
5189,1,29
5190,1,29
5191,1,29
5192,1,28
5193,1,29
5194,1,29
5195,1,29
5196,1,29
5197,1,29
5198,1,29
5199,1,29
5201,1,29
5202,1,29
5203,1,29
5204,1,29
5205,1,29
5206,1,29
5207,1,28
5208,1,29
5209,1,29
5210,1,29
5211,1,29
5212,1,29
5213,1,29
5214,1,29
5215,1,29
5216,1,29
5217,1,29
5218,1,29
5219,1,29
5220,1,29
5221,1,29
5222,1,29
5223,1,29
5224,1,29
5225,1,29
5226,1,29
5227,1,29
5228,1,29
5229,1,29
5230,1,29
5231,1,29
5232,1,29
5233,1,29
5234,1,29
5235,1,29
5236,1,29
5237,1,30
5238,1,30
5239,1,30
5240,1,30
5241,1,30
5242,1,30
5243,1,30
5244,1,30
5245,1,30
5246,1,29
5247,1,29
5248,1,29
5249,1,29
5250,1,29
5251,1,29
5252,1,29
5253,1,29
5254,1,29
5255,1,29
5256,1,29
5257,1,29
5258,1,29
5259,1,29
5260,1,29
5261,1,29
5262,1,29
5263,1,29
5264,1,29
5265,1,29
5266,1,29
5267,1,29
5268,1,29
5269,1,29
5270,1,29
5271,1,29
5272,1,29
5273,1,29
5274,1,29
5275,1,29
5276,1,29
5277,1,29
5278,1,29
5279,1,29
5280,1,29
5281,1,29
5282,1,29
5283,1,29
5284,1,29
5285,1,29
5286,1,29
5287,1,29
5288,1,29
5289,1,29
5290,1,29
5291,1,29
5292,1,29
5293,1,29
5294,1,29
5295,1,29
5296,1,29
5297,1,29
5298,1,29
5299,1,29
5301,1,29
5302,1,29
5303,1,29
5304,1,29
5305,1,29
5306,1,29
5307,1,29
5308,1,29
5309,1,29
5310,1,29
5311,1,29
5312,1,29
5313,1,29
5314,1,29
5315,1,29
5316,1,29
5317,1,29
5318,1,29
5319,1,29
5320,1,29
5321,1,29
5322,1,29
5323,1,29
5324,1,29
5325,1,29
5326,1,29
5327,1,29
5328,1,29
5329,1,29
5330,1,29
5331,1,29
5332,1,29
5333,1,29
5334,1,29
5335,1,29
5336,1,29
5337,1,29
5338,1,29
5339,1,29
5340,1,29
5341,1,29
5342,1,29
5343,1,29
5344,1,29
5345,1,29
5346,1,29
5347,1,29
5348,1,29
5349,1,29
5350,1,29
5351,1,29
5352,1,29
5353,1,29
5354,1,28
5355,1,28
5356,1,28
5357,1,28
5358,1,28
5359,1,28
5360,1,28
5361,1,28
5362,1,28
5363,1,28
5364,1,28
5365,1,28
5366,1,28
5367,1,28
5368,1,28
5369,1,28
5370,1,28
5371,1,28
5372,1,28
5373,1,28
5374,1,28
5375,1,28
5376,1,28
5377,1,28
5378,1,28
5379,1,28
5380,1,28
5381,1,28
5382,1,28
5383,1,28
5384,1,28
5385,1,28
5386,1,28
5387,1,28
5388,1,28
5389,1,28
5390,1,28
5391,1,28
5392,1,28
5393,1,28
5394,1,28
5395,1,28
5396,1,28
5397,1,28
5398,1,28
5399,1,28
5401,1,28
5402,1,28
5403,1,28
5404,1,28
5405,1,28
5406,1,28
5407,1,28
5408,1,28
5409,1,28
5410,1,28
5411,1,28
5412,1,28
5413,1,28
5414,1,28
5415,1,28
5416,1,28
5417,1,28
5418,1,28
5419,1,28
5420,1,28
5421,1,28
5422,1,28
5423,1,28
5424,1,28
5425,1,28
5426,1,28
5427,1,28
5428,1,28
5429,1,28
5430,1,28
5431,1,28
5432,1,28
5433,1,28
5434,1,28
5435,1,28
5436,1,28
5437,1,28
5438,1,28
5439,1,27
5440,1,27
5441,1,27
5442,1,27
5443,1,27
5444,1,27
5445,1,27
5446,1,27
5447,1,27
5448,1,27
5449,1,27
5450,1,27
5451,1,27
5452,1,27
5453,1,27
5454,1,28
5455,1,28
5456,1,28
5457,1,28
5458,1,28
5459,1,28
5460,1,28
5461,1,28
5462,1,28
5463,1,28
5464,1,28
5465,1,28
5466,1,28
5467,1,28
5468,1,28
5469,1,28
5470,1,28
5471,1,28
5472,1,28
5473,1,28
5474,1,28
5475,1,28
5476,1,28
5477,1,28
5478,1,28
5479,1,28
5480,1,28
5481,1,28
5482,1,28
5483,1,28
5484,1,28
5485,1,28
5486,1,28
5487,1,28
5488,1,28
5489,1,28
5490,1,28
5491,1,28
5492,1,28
5493,1,29
5494,1,28
5495,1,28
5496,1,28
5497,1,28
5498,1,28
5499,1,29
5501,1,29
5502,1,29
5503,1,29
5504,1,29
5505,1,29
5506,1,29
5507,1,29
5508,1,29
5509,1,29
5510,1,29
5511,1,29
5512,1,29
5513,1,29
5514,1,29
5515,1,29
5516,1,29
5517,1,29
5518,1,29
5519,1,29
5520,1,29
5521,1,29
5522,1,29
5523,1,29
5524,1,29
5525,1,29
5526,1,29
5527,1,29
5528,1,29
5529,1,29
5530,1,29
5531,1,29
5532,1,29
5533,1,29
5534,1,29
5535,1,29
5536,1,29
5537,1,29
5538,1,29
5539,1,29
5540,1,29
5541,1,29
5542,1,29
5543,1,29
5544,1,29
5545,1,29
5546,1,29
5547,1,29
5548,1,29
5549,1,29
5550,1,29
5551,1,29
5552,1,29
5553,1,29
5554,1,29
5555,1,29
5556,1,29
5557,1,29
5558,1,29
5559,1,29
5560,1,29
5561,1,30
5562,1,30
5563,1,30
5564,1,30
5565,1,30
5566,1,30
5567,1,30
5568,1,30
5569,1,30
5570,1,30
5571,1,30
5572,1,30
5573,1,30
5574,1,30
5575,1,30
5576,1,30
5577,1,30
5578,1,30
5579,1,30
5580,1,30
5581,1,30
5582,1,30
5583,1,30
5584,1,30
5585,1,30
5586,1,30
5587,1,30
5588,1,29
5589,1,29
5590,1,29
5591,1,29
5592,1,29
5593,1,29
5594,1,29
5595,1,29
5596,1,29
5597,1,29
5598,1,29
5599,1,29
5601,1,29
5602,1,29
5603,1,29
5604,1,29
5605,1,29
5606,1,29
5607,1,28
5608,1,28
5609,1,28
5610,1,29
5611,1,30
5612,1,30
5613,1,30
5614,1,30
5615,1,30
5616,1,30
5617,1,30
5618,1,30
5619,1,30
5620,1,30
5621,1,30
5622,1,30
5623,1,30
5624,1,30
5625,1,30
5626,1,30
5627,1,30
5628,1,30
5629,1,30
5630,1,30
5631,1,30
5632,1,30
5633,1,30
5634,1,30
5635,1,30
5636,1,30
5637,1,30
5638,1,30
5639,1,30
5640,1,30
5641,1,30
5642,1,30
5643,1,30
5644,1,30
5645,1,30
5646,1,30
5647,1,30
5648,1,30
5649,1,30
5650,1,30
5651,1,30
5652,1,30
5653,1,30
5654,1,30
5655,1,30
5656,1,30
5657,1,30
5658,1,30
5659,1,30
5660,1,30
5661,1,30
5662,1,30
5663,1,30
5664,1,30
5665,1,30
5666,1,30
5667,1,30
5668,1,30
5669,1,30
5670,1,30
5671,1,30
5672,1,30
5673,1,30
5674,1,30
5675,1,30
5676,1,30
5677,1,30
5678,1,30
5679,1,30
5680,1,30
5681,1,30
5682,1,30
5683,1,30
5684,1,30
5685,1,30
5686,1,30
5687,1,30
5688,1,30
5689,1,30
5690,1,30
5691,1,30
5692,1,30
5693,1,30
5694,1,30
5695,1,30
5696,1,30
5697,1,30
5698,1,29
5699,1,29
5701,1,29
5702,1,29
5703,1,29
5704,1,29
5705,1,29
5706,1,29
5707,1,29
5708,1,29
5709,1,29
5710,1,29
5711,1,29
5712,1,29
5713,1,29
5714,1,29
5715,1,29
5716,1,29
5717,1,29
5718,1,29
5719,1,30
5720,1,30
5721,1,30
5722,1,30
5723,1,30
5724,1,30
5725,1,30
5726,1,30
5727,1,30
5728,1,30
5729,1,30
5730,1,30
5731,1,30
5732,1,30
5733,1,30
5734,1,30
5735,1,30
5736,1,30
5737,1,30
5738,1,30
5739,1,30
5740,1,30
5741,1,30
5742,1,30
5743,1,30
5744,1,30
5745,1,30
5746,1,30
5747,1,30
5748,1,30
5749,1,30
5750,1,30
5751,1,30
5752,1,30
5753,1,30
5754,1,30
5755,1,30
5756,1,30
5757,1,30
5758,1,30
5759,1,30
5760,1,30
5761,1,30
5762,1,30
5763,1,30
5764,1,30
5765,1,30
5766,1,30
5767,1,30
5768,1,30
5769,1,30
5770,1,30
5771,1,30
5772,1,30
5773,1,30
5774,1,30
5775,1,30
5776,1,30
5777,1,30
5778,1,30
5779,1,30
5780,1,30
5781,1,30
5782,1,30
5783,1,30
5784,1,30
5785,1,30
5786,1,30
5787,1,30
5788,1,29
5789,1,29
5790,1,29
5791,1,29
5792,1,29
5793,1,29
5794,1,29
5795,1,29
5796,1,29
5797,1,29
5798,1,29
5799,1,29
5801,1,29
5802,1,29
5803,1,29
5804,1,29
5805,1,29
5806,1,29
5807,1,29
5808,1,29
5809,1,29
5810,1,29
5811,1,29
5812,1,29
5813,1,29
5814,1,29
5815,1,29
5816,1,29
5817,1,29
5818,1,29
5819,1,29
5820,1,29
5821,1,29
5822,1,29
5823,1,29
5824,1,29
5825,1,29
5826,1,29
5827,1,29
5828,1,29
5829,1,29
5830,1,29
5831,1,30
5832,1,30
5833,1,30
5834,1,30
5835,1,30
5836,1,30
5837,1,30
5838,1,30
5839,1,30
5840,1,30
5841,1,30
5842,1,30
5843,1,30
5844,1,30
5845,1,30
5846,1,30
5847,1,30
5848,1,30
5849,1,30
5850,1,30
5851,1,30
5852,1,30
5853,1,30
5854,1,30
5855,1,30
5856,1,30
5857,1,30
5858,1,30
5859,1,30
5860,1,30
5861,1,29
5862,1,29
5863,1,29
5864,1,29
5865,1,29
5866,1,29
5867,1,29
5868,1,29
5869,1,29
5870,1,29
5871,1,29
5872,1,29
5873,1,29
5874,1,29
5875,1,29
5876,1,29
5877,1,29
5878,1,29
5879,1,29
5880,1,29
5881,1,29
5882,1,29
5883,1,29
5884,1,29
5885,1,29
5886,1,29
5887,1,29
5888,1,29
5889,1,29
5890,1,29
5891,1,29
5892,1,29
5893,1,29
5894,1,29
5895,1,29
5896,1,30
5897,1,30
5898,1,30
5899,1,30
5901,1,30
5902,1,30
5903,1,30
5904,1,30
5905,1,30
5906,1,30
5907,1,30
5908,1,30
5909,1,30
5910,1,30
5911,1,30
5912,1,30
5913,1,31
5914,1,31
5915,1,31
5916,1,31
5917,1,31
5918,1,31
5919,1,31
5920,1,31
5921,1,31
5922,1,31
5923,1,31
5924,1,31
5925,1,31
5926,1,31
5927,1,31
5928,1,31
5929,1,31
5930,1,31
5931,1,31
5932,1,31
5933,1,31
5934,1,31
5935,1,31
5936,1,31
5937,1,31
5938,1,31
5939,1,31
5940,1,31
5941,1,31
5942,1,31
5943,1,31
5944,1,31
5945,1,31
5946,1,31
5947,1,31
5948,1,31
5949,1,31
5950,1,31
5951,1,31
5952,1,31
5953,1,31
5954,1,31
5955,1,31
5956,1,31
5957,1,31
5958,1,31
5959,1,31
5960,1,31
5961,1,32
5962,1,32
5963,1,32
5964,1,32
5965,1,32
5966,1,32
5967,1,32
5968,1,32
5969,1,32
5970,1,32
5971,1,32
5972,1,32
5973,1,32
5974,1,32
5975,1,32
5976,1,32
5977,1,32
5978,1,32
5979,1,32
5980,1,32
5981,1,32
5982,1,32
5983,1,32
5984,1,32
5985,1,32
5986,1,32
5987,1,32
5988,1,32
5989,1,32
5990,1,32
5991,1,32
5992,1,33
5993,1,33
5994,1,33
5995,1,33
5996,1,33
5997,1,33
5998,1,33
5999,1,33
6001,1,33
6002,1,33
6003,1,33
6004,1,33
6005,1,33
6006,1,32
6007,1,32
6008,1,32
6009,1,32
6010,1,32
6011,1,32
6012,1,32
6013,1,32
6014,1,32
6015,1,33
6016,1,33
6017,1,33
6018,1,33
6019,1,33
6020,1,33
6021,1,33
6022,1,33
6023,1,33
6024,1,33
6025,1,33
6026,1,33
6027,1,33
6028,1,33
6029,1,33
6030,1,33
6031,1,33
6032,1,33
6033,1,33
6034,1,33
6035,1,33
6036,1,33
6037,1,33
6038,1,33
6039,1,33
6040,1,33
6041,1,33
6042,1,33
6043,1,33
6044,1,33
6045,1,33
6046,1,33
6047,1,33
6048,1,33
6049,1,33
6050,1,33
6051,1,33
6052,1,33
6053,1,33
6054,1,33
6055,1,33
6056,1,33
6057,1,33
6058,1,33
6059,1,33
6060,1,33
6061,1,33
6062,1,33
6063,1,33
6064,1,33
6065,1,33
6066,1,33
6067,1,33
6068,1,33
6069,1,33
6070,1,33
6071,1,33
6072,1,33
6073,1,33
6074,1,33
6075,1,33
6076,1,33
6077,1,32
6078,1,32
6079,1,32
6080,1,32
6081,1,32
6082,1,32
6083,1,32
6084,1,32
6085,1,32
6086,1,32
6087,1,32
6088,1,32
6089,1,32
6090,1,32
6091,1,32
6092,1,32
6093,1,32
6094,1,32
6095,1,32
6096,1,32
6097,1,32
6098,1,32
6099,1,32
6101,1,32
6102,1,32
6103,1,33
6104,1,33
6105,1,34
6106,1,34
6107,1,34
6108,1,33
6109,1,33
6110,1,33
6111,1,33
6112,1,33
6113,1,33
6114,1,33
6115,1,33
6116,1,33
6117,1,33
6118,1,33
6119,1,33
6120,1,33
6121,1,33
6122,1,33
6123,1,33
6124,1,33
6125,1,33
6126,1,33
6127,1,33
6128,1,33
6129,1,33
6130,1,33
6131,1,33
6132,1,33
6133,1,33
6134,1,33
6135,1,33
6136,1,33
6137,1,33
6138,1,33
6139,1,33
6140,1,33
6141,1,33
6142,1,33
6143,1,33
6144,1,33
6145,1,33
6146,1,33
6147,1,33
6148,1,33
6149,1,33
6150,1,33
6151,1,33
6152,1,33
6153,1,33
6154,1,33
6155,1,33
6156,1,33
6157,1,33
6158,1,33
6159,1,33
6160,1,33
6161,1,33
6162,1,33
6163,1,33
6164,1,33
6165,1,33
6166,1,33
6167,1,33
6168,1,33
6169,1,33
6170,1,33
6171,1,33
6172,1,33
6173,1,33
6174,1,33
6175,1,32
6176,1,32
6177,1,32
6178,1,32
6179,1,32
6180,1,32
6181,1,32
6182,1,32
6183,1,32
6184,1,32
6185,1,32
6186,1,32
6187,1,32
6188,1,32
6189,1,32
6190,1,32
6191,1,32
6192,1,32
6193,1,32
6194,1,32
6195,1,32
6196,1,31
6197,1,31
6198,1,31
6199,1,30
6201,1,30
6202,1,30
6203,1,30
6204,1,30
6205,1,30
6206,1,30
6207,1,30
6208,1,30
6209,1,30
6210,1,30
6211,1,30
6212,1,30
6213,1,30
6214,1,31
6215,1,31
6216,1,31
6217,1,31
6218,1,31
6219,1,31
6220,1,31
6221,1,31
6222,1,31
6223,1,31
6224,1,31
6225,1,31
6226,1,30
6227,1,30
6228,1,30
6229,1,30
6230,1,30
6231,1,30
6232,1,30
6233,1,30
6234,1,30
6235,1,30
6236,1,30
6237,1,30
6238,1,30
6239,1,30
6240,1,30
6241,1,30
6242,1,30
6243,1,30
6244,1,30
6245,1,30
6246,1,30
6247,1,30
6248,1,30
6249,1,30
6250,1,30
6251,1,30
6252,1,30
6253,1,30
6254,1,30
6255,1,30
6256,1,30
6257,1,30
6258,1,30
6259,1,30
6260,1,30
6261,1,30
6262,1,30
6263,1,30
6264,1,30
6265,1,30
6266,1,30
6267,1,30
6268,1,30
6269,1,30
6270,1,30
6271,1,30
6272,1,30
6273,1,30
6274,1,30
6275,1,30
6276,1,30
6277,1,30
6278,1,30
6279,1,30
6280,1,30
6281,1,30
6282,1,30
6283,1,30
6284,1,29
6285,1,29
6286,1,29
6287,1,29
6288,1,29
6289,1,29
6290,1,29
6291,1,29
6292,1,29
6293,1,29
6294,1,29
6295,1,29
6296,1,29
6297,1,29
6298,1,29
6299,1,29
6301,1,29
6302,1,29
6303,1,29
6304,1,29
6305,1,29
6306,1,29
6307,1,29
6308,1,29
6309,1,29
6310,1,29
6311,1,29
6312,1,29
6313,1,29
6314,1,29
6315,1,29
6316,1,29
6317,1,29
6318,1,28
6319,1,28
6320,1,27
6321,1,27
6322,1,27
6323,1,27
6324,1,27
6325,1,27
6326,1,27
6327,1,27
6328,1,27
6329,1,28
6330,1,28
6331,1,28
6332,1,28
6333,1,28
6334,1,28
6335,1,28
6336,1,28
6337,1,29
6338,1,29
6339,1,29
6340,1,29
6341,1,29
6342,1,29
6343,1,29
6344,1,29
6345,1,29
6346,1,29
6347,1,29
6348,1,29
6349,1,29
6350,1,29
6351,1,29
6352,1,29
6353,1,29
6354,1,29
6355,1,29
6356,1,29
6357,1,29
6358,1,29
6359,1,29
6360,1,29
6361,1,29
6362,1,29
6363,1,29
6364,1,29
6365,1,29
6366,1,29
6367,1,29
6368,1,29
6369,1,29
6370,1,29
6371,1,29
6372,1,29
6373,1,29
6374,1,29
6375,1,29
6376,1,29
6377,1,29
6378,1,29
6379,1,29
6380,1,29
6381,1,29
6382,1,29
6383,1,29
6384,1,29
6385,1,29
6386,1,29
6387,1,29
6388,1,29
6389,1,29
6390,1,29
6391,1,29
6392,1,29
6393,1,29
6394,1,29
6395,1,29
6396,1,29
6397,1,29
6398,1,29
6399,1,29
6401,1,29
6402,1,29
6403,1,29
6404,1,29
6405,1,29
6406,1,29
6407,1,29
6408,1,29
6409,1,29
6410,1,29
6411,1,29
6412,1,29
6413,1,29
6414,1,29
6415,1,29
6416,1,29
6417,1,29
6418,1,29
6419,1,29
6420,1,29
6421,1,29
6422,1,29
6423,1,29
6424,1,29
6425,1,29
6426,1,29
6427,1,29
6428,1,29
6429,1,29
6430,1,28
6431,1,28
6432,1,28
6433,1,29
6434,1,29
6435,1,29
6436,1,29
6437,1,29
6438,1,29
6439,1,29
6440,1,29
6441,1,29
6442,1,29
6443,1,29
6444,1,29
6445,1,29
6446,1,29
6447,1,29
6448,1,29
6449,1,30
6450,1,30
6451,1,29
6452,1,29
6453,1,29
6454,1,29
6455,1,29
6456,1,29
6457,1,29
6458,1,29
6459,1,29
6460,1,29
6461,1,29
6462,1,29
6463,1,29
6464,1,29
6465,1,29
6466,1,29
6467,1,29
6468,1,29
6469,1,29
6470,1,29
6471,1,28
6472,1,28
6473,1,28
6474,1,28
6475,1,28
6476,1,28
6477,1,28
6478,1,28
6479,1,28
6480,1,28
6481,1,28
6482,1,28
6483,1,28
6484,1,28
6485,1,28
6486,1,28
6487,1,28
6488,1,28
6489,1,28
6490,1,28
6491,1,28
6492,1,29
6493,1,29
6494,1,29
6495,1,29
6496,1,29
6497,1,29
6498,1,29
6499,1,29
6501,1,29
6502,1,29
6503,1,29
6504,1,29
6505,1,29
6506,1,29
6507,1,29
6508,1,29
6509,1,29
6510,1,29
6511,1,29
6512,1,29
6513,1,29
6514,1,29
6515,1,29
6516,1,29
6517,1,29
6518,1,29
6519,1,29
6520,1,29
6521,1,29
6522,1,28
6523,1,28
6524,1,28
6525,1,28
6526,1,28
6527,1,28
6528,1,28
6529,1,28
6530,1,28
6531,1,28
6532,1,28
6533,1,28
6534,1,28
6535,1,28
6536,1,29
6537,1,29
6538,1,29
6539,1,29
6540,1,29
6541,1,29
6542,1,29
6543,1,29
6544,1,29
6545,1,29
6546,1,29
6547,1,29
6548,1,29
6549,1,29
6550,1,29
6551,1,29
6552,1,29
6553,1,29
6554,1,29
6555,1,29
6556,1,29
6557,1,29
6558,1,29
6559,1,29
6560,1,29
6561,1,29
6562,1,29
6563,1,29
6564,1,29
6565,1,29
6566,1,29
6567,1,29
6568,1,29
6569,1,29
6570,1,29
6571,1,29
6572,1,29
6573,1,29
6574,1,29
6575,1,29
6576,1,29
6577,1,28
6578,1,28
6579,1,28
6580,1,28
6581,1,28
6582,1,28
6583,1,28
6584,1,28
6585,1,28
6586,1,28
6587,1,28
6588,1,28
6589,1,28
6590,1,28
6591,1,28
6592,1,28
6593,1,28
6594,1,28
6595,1,28
6596,1,28
6597,1,28
6598,1,28
6599,1,28
6601,1,28
6602,1,28
6603,1,28
6604,1,28
6605,1,28
6606,1,28
6607,1,28
6608,1,28
6609,1,28
6610,1,28
6611,1,28
6612,1,28
6613,1,28
6614,1,28
6615,1,28
6616,1,28
6617,1,28
6618,1,28
6619,1,28
6620,1,28
6621,1,28
6622,1,28
6623,1,28
6624,1,28
6625,1,28
6626,1,28
6627,1,28
6628,1,28
6629,1,28
6630,1,28
6631,1,28
6632,1,28
6633,1,28
6634,1,28
6635,1,28
6636,1,28
6637,1,28
6638,1,28
6639,1,28
6640,1,28
6641,1,28
6642,1,28
6643,1,28
6644,1,28
6645,1,28
6646,1,28
6647,1,28
6648,1,28
6649,1,28
6650,1,28
6651,1,28
6652,1,28
6653,1,28
6654,1,28
6655,1,28
6656,1,28
6657,1,28
6658,1,28
6659,1,28
6660,1,28
6661,1,28
6662,1,28
6663,1,28
6664,1,28
6665,1,28
6666,1,29
6667,1,29
6668,1,29
6669,1,29
6670,1,29
6671,1,29
6672,1,29
6673,1,29
6674,1,29
6675,1,29
6676,1,29
6677,1,29
6678,1,29
6679,1,29
6680,1,29
6681,1,29
6682,1,29
6683,1,29
6684,1,29
6685,1,29
6686,1,29
6687,1,29
6688,1,29
6689,1,29
6690,1,29
6691,1,29
6692,1,29
6693,1,28
6694,1,28
6695,1,28
6696,1,28
6697,1,28
6698,1,28
6699,1,28
6701,1,28
6702,1,28
6703,1,28
6704,1,28
6705,1,28
6706,1,28
6707,1,28
6708,1,28
6709,1,28
6710,1,28
6711,1,28
6712,1,29
6713,1,29
6714,1,29
6715,1,29
6716,1,28
6717,1,28
6718,1,28
6719,1,28
6720,1,28
6721,1,28
6722,1,28
6723,1,28
6724,1,28
6725,1,28
6726,1,28
6727,1,28
6728,1,28
6729,1,28
6730,1,28
6731,1,28
6732,1,28
6733,1,28
6734,1,28
6735,1,28
6736,1,28
6737,1,29
6738,1,29
6739,1,29
6740,1,29
6741,1,29
6742,1,28
6743,1,28
6744,1,28
6745,1,28
6746,1,28
6747,1,28
6748,1,28
6749,1,28
6750,1,28
6751,1,28
6752,1,28
6753,1,28
6754,1,28
6755,1,28
6756,1,28
6757,1,29
6758,1,29
6759,1,29
6760,1,29
6761,1,29
6762,1,29
6763,1,29
6764,1,29
6765,1,29
6766,1,29
6767,1,29
6768,1,29
6769,1,29
6770,1,29
6771,1,29
6772,1,29
6773,1,29
6774,1,29
6775,1,29
6776,1,29
6777,1,29
6778,1,29
6779,1,29
6780,1,29
6781,1,29
6782,1,29
6783,1,29
6784,1,29
6785,1,29
6786,1,29
6787,1,29
6788,1,29
6789,1,29
6790,1,29
6791,1,29
6792,1,29
6793,1,29
6794,1,29
6795,1,29
6796,1,29
6797,1,29
6798,1,29
6799,1,29
6801,1,29
6802,1,29
6803,1,29
6804,1,29
6805,1,29
6806,1,29
6807,1,29
6808,1,29
6809,1,29
6810,1,29
6811,1,29
6812,1,29
6813,1,29
6814,1,29
6815,1,29
6816,1,29
6817,1,29
6818,1,29
6819,1,29
6820,1,29
6821,1,29
6822,1,29
6823,1,29
6824,1,29
6825,1,29
6826,1,29
6827,1,29
6828,1,29
6829,1,29
6830,1,30
6831,1,30
6832,1,30
6833,1,30
6834,1,30
6835,1,30
6836,1,30
6837,1,30
6838,1,30
6839,1,30
6840,1,29
6841,1,29
6842,1,29
6843,1,29
6844,1,29
6845,1,29
6846,1,29
6847,1,29
6848,1,29
6849,1,29
6850,1,29
6851,1,29
6852,1,29
6853,1,29
6854,1,29
6855,1,29
6856,1,29
6857,1,29
6858,1,29
6859,1,29
6860,1,29
6861,1,29
6862,1,29
6863,1,29
6864,1,29
6865,1,29
6866,1,29
6867,1,29
6868,1,29
6869,1,29
6870,1,29
6871,1,29
6872,1,29
6873,1,29
6874,1,29
6875,1,29
6876,1,29
6877,1,29
6878,1,29
6879,1,29
6880,1,29
6881,1,29
6882,1,29
6883,1,29
6884,1,29
6885,1,29
6886,1,29
6887,1,29
6888,1,29
6889,1,29
6890,1,29
6891,1,29
6892,1,29
6893,1,29
6894,1,29
6895,1,28
6896,1,28
6897,1,28
6898,1,28
6899,1,28
6901,1,28
6902,1,28
6903,1,28
6904,1,28
6905,1,28
6906,1,28
6907,1,28
6908,1,28
6909,1,28
6910,1,28
6911,1,28
6912,1,28
6913,1,28
6914,1,28
6915,1,28
6916,1,28
6917,1,28
6918,1,29
6919,1,29
6920,1,29
6921,1,29
6922,1,29
6923,1,29
6924,1,29
6925,1,29
6926,1,29
6927,1,29
6928,1,29
6929,1,30
6930,1,30
6931,1,30
6932,1,30
6933,1,29
6934,1,29
6935,1,29
6936,1,29
6937,1,29
6938,1,29
6939,1,29
6940,1,29
6941,1,29
6942,1,29
6943,1,29
6944,1,29
6945,1,29
6946,1,29
6947,1,29
6948,1,29
6949,1,29
6950,1,29
6951,1,29
6952,1,29
6953,1,29
6954,1,29
6955,1,29
6956,1,29
6957,1,29
6958,1,29
6959,1,29
6960,1,29
6961,1,29
6962,1,29
6963,1,29
6964,1,29
6965,1,29
6966,1,29
6967,1,29
6968,1,29
6969,1,30
6970,1,30
6971,1,30
6972,1,30
6973,1,30
6974,1,30
6975,1,30
6976,1,30
6977,1,30
6978,1,30
6979,1,30
6980,1,30
6981,1,30
6982,1,30
6983,1,30
6984,1,30
6985,1,30
6986,1,30
6987,1,30
6988,1,30
6989,1,30
6990,1,30
6991,1,30
6992,1,30
6993,1,30
6994,1,30
6995,1,30
6996,1,30
6997,1,30
6998,1,30
6999,1,30
7001,1,30
7002,1,30
7003,1,30
7004,1,30
7005,1,30
7006,1,30
7007,1,30
7008,1,30
7009,1,30
7010,1,30
7011,1,30
7012,1,30
7013,1,30
7014,1,30
7015,1,30
7016,1,30
7017,1,30
7018,1,30
7019,1,30
7020,1,30
7021,1,30
7022,1,30
7023,1,30
7024,1,30
7025,1,30
7026,1,30
7027,1,30
7028,1,30
7029,1,30
7030,1,30
7031,1,30
7032,1,30
7033,1,30
7034,1,30
7035,1,30
7036,1,31
7037,1,31
7038,1,31
7039,1,31
7040,1,31
7041,1,31
7042,1,31
7043,1,31
7044,1,31
7045,1,31
7046,1,31
7047,1,30
7048,1,30
7049,1,30
7050,1,29
7051,1,29
7052,1,29
7053,1,29
7054,1,29
7055,1,29
7056,1,29
7057,1,29
7058,1,29
7059,1,29
7060,1,29
7061,1,29
7062,1,29
7063,1,29
7064,1,29
7065,1,29
7066,1,29
7067,1,29
7068,1,29
7069,1,29
7070,1,29
7071,1,29
7072,1,29
7073,1,29
7074,1,29
7075,1,29
7076,1,29
7077,1,29
7078,1,29
7079,1,29
7080,1,29
7081,1,29
7082,1,29
7083,1,29
7084,1,29
7085,1,29
7086,1,29
7087,1,29
7088,1,29
7089,1,29
7090,1,29
7091,1,29
7092,1,29
7093,1,29
7094,1,29
7095,1,29
7096,1,29
7097,1,29
7098,1,29
7099,1,29
7101,1,29
7102,1,29
7103,1,29
7104,1,29
7105,1,29
7106,1,29
7107,1,29
7108,1,29
7109,1,30
7110,1,30
7111,1,30
7112,1,30
7113,1,30
7114,1,30
7115,1,30
7116,1,30
7117,1,30
7118,1,30
7119,1,30
7120,1,30
7121,1,30
7122,1,30
7123,1,30
7124,1,30
7125,1,30
7126,1,30
7127,1,30
7128,1,30
7129,1,30
7130,1,30
7131,1,30
7132,1,30
7133,1,30
7134,1,30
7135,1,30
7136,1,30
7137,1,30
7138,1,29
7139,1,29
7140,1,29
7141,1,29
7142,1,29
7143,1,29
7144,1,29
7145,1,29
7146,1,29
7147,1,29
7148,1,29
7149,1,29
7150,1,29
7151,1,29
7152,1,29
7153,1,29
7154,1,30
7155,1,30
7156,1,30
7157,1,30
7158,1,30
7159,1,30
7160,1,30
7161,1,31
7162,1,31
7163,1,31
7164,1,31
7165,1,31
7166,1,31
7167,1,31
7168,1,31
7169,1,31
7170,1,31
7171,1,31
7172,1,31
7173,1,31
7174,1,31
7175,1,31
7176,1,31
7177,1,31
7178,1,31
7179,1,31
7180,1,31
7181,1,31
7182,1,31
7183,1,31
7184,1,31
7185,1,31
7186,1,31
7187,1,31
7188,1,31
7189,1,31
7190,1,31
7191,1,31
7192,1,31
7193,1,31
7194,1,31
7195,1,31
7196,1,31
7197,1,31
7198,1,31
7199,1,31
7201,1,31
7202,1,31
7203,1,31
7204,1,31
7205,1,31
7206,1,31
7207,1,30
7208,1,30
7209,1,30
7210,1,30
7211,1,30
7212,1,30
7213,1,30
7214,1,30
7215,1,30
7216,1,30
7217,1,30
7218,1,30
7219,1,30
7220,1,30
7221,1,30
7222,1,30
7223,1,30
7224,1,30
7225,1,30
7226,1,30
7227,1,30
7228,1,30
7229,1,30
7230,1,30
7231,1,30
7232,1,30
7233,1,30
7234,1,30
7235,1,30
7236,1,31
7237,1,31
7238,1,31
7239,1,31
7240,1,31
7241,1,31
7242,1,31
7243,1,31
7244,1,31
7245,1,31
7246,1,31
7247,1,31
7248,1,31
7249,1,31
7250,1,31
7251,1,31
7252,1,31
7253,1,31
7254,1,31
7255,1,30
7256,1,30
7257,1,30
7258,1,30
7259,1,30
7260,1,30
7261,1,30
7262,1,30
7263,1,30
7264,1,30
7265,1,30
7266,1,30
7267,1,30
7268,1,30
7269,1,30
7270,1,30
7271,1,30
7272,1,30
7273,1,30
7274,1,30
7275,1,30
7276,1,30
7277,1,30
7278,1,30
7279,1,30
7280,1,30
7281,1,30
7282,1,30
7283,1,30
7284,1,30
7285,1,30
7286,1,30
7287,1,30
7288,1,30
7289,1,30
7290,1,30
7291,1,30
7292,1,30
7293,1,30
7294,1,30
7295,1,30
7296,1,30
7297,1,30
7298,1,30
7299,1,30
7301,1,30
7302,1,30
7303,1,30
7304,1,30
7305,1,30
7306,1,30
7307,1,30
7308,1,29
7309,1,29
7310,1,29
7311,1,29
7312,1,29
7313,1,29
7314,1,29
7315,1,29
7316,1,29
7317,1,29
7318,1,29
7319,1,29
7320,1,29
7321,1,29
7322,1,29
7323,1,29
7324,1,29
7325,1,29
7326,1,29
7327,1,29
7328,1,29
7329,1,29
7330,1,29
7331,1,29
7332,1,29
7333,1,29
7334,1,29
7335,1,29
7336,1,29
7337,1,29
7338,1,29
7339,1,29
7340,1,29
7341,1,29
7342,1,29
7343,1,29
7344,1,29
7345,1,29
7346,1,29
7347,1,29
7348,1,29
7349,1,29
7350,1,29
7351,1,29
7352,1,29
7353,1,29
7354,1,29
7355,1,29
7356,1,29
7357,1,29
7358,1,29
7359,1,29
7360,1,29
7361,1,29
7362,1,29
7363,1,29
7364,1,29
7365,1,29
7366,1,29
7367,1,29
7368,1,29
7369,1,29
7370,1,29
7371,1,29
7372,1,29
7373,1,29
7374,1,30
7375,1,30
7376,1,30
7377,1,30
7378,1,30
7379,1,30
7380,1,30
7381,1,30
7382,1,30
7383,1,30
7384,1,30
7385,1,30
7386,1,30
7387,1,29
7388,1,31
7389,1,31
7390,1,32
7391,1,32
7392,1,32
7393,1,32
7394,1,32
7395,1,32
7396,1,32
7397,1,32
7398,1,32
7399,1,32
7401,1,32
7402,1,32
7403,1,32
7404,1,32
7405,1,32
7406,1,32
7407,1,32
7408,1,32
7409,1,32
7410,1,32
7411,1,32
7412,1,32
7413,1,32
7414,1,32
7415,1,32
7416,1,32
7417,1,32
7418,1,32
7419,1,32
7420,1,32
7421,1,32
7422,1,32
7423,1,32
7424,1,32
7425,1,32
7426,1,32
7427,1,32
7428,1,32
7429,1,32
7430,1,32
7431,1,32
7432,1,32
7433,1,32
7434,1,32
7435,1,32
7436,1,31
7437,1,31
7438,1,31
7439,1,31
7440,1,31
7441,1,31
7442,1,31
7443,1,31
7444,1,31
7445,1,31
7446,1,31
7447,1,31
7448,1,31
7449,1,31
7450,1,31
7451,1,31
7452,1,31
7453,1,31
7454,1,31
7455,1,31
7456,1,31
7457,1,31
7458,1,31
7459,1,31
7460,1,31
7461,1,31
7462,1,31
7463,1,31
7464,1,31
7465,1,31
7466,1,31
7467,1,31
7468,1,31
7469,1,31
7470,1,31
7471,1,31
7472,1,31
7473,1,31
7474,1,31
7475,1,31
7476,1,31
7477,1,31
7478,1,31
7479,1,31
7480,1,31
7481,1,31
7482,1,31
7483,1,31
7484,1,31
7485,1,31
7486,1,31
7487,1,31
7488,1,31
7489,1,31
7490,1,31
7491,1,31
7492,1,31
7493,1,31
7494,1,31
7495,1,31
7496,1,31
7497,1,31
7498,1,31
7499,1,31
7501,1,31
7502,1,31
7503,1,31
7504,1,31
7505,1,31
7506,1,31
7507,1,31
7508,1,31
7509,1,31
7510,1,31
7511,1,31
7512,1,31
7513,1,31
7514,1,31
7515,1,31
7516,1,31
7517,1,31
7518,1,31
7519,1,31
7520,1,31
7521,1,31
7522,1,31
7523,1,31
7524,1,31
7525,1,31
7526,1,31
7527,1,31
7528,1,31
7529,1,31
7530,1,31
7531,1,30
7532,1,30
7533,1,30
7534,1,30
7535,1,30
7536,1,30
7537,1,30
7538,1,30
7539,1,30
7540,1,29
7541,1,29
7542,1,29
7543,1,29
7544,1,29
7545,1,29
7546,1,29
7547,1,29
7548,1,29
7549,1,29
7550,1,29
7551,1,29
7552,1,29
7553,1,29
7554,1,29
7555,1,29
7556,1,29
7557,1,30
7558,1,30
7559,1,31
7560,1,31
7561,1,31
7562,1,31
7563,1,31
7564,1,31
7565,1,31
7566,1,31
7567,1,31
7568,1,31
7569,1,31
7570,1,31
7571,1,31
7572,1,31
7573,1,31
7574,1,31
7575,1,31
7576,1,31
7577,1,31
7578,1,31
7579,1,31
7580,1,31
7581,1,31
7582,1,31
7583,1,31
7584,1,31
7585,1,31
7586,1,31
7587,1,31
7588,1,31
7589,1,31
7590,1,31
7591,1,31
7592,1,31
7593,1,31
7594,1,31
7595,1,31
7596,1,31
7597,1,31
7598,1,31
7599,1,31
7601,1,31
7602,1,31
7603,1,31
7604,1,31
7605,1,31
7606,1,31
7607,1,30
7608,1,30
7609,1,30
7610,1,30
7611,1,30
7612,1,30
7613,1,30
7614,1,30
7615,1,30
7616,1,30
7617,1,30
7618,1,30
7619,1,30
7620,1,30
7621,1,30
7622,1,30
7623,1,30
7624,1,30
7625,1,29
7626,1,29
7627,1,29
7628,1,29
7629,1,29
7630,1,29
7631,1,29
7632,1,29
7633,1,29
7634,1,29
7635,1,29
7636,1,28
7637,1,28
7638,1,28
7639,1,28
7640,1,28
7641,1,28
7642,1,28
7643,1,28
7644,1,28
7645,1,28
7646,1,28
7647,1,28
7648,1,29
7649,1,29
7650,1,29
7651,1,29
7652,1,29
7653,1,29
7654,1,29
7655,1,29
7656,1,29
7657,1,29
7658,1,29
7659,1,29
7660,1,29
7661,1,29
7662,1,29
7663,1,29
7664,1,29
7665,1,29
7666,1,29
7667,1,29
7668,1,29
7669,1,29
7670,1,29
7671,1,29
7672,1,29
7673,1,29
7674,1,29
7675,1,29
7676,1,29
7677,1,29
7678,1,29
7679,1,29
7680,1,29
7681,1,29
7682,1,29
7683,1,29
7684,1,29
7685,1,29
7686,1,29
7687,1,29
7688,1,29
7689,1,29
7690,1,29
7691,1,28
7692,1,28
7693,1,28
7694,1,28
7695,1,28
7696,1,28
7697,1,28
7698,1,28
7699,1,28
7701,1,28
7702,1,28
7703,1,28
7704,1,28
7705,1,28
7706,1,28
7707,1,28
7708,1,28
7709,1,28
7710,1,28
7711,1,28
7712,1,28
7713,1,28
7714,1,28
7715,1,28
7716,1,28
7717,1,28
7718,1,28
7719,1,28
7720,1,29
7721,1,29
7722,1,29
7723,1,29
7724,1,29
7725,1,29
7726,1,29
7727,1,29
7728,1,29
7729,1,29
7730,1,29
7731,1,29
7732,1,29
7733,1,29
7734,1,29
7735,1,29
7736,1,29
7737,1,29
7738,1,29
7739,1,29
7740,1,29
7741,1,29
7742,1,29
7743,1,29
7744,1,29
7745,1,29
7746,1,29
7747,1,29
7748,1,29
7749,1,28
7750,1,28
7751,1,28
7752,1,28
7753,1,28
7754,1,28
7755,1,28
7756,1,28
7757,1,28
7758,1,28
7759,1,28
7760,1,28
7761,1,28
7762,1,28
7763,1,28
7764,1,28
7765,1,28
7766,1,28
7767,1,28
7768,1,28
7769,1,28
7770,1,28
7771,1,28
7772,1,28
7773,1,28
7774,1,28
7775,1,28
7776,1,28
7777,1,28
7778,1,28
7779,1,28
7780,1,28
7781,1,28
7782,1,28
7783,1,28
7784,1,28
7785,1,28
7786,1,28
7787,1,28
7788,1,28
7789,1,28
7790,1,28
7791,1,28
7792,1,28
7793,1,28
7794,1,28
7795,1,28
7796,1,28
7797,1,28
7798,1,28
7799,1,28
7801,1,28
7802,1,27
7803,1,27
7804,1,27
7805,1,27
7806,1,27
7807,1,27
7808,1,27
7809,1,27
7810,1,27
7811,1,27
7812,1,27
7813,1,27
7814,1,27
7815,1,27
7816,1,27
7817,1,27
7818,1,27
7819,1,27
7820,1,27
7821,1,27
7822,1,27
7823,1,27
7824,1,27
7825,1,27
7826,1,27
7827,1,27
7828,1,28
7829,1,28
7830,1,28
7831,1,28
7832,1,28
7833,1,28
7834,1,28
7835,1,28
7836,1,28
7837,1,28
7838,1,28
7839,1,28
7840,1,28
7841,1,28
7842,1,28
7843,1,28
7844,1,28
7845,1,28
7846,1,28
7847,1,28
7848,1,28
7849,1,28
7850,1,28
7851,1,28
7852,1,28
7853,1,28
7854,1,28
7855,1,28
7856,1,28
7857,1,28
7858,1,28
7859,1,28
7860,1,28
7861,1,29
7862,1,29
7863,1,29
7864,1,29
7865,1,29
7866,1,29
7867,1,30
7868,1,30
7869,1,30
7870,1,30
7871,1,30
7872,1,30
7873,1,30
7874,1,30
7875,1,30
7876,1,30
7877,1,30
7878,1,29
7879,1,29
7880,1,29
7881,1,29
7882,1,29
7883,1,29
7884,1,29
7885,1,29
7886,1,29
7887,1,29
7888,1,29
7889,1,29
7890,1,29
7891,1,29
7892,1,28
7893,1,28
7894,1,28
7895,1,28
7896,1,28
7897,1,28
7898,1,28
7899,1,28
7901,1,27
7902,1,27
7903,1,27
7904,1,27
7905,1,27
7906,1,27
7907,1,27
7908,1,27
7909,1,27
7910,1,27
7911,1,27
7912,1,27
7913,1,27
7914,1,27
7915,1,27
7916,1,27
7917,1,27
7918,1,27
7919,1,27
7920,1,27
7921,1,27
7922,1,27
7923,1,27
7924,1,27
7925,1,27
7926,1,26
7927,1,26
7928,1,26
7929,1,26
7930,1,26
7931,1,26
7932,1,26
7933,1,26
7934,1,26
7935,1,26
7936,1,26
7937,1,26
7938,1,26
7939,1,26
7940,1,26
7941,1,25
7942,1,25
7943,1,25
7944,1,25
7945,1,25
7946,1,25
7947,1,25
7948,1,25
7949,1,25
7950,1,25
7951,1,25
7952,1,25
7953,1,25
7954,1,25
7955,1,25
7956,1,25
7957,1,25
7958,1,25
7959,1,25
7960,1,25
7961,1,25
7962,1,25
7963,1,25
7964,1,25
7965,1,25
7966,1,25
7967,1,25
7968,1,25
7969,1,25
7970,1,25
7971,1,25
7972,1,25
7973,1,25
7974,1,25
7975,1,25
7976,1,25
7977,1,25
7978,1,25
7979,1,25
7980,1,25
7981,1,25
7982,1,25
7983,1,25
7984,1,25
7985,1,25
7986,1,25
7987,1,25
7988,1,25
7989,1,25
7990,1,25
7991,1,25
7992,1,25
7993,1,25
7994,1,25
7995,1,25
7996,1,25
7997,1,25
7998,1,25
7999,1,25
8001,1,25
8002,1,25
8003,1,25
8004,1,25
8005,1,25
8006,1,25
8007,1,25
8008,1,25
8009,1,25
8010,1,25
8011,1,25
8012,1,26
8013,1,26
8014,1,26
8015,1,26
8016,1,26
8017,1,26
8018,1,26
8019,1,26
8020,1,26
8021,1,26
8022,1,26
8023,1,26
8024,1,26
8025,1,26
8026,1,26
8027,1,26
8028,1,26
8029,1,26
8030,1,26
8031,1,26
8032,1,26
8033,1,26
8034,1,26
8035,1,26
8036,1,26
8037,1,26
8038,1,26
8039,1,26
8040,1,26
8041,1,26
8042,1,26
8043,1,26
8044,1,26
8045,1,26
8046,1,26
8047,1,26
8048,1,26
8049,1,26
8050,1,26
8051,1,26
8052,1,26
8053,1,26
8054,1,26
8055,1,26
8056,1,26
8057,1,26
8058,1,26
8059,1,27
8060,1,28
8061,1,28
8062,1,28
8063,1,28
8064,1,28
8065,1,28
8066,1,28
8067,1,28
8068,1,28
8069,1,28
8070,1,28
8071,1,29
8072,1,29
8073,1,29
8074,1,29
8075,1,29
8076,1,29
8077,1,29
8078,1,29
8079,1,29
8080,1,29
8081,1,29
8082,1,29
8083,1,28
8084,1,28
8085,1,28
8086,1,28
8087,1,28
8088,1,28
8089,1,28
8090,1,28
8091,1,28
8092,1,28
8093,1,28
8094,1,28
8095,1,28
8096,1,28
8097,1,28
8098,1,28
8099,1,28
8101,1,28
8102,1,28
8103,1,28
8104,1,28
8105,1,28
8106,1,27
8107,1,27
8108,1,27
8109,1,27
8110,1,27
8111,1,27
8112,1,27
8113,1,27
8114,1,27
8115,1,27
8116,1,27
8117,1,26
8118,1,26
8119,1,26
8120,1,26
8121,1,26
8122,1,26
8123,1,26
8124,1,26
8125,1,26
8126,1,26
8127,1,26
8128,1,26
8129,1,26
8130,1,26
8131,1,26
8132,1,26
8133,1,26
8134,1,26
8135,1,26
8136,1,26
8137,1,26
8138,1,26
8139,1,26
8140,1,26
8141,1,26
8142,1,26
8143,1,26
8144,1,26
8145,1,26
8146,1,26
8147,1,26
8148,1,26
8149,1,26
8150,1,26
8151,1,26
8152,1,26
8153,1,26
8154,1,26
8155,1,26
8156,1,26
8157,1,26
8158,1,26
8159,1,26
8160,1,26
8161,1,26
8162,1,26
8163,1,26
8164,1,26
8165,1,26
8166,1,26
8167,1,26
8168,1,26
8169,1,26
8170,1,26
8171,1,26
8172,1,27
8173,1,27
8174,1,27
8175,1,27
8176,1,27
8177,1,27
8178,1,27
8179,1,27
8180,1,27
8181,1,27
8182,1,27
8183,1,27
8184,1,27
8185,1,27
8186,1,27
8187,1,27
8188,1,27
8189,1,27
8190,1,28
8191,1,28
8192,1,28
8193,1,28
8194,1,28
8195,1,28
8196,1,28
8197,1,27
8198,1,27
8199,1,27
8201,1,27
8202,1,27
8203,1,27
8204,1,27
8205,1,28
8206,1,28
8207,1,28
8208,1,28
8209,1,28
8210,1,28
8211,1,28
8212,1,28
8213,1,28
8214,1,28
8215,1,28
8216,1,28
8217,1,28
8218,1,28
8219,1,28
8220,1,28
8221,1,28
8222,1,28
8223,1,28
8224,1,28
8225,1,28
8226,1,28
8227,1,28
8228,1,28
8229,1,28
8230,1,28
8231,1,28
8232,1,28
8233,1,28
8234,1,28
8235,1,28
8236,1,28
8237,1,28
8238,1,28
8239,1,28
8240,1,28
8241,1,28
8242,1,28
8243,1,28
8244,1,28
8245,1,28
8246,1,28
8247,1,28
8248,1,29
8249,1,29
8250,1,29
8251,1,29
8252,1,29
8253,1,29
8254,1,28
8255,1,28
8256,1,28
8257,1,28
8258,1,28
8259,1,28
8260,1,28
8261,1,28
8262,1,28
8263,1,28
8264,1,28
8265,1,28
8266,1,28
8267,1,28
8268,1,28
8269,1,28
8270,1,28
8271,1,28
8272,1,28
8273,1,28
8274,1,28
8275,1,28
8276,1,28
8277,1,28
8278,1,28
8279,1,28
8280,1,28
8281,1,28
8282,1,28
8283,1,28
8284,1,28
8285,1,28
8286,1,28
8287,1,28
8288,1,28
8289,1,28
8290,1,28
8291,1,28
8292,1,28
8293,1,28
8294,1,28
8295,1,28
8296,1,28
8297,1,28
8298,1,28
8299,1,28
8301,1,28
8302,1,29
8303,1,29
8304,1,29
8305,1,29
8306,1,29
8307,1,29
8308,1,29
8309,1,29
8310,1,29
8311,1,29
8312,1,29
8313,1,29
8314,1,29
8315,1,29
8316,1,29
8317,1,29
8318,1,29
8319,1,29
8320,1,29
8321,1,29
8322,1,29
8323,1,29
8324,1,29
8325,1,29
8326,1,29
8327,1,29
8328,1,29
8329,1,29
8330,1,29
8331,1,29
8332,1,29
8333,1,29
8334,1,29
8335,1,29
8336,1,29
8337,1,29
8338,1,29
8339,1,29
8340,1,29
8341,1,29
8342,1,29
8343,1,29
8344,1,29
8345,1,29
8346,1,29
8347,1,29
8348,1,29
8349,1,29
8350,1,29
8351,1,29
8352,1,29
8353,1,30
8354,1,30
8355,1,30
8356,1,30
8357,1,30
8358,1,30
8359,1,31
8360,1,31
8361,1,31
8362,1,31
8363,1,31
8364,1,31
8365,1,31
8366,1,31
8367,1,31
8368,1,31
8369,1,31
8370,1,31
8371,1,31
8372,1,31
8373,1,31
8374,1,31
8375,1,31
8376,1,31
8377,1,31
8378,1,31
8379,1,31
8380,1,31
8381,1,31
8382,1,31
8383,1,31
8384,1,31
8385,1,31
8386,1,31
8387,1,31
8388,1,31
8389,1,31
8390,1,31
8391,1,31
8392,1,31
8393,1,31
8394,1,31
8395,1,31
8396,1,31
8397,1,31
8398,1,31
8399,1,30
8401,1,30
8402,1,30
8403,1,30
8404,1,30
8405,1,30
8406,1,30
8407,1,30
8408,1,30
8409,1,30
8410,1,30
8411,1,30
8412,1,30
8413,1,31
8414,1,31
8415,1,31
8416,1,31
8417,1,31
8418,1,31
8419,1,31
8420,1,31
8421,1,31
8422,1,31
8423,1,31
8424,1,31
8425,1,30
8426,1,30
8427,1,30
8428,1,30
8429,1,30
8430,1,30
8431,1,30
8432,1,30
8433,1,30
8434,1,30
8435,1,30
8436,1,30
8437,1,30
8438,1,30
8439,1,30
8440,1,30
8441,1,30
8442,1,30
8443,1,30
8444,1,30
8445,1,30
8446,1,30
8447,1,30
8448,1,30
8449,1,30
8450,1,30
8451,1,30
8452,1,30
8453,1,30
8454,1,30
8455,1,30
8456,1,30
8457,1,30
8458,1,30
8459,1,30
8460,1,30
8461,1,30
8462,1,31
8463,1,31
8464,1,31
8465,1,31
8466,1,30
8467,1,30
8468,1,30
8469,1,30
8470,1,30
8471,1,30
8472,1,30
8473,1,30
8474,1,30
8475,1,30
8476,1,30
8477,1,30
8478,1,30
8479,1,30
8480,1,30
8481,1,30
8482,1,30
8483,1,30
8484,1,30
8485,1,30
8486,1,30
8487,1,30
8488,1,30
8489,1,30
8490,1,30
8491,1,30
8492,1,30
8493,1,30
8494,1,30
8495,1,30
8496,1,30
8497,1,30
8498,1,30
8499,1,30
8501,1,29
8502,1,29
8503,1,29
8504,1,29
8505,1,29
8506,1,29
8507,1,29
8508,1,29
8509,1,29
8510,1,29
8511,1,29
8512,1,29
8513,1,29
8514,1,29
8515,1,29
8516,1,29
8517,1,29
8518,1,29
8519,1,29
8520,1,29
8521,1,29
8522,1,29
8523,1,29
8524,1,29
8525,1,29
8526,1,29
8527,1,29
8528,1,29
8529,1,29
8530,1,29
8531,1,30
8532,1,30
8533,1,30
8534,1,30
8535,1,30
8536,1,30
8537,1,30
8538,1,30
8539,1,30
8540,1,30
8541,1,30
8542,1,30
8543,1,30
8544,1,30
8545,1,30
8546,1,29
8547,1,29
8548,1,29
8549,1,29
8550,1,29
8551,1,29
8552,1,29
8553,1,29
8554,1,29
8555,1,29
8556,1,29
8557,1,29
8558,1,29
8559,1,29
8560,1,29
8561,1,29
8562,1,29
8563,1,29
8564,1,29
8565,1,29
8566,1,29
8567,1,29
8568,1,29
8569,1,29
8570,1,29
8571,1,29
8572,1,29
8573,1,29
8574,1,29
8575,1,29
8576,1,29
8577,1,29
8578,1,29
8579,1,29
8580,1,29
8581,1,29
8582,1,29
8583,1,29
8584,1,29
8585,1,29
8586,1,29
8587,1,29
8588,1,29
8589,1,29
8590,1,29
8591,1,29
8592,1,29
8593,1,29
8594,1,29
8595,1,29
8596,1,29
8597,1,29
8598,1,29
8599,1,29
8601,1,29
8602,1,29
8603,1,29
8604,1,29
8605,1,29
8606,1,30
8607,1,30
8608,1,30
8609,1,30
8610,1,30
8611,1,30
8612,1,30
8613,1,30
8614,1,30
8615,1,30
8616,1,30
8617,1,30
8618,1,31
8619,1,31
8620,1,30
8621,1,30
8622,1,30
8623,1,30
8624,1,30
8625,1,30
8626,1,30
8627,1,30
8628,1,30
8629,1,30
8630,1,30
8631,1,30
8632,1,30
8633,1,30
8634,1,30
8635,1,30
8636,1,30
8637,1,30
8638,1,30
8639,1,30
8640,1,30
8641,1,30
8642,1,30
8643,1,30
8644,1,30
8645,1,30
8646,1,30
8647,1,30
8648,1,30
8649,1,30
8650,1,29
8651,1,29
8652,1,29
8653,1,29
8654,1,29
8655,1,29
8656,1,29
8657,1,29
8658,1,29
8659,1,29
8660,1,29
8661,1,29
8662,1,29
8663,1,29
8664,1,28
8665,1,28
8666,1,28
8667,1,28
8668,1,29
8669,1,29
8670,1,29
8671,1,30
8672,1,30
8673,1,30
8674,1,30
8675,1,30
8676,1,30
8677,1,30
8678,1,30
8679,1,30
8680,1,30
8681,1,30
8682,1,30
8683,1,31
8684,1,31
8685,1,31
8686,1,31
8687,1,31
8688,1,31
8689,1,31
8690,1,31
8691,1,31
8692,1,31
8693,1,31
8694,1,31
8695,1,31
8696,1,30
8697,1,30
8698,1,30
8699,1,30
8701,1,30
8702,1,29
8703,1,29
8704,1,29
8705,1,29
8706,1,29
8707,1,29
8708,1,29
8709,1,29
8710,1,29
8711,1,29
8712,1,29
8713,1,29
8714,1,29
8715,1,29
8716,1,29
8717,1,29
8718,1,29
8719,1,29
8720,1,29
8721,1,28
8722,1,28
8723,1,28
8724,1,28
8725,1,28
8726,1,27
8727,1,27
8728,1,27
8729,1,27
8730,1,27
8731,1,27
8732,1,27
8733,1,27
8734,1,27
8735,1,27
8736,1,27
8737,1,27
8738,1,27
8739,1,27
8740,1,27
8741,1,27
8742,1,27
8743,1,27
8744,1,27
8745,1,27
8746,1,27
8747,1,27
8748,1,27
8749,1,27
8750,1,27
8751,1,27
8752,1,27
8753,1,27
8754,1,28
8755,1,27
8756,1,27
8757,1,27
8758,1,27
8759,1,27
8760,1,27
8761,1,27
8762,1,27
8763,1,27
8764,1,27
8765,1,27
8766,1,27
8767,1,27
8768,1,27
8769,1,27
8770,1,27
8771,1,28
8772,1,28
8773,1,28
8774,1,28
8775,1,28
8776,1,28
8777,1,28
8778,1,28
8779,1,28
8780,1,28
8781,1,28
8782,1,28
8783,1,28
8784,1,28
8785,1,28
8786,1,28
8787,1,28
8788,1,28
8789,1,28
8790,1,28
8791,1,28
8792,1,28
8793,1,28
8794,1,28
8795,1,28
8796,1,28
8797,1,28
8798,1,28
8799,1,28
8801,1,28
8802,1,28
8803,1,28
8804,1,28
8805,1,28
8806,1,28
8807,1,28
8808,1,28
8809,1,28
8810,1,28
8811,1,28
8812,1,28
8813,1,28
8814,1,28
8815,1,28
8816,1,28
8817,1,28
8818,1,28
8819,1,28
8820,1,28
8821,1,28
8822,1,28
8823,1,28
8824,1,28
8825,1,28
8826,1,28
8827,1,28
8828,1,28
8829,1,28
8830,1,28
8831,1,28
8832,1,28
8833,1,28
8834,1,28
8835,1,28
8836,1,28
8837,1,28
8838,1,28
8839,1,28
8840,1,28
8841,1,28
8842,1,28
8843,1,27
8844,1,27
8845,1,27
8846,1,27
8847,1,27
8848,1,27
8849,1,27
8850,1,27
8851,1,27
8852,1,27
8853,1,27
8854,1,27
8855,1,27
8856,1,27
8857,1,27
8858,1,27
8859,1,27
8860,1,27
8861,1,27
8862,1,27
8863,1,27
8864,1,27
8865,1,27
8866,1,27
8867,1,27
8868,1,27
8869,1,27
8870,1,27
8871,1,27
8872,1,27
8873,1,27
8874,1,27
8875,1,26
8876,1,26
8877,1,26
8878,1,26
8879,1,26
8880,1,26
8881,1,26
8882,1,26
8883,1,26
8884,1,26
8885,1,26
8886,1,26
8887,1,26
8888,1,26
8889,1,26
8890,1,26
8891,1,26
8892,1,26
8893,1,26
8894,1,26
8895,1,26
8896,1,26
8897,1,26
8898,1,26
8899,1,26
8901,1,26
8902,1,26
8903,1,26
8904,1,26
8905,1,27
8906,1,27
8907,1,27
8908,1,27
8909,1,26
8910,1,26
8911,1,26
8912,1,26
8913,1,26
8914,1,26
8915,1,26
8916,1,26
8917,1,26
8918,1,26
8919,1,26
8920,1,26
8921,1,26
8922,1,26
8923,1,26
8924,1,26
8925,1,26
8926,1,26
8927,1,26
8928,1,26
8929,1,26
8930,1,26
8931,1,26
8932,1,26
8933,1,26
8934,1,26
8935,1,26
8936,1,25
8937,1,25
8938,1,25
8939,1,25
8940,1,25
8941,1,25
8942,1,25
8943,1,25
8944,1,25
8945,1,25
8946,1,25
8947,1,25
8948,1,25
8949,1,25
8950,1,26
8951,1,26
8952,1,26
8953,1,26
8954,1,26
8955,1,26
8956,1,26
8957,1,26
8958,1,26
8959,1,26
8960,1,26
8961,1,26
8962,1,26
8963,1,26
8964,1,26
8965,1,26
8966,1,26
8967,1,26
8968,1,26
8969,1,26
8970,1,27
8971,1,27
8972,1,27
8973,1,27
8974,1,27
8975,1,27
8976,1,27
8977,1,27
8978,1,27
8979,1,27
8980,1,27
8981,1,27
8982,1,27
8983,1,27
8984,1,27
8985,1,27
8986,1,27
8987,1,27
8988,1,27
8989,1,27
8990,1,27
8991,1,27
8992,1,27
8993,1,27
8994,1,27
8995,1,27
8996,1,27
8997,1,27
8998,1,27
8999,1,27
9001,1,27
9002,1,27
9003,1,27
9004,1,27
9005,1,27
9006,1,27
9007,1,27
9008,1,27
9009,1,27
9010,1,27
9011,1,27
9012,1,27
9013,1,27
9014,1,27
9015,1,27
9016,1,27
9017,1,27
9018,1,27
9019,1,27
9020,1,27
9021,1,27
9022,1,27
9023,1,27
9024,1,27
9025,1,27
9026,1,27
9027,1,28
9028,1,28
9029,1,28
9030,1,28
9031,1,28
9032,1,28
9033,1,28
9034,1,28
9035,1,28
9036,1,28
9037,1,28
9038,1,28
9039,1,28
9040,1,28
9041,1,28
9042,1,28
9043,1,28
9044,1,28
9045,1,28
9046,1,28
9047,1,28
9048,1,28
9049,1,28
9050,1,28
9051,1,28
9052,1,28
9053,1,28
9054,1,28
9055,1,28
9056,1,28
9057,1,28
9058,1,28
9059,1,28
9060,1,28
9061,1,28
9062,1,28
9063,1,29
9064,1,29
9065,1,28
9066,1,28
9067,1,28
9068,1,28
9069,1,28
9070,1,28
9071,1,28
9072,1,28
9073,1,28
9074,1,28
9075,1,28
9076,1,28
9077,1,28
9078,1,28
9079,1,28
9080,1,28
9081,1,28
9082,1,28
9083,1,28
9084,1,28
9085,1,28
9086,1,28
9087,1,28
9088,1,28
9089,1,28
9090,1,28
9091,1,28
9092,1,28
9093,1,28
9094,1,28
9095,1,28
9096,1,28
9097,1,28
9098,1,28
9099,1,28
9101,1,28
9102,1,28
9103,1,28
9104,1,27
9105,1,27
9106,1,27
9107,1,27
9108,1,27
9109,1,27
9110,1,27
9111,1,27
9112,1,27
9113,1,27
9114,1,27
9115,1,27
9116,1,27
9117,1,27
9118,1,27
9119,1,27
9120,1,27
9121,1,27
9122,1,27
9123,1,28
9124,1,28
9125,1,28
9126,1,28
9127,1,28
9128,1,28
9129,1,28
9130,1,28
9131,1,28
9132,1,28
9133,1,28
9134,1,28
9135,1,28
9136,1,28
9137,1,28
9138,1,28
9139,1,28
9140,1,28
9141,1,28
9142,1,28
9143,1,28
9144,1,28
9145,1,28
9146,1,28
9147,1,28
9148,1,28
9149,1,28
9150,1,28
9151,1,28
9152,1,28
9153,1,28
9154,1,28
9155,1,28
9156,1,28
9157,1,28
9158,1,28
9159,1,28
9160,1,28
9161,1,28
9162,1,28
9163,1,28
9164,1,28
9165,1,28
9166,1,28
9167,1,28
9168,1,28
9169,1,28
9170,1,28
9171,1,28
9172,1,28
9173,1,28
9174,1,28
9175,1,28
9176,1,28
9177,1,28
9178,1,28
9179,1,28
9180,1,28
9181,1,28
9182,1,28
9183,1,28
9184,1,28
9185,1,28
9186,1,28
9187,1,28
9188,1,28
9189,1,28
9190,1,28
9191,1,28
9192,1,28
9193,1,28
9194,1,28
9195,1,28
9196,1,28
9197,1,28
9198,1,28
9199,1,28
9201,1,28
9202,1,28
9203,1,28
9204,1,28
9205,1,28
9206,1,28
9207,1,28
9208,1,28
9209,1,28
9210,1,28
9211,1,28
9212,1,28
9213,1,28
9214,1,28
9215,1,28
9216,1,28
9217,1,28
9218,1,28
9219,1,28
9220,1,28
9221,1,28
9222,1,29
9223,1,29
9224,1,29
9225,1,29
9226,1,29
9227,1,29
9228,1,29
9229,1,29
9230,1,29
9231,1,29
9232,1,29
9233,1,29
9234,1,29
9235,1,29
9236,1,29
9237,1,29
9238,1,29
9239,1,29
9240,1,29
9241,1,29
9242,1,30
9243,1,30
9244,1,30
9245,1,30
9246,1,30
9247,1,30
9248,1,30
9249,1,30
9250,1,30
9251,1,30
9252,1,30
9253,1,30
9254,1,30
9255,1,30
9256,1,30
9257,1,30
9258,1,30
9259,1,30
9260,1,30
9261,1,30
9262,1,30
9263,1,30
9264,1,30
9265,1,31
9266,1,31
9267,1,31
9268,1,31
9269,1,31
9270,1,31
9271,1,31
9272,1,31
9273,1,31
9274,1,31
9275,1,31
9276,1,31
9277,1,31
9278,1,31
9279,1,31
9280,1,31
9281,1,31
9282,1,31
9283,1,31
9284,1,31
9285,1,31
9286,1,31
9287,1,31
9288,1,31
9289,1,31
9290,1,31
9291,1,31
9292,1,31
9293,1,31
9294,1,31
9295,1,31
9296,1,31
9297,1,31
9298,1,30
9299,1,30
9301,1,30
9302,1,30
9303,1,30
9304,1,30
9305,1,30
9306,1,30
9307,1,30
9308,1,30
9309,1,30
9310,1,30
9311,1,30
9312,1,30
9313,1,30
9314,1,30
9315,1,30
9316,1,30
9317,1,30
9318,1,30
9319,1,30
9320,1,30
9321,1,30
9322,1,30
9323,1,30
9324,1,30
9325,1,30
9326,1,30
9327,1,30
9328,1,30
9329,1,30
9330,1,30
9331,1,30
9332,1,30
9333,1,30
9334,1,30
9335,1,30
9336,1,30
9337,1,30
9338,1,30
9339,1,30
9340,1,30
9341,1,30
9342,1,30
9343,1,30
9344,1,30
9345,1,30
9346,1,30
9347,1,30
9348,1,30
9349,1,30
9350,1,30
9351,1,30
9352,1,30
9353,1,29
9354,1,29
9355,1,29
9356,1,29
9357,1,29
9358,1,29
9359,1,29
9360,1,29
9361,1,29
9362,1,29
9363,1,29
9364,1,29
9365,1,29
9366,1,29
9367,1,29
9368,1,29
9369,1,29
9370,1,29
9371,1,29
9372,1,29
9373,1,29
9374,1,29
9375,1,29
9376,1,29
9377,1,29
9378,1,29
9379,1,29
9380,1,29
9381,1,29
9382,1,29
9383,1,29
9384,1,29
9385,1,29
9386,1,29
9387,1,29
9388,1,29
9389,1,29
9390,1,29
9391,1,29
9392,1,29
9393,1,30
9394,1,30
9395,1,30
9396,1,30
9397,1,30
9398,1,30
9399,1,30
9401,1,29
9402,1,29
9403,1,29
9404,1,29
9405,1,29
9406,1,29
9407,1,29
9408,1,29
9409,1,30
9410,1,30
9411,1,30
9412,1,30
9413,1,30
9414,1,30
9415,1,30
9416,1,30
9417,1,30
9418,1,30
9419,1,30
9420,1,30
9421,1,30
9422,1,30
9423,1,30
9424,1,30
9425,1,30
9426,1,30
9427,1,30
9428,1,30
9429,1,30
9430,1,30
9431,1,31
9432,1,31
9433,1,31
9434,1,31
9435,1,31
9436,1,31
9437,1,31
9438,1,31
9439,1,31
9440,1,31
9441,1,31
9442,1,31
9443,1,31
9444,1,31
9445,1,31
9446,1,31
9447,1,31
9448,1,32
9449,1,32
9450,1,32
9451,1,32
9452,1,32
9453,1,32
9454,1,32
9455,1,32
9456,1,32
9457,1,32
9458,1,32
9459,1,32
9460,1,32
9461,1,32
9462,1,32
9463,1,32
9464,1,32
9465,1,32
9466,1,32
9467,1,32
9468,1,32
9469,1,32
9470,1,32
9471,1,32
9472,1,32
9473,1,32
9474,1,32
9475,1,32
9476,1,32
9477,1,32
9478,1,32
9479,1,32
9480,1,32
9481,1,32
9482,1,32
9483,1,33
9484,1,33
9485,1,33
9486,1,33
9487,1,33
9488,1,33
9489,1,33
9490,1,33
9491,1,33
9492,1,33
9493,1,33
9494,1,33
9495,1,33
9496,1,33
9497,1,33
9498,1,33
9499,1,33
9501,1,33
9502,1,33
9503,1,33
9504,1,33
9505,1,33
9506,1,33
9507,1,33
9508,1,33
9509,1,33
9510,1,32
9511,1,32
9512,1,32
9513,1,32
9514,1,32
9515,1,32
9516,1,32
9517,1,32
9518,1,32
9519,1,32
9520,1,32
9521,1,32
9522,1,32
9523,1,32
9524,1,32
9525,1,32
9526,1,32
9527,1,32
9528,1,32
9529,1,32
9530,1,32
9531,1,32
9532,1,32
9533,1,32
9534,1,32
9535,1,32
9536,1,32
9537,1,32
9538,1,32
9539,1,32
9540,1,32
9541,1,32
9542,1,32
9543,1,32
9544,1,32
9545,1,32
9546,1,32
9547,1,32
9548,1,32
9549,1,32
9550,1,32
9551,1,32
9552,1,32
9553,1,32
9554,1,32
9555,1,32
9556,1,32
9557,1,32
9558,1,32
9559,1,32
9560,1,32
9561,1,32
9562,1,32
9563,1,32
9564,1,32
9565,1,32
9566,1,32
9567,1,32
9568,1,32
9569,1,32
9570,1,32
9571,1,32
9572,1,32
9573,1,32
9574,1,32
9575,1,32
9576,1,32
9577,1,32
9578,1,32
9579,1,32
9580,1,32
9581,1,31
9582,1,31
9583,1,31
9584,1,31
9585,1,31
9586,1,31
9587,1,32
9588,1,32
9589,1,32
9590,1,32
9591,1,32
9592,1,32
9593,1,32
9594,1,32
9595,1,32
9596,1,32
9597,1,32
9598,1,32
9599,1,32
9601,1,31
9602,1,31
9603,1,31
9604,1,31
9605,1,31
9606,1,30
9607,1,30
9608,1,30
9609,1,30
9610,1,30
9611,1,30
9612,1,30
9613,1,30
9614,1,30
9615,1,30
9616,1,30
9617,1,30
9618,1,30
9619,1,30
9620,1,30
9621,1,29
9622,1,29
9623,1,29
9624,1,29
9625,1,29
9626,1,29
9627,1,28
9628,1,28
9629,1,28
9630,1,28
9631,1,28
9632,1,28
9633,1,28
9634,1,28
9635,1,28
9636,1,28
9637,1,29
9638,1,29
9639,1,29
9640,1,29
9641,1,29
9642,1,29
9643,1,29
9644,1,29
9645,1,29
9646,1,29
9647,1,29
9648,1,29
9649,1,29
9650,1,29
9651,1,29
9652,1,29
9653,1,29
9654,1,29
9655,1,29
9656,1,29
9657,1,29
9658,1,29
9659,1,29
9660,1,29
9661,1,29
9662,1,29
9663,1,29
9664,1,29
9665,1,29
9666,1,29
9667,1,29
9668,1,29
9669,1,28
9670,1,28
9671,1,28
9672,1,28
9673,1,28
9674,1,28
9675,1,28
9676,1,28
9677,1,28
9678,1,28
9679,1,28
9680,1,28
9681,1,28
9682,1,28
9683,1,28
9684,1,28
9685,1,28
9686,1,28
9687,1,28
9688,1,28
9689,1,28
9690,1,28
9691,1,28
9692,1,28
9693,1,28
9694,1,28
9695,1,28
9696,1,28
9697,1,28
9698,1,28
9699,1,28
9701,1,28
9702,1,28
9703,1,28
9704,1,28
9705,1,29
9706,1,29
9707,1,29
9708,1,29
9709,1,29
9710,1,29
9711,1,29
9712,1,29
9713,1,29
9714,1,29
9715,1,29
9716,1,29
9717,1,29
9718,1,29
9719,1,29
9720,1,29
9721,1,29
9722,1,29
9723,1,29
9724,1,29
9725,1,29
9726,1,29
9727,1,29
9728,1,29
9729,1,29
9730,1,29
9731,1,29
9732,1,29
9733,1,29
9734,1,29
9735,1,29
9736,1,29
9737,1,29
9738,1,29
9739,1,29
9740,1,29
9741,1,29
9742,1,29
9743,1,29
9744,1,29
9745,1,29
9746,1,29
9747,1,29
9748,1,29
9749,1,29
9750,1,29
9751,1,29
9752,1,29
9753,1,29
9754,1,29
9755,1,29
9756,1,29
9757,1,29
9758,1,29
9759,1,29
9760,1,29
9761,1,29
9762,1,29
9763,1,29
9764,1,29
9765,1,29
9766,1,29
9767,1,29
9768,1,29
9769,1,28
9770,1,28
9771,1,28
9772,1,28
9773,1,28
9774,1,28
9775,1,28
9776,1,28
9777,1,28
9778,1,28
9779,1,28
9780,1,28
9781,1,28
9782,1,28
9783,1,28
9784,1,28
9785,1,28
9786,1,28
9787,1,28
9788,1,28
9789,1,28
9790,1,28
9791,1,28
9792,1,28
9793,1,28
9794,1,28
9795,1,28
9796,1,28
9797,1,28
9798,1,28
9799,1,28
9801,1,28
9802,1,28
9803,1,28
9804,1,28
9805,1,28
9806,1,28
9807,1,28
9808,1,28
9809,1,28
9810,1,28
9811,1,28
9812,1,28
9813,1,28
9814,1,28
9815,1,28
9816,1,28
9817,1,29
9818,1,29
9819,1,29
9820,1,30
9821,1,30
9822,1,30
9823,1,30
9824,1,30
9825,1,30
9826,1,30
9827,1,30
9828,1,30
9829,1,30
9830,1,30
9831,1,30
9832,1,30
9833,1,30
9834,1,30
9835,1,30
9836,1,30
9837,1,30
9838,1,30
9839,1,30
9840,1,31
9841,1,31
9842,1,31
9843,1,31
9844,1,31
9845,1,31
9846,1,31
9847,1,31
9848,1,31
9849,1,31
9850,1,31
9851,1,30
9852,1,30
9853,1,30
9854,1,30
9855,1,30
9856,1,30
9857,1,30
9858,1,30
9859,1,30
9860,1,30
9861,1,30
9862,1,30
9863,1,30
9864,1,30
9865,1,30
9866,1,30
9867,1,30
9868,1,30
9869,1,30
9870,1,30
9871,1,30
9872,1,30
9873,1,30
9874,1,30
9875,1,30
9876,1,30
9877,1,30
9878,1,30
9879,1,30
9880,1,30
9881,1,30
9882,1,30
9883,1,29
9884,1,29
9885,1,29
9886,1,29
9887,1,29
9888,1,29
9889,1,29
9890,1,29
9891,1,29
9892,1,29
9893,1,29
9894,1,29
9895,1,29
9896,1,29
9897,1,29
9898,1,29
9899,1,29
9901,1,29
9902,1,29
9903,1,29
9904,1,29
9905,1,29
9906,1,29
9907,1,29
9908,1,28
9909,1,28
9910,1,28
9911,1,28
9912,1,28
9913,1,28
9914,1,29
9915,1,29
9916,1,29
9917,1,29
9918,1,29
9919,1,29
9920,1,29
9921,1,29
9922,1,29
9923,1,29
9924,1,29
9925,1,29
9926,1,29
9927,1,29
9928,1,29
9929,1,29
9930,1,29
9931,1,29
9932,1,29
9933,1,28
9934,1,28
9935,1,28
9936,1,28
9937,1,28
9938,1,28
9939,1,28
9940,1,28
9941,1,28
9942,1,28
9943,1,28
9944,1,28
9945,1,28
9946,1,28
9947,1,28
9948,1,28
9949,1,28
9950,1,28
9951,1,28
9952,1,28
9953,1,28
9954,1,28
9955,1,28
9956,1,27
9957,1,27
9958,1,27
9959,1,27
9960,1,27
9961,1,27
9962,1,27
9963,1,27
9964,1,27
9965,1,27
9966,1,28
9967,1,28
9968,1,29
9969,1,29
9970,1,29
9971,1,29
9972,1,29
9973,1,29
9974,1,29
9975,1,29
9976,1,29
9977,1,29
9978,1,29
9979,1,29
9980,1,29
9981,1,29
9982,1,29
9983,1,29
9984,1,29
9985,1,29
9986,1,29
9987,1,28
9988,1,28
9989,1,28
9990,1,28
9991,1,28
9992,1,28
9993,1,28
9994,1,28
9995,1,28
9996,1,28
9997,1,28
9998,1,28
9999,1,28
10001,1,28
10002,1,28
10003,1,28
10004,1,28
10005,1,28
10006,1,28
10007,1,28
10008,1,28
10009,1,28
10010,1,28
10011,1,28
10012,1,28
10013,1,28
10014,1,28
10015,1,28
10016,1,28
10017,1,28
10018,1,28
10019,1,28
10020,1,28
10021,1,28
10022,1,28
10023,1,28
10024,1,28
10025,1,28
10026,1,28
10027,1,28
10028,1,28
10029,1,28
10030,1,28
10031,1,28
10032,1,28
10033,1,28
10034,1,28
10035,1,28
10036,1,28
10037,1,28
10038,1,28
10039,1,28
10040,1,28
10041,1,28
10042,1,28
10043,1,28
10044,1,28
10045,1,28
10046,1,28
10047,1,28
10048,1,28
10049,1,28
10050,1,28
10051,1,28
10052,1,28
10053,1,28
10054,1,28
10055,1,28
10056,1,28
10057,1,28
10058,1,28
10059,1,29
10060,1,29
10061,1,29
10062,1,29
10063,1,29
10064,1,29
10065,1,29
10066,1,29
10067,1,29
10068,1,29
10069,1,29
10070,1,29
10071,1,29
10072,1,29
10073,1,29
10074,1,29
10075,1,29
10076,1,29
10077,1,29
10078,1,29
10079,1,29
10080,1,29
10081,1,29
10082,1,29
10083,1,29
10084,1,29
10085,1,29
10086,1,29
10087,1,29
10088,1,29
10089,1,29
10090,1,29
10091,1,29
10092,1,29
10093,1,29
10094,1,29
10095,1,29
10096,1,29
10097,1,29
10098,1,29
10099,1,29
10101,1,29
10102,1,29
10103,1,29
10104,1,29
10105,1,29
10106,1,29
10107,1,29
10108,1,29
10109,1,29
10110,1,29
10111,1,29
10112,1,29
10113,1,29
10114,1,29
10115,1,29
10116,1,29
10117,1,29
10118,1,29
10119,1,29
10120,1,29
10121,1,29
10122,1,29
10123,1,29
10124,1,29
10125,1,29
10126,1,29
10127,1,30
10128,1,31
10129,1,31
10130,1,31
10131,1,31
10132,1,31
10133,1,31
10134,1,31
10135,1,31
10136,1,31
10137,1,31
10138,1,30
10139,1,30
10140,1,30
10141,1,30
10142,1,30
10143,1,30
10144,1,30
10145,1,30
10146,1,30
10147,1,30
10148,1,30
10149,1,30
10150,1,30
10151,1,30
10152,1,30
10153,1,30
10154,1,30
10155,1,30
10156,1,30
10157,1,30
10158,1,30
10159,1,30
10160,1,30
10161,1,30
10162,1,30
10163,1,30
10164,1,30
10165,1,30
10166,1,30
10167,1,30
10168,1,30
10169,1,30
10170,1,30
10171,1,30
10172,1,30
10173,1,29
10174,1,29
10175,1,29
10176,1,29
10177,1,29
10178,1,29
10179,1,29
10180,1,29
10181,1,29
10182,1,29
10183,1,29
10184,1,29
10185,1,29
10186,1,29
10187,1,29
10188,1,29
10189,1,29
10190,1,29
10191,1,29
10192,1,29
10193,1,29
10194,1,29
10195,1,29
10196,1,29
10197,1,29
10198,1,29
10199,1,29
10201,1,29
10202,1,29
10203,1,29
10204,1,29
10205,1,29
10206,1,29
10207,1,29
10208,1,29
10209,1,29
10210,1,29
10211,1,29
10212,1,29
10213,1,29
10214,1,29
10215,1,29
10216,1,30
10217,1,30
10218,1,31
10219,1,31
10220,1,31
10221,1,31
10222,1,31
10223,1,31
10224,1,31
10225,1,31
10226,1,31
10227,1,31
10228,1,31
10229,1,31
10230,1,31
10231,1,31
10232,1,31
10233,1,31
10234,1,31
10235,1,31
10236,1,31
10237,1,31
10238,1,31
10239,1,31
10240,1,31
10241,1,31
10242,1,31
10243,1,31
10244,1,31
10245,1,31
10246,1,31
10247,1,31
10248,1,31
10249,1,31
10250,1,31
10251,1,31
10252,1,31
10253,1,31
10254,1,31
10255,1,30
10256,1,30
10257,1,30
10258,1,30
10259,1,30
10260,1,30
10261,1,30
10262,1,30
10263,1,30
10264,1,30
10265,1,30
10266,1,31
10267,1,31
10268,1,31
10269,1,31
10270,1,31
10271,1,31
10272,1,31
10273,1,31
10274,1,31
10275,1,31
10276,1,31
10277,1,31
10278,1,31
10279,1,31
10280,1,31
10281,1,31
10282,1,31
10283,1,31
10284,1,31
10285,1,30
10286,1,30
10287,1,30
10288,1,30
10289,1,30
10290,1,30
10291,1,30
10292,1,30
10293,1,30
10294,1,30
10295,1,30
10296,1,30
10297,1,30
10298,1,30
10299,1,30
10301,1,30
10302,1,30
10303,1,30
10304,1,30
10305,1,30
10306,1,30
10307,1,30
10308,1,30
10309,1,30
10310,1,30
10311,1,30
10312,1,30
10313,1,30
10314,1,30
10315,1,30
10316,1,30
10317,1,30
10318,1,30
10319,1,30
10320,1,30
10321,1,30
10322,1,30
10323,1,30
10324,1,30
10325,1,30
10326,1,30
10327,1,30
10328,1,30
10329,1,30
10330,1,30
10331,1,31
10332,1,31
10333,1,31
10334,1,31
10335,1,31
10336,1,31
10337,1,31
10338,1,31
10339,1,31
10340,1,31
10341,1,31
10342,1,31
10343,1,31
10344,1,31
10345,1,31
10346,1,31
10347,1,31
10348,1,31
10349,1,31
10350,1,31
10351,1,31
10352,1,31
10353,1,31
10354,1,31
10355,1,31
10356,1,31
10357,1,31
10358,1,31
10359,1,31
10360,1,31
10361,1,31
10362,1,31
10363,1,31
10364,1,31
10365,1,31
10366,1,31
10367,1,31
10368,1,31
10369,1,31
10370,1,32
10371,1,32
10372,1,32
10373,1,32
10374,1,32
10375,1,32
10376,1,32
10377,1,32
10378,1,32
10379,1,32
10380,1,32
10381,1,32
10382,1,32
10383,1,32
10384,1,32
10385,1,32
10386,1,32
10387,1,32
10388,1,33
10389,1,33
10390,1,33
10391,1,33
10392,1,33
10393,1,33
10394,1,33
10395,1,33
10396,1,33
10397,1,33
10398,1,33
10399,1,32
10401,1,32
10402,1,32
10403,1,32
10404,1,32
10405,1,32
10406,1,32
10407,1,32
10408,1,32
10409,1,32
10410,1,32
10411,1,32
10412,1,32
10413,1,32
10414,1,32
10415,1,32
10416,1,32
10417,1,32
10418,1,32
10419,1,32
10420,1,32
10421,1,32
10422,1,32
10423,1,32
10424,1,32
10425,1,32
10426,1,32
10427,1,32
10428,1,32
10429,1,32
10430,1,32
10431,1,32
10432,1,32
10433,1,32
10434,1,32
10435,1,32
10436,1,32
10437,1,32
10438,1,32
10439,1,32
10440,1,32
10441,1,32
10442,1,31
10443,1,31
10444,1,31
10445,1,31
10446,1,31
10447,1,31
10448,1,31
10449,1,31
10450,1,31
10451,1,31
10452,1,31
10453,1,31
10454,1,31
10455,1,31
10456,1,31
10457,1,31
10458,1,31
10459,1,31
10460,1,31
10461,1,31
10462,1,31
10463,1,31
10464,1,31
10465,1,31
10466,1,31
10467,1,31
10468,1,31
10469,1,31
10470,1,31
10471,1,31
10472,1,31
10473,1,31
10474,1,30
10475,1,30
10476,1,30
10477,1,30
10478,1,31
10479,1,31
10480,1,31
10481,1,31
10482,1,31
10483,1,31
10484,1,31
10485,1,31
10486,1,31
10487,1,31
10488,1,31
10489,1,31
10490,1,31
10491,1,31
10492,1,31
10493,1,31
10494,1,31
10495,1,31
10496,1,31
10497,1,31
10498,1,31
10499,1,31
10501,1,31
10502,1,31
10503,1,31
10504,1,31
10505,1,31
10506,1,31
10507,1,31
10508,1,31
10509,1,31
10510,1,31
10511,1,31
10512,1,31
10513,1,31
10514,1,32
10515,1,32
10516,1,32
10517,1,32
10518,1,32
10519,1,32
10520,1,32
10521,1,32
10522,1,33
10523,1,33
10524,1,33
10525,1,33
10526,1,33
10527,1,33
10528,1,33
10529,1,33
10530,1,33
10531,1,33
10532,1,33
10533,1,33
10534,1,33
10535,1,33
10536,1,33
10537,1,33
10538,1,33
10539,1,33
10540,1,33
10541,1,33
10542,1,33
10543,1,33
10544,1,32
10545,1,32
10546,1,32
10547,1,32
10548,1,32
10549,1,32
10550,1,32
10551,1,32
10552,1,32
10553,1,32
10554,1,32
10555,1,32
10556,1,32
10557,1,32
10558,1,32
10559,1,32
10560,1,32
10561,1,32
10562,1,32
10563,1,32
10564,1,32
10565,1,32
10566,1,32
10567,1,32
10568,1,32
10569,1,32
10570,1,32
10571,1,32
10572,1,32
10573,1,32
10574,1,32
10575,1,32
10576,1,32
10577,1,32
10578,1,32
10579,1,32
10580,1,32
10581,1,32
10582,1,32
10583,1,32
10584,1,32
10585,1,32
10586,1,32
10587,1,32
10588,1,32
10589,1,32
10590,1,32
10591,1,32
10592,1,32
10593,1,32
10594,1,32
10595,1,32
10596,1,32
10597,1,32
10598,1,32
10599,1,32
10601,1,32
10602,1,32
10603,1,32
10604,1,32
10605,1,32
10606,1,32
10607,1,32
10608,1,32
10609,1,31
10610,1,31
10611,1,31
10612,1,31
10613,1,31
10614,1,31
10615,1,31
10616,1,31
10617,1,31
10618,1,31
10619,1,31
10620,1,31
10621,1,31
10622,1,31
10623,1,31
10624,1,31
10625,1,31
10626,1,31
10627,1,31
10628,1,31
10629,1,31
10630,1,31
10631,1,31
10632,1,31
10633,1,31
10634,1,31
10635,1,31
10636,1,31
10637,1,31
10638,1,31
10639,1,31
10640,1,31
10641,1,31
10642,1,31
10643,1,31
10644,1,31
10645,1,31
10646,1,31
10647,1,31
10648,1,31
10649,1,31
10650,1,31
10651,1,31
10652,1,31
10653,1,31
10654,1,32
10655,1,32
10656,1,32
10657,1,32
10658,1,32
10659,1,32
10660,1,32
10661,1,32
10662,1,32
10663,1,32
10664,1,32
10665,1,32
10666,1,32
10667,1,32
10668,1,32
10669,1,32
10670,1,32
10671,1,32
10672,1,32
10673,1,32
10674,1,32
10675,1,32
10676,1,32
10677,1,32
10678,1,32
10679,1,31
10680,1,31
10681,1,31
10682,1,31
10683,1,31
10684,1,31
10685,1,31
10686,1,31
10687,1,31
10688,1,31
10689,1,31
10690,1,31
10691,1,31
10692,1,31
10693,1,31
10694,1,31
10695,1,32
10696,1,32
10697,1,32
10698,1,32
10699,1,32
10701,1,32
10702,1,32
10703,1,32
10704,1,32
10705,1,32
10706,1,32
10707,1,32
10708,1,33
10709,1,33
10710,1,33
10711,1,33
10712,1,33
10713,1,33
10714,1,33
10715,1,33
10716,1,33
10717,1,33
10718,1,33
10719,1,33
10720,1,33
10721,1,33
10722,1,33
10723,1,33
10724,1,33
10725,1,33
10726,1,33
10727,1,33
10728,1,33
10729,1,33
10730,1,33
10731,1,33
10732,1,33
10733,1,33
10734,1,33
10735,1,33
10736,1,33
10737,1,33
10738,1,33
10739,1,33
10740,1,33
10741,1,33
10742,1,33
10743,1,33
10744,1,33
10745,1,33
10746,1,33
10747,1,33
10748,1,33
10749,1,32
10750,1,32
10751,1,32
10752,1,32
10753,1,32
10754,1,32
10755,1,32
10756,1,32
10757,1,32
10758,1,32
10759,1,32
10760,1,32
10761,1,32
10762,1,32
10763,1,32
10764,1,32
10765,1,32
10766,1,32
10767,1,32
10768,1,32
10769,1,32
10770,1,32
10771,1,32
10772,1,32
10773,1,32
10774,1,32
10775,1,32
10776,1,32
10777,1,32
10778,1,32
10779,1,32
10780,1,32
10781,1,32
10782,1,32
10783,1,32
10784,1,32
10785,1,32
10786,1,32
10787,1,32
10788,1,32
10789,1,32
10790,1,32
10791,1,32
10792,1,32
10793,1,31
10794,1,31
10795,1,31
10796,1,31
10797,1,31
10798,1,31
10799,1,31
10801,1,32
10802,1,32
10803,1,32
10804,1,32
10805,1,32
10806,1,32
10807,1,32
10808,1,32
10809,1,32
10810,1,32
10811,1,32
10812,1,32
10813,1,32
10814,1,32
10815,1,32
10816,1,32
10817,1,32
10818,1,32
10819,1,32
10820,1,32
10821,1,32
10822,1,32
10823,1,32
10824,1,32
10825,1,32
10826,1,32
10827,1,32
10828,1,32
10829,1,32
10830,1,32
10831,1,32
10832,1,32
10833,1,32
10834,1,32
10835,1,32
10836,1,32
10837,1,32
10838,1,32
10839,1,32
10840,1,32
10841,1,32
10842,1,32
10843,1,32
10844,1,32
10845,1,32
10846,1,32
10847,1,32
10848,1,33
10849,1,33
10850,1,33
10851,1,33
10852,1,33
10853,1,33
10854,1,33
10855,1,33
10856,1,33
10857,1,33
10858,1,33
10859,1,33
10860,1,33
10861,1,33
10862,1,33
10863,1,33
10864,1,33
10865,1,33
10866,1,33
10867,1,33
10868,1,33
10869,1,33
10870,1,33
10871,1,33
10872,1,33
10873,1,33
10874,1,33
10875,1,33
10876,1,33
10877,1,33
10878,1,33
10879,1,33
10880,1,33
10881,1,33
10882,1,33
10883,1,33
10884,1,33
10885,1,33
10886,1,33
10887,1,33
10888,1,33
10889,1,33
10890,1,33
10891,1,33
10892,1,33
10893,1,33
10894,1,33
10895,1,33
10896,1,32
10897,1,32
10898,1,32
10899,1,32
10901,1,32
10902,1,32
10903,1,32
10904,1,32
10905,1,32
10906,1,32
10907,1,32
10908,1,32
10909,1,32
10910,1,32
10911,1,32
10912,1,32
10913,1,32
10914,1,32
10915,1,32
10916,1,31
10917,1,31
10918,1,31
10919,1,31
10920,1,31
10921,1,31
10922,1,31
10923,1,31
10924,1,32
10925,1,32
10926,1,32
10927,1,32
10928,1,32
10929,1,32
10930,1,32
10931,1,32
10932,1,32
10933,1,32
10934,1,32
10935,1,32
10936,1,32
10937,1,32
10938,1,32
10939,1,32
10940,1,32
10941,1,32
10942,1,32
10943,1,32
10944,1,32
10945,1,32
10946,1,32
10947,1,32
10948,1,32
10949,1,32
10950,1,32
10951,1,32
10952,1,32
10953,1,32
10954,1,32
10955,1,32
10956,1,32
10957,1,32
10958,1,32
10959,1,33
10960,1,33
10961,1,33
10962,1,33
10963,1,33
10964,1,33
10965,1,33
10966,1,33
10967,1,32
10968,1,32
10969,1,32
10970,1,32
10971,1,32
10972,1,32
10973,1,32
10974,1,32
10975,1,32
10976,1,32
10977,1,32
10978,1,32
10979,1,32
10980,1,32
10981,1,32
10982,1,32
10983,1,32
10984,1,32
10985,1,32
10986,1,32
10987,1,32
10988,1,32
10989,1,32
10990,1,32
10991,1,32
10992,1,32
10993,1,32
10994,1,32
10995,1,32
10996,1,32
10997,1,32
10998,1,32
10999,1,32
11001,1,32
11002,1,32
11003,1,32
11004,1,32
11005,1,32
11006,1,32
11007,1,32
11008,1,32
11009,1,32
11010,1,32
11011,1,32
11012,1,32
11013,1,32
11014,1,32
11015,1,32
11016,1,32
11017,1,32
11018,1,32
11019,1,32
11020,1,32
11021,1,32
11022,1,32
11023,1,32
11024,1,32
11025,1,32
11026,1,32
11027,1,32
11028,1,32
11029,1,32
11030,1,32
11031,1,32
11032,1,31
11033,1,31
11034,1,31
11035,1,31
11036,1,31
11037,1,31
11038,1,31
11039,1,31
11040,1,31
11041,1,31
11042,1,31
11043,1,31
11044,1,31
11045,1,31
11046,1,31
11047,1,31
11048,1,31
11049,1,31
11050,1,31
11051,1,31
11052,1,31
11053,1,31
11054,1,31
11055,1,31
11056,1,31
11057,1,31
11058,1,31
11059,1,31
11060,1,31
11061,1,31
11062,1,30
11063,1,30
11064,1,30
11065,1,30
11066,1,30
11067,1,30
11068,1,30
11069,1,30
11070,1,30
11071,1,30
11072,1,30
11073,1,30
11074,1,30
11075,1,30
11076,1,30
11077,1,30
11078,1,30
11079,1,30
11080,1,30
11081,1,30
11082,1,30
11083,1,30
11084,1,30
11085,1,30
11086,1,30
11087,1,29
11088,1,29
11089,1,29
11090,1,29
11091,1,29
11092,1,28
11093,1,28
11094,1,28
11095,1,28
11096,1,28
11097,1,28
11098,1,28
11099,1,28
11101,1,28
11102,1,28
11103,1,28
11104,1,28
11105,1,28
11106,1,28
11107,1,28
11108,1,28
11109,1,28
11110,1,28
11111,1,28
11112,1,28
11113,1,28
11114,1,28
11115,1,28
11116,1,28
11117,1,28
11118,1,29
11119,1,29
11120,1,29
11121,1,29
11122,1,29
11123,1,29
11124,1,29
11125,1,29
11126,1,29
11127,1,29
11128,1,29
11129,1,29
11130,1,29
11131,1,28
11132,1,28
11133,1,28
11134,1,28
11135,1,28
11136,1,28
11137,1,28
11138,1,28
11139,1,28
11140,1,28
11141,1,28
11142,1,28
11143,1,28
11144,1,28
11145,1,28
11146,1,28
11147,1,28
11148,1,28
11149,1,28
11150,1,28
11151,1,28
11152,1,28
11153,1,28
11154,1,28
11155,1,28
11156,1,28
11157,1,28
11158,1,28
11159,1,28
11160,1,28
11161,1,28
11162,1,28
11163,1,28
11164,1,28
11165,1,28
11166,1,28
11167,1,28
11168,1,28
11169,1,28
11170,1,28
11171,1,28
11172,1,28
11173,1,28
11174,1,28
11175,1,28
11176,1,28
11177,1,28
11178,1,28
11179,1,28
11180,1,28
11181,1,28
11182,1,28
11183,1,28
11184,1,28
11185,1,28
11186,1,28
11187,1,28
11188,1,28
11189,1,29
11190,1,29
11191,1,29
11192,1,29
11193,1,29
11194,1,29
11195,1,29
11196,1,29
11197,1,29
11198,1,29
11199,1,29
11201,1,29
11202,1,29
11203,1,29
11204,1,29
11205,1,29
11206,1,29
11207,1,29
11208,1,29
11209,1,29
11210,1,29
11211,1,29
11212,1,29
11213,1,29
11214,1,29
11215,1,29
11216,1,29
11217,1,29
11218,1,29
11219,1,29
11220,1,29
11221,1,29
11222,1,29
11223,1,29
11224,1,29
11225,1,29
11226,1,29
11227,1,29
11228,1,29
11229,1,29
11230,1,29
11231,1,29
11232,1,29
11233,1,29
11234,1,30
11235,1,30
11236,1,30
11237,1,30
11238,1,30
11239,1,30
11240,1,30
11241,1,30
11242,1,30
11243,1,30
11244,1,30
11245,1,30
11246,1,30
11247,1,30
11248,1,31
11249,1,31
11250,1,31
11251,1,31
11252,1,31
11253,1,32
11254,1,32
11255,1,32
11256,1,32
11257,1,32
11258,1,32
11259,1,33
11260,1,33
11261,1,33
11262,1,33
11263,1,33
11264,1,33
11265,1,33
11266,1,33
11267,1,33
11268,1,33
11269,1,33
11270,1,33
11271,1,33
11272,1,33
11273,1,33
11274,1,33
11275,1,32
11276,1,32
11277,1,32
11278,1,32
11279,1,32
11280,1,32
11281,1,32
11282,1,32
11283,1,32
11284,1,32
11285,1,32
11286,1,32
11287,1,32
11288,1,32
11289,1,32
11290,1,33
11291,1,33
11292,1,33
11293,1,33
11294,1,33
11295,1,33
11296,1,33
11297,1,33
11298,1,33
11299,1,33
11301,1,33
11302,1,33
11303,1,33
11304,1,33
11305,1,33
11306,1,33
11307,1,33
11308,1,33
11309,1,33
11310,1,33
11311,1,33
11312,1,33
11313,1,33
11314,1,33
11315,1,33
11316,1,33
11317,1,33
11318,1,33
11319,1,33
11320,1,33
11321,1,33
11322,1,33
11323,1,33
11324,1,33
11325,1,33
11326,1,33
11327,1,33
11328,1,33
11329,1,33
11330,1,33
11331,1,33
11332,1,33
11333,1,33
11334,1,33
11335,1,33
11336,1,33
11337,1,33
11338,1,33
11339,1,33
11340,1,32
11341,1,32
11342,1,32
11343,1,32
11344,1,32
11345,1,32
11346,1,33
11347,1,33
11348,1,33
11349,1,33
11350,1,33
11351,1,33
11352,1,33
11353,1,33
11354,1,33
11355,1,33
11356,1,33
11357,1,33
11358,1,33
11359,1,33
11360,1,33
11361,1,33
11362,1,33
11363,1,33
11364,1,33
11365,1,33
11366,1,33
11367,1,33
11368,1,33
11369,1,33
11370,1,33
11371,1,33
11372,1,33
11373,1,33
11374,1,33
11375,1,33
11376,1,33
11377,1,33
11378,1,33
11379,1,33
11380,1,33
11381,1,33
11382,1,33
11383,1,33
11384,1,33
11385,1,33
11386,1,33
11387,1,33
11388,1,33
11389,1,33
11390,1,33
11391,1,32
11392,1,32
11393,1,32
11394,1,32
11395,1,32
11396,1,32
11397,1,32
11398,1,32
11399,1,32
11401,1,32
11402,1,32
11403,1,32
11404,1,33
11405,1,33
11406,1,33
11407,1,33
11408,1,33
11409,1,33
11410,1,33
11411,1,33
11412,1,33
11413,1,33
11414,1,33
11415,1,33
11416,1,33
11417,1,33
11418,1,33
11419,1,33
11420,1,33
11421,1,33
11422,1,33
11423,1,33
11424,1,33
11425,1,33
11426,1,33
11427,1,33
11428,1,33
11429,1,33
11430,1,33
11431,1,33
11432,1,33
11433,1,33
11434,1,33
11435,1,33
11436,1,33
11437,1,33
11438,1,33
11439,1,33
11440,1,33
11441,1,33
11442,1,33
11443,1,33
11444,1,33
11445,1,33
11446,1,33
11447,1,33
11448,1,33
11449,1,33
11450,1,33
11451,1,33
11452,1,33
11453,1,33
11454,1,33
11455,1,33
11456,1,33
11457,1,33
11458,1,33
11459,1,33
11460,1,33
11461,1,33
11462,1,33
11463,1,33
11464,1,33
11465,1,33
11466,1,33
11467,1,33
11468,1,33
11469,1,33
11470,1,33
11471,1,33
11472,1,33
11473,1,33
11474,1,33
11475,1,33
11476,1,33
11477,1,33
11478,1,33
11479,1,33
11480,1,33
11481,1,33
11482,1,33
11483,1,33
11484,1,33
11485,1,33
11486,1,33
11487,1,33
11488,1,33
11489,1,33
11490,1,33
11491,1,33
11492,1,33
11493,1,33
11494,1,33
11495,1,33
11496,1,33
11497,1,33
11498,1,33
11499,1,33
11501,1,33
11502,1,33
11503,1,33
11504,1,33
11505,1,33
11506,1,33
11507,1,33
11508,1,33
11509,1,33
11510,1,33
11511,1,33
11512,1,33
11513,1,33
11514,1,33
11515,1,33
11516,1,33
11517,1,33
11518,1,32
11519,1,32
11520,1,32
11521,1,32
11522,1,32
11523,1,32
11524,1,32
11525,1,32
11526,1,32
11527,1,32
11528,1,32
11529,1,32
11530,1,32
11531,1,32
11532,1,32
11533,1,32
11534,1,32
11535,1,32
11536,1,32
11537,1,32
11538,1,32
11539,1,32
11540,1,32
11541,1,32
11542,1,32
11543,1,32
11544,1,31
11545,1,31
11546,1,31
11547,1,31
11548,1,31
11549,1,31
11550,1,31
11551,1,31
11552,1,31
11553,1,31
11554,1,31
11555,1,31
11556,1,31
11557,1,31
11558,1,31
11559,1,31
11560,1,31
11561,1,31
11562,1,31
11563,1,31
11564,1,31
11565,1,31
11566,1,31
11567,1,31
11568,1,31
11569,1,31
11570,1,31
11571,1,31
11572,1,31
11573,1,31
11574,1,30
11575,1,30
11576,1,30
11577,1,30
11578,1,30
11579,1,30
11580,1,30
11581,1,30
11582,1,30
11583,1,30
11584,1,30
11585,1,30
11586,1,30
11587,1,30
11588,1,30
11589,1,30
11590,1,30
11591,1,30
11592,1,30
11593,1,30
11594,1,30
11595,1,30
11596,1,30
11597,1,30
11598,1,29
11599,1,29
11601,1,29
11602,1,29
11603,1,29
11604,1,29
11605,1,29
11606,1,29
11607,1,29
11608,1,29
11609,1,29
11610,1,29
11611,1,29
11612,1,29
11613,1,29
11614,1,29
11615,1,29
11616,1,29
11617,1,29
11618,1,29
11619,1,29
11620,1,29
11621,1,29
11622,1,29
11623,1,29
11624,1,29
11625,1,29
11626,1,29
11627,1,29
11628,1,29
11629,1,29
11630,1,29
11631,1,29
11632,1,29
11633,1,29
11634,1,29
11635,1,29
11636,1,29
11637,1,29
11638,1,29
11639,1,29
11640,1,29
11641,1,29
11642,1,29
11643,1,29
11644,1,29
11645,1,29
11646,1,29
11647,1,29
11648,1,29
11649,1,29
11650,1,29
11651,1,29
11652,1,29
11653,1,30
11654,1,30
11655,1,30
11656,1,30
11657,1,30
11658,1,30
11659,1,30
11660,1,30
11661,1,30
11662,1,30
11663,1,30
11664,1,30
11665,1,30
11666,1,30
11667,1,30
11668,1,30
11669,1,30
11670,1,30
11671,1,30
11672,1,30
11673,1,30
11674,1,30
11675,1,30
11676,1,30
11677,1,30
11678,1,30
11679,1,30
11680,1,30
11681,1,30
11682,1,30
11683,1,30
11684,1,30
11685,1,30
11686,1,30
11687,1,30
11688,1,30
11689,1,30
11690,1,30
11691,1,30
11692,1,30
11693,1,30
11694,1,30
11695,1,30
11696,1,30
11697,1,30
11698,1,30
11699,1,30
11701,1,30
11702,1,30
11703,1,30
11704,1,30
11705,1,30
11706,1,30
11707,1,30
11708,1,30
11709,1,30
11710,1,30
11711,1,30
11712,1,30
11713,1,30
11714,1,30
11715,1,30
11716,1,30
11717,1,30
11718,1,30
11719,1,31
11720,1,31
11721,1,31
11722,1,31
11723,1,31
11724,1,31
11725,1,31
11726,1,31
11727,1,31
11728,1,31
11729,1,31
11730,1,31
11731,1,31
11732,1,31
11733,1,31
11734,1,31
11735,1,31
11736,1,31
11737,1,31
11738,1,31
11739,1,31
11740,1,31
11741,1,31
11742,1,31
11743,1,31
11744,1,31
11745,1,31
11746,1,31
11747,1,31
11748,1,31
11749,1,31
11750,1,31
11751,1,30
11752,1,30
11753,1,30
11754,1,30
11755,1,30
11756,1,30
11757,1,30
11758,1,30
11759,1,30
11760,1,30
11761,1,30
11762,1,30
11763,1,30
11764,1,30
11765,1,30
11766,1,30
11767,1,30
11768,1,30
11769,1,30
11770,1,30
11771,1,30
11772,1,30
11773,1,30
11774,1,30
11775,1,30
11776,1,30
11777,1,30
11778,1,30
11779,1,29
11780,1,29
11781,1,29
11782,1,29
11783,1,29
11784,1,30
11785,1,30
11786,1,30
11787,1,30
11788,1,30
11789,1,30
11790,1,30
11791,1,30
11792,1,30
11793,1,30
11794,1,30
11795,1,30
11796,1,30
11797,1,30
11798,1,30
11799,1,30
11801,1,30
11802,1,30
11803,1,30
11804,1,30
11805,1,30
11806,1,30
11807,1,30
11808,1,30
11809,1,30
11810,1,30
11811,1,30
11812,1,30
11813,1,30
11814,1,30
11815,1,30
11816,1,30
11817,1,30
11818,1,30
11819,1,30
11820,1,30
11821,1,30
11822,1,30
11823,1,30
11824,1,30
11825,1,30
11826,1,30
11827,1,30
11828,1,30
11829,1,30
11830,1,30
11831,1,30
11832,1,30
11833,1,30
11834,1,30
11835,1,30
11836,1,30
11837,1,30
11838,1,30
11839,1,30
11840,1,30
11841,1,30
11842,1,29
11843,1,29
11844,1,29
11845,1,29
11846,1,29
11847,1,29
11848,1,29
11849,1,29
11850,1,29
11851,1,29
11852,1,29
11853,1,29
11854,1,29
11855,1,29
11856,1,29
11857,1,29
11858,1,29
11859,1,29
11860,1,29
11861,1,29
11862,1,29
11863,1,29
11864,1,29
11865,1,29
11866,1,30
11867,1,30
11868,1,30
11869,1,30
11870,1,30
11871,1,30
11872,1,30
11873,1,30
11874,1,30
11875,1,30
11876,1,30
11877,1,30
11878,1,29
11879,1,29
11880,1,29
11881,1,29
11882,1,29
11883,1,29
11884,1,29
11885,1,29
11886,1,29
11887,1,29
11888,1,29
11889,1,29
11890,1,29
11891,1,29
11892,1,29
11893,1,29
11894,1,29
11895,1,29
11896,1,29
11897,1,29
11898,1,29
11899,1,29
11901,1,29
11902,1,29
11903,1,29
11904,1,29
11905,1,29
11906,1,29
11907,1,29
11908,1,29
11909,1,29
11910,1,29
11911,1,29
11912,1,29
11913,1,29
11914,1,29
11915,1,29
11916,1,29
11917,1,29
11918,1,29
11919,1,29
11920,1,29
11921,1,29
11922,1,29
11923,1,29
11924,1,29
11925,1,29
11926,1,29
11927,1,29
11928,1,28
11929,1,28
11930,1,28
11931,1,28
11932,1,28
11933,1,28
11934,1,29
11935,1,29
11936,1,29
11937,1,29
11938,1,29
11939,1,29
11940,1,29
11941,1,29
11942,1,29
11943,1,29
11944,1,29
11945,1,29
11946,1,29
11947,1,29
11948,1,29
11949,1,29
11950,1,29
11951,1,29
11952,1,29
11953,1,29
11954,1,29
11955,1,29
11956,1,29
11957,1,29
11958,1,29
11959,1,29
11960,1,29
11961,1,29
11962,1,29
11963,1,29
11964,1,29
11965,1,29
11966,1,29
11967,1,29
11968,1,29
11969,1,30
11970,1,30
11971,1,30
11972,1,30
11973,1,30
11974,1,30
11975,1,30
11976,1,31
11977,1,31
11978,1,31
11979,1,31
11980,1,31
11981,1,31
11982,1,31
11983,1,31
11984,1,31
11985,1,31
11986,1,31
11987,1,31
11988,1,31
11989,1,32
11990,1,32
11991,1,32
11992,1,31
11993,1,31
11994,1,31
11995,1,31
11996,1,31
11997,1,31
11998,1,31
11999,1,31
12001,1,31
12002,1,31
12003,1,31
12004,1,31
12005,1,31
12006,1,31
12007,1,31
12008,1,31
12009,1,31
12010,1,31
12011,1,31
12012,1,31
12013,1,31
12014,1,31
12015,1,31
12016,1,31
12017,1,31
12018,1,31
12019,1,31
12020,1,31
12021,1,32
12022,1,32
12023,1,32
12024,1,32
12025,1,32
12026,1,32
12027,1,32
12028,1,31
12029,1,31
12030,1,31
12031,1,31
12032,1,31
12033,1,31
12034,1,31
12035,1,31
12036,1,31
12037,1,31
12038,1,31
12039,1,31
12040,1,31
12041,1,31
12042,1,31
12043,1,31
12044,1,31
12045,1,31
12046,1,31
12047,1,31
12048,1,31
12049,1,31
12050,1,31
12051,1,31
12052,1,31
12053,1,31
12054,1,31
12055,1,31
12056,1,31
12057,1,31
12058,1,31
12059,1,31
12060,1,31
12061,1,31
12062,1,31
12063,1,31
12064,1,31
12065,1,31
12066,1,31
12067,1,31
12068,1,31
12069,1,31
12070,1,31
12071,1,31
12072,1,31
12073,1,31
12074,1,31
12075,1,31
12076,1,31
12077,1,31
12078,1,31
12079,1,31
12080,1,31
12081,1,31
12082,1,31
12083,1,31
12084,1,31
12085,1,31
12086,1,31
12087,1,31
12088,1,31
12089,1,31
12090,1,31
12091,1,31
12092,1,31
12093,1,31
12094,1,31
12095,1,31
12096,1,31
12097,1,31
12098,1,31
12099,1,31
12101,1,31
12102,1,31
12103,1,31
12104,1,31
12105,1,31
12106,1,31
12107,1,31
12108,1,31
12109,1,31
12110,1,31
12111,1,30
12112,1,30
12113,1,30
12114,1,30
12115,1,30
12116,1,30
12117,1,30
12118,1,30
12119,1,31
12120,1,31
12121,1,31
12122,1,31
12123,1,31
12124,1,31
12125,1,31
12126,1,31
12127,1,31
12128,1,31
12129,1,31
12130,1,31
12131,1,31
12132,1,31
12133,1,31
12134,1,31
12135,1,31
12136,1,31
12137,1,31
12138,1,31
12139,1,31
12140,1,31
12141,1,31
12142,1,30
12143,1,30
12144,1,31
12145,1,31
12146,1,31
12147,1,31
12148,1,31
12149,1,31
12150,1,31
12151,1,31
12152,1,31
12153,1,31
12154,1,31
12155,1,31
12156,1,32
12157,1,32
12158,1,32
12159,1,32
12160,1,32
12161,1,32
12162,1,32
12163,1,32
12164,1,32
12165,1,32
12166,1,32
12167,1,32
12168,1,32
12169,1,32
12170,1,32
12171,1,32
12172,1,32
12173,1,32
12174,1,32
12175,1,33
12176,1,33
12177,1,33
12178,1,33
12179,1,33
12180,1,33
12181,1,33
12182,1,33
12183,1,33
12184,1,33
12185,1,33
12186,1,33
12187,1,33
12188,1,33
12189,1,33
12190,1,33
12191,1,32
12192,1,32
12193,1,32
12194,1,32
12195,1,32
12196,1,32
12197,1,32
12198,1,32
12199,1,32
12201,1,32
12202,1,32
12203,1,32
12204,1,32
12205,1,32
12206,1,32
12207,1,32
12208,1,32
12209,1,32
12210,1,32
12211,1,32
12212,1,32
12213,1,32
12214,1,32
12215,1,32
12216,1,32
12217,1,32
12218,1,32
12219,1,32
12220,1,33
12221,1,33
12222,1,33
12223,1,33
12224,1,32
12225,1,32
12226,1,32
12227,1,32
12228,1,32
12229,1,32
12230,1,32
12231,1,32
12232,1,32
12233,1,32
12234,1,32
12235,1,32
12236,1,32
12237,1,32
12238,1,32
12239,1,32
12240,1,32
12241,1,32
12242,1,32
12243,1,32
12244,1,32
12245,1,32
12246,1,32
12247,1,32
12248,1,32
12249,1,32
12250,1,32
12251,1,32
12252,1,32
12253,1,32
12254,1,32
12255,1,32
12256,1,32
12257,1,32
12258,1,32
12259,1,32
12260,1,32
12261,1,32
12262,1,32
12263,1,32
12264,1,32
12265,1,32
12266,1,32
12267,1,32
12268,1,32
12269,1,32
12270,1,32
12271,1,32
12272,1,32
12273,1,32
12274,1,32
12275,1,32
12276,1,32
12277,1,32
12278,1,32
12279,1,32
12280,1,32
12281,1,32
12282,1,32
12283,1,32
12284,1,32
12285,1,32
12286,1,32
12287,1,32
12288,1,32
12289,1,32
12290,1,32
12291,1,32
12292,1,32
12293,1,32
12294,1,32
12295,1,32
12296,1,32
12297,1,32
12298,1,32
12299,1,32
12301,1,32
12302,1,32
12303,1,32
12304,1,32
12305,1,32
12306,1,33
12307,1,33
12308,1,33
12309,1,33
12310,1,33
12311,1,33
12312,1,33
12313,1,33
12314,1,34
12315,1,34
12316,1,34
12317,1,34
12318,1,34
12319,1,34
12320,1,34
12321,1,34
12322,1,33
12323,1,33
12324,1,33
12325,1,33
12326,1,33
12327,1,33
12328,1,33
12329,1,33
12330,1,33
12331,1,33
12332,1,33
12333,1,33
12334,1,33
12335,1,33
12336,1,33
12337,1,33
12338,1,33
12339,1,33
12340,1,33
12341,1,33
12342,1,33
12343,1,33
12344,1,33
12345,1,33
12346,1,33
12347,1,33
12348,1,33
12349,1,33
12350,1,33
12351,1,33
12352,1,33
12353,1,33
12354,1,33
12355,1,33
12356,1,33
12357,1,33
12358,1,33
12359,1,33
12360,1,33
12361,1,33
12362,1,33
12363,1,33
12364,1,33
12365,1,33
12366,1,33
12367,1,33
12368,1,33
12369,1,33
12370,1,33
12371,1,33
12372,1,32
12373,1,32
12374,1,32
12375,1,32
12376,1,32
12377,1,32
12378,1,32
12379,1,32
12380,1,32
12381,1,32
12382,1,32
12383,1,32
12384,1,32
12385,1,32
12386,1,32
12387,1,32
12388,1,32
12389,1,32
12390,1,32
12391,1,32
12392,1,32
12393,1,32
12394,1,32
12395,1,32
12396,1,32
12397,1,32
12398,1,32
12399,1,32
12401,1,32
12402,1,32
12403,1,32
12404,1,32
12405,1,32
12406,1,32
12407,1,33
12408,1,33
12409,1,33
12410,1,33
12411,1,32
12412,1,32
12413,1,32
12414,1,32
12415,1,32
12416,1,32
12417,1,32
12418,1,32
12419,1,32
12420,1,32
12421,1,32
12422,1,32
12423,1,32
12424,1,32
12425,1,32
12426,1,32
12427,1,32
12428,1,32
12429,1,32
12430,1,32
12431,1,32
12432,1,32
12433,1,32
12434,1,32
12435,1,32
12436,1,32
12437,1,32
12438,1,32
12439,1,32
12440,1,32
12441,1,32
12442,1,32
12443,1,32
12444,1,32
12445,1,32
12446,1,32
12447,1,32
12448,1,32
12449,1,32
12450,1,32
12451,1,32
12452,1,32
12453,1,32
12454,1,32
12455,1,32
12456,1,31
12457,1,31
12458,1,31
12459,1,31
12460,1,30
12461,1,30
12462,1,30
12463,1,30
12464,1,30
12465,1,30
12466,1,30
12467,1,30
12468,1,29
12469,1,29
12470,1,29
12471,1,29
12472,1,29
12473,1,29
12474,1,29
12475,1,29
12476,1,29
12477,1,29
12478,1,29
12479,1,29
12480,1,29
12481,1,29
12482,1,29
12483,1,29
12484,1,29
12485,1,29
12486,1,29
12487,1,29
12488,1,29
12489,1,29
12490,1,29
12491,1,29
12492,1,29
12493,1,29
12494,1,29
12495,1,29
12496,1,29
12497,1,29
12498,1,29
12499,1,29
12501,1,29
12502,1,29
12503,1,29
12504,1,29
12505,1,29
12506,1,29
12507,1,29
12508,1,29
12509,1,29
12510,1,29
12511,1,29
12512,1,29
12513,1,29
12514,1,29
12515,1,29
12516,1,29
12517,1,29
12518,1,29
12519,1,29
12520,1,29
12521,1,29
12522,1,29
12523,1,30
12524,1,30
12525,1,30
12526,1,30
12527,1,30
12528,1,30
12529,1,30
12530,1,30
12531,1,30
12532,1,30
12533,1,30
12534,1,30
12535,1,30
12536,1,30
12537,1,30
12538,1,30
12539,1,30
12540,1,30
12541,1,30
12542,1,31
12543,1,31
12544,1,31
12545,1,31
12546,1,31
12547,1,31
12548,1,31
12549,1,31
12550,1,31
12551,1,31
12552,1,31
12553,1,31
12554,1,31
12555,1,31
12556,1,31
12557,1,31
12558,1,31
12559,1,31
12560,1,31
12561,1,31
12562,1,31
12563,1,31
12564,1,31
12565,1,31
12566,1,31
12567,1,31
12568,1,31
12569,1,31
12570,1,31
12571,1,31
12572,1,31
12573,1,31
12574,1,31
12575,1,31
12576,1,31
12577,1,31
12578,1,31
12579,1,31
12580,1,31
12581,1,31
12582,1,31
12583,1,31
12584,1,31
12585,1,31
12586,1,31
12587,1,31
12588,1,31
12589,1,31
12590,1,31
12591,1,31
12592,1,31
12593,1,31
12594,1,31
12595,1,31
12596,1,31
12597,1,32
12598,1,32
12599,1,32
12601,1,32
12602,1,32
12603,1,32
12604,1,32
12605,1,32
12606,1,32
12607,1,32
12608,1,32
12609,1,32
12610,1,31
12611,1,31
12612,1,31
12613,1,31
12614,1,31
12615,1,31
12616,1,31
12617,1,31
12618,1,31
12619,1,31
12620,1,31
12621,1,31
12622,1,31
12623,1,31
12624,1,31
12625,1,31
12626,1,31
12627,1,31
12628,1,31
12629,1,31
12630,1,31
12631,1,31
12632,1,31
12633,1,31
12634,1,30
12635,1,30
12636,1,30
12637,1,30
12638,1,30
12639,1,30
12640,1,30
12641,1,30
12642,1,30
12643,1,30
12644,1,30
12645,1,30
12646,1,30
12647,1,30
12648,1,30
12649,1,30
12650,1,30
12651,1,30
12652,1,30
12653,1,30
12654,1,31
12655,1,31
12656,1,31
12657,1,31
12658,1,31
12659,1,31
12660,1,31
12661,1,31
12662,1,31
12663,1,31
12664,1,31
12665,1,31
12666,1,31
12667,1,31
12668,1,31
12669,1,31
12670,1,31
12671,1,31
12672,1,31
12673,1,31
12674,1,31
12675,1,31
12676,1,30
12677,1,30
12678,1,30
12679,1,30
12680,1,30
12681,1,30
12682,1,30
12683,1,30
12684,1,30
12685,1,30
12686,1,30
12687,1,30
12688,1,30
12689,1,30
12690,1,30
12691,1,30
12692,1,30
12693,1,30
12694,1,30
12695,1,30
12696,1,30
12697,1,30
12698,1,30
12699,1,32
12701,1,32
12702,1,32
12703,1,32
12704,1,32
12705,1,32
12706,1,32
12707,1,32
12708,1,32
12709,1,32
12710,1,32
12711,1,32
12712,1,32
12713,1,32
12714,1,32
12715,1,32
12716,1,32
12717,1,32
12718,1,32
12719,1,32
12720,1,32
12721,1,32
12722,1,32
12723,1,32
12724,1,32
12725,1,32
12726,1,32
12727,1,32
12728,1,32
12729,1,32
12730,1,31
12731,1,31
12732,1,31
12733,1,31
12734,1,31
12735,1,31
12736,1,31
12737,1,32
12738,1,32
12739,1,32
12740,1,32
12741,1,32
12742,1,32
12743,1,32
12744,1,32
12745,1,32
12746,1,32
12747,1,32
12748,1,32
12749,1,32
12750,1,32
12751,1,32
12752,1,32
12753,1,32
12754,1,32
12755,1,32
12756,1,32
12757,1,32
12758,1,32
12759,1,32
12760,1,32
12761,1,32
12762,1,32
12763,1,32
12764,1,32
12765,1,32
12766,1,32
12767,1,32
12768,1,32
12769,1,32
12770,1,32
12771,1,32
12772,1,32
12773,1,32
12774,1,32
12775,1,32
12776,1,32
12777,1,32
12778,1,32
12779,1,32
12780,1,32
12781,1,32
12782,1,32
12783,1,32
12784,1,32
12785,1,32
12786,1,32
12787,1,32
12788,1,32
12789,1,32
12790,1,32
12791,1,31
12792,1,31
12793,1,31
12794,1,31
12795,1,31
12796,1,31
12797,1,32
12798,1,32
12799,1,32
12801,1,32
12802,1,32
12803,1,32
12804,1,32
12805,1,32
12806,1,32
12807,1,32
12808,1,32
12809,1,32
12810,1,32
12811,1,32
12812,1,32
12813,1,32
12814,1,32
12815,1,32
12816,1,32
12817,1,32
12818,1,32
12819,1,32
12820,1,32
12821,1,32
12822,1,32
12823,1,32
12824,1,32
12825,1,32
12826,1,32
12827,1,32
12828,1,32
12829,1,32
12830,1,32
12831,1,32
12832,1,32
12833,1,32
12834,1,32
12835,1,32
12836,1,32
12837,1,32
12838,1,32
12839,1,32
12840,1,32
12841,1,32
12842,1,32
12843,1,32
12844,1,32
12845,1,32
12846,1,32
12847,1,32
12848,1,32
12849,1,32
12850,1,32
12851,1,32
12852,1,32
12853,1,32
12854,1,32
12855,1,32
12856,1,32
12857,1,32
12858,1,32
12859,1,32
12860,1,33
12861,1,33
12862,1,33
12863,1,33
12864,1,33
12865,1,33
12866,1,33
12867,1,33
12868,1,33
12869,1,33
12870,1,33
12871,1,33
12872,1,33
12873,1,33
12874,1,33
12875,1,33
12876,1,33
12877,1,33
12878,1,33
12879,1,33
12880,1,33
12881,1,33
12882,1,33
12883,1,33
12884,1,33
12885,1,33
12886,1,33
12887,1,33
12888,1,32
12889,1,32
12890,1,32
12891,1,32
12892,1,32
12893,1,32
12894,1,32
12895,1,32
12896,1,32
12897,1,32
12898,1,32
12899,1,32
12901,1,32
12902,1,32
12903,1,32
12904,1,32
12905,1,32
12906,1,32
12907,1,32
12908,1,32
12909,1,32
12910,1,32
12911,1,32
12912,1,32
12913,1,32
12914,1,32
12915,1,32
12916,1,32
12917,1,32
12918,1,32
12919,1,32
12920,1,32
12921,1,32
12922,1,32
12923,1,32
12924,1,32
12925,1,32
12926,1,32
12927,1,32
12928,1,32
12929,1,32
12930,1,32
12931,1,32
12932,1,32
12933,1,32
12934,1,32
12935,1,32
12936,1,32
12937,1,32
12938,1,32
12939,1,32
12940,1,32
12941,1,32
12942,1,32
12943,1,32
12944,1,32
12945,1,32
12946,1,32
12947,1,32
12948,1,32
12949,1,33
12950,1,33
12951,1,33
12952,1,33
12953,1,33
12954,1,33
12955,1,33
12956,1,33
12957,1,33
12958,1,33
12959,1,33
12960,1,33
12961,1,33
12962,1,33
12963,1,33
12964,1,33
12965,1,33
12966,1,33
12967,1,33
12968,1,33
12969,1,33
12970,1,33
12971,1,33
12972,1,33
12973,1,33
12974,1,33
12975,1,33
12976,1,33
12977,1,33
12978,1,33
12979,1,33
12980,1,33
12981,1,33
12982,1,33
12983,1,33
12984,1,33
12985,1,33
12986,1,33
12987,1,33
12988,1,33
12989,1,33
12990,1,33
12991,1,33
12992,1,33
12993,1,33
12994,1,33
12995,1,33
12996,1,33
12997,1,33
12998,1,32
12999,1,32
13001,1,32
13002,1,32
13003,1,32
13004,1,32
13005,1,32
13006,1,32
13007,1,32
13008,1,32
13009,1,32
13010,1,32
13011,1,32
13012,1,32
13013,1,32
13014,1,32
13015,1,32
13016,1,31
13017,1,31
13018,1,31
13019,1,31
13020,1,31
13021,1,31
13022,1,31
13023,1,31
13024,1,31
13025,1,31
13026,1,31
13027,1,31
13028,1,31
13029,1,31
13030,1,31
13031,1,31
13032,1,31
13033,1,31
13034,1,31
13035,1,31
13036,1,31
13037,1,31
13038,1,31
13039,1,31
13040,1,31
13041,1,31
13042,1,31
13043,1,31
13044,1,31
13045,1,31
13046,1,31
13047,1,31
13048,1,31
13049,1,31
13050,1,31
13051,1,31
13052,1,32
13053,1,32
13054,1,32
13055,1,32
13056,1,32
13057,1,32
13058,1,32
13059,1,32
13060,1,32
13061,1,32
13062,1,31
13063,1,31
13064,1,31
13065,1,31
13066,1,31
13067,1,31
13068,1,31
13069,1,31
13070,1,31
13071,1,31
13072,1,31
13073,1,31
13074,1,31
13075,1,31
13076,1,31
13077,1,31
13078,1,31
13079,1,31
13080,1,31
13081,1,31
13082,1,31
13083,1,31
13084,1,31
13085,1,31
13086,1,31
13087,1,31
13088,1,31
13089,1,31
13090,1,31
13091,1,31
13092,1,31
13093,1,31
13094,1,31
13095,1,31
13096,1,31
13097,1,31
13098,1,31
13099,1,31
13101,1,31
13102,1,31
13103,1,31
13104,1,31
13105,1,31
13106,1,31
13107,1,31
13108,1,31
13109,1,31
13110,1,31
13111,1,32
13112,1,32
13113,1,32
13114,1,32
13115,1,32
13116,1,32
13117,1,32
13118,1,32
13119,1,32
13120,1,32
13121,1,32
13122,1,32
13123,1,32
13124,1,32
13125,1,32
13126,1,32
13127,1,33
13128,1,33
13129,1,33
13130,1,33
13131,1,33
13132,1,33
13133,1,33
13134,1,33
13135,1,33
13136,1,33
13137,1,33
13138,1,33
13139,1,33
13140,1,33
13141,1,33
13142,1,33
13143,1,33
13144,1,33
13145,1,33
13146,1,33
13147,1,33
13148,1,33
13149,1,33
13150,1,33
13151,1,33
13152,1,33
13153,1,33
13154,1,33
13155,1,33
13156,1,33
13157,1,33
13158,1,33
13159,1,33
13160,1,33
13161,1,33
13162,1,33
13163,1,33
13164,1,33
13165,1,33
13166,1,33
13167,1,33
13168,1,33
13169,1,33
13170,1,33
13171,1,33
13172,1,33
13173,1,33
13174,1,33
13175,1,33
13176,1,33
13177,1,33
13178,1,33
13179,1,33
13180,1,33
13181,1,33
13182,1,33
13183,1,33
13184,1,33
13185,1,33
13186,1,33
13187,1,33
13188,1,34
13189,1,34
13190,1,34
13191,1,34
13192,1,34
13193,1,34
13194,1,34
13195,1,34
13196,1,34
13197,1,34
13198,1,34
13199,1,34
13201,1,34
13202,1,34
13203,1,34
13204,1,34
13205,1,34
13206,1,34
13207,1,34
13208,1,34
13209,1,34
13210,1,34
13211,1,34
13212,1,34
13213,1,34
13214,1,34
13215,1,34
13216,1,34
13217,1,34
13218,1,34
13219,1,34
13220,1,34
13221,1,34
13222,1,34
13223,1,34
13224,1,34
13225,1,34
13226,1,34
13227,1,34
13228,1,34
13229,1,34
13230,1,34
13231,1,34
13232,1,34
13233,1,34
13234,1,34
13235,1,34
13236,1,34
13237,1,34
13238,1,34
13239,1,34
13240,1,34
13241,1,34
13242,1,34
13243,1,34
13244,1,34
13245,1,34
13246,1,34
13247,1,34
13248,1,34
13249,1,34
13250,1,34
13251,1,34
13252,1,35
13253,1,35
13254,1,35
13255,1,35
13256,1,35
13257,1,35
13258,1,35
13259,1,35
13260,1,35
13261,1,35
13262,1,35
13263,1,35
13264,1,34
13265,1,34
13266,1,34
13267,1,34
13268,1,34
13269,1,34
13270,1,34
13271,1,34
13272,1,34
13273,1,34
13274,1,34
13275,1,34
13276,1,34
13277,1,34
13278,1,34
13279,1,34
13280,1,34
13281,1,34
13282,1,34
13283,1,34
13284,1,34
13285,1,34
13286,1,34
13287,1,34
13288,1,34
13289,1,34
13290,1,34
13291,1,34
13292,1,34
13293,1,34
13294,1,34
13295,1,34
13296,1,34
13297,1,34
13298,1,34
13299,1,34
13301,1,34
13302,1,34
13303,1,34
13304,1,34
13305,1,34
13306,1,34
13307,1,34
13308,1,34
13309,1,34
13310,1,34
13311,1,34
13312,1,34
13313,1,34
13314,1,34
13315,1,34
13316,1,34
13317,1,34
13318,1,34
13319,1,34
13320,1,34
13321,1,34
13322,1,34
13323,1,34
13324,1,34
13325,1,34
13326,1,34
13327,1,34
13328,1,34
13329,1,34
13330,1,34
13331,1,34
13332,1,34
13333,1,33
13334,1,33
13335,1,33
13336,1,33
13337,1,33
13338,1,33
13339,1,33
13340,1,33
13341,1,33
13342,1,33
13343,1,33
13344,1,33
13345,1,33
13346,1,33
13347,1,33
13348,1,33
13349,1,33
13350,1,33
13351,1,33
13352,1,33
13353,1,33
13354,1,33
13355,1,33
13356,1,34
13357,1,34
13358,1,34
13359,1,34
13360,1,34
13361,1,34
13362,1,34
13363,1,34
13364,1,33
13365,1,33
13366,1,33
13367,1,34
13368,1,34
13369,1,34
13370,1,34
13371,1,34
13372,1,34
13373,1,34
13374,1,34
13375,1,34
13376,1,34
13377,1,35
13378,1,35
13379,1,35
13380,1,35
13381,1,35
13382,1,35
13383,1,35
13384,1,35
13385,1,35
13386,1,35
13387,1,35
13388,1,35
13389,1,35
13390,1,35
13391,1,35
13392,1,35
13393,1,35
13394,1,35
13395,1,35
13396,1,35
13397,1,35
13398,1,35
13399,1,35
13401,1,35
13402,1,35
13403,1,35
13404,1,35
13405,1,34
13406,1,34
13407,1,34
13408,1,34
13409,1,34
13410,1,34
13411,1,34
13412,1,34
13413,1,34
13414,1,34
13415,1,34
13416,1,34
13417,1,34
13418,1,34
13419,1,34
13420,1,34
13421,1,34
13422,1,34
13423,1,34
13424,1,34
13425,1,34
13426,1,34
13427,1,34
13428,1,34
13429,1,34
13430,1,34
13431,1,34
13432,1,34
13433,1,34
13434,1,34
13435,1,34
13436,1,34
13437,1,34
13438,1,34
13439,1,34
13440,1,34
13441,1,34
13442,1,34
13443,1,34
13444,1,34
13445,1,34
13446,1,34
13447,1,34
13448,1,34
13449,1,34
13450,1,34
13451,1,34
13452,1,34
13453,1,34
13454,1,34
13455,1,34
13456,1,34
13457,1,34
13458,1,34
13459,1,34
13460,1,34
13461,1,34
13462,1,34
13463,1,34
13464,1,34
13465,1,34
13466,1,35
13467,1,35
13468,1,35
13469,1,35
13470,1,35
13471,1,35
13472,1,35
13473,1,35
13474,1,35
13475,1,35
13476,1,35
13477,1,35
13478,1,35
13479,1,35
13480,1,34
13481,1,34
13482,1,34
13483,1,34
13484,1,34
13485,1,34
13486,1,34
13487,1,34
13488,1,34
13489,1,34
13490,1,34
13491,1,34
13492,1,34
13493,1,34
13494,1,34
13495,1,34
13496,1,34
13497,1,34
13498,1,34
13499,1,34
13501,1,34
13502,1,34
13503,1,34
13504,1,34
13505,1,34
13506,1,34
13507,1,34
13508,1,34
13509,1,34
13510,1,34
13511,1,34
13512,1,34
13513,1,34
13514,1,34
13515,1,34
13516,1,34
13517,1,34
13518,1,34
13519,1,34
13520,1,34
13521,1,34
13522,1,34
13523,1,34
13524,1,34
13525,1,34
13526,1,34
13527,1,34
13528,1,34
13529,1,35
13530,1,35
13531,1,35
13532,1,35
13533,1,35
13534,1,35
13535,1,35
13536,1,35
13537,1,35
13538,1,35
13539,1,35
13540,1,35
13541,1,35
13542,1,35
13543,1,35
13544,1,35
13545,1,35
13546,1,35
13547,1,35
13548,1,35
13549,1,35
13550,1,36
13551,1,36
13552,1,36
13553,1,36
13554,1,36
13555,1,37
13556,1,37
13557,1,37
13558,1,37
13559,1,37
13560,1,37
13561,1,37
13562,1,37
13563,1,37
13564,1,37
13565,1,37
13566,1,37
13567,1,37
13568,1,37
13569,1,37
13570,1,37
13571,1,37
13572,1,37
13573,1,37
13574,1,36
13575,1,36
13576,1,36
13577,1,36
13578,1,36
13579,1,36
13580,1,36
13581,1,36
13582,1,36
13583,1,36
13584,1,36
13585,1,36
13586,1,36
13587,1,36
13588,1,36
13589,1,36
13590,1,36
13591,1,36
13592,1,36
13593,1,36
13594,1,36
13595,1,36
13596,1,36
13597,1,36
13598,1,36
13599,1,36
13601,1,36
13602,1,36
13603,1,36
13604,1,36
13605,1,36
13606,1,36
13607,1,36
13608,1,36
13609,1,36
13610,1,36
13611,1,36
13612,1,36
13613,1,36
13614,1,36
13615,1,36
13616,1,36
13617,1,36
13618,1,36
13619,1,36
13620,1,36
13621,1,36
13622,1,36
13623,1,36
13624,1,36
13625,1,36
13626,1,36
13627,1,36
13628,1,36
13629,1,36
13630,1,36
13631,1,36
13632,1,36
13633,1,36
13634,1,36
13635,1,36
13636,1,36
13637,1,36
13638,1,36
13639,1,36
13640,1,36
13641,1,36
13642,1,36
13643,1,36
13644,1,36
13645,1,36
13646,1,36
13647,1,36
13648,1,36
13649,1,36
13650,1,36
13651,1,36
13652,1,36
13653,1,36
13654,1,36
13655,1,36
13656,1,36
13657,1,36
13658,1,36
13659,1,36
13660,1,36
13661,1,36
13662,1,36
13663,1,36
13664,1,36
13665,1,36
13666,1,36
13667,1,36
13668,1,36
13669,1,37
13670,1,37
13671,1,37
13672,1,37
13673,1,37
13674,1,37
13675,1,37
13676,1,37
13677,1,37
13678,1,37
13679,1,37
13680,1,37
13681,1,37
13682,1,37
13683,1,37
13684,1,37
13685,1,37
13686,1,37
13687,1,37
13688,1,37
13689,1,37
13690,1,37
13691,1,37
13692,1,37
13693,1,37
13694,1,37
13695,1,37
13696,1,37
13697,1,37
13698,1,37
13699,1,37
13701,1,37
13702,1,37
13703,1,37
13704,1,37
13705,1,37
13706,1,37
13707,1,37
13708,1,37
13709,1,37
13710,1,38
13711,1,38
13712,1,38
13713,1,38
13714,1,38
13715,1,38
13716,1,38
13717,1,38
13718,1,38
13719,1,38
13720,1,38
13721,1,38
13722,1,38
13723,1,38
13724,1,38
13725,1,38
13726,1,38
13727,1,38
13728,1,38
13729,1,38
13730,1,38
13731,1,38
13732,1,38
13733,1,38
13734,1,38
13735,1,38
13736,1,38
13737,1,38
13738,1,38
13739,1,38
13740,1,38
13741,1,38
13742,1,38
13743,1,38
13744,1,38
13745,1,38
13746,1,38
13747,1,38
13748,1,38
13749,1,38
13750,1,38
13751,1,38
13752,1,38
13753,1,38
13754,1,38
13755,1,38
13756,1,38
13757,1,38
13758,1,38
13759,1,38
13760,1,38
13761,1,38
13762,1,38
13763,1,38
13764,1,38
13765,1,38
13766,1,38
13767,1,38
13768,1,38
13769,1,37
13770,1,37
13771,1,37
13772,1,37
13773,1,37
13774,1,38
13775,1,38
13776,1,38
13777,1,38
13778,1,38
13779,1,38
13780,1,38
13781,1,38
13782,1,38
13783,1,38
13784,1,38
13785,1,38
13786,1,38
13787,1,38
13788,1,38
13789,1,38
13790,1,38
13791,1,38
13792,1,38
13793,1,38
13794,1,38
13795,1,38
13796,1,38
13797,1,38
13798,1,38
13799,1,38
13801,1,38
13802,1,38
13803,1,38
13804,1,38
13805,1,38
13806,1,38
13807,1,38
13808,1,38
13809,1,38
13810,1,38
13811,1,38
13812,1,38
13813,1,38
13814,1,38
13815,1,38
13816,1,38
13817,1,38
13818,1,37
13819,1,37
13820,1,37
13821,1,37
13822,1,37
13823,1,37
13824,1,37
13825,1,37
13826,1,37
13827,1,37
13828,1,37
13829,1,37
13830,1,37
13831,1,37
13832,1,37
13833,1,37
13834,1,37
13835,1,37
13836,1,37
13837,1,37
13838,1,37
13839,1,38
13840,1,38
13841,1,38
13842,1,38
13843,1,38
13844,1,38
13845,1,38
13846,1,38
13847,1,38
13848,1,38
13849,1,38
13850,1,38
13851,1,38
13852,1,38
13853,1,38
13854,1,38
13855,1,38
13856,1,38
13857,1,38
13858,1,38
13859,1,38
13860,1,38
13861,1,38
13862,1,38
13863,1,38
13864,1,38
13865,1,38
13866,1,38
13867,1,38
13868,1,38
13869,1,38
13870,1,38
13871,1,38
13872,1,38
13873,1,38
13874,1,38
13875,1,38
13876,1,38
13877,1,38
13878,1,38
13879,1,38
13880,1,38
13881,1,38
13882,1,38
13883,1,38
13884,1,38
13885,1,38
13886,1,38
13887,1,38
13888,1,38
13889,1,38
13890,1,38
13891,1,38
13892,1,38
13893,1,38
13894,1,38
13895,1,38
13896,1,38
13897,1,38
13898,1,38
13899,1,38
13901,1,38
13902,1,38
13903,1,38
13904,1,38
13905,1,38
13906,1,38
13907,1,38
13908,1,38
13909,1,38
13910,1,38
13911,1,38
13912,1,38
13913,1,38
13914,1,38
13915,1,38
13916,1,38
13917,1,38
13918,1,38
13919,1,38
13920,1,38
13921,1,38
13922,1,38
13923,1,38
13924,1,38
13925,1,38
13926,1,38
13927,1,39
13928,1,39
13929,1,39
13930,1,39
13931,1,39
13932,1,39
13933,1,39
13934,1,39
13935,1,39
13936,1,39
13937,1,39
13938,1,39
13939,1,39
13940,1,39
13941,1,39
13942,1,39
13943,1,39
13944,1,39
13945,1,39
13946,1,39
13947,1,39
13948,1,39
13949,1,39
13950,1,39
13951,1,39
13952,1,39
13953,1,40
13954,1,40
13955,1,40
13956,1,40
13957,1,40
13958,1,40
13959,1,40
13960,1,40
13961,1,40
13962,1,40
13963,1,39
13964,1,39
13965,1,39
13966,1,39
13967,1,39
13968,1,39
13969,1,39
13970,1,39
13971,1,39
13972,1,39
13973,1,39
13974,1,39
13975,1,39
13976,1,39
13977,1,39
13978,1,39
13979,1,39
13980,1,39
13981,1,39
13982,1,39
13983,1,39
13984,1,39
13985,1,39
13986,1,39
13987,1,39
13988,1,39
13989,1,39
13990,1,39
13991,1,39
13992,1,39
13993,1,39
13994,1,39
13995,1,39
13996,1,39
13997,1,39
13998,1,39
13999,1,39
14001,1,39
14002,1,39
14003,1,39
14004,1,39
14005,1,40
14006,1,40
14007,1,40
14008,1,40
14009,1,40
14010,1,40
14011,1,40
14012,1,40
14013,1,40
14014,1,40
14015,1,40
14016,1,40
14017,1,40
14018,1,40
14019,1,40
14020,1,40
14021,1,40
14022,1,40
14023,1,40
14024,1,40
14025,1,40
14026,1,40
14027,1,40
14028,1,40
14029,1,40
14030,1,40
14031,1,40
14032,1,40
14033,1,40
14034,1,40
14035,1,40
14036,1,40
14037,1,40
14038,1,40
14039,1,40
14040,1,39
14041,1,39
14042,1,39
14043,1,39
14044,1,39
14045,1,39
14046,1,39
14047,1,39
14048,1,39
14049,1,39
14050,1,39
14051,1,39
14052,1,39
14053,1,39
14054,1,39
14055,1,39
14056,1,39
14057,1,39
14058,1,39
14059,1,39
14060,1,39
14061,1,39
14062,1,39
14063,1,39
14064,1,39
14065,1,39
14066,1,39
14067,1,39
14068,1,39
14069,1,39
14070,1,39
14071,1,39
14072,1,39
14073,1,39
14074,1,39
14075,1,39
14076,1,39
14077,1,39
14078,1,39
14079,1,39
14080,1,39
14081,1,39
14082,1,39
14083,1,39
14084,1,39
14085,1,39
14086,1,39
14087,1,39
14088,1,39
14089,1,39
14090,1,39
14091,1,38
14092,1,38
14093,1,38
14094,1,38
14095,1,38
14096,1,38
14097,1,38
14098,1,38
14099,1,38
14101,1,38
14102,1,38
14103,1,38
14104,1,38
14105,1,38
14106,1,38
14107,1,38
14108,1,38
14109,1,38
14110,1,39
14111,1,39
14112,1,39
14113,1,39
14114,1,39
14115,1,39
14116,1,39
14117,1,39
14118,1,39
14119,1,39
14120,1,38
14121,1,38
14122,1,38
14123,1,38
14124,1,38
14125,1,38
14126,1,38
14127,1,38
14128,1,38
14129,1,38
14130,1,38
14131,1,38
14132,1,38
14133,1,38
14134,1,38
14135,1,38
14136,1,38
14137,1,38
14138,1,38
14139,1,38
14140,1,38
14141,1,37
14142,1,37
14143,1,37
14144,1,37
14145,1,37
14146,1,37
14147,1,37
14148,1,37
14149,1,37
14150,1,37
14151,1,37
14152,1,37
14153,1,37
14154,1,37
14155,1,37
14156,1,37
14157,1,37
14158,1,37
14159,1,37
14160,1,37
14161,1,37
14162,1,37
14163,1,37
14164,1,37
14165,1,37
14166,1,37
14167,1,37
14168,1,37
14169,1,37
14170,1,37
14171,1,37
14172,1,37
14173,1,37
14174,1,37
14175,1,37
14176,1,37
14177,1,37
14178,1,37
14179,1,37
14180,1,37
14181,1,37
14182,1,37
14183,1,37
14184,1,37
14185,1,37
14186,1,37
14187,1,37
14188,1,37
14189,1,37
14190,1,37
14191,1,37
14192,1,37
14193,1,37
14194,1,37
14195,1,37
14196,1,37
14197,1,37
14198,1,37
14199,1,37
14201,1,37
14202,1,37
14203,1,37
14204,1,37
14205,1,37
14206,1,37
14207,1,37
14208,1,37
14209,1,36
14210,1,36
14211,1,36
14212,1,36
14213,1,36
14214,1,36
14215,1,36
14216,1,36
14217,1,36
14218,1,36
14219,1,36
14220,1,36
14221,1,36
14222,1,36
14223,1,36
14224,1,36
14225,1,36
14226,1,36
14227,1,36
14228,1,36
14229,1,36
14230,1,36
14231,1,35
14232,1,36
14233,1,36
14234,1,36
14235,1,36
14236,1,36
14237,1,36
14238,1,36
14239,1,36
14240,1,36
14241,1,36
14242,1,36
14243,1,36
14244,1,36
14245,1,36
14246,1,36
14247,1,37
14248,1,37
14249,1,37
14250,1,37
14251,1,37
14252,1,37
14253,1,37
14254,1,37
14255,1,37
14256,1,37
14257,1,37
14258,1,37
14259,1,37
14260,1,37
14261,1,37
14262,1,37
14263,1,37
14264,1,37
14265,1,37
14266,1,36
14267,1,36
14268,1,36
14269,1,36
14270,1,36
14271,1,36
14272,1,36
14273,1,36
14274,1,37
14275,1,37
14276,1,37
14277,1,37
14278,1,37
14279,1,37
14280,1,37
14281,1,37
14282,1,37
14283,1,37
14284,1,37
14285,1,37
14286,1,37
14287,1,37
14288,1,37
14289,1,37
14290,1,37
14291,1,37
14292,1,37
14293,1,37
14294,1,37
14295,1,37
14296,1,37
14297,1,37
14298,1,37
14299,1,37
14301,1,37
14302,1,37
14303,1,37
14304,1,37
14305,1,37
14306,1,37
14307,1,37
14308,1,37
14309,1,37
14310,1,37
14311,1,37
14312,1,37
14313,1,37
14314,1,37
14315,1,37
14316,1,37
14317,1,37
14318,1,37
14319,1,37
14320,1,37
14321,1,37
14322,1,37
14323,1,37
14324,1,37
14325,1,36
14326,1,36
14327,1,36
14328,1,36
14329,1,36
14330,1,36
14331,1,36
14332,1,36
14333,1,36
14334,1,36
14335,1,36
14336,1,36
14337,1,36
14338,1,36
14339,1,36
14340,1,36
14341,1,36
14342,1,36
14343,1,36
14344,1,36
14345,1,36
14346,1,36
14347,1,36
14348,1,36
14349,1,36
14350,1,36
14351,1,36
14352,1,36
14353,1,36
14354,1,36
14355,1,36
14356,1,36
14357,1,36
14358,1,36
14359,1,36
14360,1,36
14361,1,36
14362,1,36
14363,1,36
14364,1,35
14365,1,35
14366,1,35
14367,1,35
14368,1,35
14369,1,35
14370,1,35
14371,1,35
14372,1,35
14373,1,35
14374,1,35
14375,1,35
14376,1,35
14377,1,35
14378,1,35
14379,1,35
14380,1,35
14381,1,35
14382,1,35
14383,1,35
14384,1,35
14385,1,35
14386,1,35
14387,1,35
14388,1,34
14389,1,34
14390,1,34
14391,1,34
14392,1,34
14393,1,34
14394,1,34
14395,1,34
14396,1,34
14397,1,34
14398,1,34
14399,1,34
14401,1,34
14402,1,34
14403,1,34
14404,1,34
14405,1,33
14406,1,33
14407,1,33
14408,1,33
14409,1,33
14410,1,33
14411,1,33
14412,1,34
14413,1,34
14414,1,34
14415,1,34
14416,1,34
14417,1,34
14418,1,34
14419,1,34
14420,1,34
14421,1,34
14422,1,34
14423,1,34
14424,1,34
14425,1,34
14426,1,34
14427,1,34
14428,1,34
14429,1,34
14430,1,34
14431,1,34
14432,1,34
14433,1,34
14434,1,34
14435,1,34
14436,1,34
14437,1,34
14438,1,34
14439,1,34
14440,1,34
14441,1,34
14442,1,34
14443,1,33
14444,1,33
14445,1,33
14446,1,33
14447,1,33
14448,1,33
14449,1,33
14450,1,33
14451,1,33
14452,1,33
14453,1,33
14454,1,33
14455,1,33
14456,1,33
14457,1,33
14458,1,33
14459,1,33
14460,1,33
14461,1,33
14462,1,33
14463,1,33
14464,1,33
14465,1,33
14466,1,33
14467,1,33
14468,1,33
14469,1,33
14470,1,33
14471,1,33
14472,1,33
14473,1,33
14474,1,33
14475,1,33
14476,1,33
14477,1,33
14478,1,33
14479,1,33
14480,1,33
14481,1,33
14482,1,33
14483,1,33
14484,1,33
14485,1,33
14486,1,33
14487,1,33
14488,1,33
14489,1,33
14490,1,33
14491,1,33
14492,1,33
14493,1,33
14494,1,33
14495,1,33
14496,1,33
14497,1,33
14498,1,33
14499,1,33
14501,1,33
14502,1,33
14503,1,33
14504,1,33
14505,1,33
14506,1,33
14507,1,33
14508,1,33
14509,1,33
14510,1,33
14511,1,32
14512,1,32
14513,1,32
14514,1,32
14515,1,32
14516,1,32
14517,1,32
14518,1,32
14519,1,32
14520,1,32
14521,1,32
14522,1,32
14523,1,32
14524,1,32
14525,1,32
14526,1,32
14527,1,32
14528,1,32
14529,1,32
14530,1,32
14531,1,32
14532,1,32
14533,1,33
14534,1,33
14535,1,33
14536,1,33
14537,1,33
14538,1,33
14539,1,33
14540,1,33
14541,1,33
14542,1,32
14543,1,32
14544,1,32
14545,1,32
14546,1,32
14547,1,32
14548,1,32
14549,1,32
14550,1,32
14551,1,32
14552,1,32
14553,1,32
14554,1,32
14555,1,32
14556,1,32
14557,1,32
14558,1,32
14559,1,32
14560,1,32
14561,1,32
14562,1,32
14563,1,32
14564,1,32
14565,1,32
14566,1,32
14567,1,32
14568,1,32
14569,1,32
14570,1,32
14571,1,32
14572,1,32
14573,1,32
14574,1,32
14575,1,32
14576,1,32
14577,1,32
14578,1,31
14579,1,31
14580,1,31
14581,1,31
14582,1,31
14583,1,31
14584,1,31
14585,1,31
14586,1,31
14587,1,31
14588,1,31
14589,1,31
14590,1,31
14591,1,31
14592,1,31
14593,1,31
14594,1,31
14595,1,31
14596,1,31
14597,1,31
14598,1,31
14599,1,31
14601,1,31
14602,1,31
14603,1,31
14604,1,31
14605,1,31
14606,1,31
14607,1,31
14608,1,31
14609,1,31
14610,1,31
14611,1,31
14612,1,31
14613,1,31
14614,1,31
14615,1,31
14616,1,31
14617,1,31
14618,1,31
14619,1,31
14620,1,31
14621,1,31
14622,1,31
14623,1,31
14624,1,31
14625,1,31
14626,1,31
14627,1,31
14628,1,31
14629,1,31
14630,1,31
14631,1,31
14632,1,31
14633,1,31
14634,1,31
14635,1,31
14636,1,31
14637,1,31
14638,1,31
14639,1,31
14640,1,31
14641,1,31
14642,1,31
14643,1,31
14644,1,31
14645,1,31
14646,1,31
14647,1,31
14648,1,31
14649,1,31
14650,1,31
14651,1,31
14652,1,31
14653,1,31
14654,1,30
14655,1,30
14656,1,30
14657,1,30
14658,1,30
14659,1,30
14660,1,30
14661,1,30
14662,1,30
14663,1,30
14664,1,30
14665,1,30
14666,1,30
14667,1,30
14668,1,30
14669,1,30
14670,1,30
14671,1,30
14672,1,30
14673,1,30
14674,1,30
14675,1,30
14676,1,30
14677,1,30
14678,1,30
14679,1,30
14680,1,30
14681,1,30
14682,1,30
14683,1,30
14684,1,30
14685,1,30
14686,1,30
14687,1,30
14688,1,29
14689,1,29
14690,1,29
14691,1,29
14692,1,29
14693,1,29
14694,1,29
14695,1,29
14696,1,29
14697,1,29
14698,1,29
14699,1,29
14701,1,29
14702,1,29
14703,1,29
14704,1,29
14705,1,29
14706,1,29
14707,1,29
14708,1,29
14709,1,29
14710,1,29
14711,1,29
14712,1,29
14713,1,29
14714,1,29
14715,1,29
14716,1,29
14717,1,29
14718,1,29
14719,1,29
14720,1,29
14721,1,28
14722,1,28
14723,1,28
14724,1,28
14725,1,28
14726,1,28
14727,1,28
14728,1,28
14729,1,28
14730,1,28
14731,1,28
14732,1,28
14733,1,28
14734,1,28
14735,1,28
14736,1,28
14737,1,27
14738,1,27
14739,1,27
14740,1,27
14741,1,27
14742,1,27
14743,1,27
14744,1,27
14745,1,27
14746,1,27
14747,1,27
14748,1,27
14749,1,27
14750,1,27
14751,1,27
14752,1,27
14753,1,27
14754,1,27
14755,1,27
14756,1,27
14757,1,27
14758,1,27
14759,1,27
14760,1,27
14761,1,27
14762,1,27
14763,1,27
14764,1,27
14765,1,27
14766,1,27
14767,1,27
14768,1,27
14769,1,27
14770,1,27
14771,1,27
14772,1,27
14773,1,27
14774,1,27
14775,1,27
14776,1,27
14777,1,27
14778,1,27
14779,1,27
14780,1,27
14781,1,27
14782,1,27
14783,1,27
14784,1,26
14785,1,26
14786,1,26
14787,1,26
14788,1,26
14789,1,26
14790,1,26
14791,1,26
14792,1,26
14793,1,26
14794,1,26
14795,1,26
14796,1,26
14797,1,26
14798,1,26
14799,1,27
14801,1,27
14802,1,27
14803,1,27
14804,1,27
14805,1,27
14806,1,27
14807,1,27
14808,1,27
14809,1,27
14810,1,27
14811,1,27
14812,1,27
14813,1,27
14814,1,27
14815,1,27
14816,1,27
14817,1,27
14818,1,27
14819,1,27
14820,1,27
14821,1,27
14822,1,26
14823,1,26
14824,1,27
14825,1,27
14826,1,27
14827,1,27
14828,1,27
14829,1,27
14830,1,27
14831,1,27
14832,1,27
14833,1,27
14834,1,27
14835,1,27
14836,1,27
14837,1,27
14838,1,27
14839,1,27
14840,1,27
14841,1,27
14842,1,27
14843,1,27
14844,1,27
14845,1,27
14846,1,27
14847,1,27
14848,1,27
14849,1,27
14850,1,27
14851,1,27
14852,1,27
14853,1,27
14854,1,27
14855,1,27
14856,1,27
14857,1,27
14858,1,27
14859,1,27
14860,1,27
14861,1,27
14862,1,27
14863,1,27
14864,1,27
14865,1,27
14866,1,27
14867,1,27
14868,1,28
14869,1,28
14870,1,28
14871,1,28
14872,1,28
14873,1,28
14874,1,28
14875,1,28
14876,1,28
14877,1,28
14878,1,28
14879,1,28
14880,1,28
14881,1,28
14882,1,28
14883,1,28
14884,1,28
14885,1,28
14886,1,28
14887,1,28
14888,1,28
14889,1,28
14890,1,28
14891,1,28
14892,1,28
14893,1,28
14894,1,28
14895,1,28
14896,1,28
14897,1,28
14898,1,28
14899,1,28
14901,1,28
14902,1,29
14903,1,29
14904,1,29
14905,1,29
14906,1,29
14907,1,29
14908,1,29
14909,1,29
14910,1,29
14911,1,29
14912,1,29
14913,1,29
14914,1,29
14915,1,29
14916,1,29
14917,1,29
14918,1,29
14919,1,29
14920,1,29
14921,1,29
14922,1,29
14923,1,29
14924,1,29
14925,1,29
14926,1,29
14927,1,29
14928,1,29
14929,1,29
14930,1,29
14931,1,29
14932,1,29
14933,1,29
14934,1,29
14935,1,29
14936,1,29
14937,1,29
14938,1,29
14939,1,29
14940,1,29
14941,1,29
14942,1,29
14943,1,29
14944,1,29
14945,1,29
14946,1,29
14947,1,29
14948,1,29
14949,1,29
14950,1,29
14951,1,29
14952,1,29
14953,1,29
14954,1,29
14955,1,29
14956,1,29
14957,1,29
14958,1,28
14959,1,28
14960,1,28
14961,1,28
14962,1,28
14963,1,28
14964,1,28
14965,1,28
14966,1,28
14967,1,28
14968,1,28
14969,1,28
14970,1,28
14971,1,28
14972,1,28
14973,1,28
14974,1,28
14975,1,28
14976,1,28
14977,1,28
14978,1,28
14979,1,28
14980,1,28
14981,1,28
14982,1,27
14983,1,27
14984,1,27
14985,1,27
14986,1,27
14987,1,27
14988,1,27
14989,1,28
14990,1,28
14991,1,28
14992,1,28
14993,1,28
14994,1,28
14995,1,28
14996,1,28
14997,1,28
14998,1,29
14999,1,29
15001,1,29
15002,1,29
15003,1,29
15004,1,29
15005,1,29
15006,1,29
15007,1,29
15008,1,29
15009,1,29
15010,1,29
15011,1,29
15012,1,29
15013,1,29
15014,1,29
15015,1,29
15016,1,29
15017,1,29
15018,1,29
15019,1,29
15020,1,29
15021,1,29
15022,1,29
15023,1,29
15024,1,29
15025,1,29
15026,1,29
15027,1,29
15028,1,29
15029,1,29
15030,1,29
15031,1,29
15032,1,29
15033,1,29
15034,1,29
15035,1,29
15036,1,29
15037,1,29
15038,1,29
15039,1,29
15040,1,29
15041,1,29
15042,1,29
15043,1,29
15044,1,29
15045,1,29
15046,1,29
15047,1,29
15048,1,29
15049,1,29
15050,1,29
15051,1,29
15052,1,29
15053,1,29
15054,1,29
15055,1,29
15056,1,29
15057,1,29
15058,1,29
15059,1,29
15060,1,29
15061,1,29
15062,1,29
15063,1,29
15064,1,29
15065,1,29
15066,1,29
15067,1,29
15068,1,29
15069,1,29
15070,1,29
15071,1,29
15072,1,29
15073,1,29
15074,1,29
15075,1,29
15076,1,29
15077,1,29
15078,1,29
15079,1,29
15080,1,29
15081,1,29
15082,1,29
15083,1,30
15084,1,30
15085,1,30
15086,1,30
15087,1,30
15088,1,30
15089,1,29
15090,1,29
15091,1,29
15092,1,29
15093,1,29
15094,1,29
15095,1,29
15096,1,29
15097,1,29
15098,1,29
15099,1,29
15101,1,29
15102,1,29
15103,1,29
15104,1,29
15105,1,29
15106,1,29
15107,1,29
15108,1,29
15109,1,29
15110,1,29
15111,1,29
15112,1,29
15113,1,29
15114,1,29
15115,1,29
15116,1,29
15117,1,29
15118,1,29
15119,1,29
15120,1,29
15121,1,29
15122,1,29
15123,1,29
15124,1,29
15125,1,29
15126,1,29
15127,1,29
15128,1,29
15129,1,29
15130,1,29
15131,1,29
15132,1,29
15133,1,29
15134,1,29
15135,1,29
15136,1,29
15137,1,29
15138,1,29
15139,1,29
15140,1,29
15141,1,29
15142,1,29
15143,1,29
15144,1,29
15145,1,29
15146,1,29
15147,1,29
15148,1,29
15149,1,29
15150,1,29
15151,1,29
15152,1,30
15153,1,30
15154,1,30
15155,1,30
15156,1,30
15157,1,30
15158,1,30
15159,1,30
15160,1,30
15161,1,30
15162,1,30
15163,1,30
15164,1,30
15165,1,30
15166,1,30
15167,1,30
15168,1,30
15169,1,30
15170,1,30
15171,1,30
15172,1,30
15173,1,30
15174,1,30
15175,1,30
15176,1,30
15177,1,30
15178,1,30
15179,1,30
15180,1,30
15181,1,30
15182,1,30
15183,1,30
15184,1,30
15185,1,30
15186,1,30
15187,1,30
15188,1,30
15189,1,30
15190,1,30
15191,1,30
15192,1,30
15193,1,30
15194,1,30
15195,1,30
15196,1,30
15197,1,30
15198,1,30
15199,1,30
15201,1,30
15202,1,30
15203,1,30
15204,1,30
15205,1,30
15206,1,30
15207,1,30
15208,1,30
15209,1,30
15210,1,30
15211,1,30
15212,1,30
15213,1,30
15214,1,30
15215,1,30
15216,1,30
15217,1,30
15218,1,30
15219,1,30
15220,1,30
15221,1,30
15222,1,30
15223,1,30
15224,1,30
15225,1,30
15226,1,30
15227,1,30
15228,1,30
15229,1,30
15230,1,30
15231,1,30
15232,1,30
15233,1,30
15234,1,30
15235,1,30
15236,1,30
15237,1,30
15238,1,30
15239,1,30
15240,1,30
15241,1,30
15242,1,30
15243,1,30
15244,1,30
15245,1,30
15246,1,30
15247,1,30
15248,1,30
15249,1,30
15250,1,30
15251,1,30
15252,1,30
15253,1,30
15254,1,30
15255,1,30
15256,1,30
15257,1,30
15258,1,30
15259,1,30
15260,1,30
15261,1,30
15262,1,30
15263,1,31
15264,1,31
15265,1,31
15266,1,31
15267,1,31
15268,1,31
15269,1,31
15270,1,31
15271,1,31
15272,1,31
15273,1,31
15274,1,31
15275,1,31
15276,1,31
15277,1,31
15278,1,31
15279,1,31
15280,1,31
15281,1,31
15282,1,32
15283,1,32
15284,1,32
15285,1,32
15286,1,32
15287,1,32
15288,1,32
15289,1,32
15290,1,32
15291,1,32
15292,1,32
15293,1,32
15294,1,32
15295,1,32
15296,1,32
15297,1,32
15298,1,32
15299,1,32
15301,1,32
15302,1,32
15303,1,32
15304,1,32
15305,1,32
15306,1,32
15307,1,32
15308,1,32
15309,1,32
15310,1,32
15311,1,32
15312,1,32
15313,1,32
15314,1,32
15315,1,31
15316,1,31
15317,1,31
15318,1,31
15319,1,31
15320,1,31
15321,1,31
15322,1,31
15323,1,31
15324,1,31
15325,1,31
15326,1,31
15327,1,31
15328,1,31
15329,1,31
15330,1,31
15331,1,31
15332,1,31
15333,1,31
15334,1,31
15335,1,32
15336,1,32
15337,1,32
15338,1,32
15339,1,32
15340,1,32
15341,1,32
15342,1,32
15343,1,32
15344,1,32
15345,1,32
15346,1,32
15347,1,32
15348,1,32
15349,1,32
15350,1,32
15351,1,32
15352,1,32
15353,1,32
15354,1,32
15355,1,32
15356,1,32
15357,1,32
15358,1,32
15359,1,32
15360,1,32
15361,1,32
15362,1,32
15363,1,32
15364,1,32
15365,1,32
15366,1,32
15367,1,32
15368,1,32
15369,1,32
15370,1,32
15371,1,32
15372,1,32
15373,1,32
15374,1,32
15375,1,32
15376,1,32
15377,1,32
15378,1,32
15379,1,32
15380,1,32
15381,1,32
15382,1,32
15383,1,32
15384,1,32
15385,1,32
15386,1,32
15387,1,32
15388,1,32
15389,1,32
15390,1,31
15391,1,31
15392,1,31
15393,1,31
15394,1,31
15395,1,31
15396,1,31
15397,1,31
15398,1,31
15399,1,31
15401,1,31
15402,1,31
15403,1,31
15404,1,31
15405,1,31
15406,1,31
15407,1,31
15408,1,31
15409,1,31
15410,1,31
15411,1,31
15412,1,31
15413,1,31
15414,1,30
15415,1,30
15416,1,30
15417,1,30
15418,1,30
15419,1,30
15420,1,30
15421,1,31
15422,1,31
15423,1,31
15424,1,31
15425,1,31
15426,1,31
15427,1,31
15428,1,31
15429,1,31
15430,1,31
15431,1,31
15432,1,31
15433,1,31
15434,1,31
15435,1,31
15436,1,31
15437,1,31
15438,1,31
15439,1,31
15440,1,31
15441,1,31
15442,1,31
15443,1,31
15444,1,31
15445,1,31
15446,1,31
15447,1,31
15448,1,31
15449,1,31
15450,1,31
15451,1,31
15452,1,31
15453,1,31
15454,1,31
15455,1,31
15456,1,31
15457,1,31
15458,1,31
15459,1,31
15460,1,31
15461,1,31
15462,1,31
15463,1,31
15464,1,31
15465,1,31
15466,1,31
15467,1,31
15468,1,31
15469,1,31
15470,1,31
15471,1,31
15472,1,31
15473,1,31
15474,1,31
15475,1,31
15476,1,30
15477,1,30
15478,1,30
15479,1,30
15480,1,30
15481,1,30
15482,1,30
15483,1,30
15484,1,30
15485,1,30
15486,1,30
15487,1,30
15488,1,30
15489,1,30
15490,1,30
15491,1,30
15492,1,30
15493,1,30
15494,1,30
15495,1,30
15496,1,30
15497,1,30
15498,1,30
15499,1,30
15501,1,30
15502,1,30
15503,1,30
15504,1,30
15505,1,30
15506,1,30
15507,1,30
15508,1,30
15509,1,30
15510,1,30
15511,1,30
15512,1,30
15513,1,30
15514,1,30
15515,1,30
15516,1,30
15517,1,30
15518,1,30
15519,1,30
15520,1,30
15521,1,30
15522,1,30
15523,1,29
15524,1,29
15525,1,29
15526,1,29
15527,1,29
15528,1,29
15529,1,29
15530,1,29
15531,1,29
15532,1,29
15533,1,29
15534,1,29
15535,1,29
15536,1,29
15537,1,29
15538,1,29
15539,1,29
15540,1,29
15541,1,29
15542,1,29
15543,1,29
15544,1,29
15545,1,29
15546,1,29
15547,1,30
15548,1,30
15549,1,30
15550,1,30
15551,1,30
15552,1,30
15553,1,30
15554,1,30
15555,1,30
15556,1,30
15557,1,30
15558,1,30
15559,1,30
15560,1,30
15561,1,30
15562,1,30
15563,1,30
15564,1,30
15565,1,30
15566,1,30
15567,1,30
15568,1,30
15569,1,30
15570,1,30
15571,1,30
15572,1,30
15573,1,30
15574,1,30
15575,1,30
15576,1,30
15577,1,30
15578,1,30
15579,1,30
15580,1,30
15581,1,30
15582,1,30
15583,1,30
15584,1,30
15585,1,30
15586,1,30
15587,1,30
15588,1,30
15589,1,30
15590,1,31
15591,1,31
15592,1,31
15593,1,31
15594,1,31
15595,1,31
15596,1,31
15597,1,31
15598,1,31
15599,1,32
15601,1,32
15602,1,32
15603,1,32
15604,1,32
15605,1,32
15606,1,32
15607,1,32
15608,1,32
15609,1,32
15610,1,32
15611,1,32
15612,1,32
15613,1,32
15614,1,32
15615,1,32
15616,1,32
15617,1,32
15618,1,32
15619,1,32
15620,1,32
15621,1,32
15622,1,32
15623,1,32
15624,1,32
15625,1,32
15626,1,33
15627,1,33
15628,1,33
15629,1,33
15630,1,33
15631,1,33
15632,1,33
15633,1,33
15634,1,33
15635,1,33
15636,1,33
15637,1,33
15638,1,33
15639,1,33
15640,1,32
15641,1,32
15642,1,32
15643,1,32
15644,1,32
15645,1,32
15646,1,32
15647,1,32
15648,1,32
15649,1,32
15650,1,32
15651,1,32
15652,1,32
15653,1,31
15654,1,31
15655,1,31
15656,1,31
15657,1,31
15658,1,31
15659,1,31
15660,1,31
15661,1,31
15662,1,31
15663,1,31
15664,1,31
15665,1,31
15666,1,30
15667,1,30
15668,1,30
15669,1,30
15670,1,30
15671,1,30
15672,1,30
15673,1,30
15674,1,30
15675,1,30
15676,1,30
15677,1,30
15678,1,30
15679,1,30
15680,1,30
15681,1,30
15682,1,30
15683,1,30
15684,1,30
15685,1,30
15686,1,30
15687,1,30
15688,1,30
15689,1,30
15690,1,30
15691,1,30
15692,1,30
15693,1,30
15694,1,30
15695,1,30
15696,1,30
15697,1,30
15698,1,30
15699,1,30
15701,1,30
15702,1,30
15703,1,29
15704,1,29
15705,1,29
15706,1,29
15707,1,29
15708,1,29
15709,1,29
15710,1,29
15711,1,29
15712,1,29
15713,1,29
15714,1,29
15715,1,29
15716,1,29
15717,1,29
15718,1,29
15719,1,29
15720,1,29
15721,1,29
15722,1,29
15723,1,29
15724,1,29
15725,1,29
15726,1,29
15727,1,29
15728,1,29
15729,1,29
15730,1,29
15731,1,29
15732,1,29
15733,1,29
15734,1,29
15735,1,29
15736,1,29
15737,1,29
15738,1,29
15739,1,29
15740,1,29
15741,1,29
15742,1,29
15743,1,29
15744,1,29
15745,1,29
15746,1,29
15747,1,29
15748,1,29
15749,1,29
15750,1,29
15751,1,29
15752,1,29
15753,1,29
15754,1,29
15755,1,29
15756,1,29
15757,1,29
15758,1,29
15759,1,29
15760,1,29
15761,1,29
15762,1,29
15763,1,29
15764,1,29
15765,1,30
15766,1,30
15767,1,30
15768,1,30
15769,1,30
15770,1,30
15771,1,30
15772,1,30
15773,1,30
15774,1,30
15775,1,30
15776,1,30
15777,1,30
15778,1,30
15779,1,30
15780,1,30
15781,1,30
15782,1,30
15783,1,30
15784,1,30
15785,1,30
15786,1,30
15787,1,30
15788,1,30
15789,1,30
15790,1,30
15791,1,30
15792,1,30
15793,1,30
15794,1,30
15795,1,30
15796,1,29
15797,1,29
15798,1,29
15799,1,29
15801,1,29
15802,1,29
15803,1,29
15804,1,29
15805,1,29
15806,1,29
15807,1,29
15808,1,29
15809,1,29
15810,1,29
15811,1,29
15812,1,29
15813,1,29
15814,1,29
15815,1,29
15816,1,29
15817,1,29
15818,1,29
15819,1,29
15820,1,29
15821,1,29
15822,1,29
15823,1,29
15824,1,29
15825,1,29
15826,1,29
15827,1,29
15828,1,29
15829,1,29
15830,1,29
15831,1,29
15832,1,29
15833,1,29
15834,1,29
15835,1,29
15836,1,29
15837,1,29
15838,1,29
15839,1,29
15840,1,29
15841,1,29
15842,1,29
15843,1,29
15844,1,29
15845,1,29
15846,1,30
15847,1,30
15848,1,30
15849,1,30
15850,1,30
15851,1,30
15852,1,30
15853,1,30
15854,1,30
15855,1,30
15856,1,30
15857,1,30
15858,1,30
15859,1,30
15860,1,30
15861,1,30
15862,1,30
15863,1,30
15864,1,30
15865,1,30
15866,1,30
15867,1,30
15868,1,30
15869,1,30
15870,1,30
15871,1,30
15872,1,30
15873,1,30
15874,1,30
15875,1,30
15876,1,29
15877,1,29
15878,1,29
15879,1,29
15880,1,29
15881,1,30
15882,1,30
15883,1,30
15884,1,30
15885,1,30
15886,1,30
15887,1,30
15888,1,30
15889,1,30
15890,1,30
15891,1,30
15892,1,30
15893,1,30
15894,1,30
15895,1,30
15896,1,30
15897,1,30
15898,1,30
15899,1,30
15901,1,29
15902,1,29
15903,1,29
15904,1,29
15905,1,30
15906,1,30
15907,1,30
15908,1,30
15909,1,30
15910,1,30
15911,1,30
15912,1,30
15913,1,30
15914,1,30
15915,1,30
15916,1,30
15917,1,30
15918,1,30
15919,1,30
15920,1,30
15921,1,30
15922,1,30
15923,1,30
15924,1,30
15925,1,30
15926,1,30
15927,1,30
15928,1,30
15929,1,30
15930,1,30
15931,1,29
15932,1,30
15933,1,30
15934,1,30
15935,1,30
15936,1,30
15937,1,30
15938,1,30
15939,1,30
15940,1,31
15941,1,31
15942,1,31
15943,1,31
15944,1,31
15945,1,31
15946,1,31
15947,1,31
15948,1,31
15949,1,31
15950,1,31
15951,1,31
15952,1,31
15953,1,31
15954,1,31
15955,1,31
15956,1,31
15957,1,31
15958,1,31
15959,1,31
15960,1,31
15961,1,31
15962,1,31
15963,1,31
15964,1,31
15965,1,31
15966,1,31
15967,1,31
15968,1,31
15969,1,31
15970,1,31
15971,1,31
15972,1,31
15973,1,31
15974,1,31
15975,1,31
15976,1,31
15977,1,31
15978,1,31
15979,1,31
15980,1,31
15981,1,31
15982,1,31
15983,1,31
15984,1,31
15985,1,31
15986,1,31
15987,1,31
15988,1,31
15989,1,31
15990,1,31
15991,1,31
15992,1,30
15993,1,30
15994,1,30
15995,1,30
15996,1,30
15997,1,30
15998,1,30
15999,1,30
16001,1,30
16002,1,30
16003,1,30
16004,1,30
16005,1,30
16006,1,30
16007,1,30
16008,1,30
16009,1,30
16010,1,30
16011,1,30
16012,1,30
16013,1,30
16014,1,30
16015,1,30
16016,1,30
16017,1,30
16018,1,30
16019,1,30
16020,1,30
16021,1,30
16022,1,30
16023,1,30
16024,1,30
16025,1,30
16026,1,30
16027,1,30
16028,1,30
16029,1,30
16030,1,30
16031,1,30
16032,1,30
16033,1,31
16034,1,31
16035,1,31
16036,1,31
16037,1,31
16038,1,31
16039,1,31
16040,1,31
16041,1,31
16042,1,31
16043,1,31
16044,1,31
16045,1,31
16046,1,31
16047,1,31
16048,1,31
16049,1,31
16050,1,31
16051,1,31
16052,1,31
16053,1,31
16054,1,31
16055,1,31
16056,1,31
16057,1,31
16058,1,31
16059,1,31
16060,1,31
16061,1,31
16062,1,31
16063,1,31
16064,1,31
16065,1,31
16066,1,31
16067,1,31
16068,1,31
16069,1,31
16070,1,31
16071,1,31
16072,1,32
16073,1,32
16074,1,32
16075,1,32
16076,1,32
16077,1,32
16078,1,32
16079,1,32
16080,1,32
16081,1,32
16082,1,32
16083,1,32
16084,1,32
16085,1,32
16086,1,32
16087,1,32
16088,1,32
16089,1,32
16090,1,32
16091,1,32
16092,1,32
16093,1,32
16094,1,32
16095,1,32
16096,1,32
16097,1,32
16098,1,32
16099,1,32
16101,1,32
16102,1,32
16103,1,32
16104,1,32
16105,1,32
16106,1,32
16107,1,32
16108,1,32
16109,1,32
16110,1,32
16111,1,32
16112,1,32
16113,1,32
16114,1,32
16115,1,32
16116,1,32
16117,1,32
16118,1,32
16119,1,32
16120,1,32
16121,1,32
16122,1,32
16123,1,32
16124,1,32
16125,1,32
16126,1,32
16127,1,32
16128,1,32
16129,1,32
16130,1,32
16131,1,32
16132,1,32
16133,1,32
16134,1,32
16135,1,32
16136,1,32
16137,1,32
16138,1,32
16139,1,32
16140,1,32
16141,1,32
16142,1,33
16143,1,33
16144,1,33
16145,1,33
16146,1,33
16147,1,33
16148,1,33
16149,1,33
16150,1,33
16151,1,33
16152,1,33
16153,1,33
16154,1,33
16155,1,33
16156,1,33
16157,1,33
16158,1,33
16159,1,33
16160,1,33
16161,1,33
16162,1,33
16163,1,33
16164,1,33
16165,1,33
16166,1,33
16167,1,33
16168,1,33
16169,1,33
16170,1,33
16171,1,33
16172,1,33
16173,1,33
16174,1,33
16175,1,33
16176,1,33
16177,1,33
16178,1,33
16179,1,33
16180,1,33
16181,1,33
16182,1,33
16183,1,33
16184,1,33
16185,1,33
16186,1,33
16187,1,33
16188,1,33
16189,1,33
16190,1,33
16191,1,33
16192,1,34
16193,1,34
16194,1,34
16195,1,34
16196,1,34
16197,1,34
16198,1,34
16199,1,34
16201,1,34
16202,1,34
16203,1,34
16204,1,35
16205,1,35
16206,1,35
16207,1,35
16208,1,35
16209,1,35
16210,1,35
16211,1,35
16212,1,35
16213,1,35
16214,1,35
16215,1,35
16216,1,35
16217,1,35
16218,1,35
16219,1,35
16220,1,35
16221,1,35
16222,1,35
16223,1,35
16224,1,35
16225,1,35
16226,1,35
16227,1,35
16228,1,35
16229,1,35
16230,1,35
16231,1,35
16232,1,35
16233,1,35
16234,1,35
16235,1,35
16236,1,35
16237,1,35
16238,1,35
16239,1,35
16240,1,35
16241,1,35
16242,1,35
16243,1,35
16244,1,35
16245,1,35
16246,1,35
16247,1,35
16248,1,35
16249,1,35
16250,1,35
16251,1,35
16252,1,35
16253,1,35
16254,1,35
16255,1,35
16256,1,35
16257,1,35
16258,1,35
16259,1,35
16260,1,35
16261,1,36
16262,1,36
16263,1,36
16264,1,36
16265,1,36
16266,1,36
16267,1,36
16268,1,36
16269,1,36
16270,1,36
16271,1,36
16272,1,36
16273,1,36
16274,1,36
16275,1,36
16276,1,36
16277,1,36
16278,1,36
16279,1,36
16280,1,36
16281,1,36
16282,1,36
16283,1,36
16284,1,36
16285,1,36
16286,1,36
16287,1,36
16288,1,35
16289,1,35
16290,1,35
16291,1,35
16292,1,35
16293,1,35
16294,1,35
16295,1,35
16296,1,35
16297,1,35
16298,1,35
16299,1,35
16301,1,35
16302,1,35
16303,1,35
16304,1,35
16305,1,35
16306,1,35
16307,1,35
16308,1,35
16309,1,35
16310,1,35
16311,1,35
16312,1,35
16313,1,35
16314,1,36
16315,1,36
16316,1,36
16317,1,36
16318,1,36
16319,1,36
16320,1,36
16321,1,36
16322,1,36
16323,1,36
16324,1,36
16325,1,36
16326,1,36
16327,1,37
16328,1,36
16329,1,36
16330,1,36
16331,1,36
16332,1,36
16333,1,36
16334,1,36
16335,1,36
16336,1,36
16337,1,36
16338,1,36
16339,1,36
16340,1,36
16341,1,36
16342,1,36
16343,1,36
16344,1,36
16345,1,36
16346,1,36
16347,1,36
16348,1,36
16349,1,36
16350,1,36
16351,1,36
16352,1,36
16353,1,36
16354,1,36
16355,1,36
16356,1,36
16357,1,36
16358,1,36
16359,1,36
16360,1,36
16361,1,36
16362,1,36
16363,1,36
16364,1,36
16365,1,36
16366,1,36
16367,1,36
16368,1,36
16369,1,36
16370,1,36
16371,1,36
16372,1,36
16373,1,36
16374,1,36
16375,1,36
16376,1,36
16377,1,36
16378,1,36
16379,1,36
16380,1,36
16381,1,36
16382,1,36
16383,1,36
16384,1,36
16385,1,36
16386,1,36
16387,1,36
16388,1,36
16389,1,36
16390,1,36
16391,1,36
16392,1,36
16393,1,36
16394,1,36
16395,1,36
16396,1,36
16397,1,36
16398,1,36
16399,1,36
16401,1,36
16402,1,36
16403,1,36
16404,1,36
16405,1,36
16406,1,36
16407,1,36
16408,1,36
16409,1,36
16410,1,36
16411,1,36
16412,1,36
16413,1,36
16414,1,36
16415,1,36
16416,1,36
16417,1,36
16418,1,36
16419,1,37
16420,1,37
16421,1,37
16422,1,37
16423,1,37
16424,1,37
16425,1,37
16426,1,37
16427,1,37
16428,1,37
16429,1,37
16430,1,37
16431,1,37
16432,1,37
16433,1,37
16434,1,37
16435,1,37
16436,1,37
16437,1,37
16438,1,37
16439,1,37
16440,1,37
16441,1,37
16442,1,37
16443,1,37
16444,1,37
16445,1,37
16446,1,37
16447,1,37
16448,1,37
16449,1,37
16450,1,37
16451,1,37
16452,1,37
16453,1,37
16454,1,37
16455,1,37
16456,1,37
16457,1,37
16458,1,37
16459,1,37
16460,1,37
16461,1,37
16462,1,37
16463,1,37
16464,1,37
16465,1,37
16466,1,37
16467,1,37
16468,1,37
16469,1,37
16470,1,37
16471,1,37
16472,1,36
16473,1,36
16474,1,36
16475,1,36
16476,1,36
16477,1,36
16478,1,36
16479,1,36
16480,1,36
16481,1,36
16482,1,36
16483,1,36
16484,1,36
16485,1,36
16486,1,36
16487,1,36
16488,1,36
16489,1,36
16490,1,36
16491,1,36
16492,1,36
16493,1,36
16494,1,36
16495,1,36
16496,1,36
16497,1,36
16498,1,36
16499,1,36
16501,1,36
16502,1,36
16503,1,36
16504,1,36
16505,1,36
16506,1,36
16507,1,36
16508,1,36
16509,1,36
16510,1,36
16511,1,36
16512,1,36
16513,1,36
16514,1,36
16515,1,36
16516,1,36
16517,1,36
16518,1,36
16519,1,36
16520,1,36
16521,1,36
16522,1,36
16523,1,36
16524,1,36
16525,1,36
16526,1,37
16527,1,37
16528,1,37
16529,1,37
16530,1,37
16531,1,37
16532,1,37
16533,1,37
16534,1,37
16535,1,37
16536,1,37
16537,1,37
16538,1,37
16539,1,37
16540,1,37
16541,1,37
16542,1,37
16543,1,37
16544,1,37
16545,1,37
16546,1,37
16547,1,37
16548,1,37
16549,1,37
16550,1,36
16551,1,36
16552,1,36
16553,1,36
16554,1,36
16555,1,36
16556,1,36
16557,1,36
16558,1,36
16559,1,36
16560,1,36
16561,1,36
16562,1,36
16563,1,36
16564,1,36
16565,1,36
16566,1,36
16567,1,36
16568,1,36
16569,1,36
16570,1,36
16571,1,37
16572,1,37
16573,1,37
16574,1,37
16575,1,37
16576,1,37
16577,1,37
16578,1,37
16579,1,37
16580,1,37
16581,1,37
16582,1,37
16583,1,37
16584,1,37
16585,1,37
16586,1,37
16587,1,37
16588,1,37
16589,1,37
16590,1,37
16591,1,37
16592,1,37
16593,1,37
16594,1,37
16595,1,37
16596,1,37
16597,1,37
16598,1,36
16599,1,36
16601,1,36
16602,1,36
16603,1,36
16604,1,36
16605,1,36
16606,1,36
16607,1,36
16608,1,36
16609,1,36
16610,1,36
16611,1,36
16612,1,36
16613,1,36
16614,1,36
16615,1,36
16616,1,36
16617,1,36
16618,1,37
16619,1,37
16620,1,37
16621,1,37
16622,1,37
16623,1,37
16624,1,37
16625,1,37
16626,1,37
16627,1,37
16628,1,37
16629,1,38
16630,1,38
16631,1,38
16632,1,38
16633,1,38
16634,1,38
16635,1,38
16636,1,38
16637,1,38
16638,1,38
16639,1,37
16640,1,37
16641,1,37
16642,1,37
16643,1,37
16644,1,38
16645,1,38
16646,1,38
16647,1,38
16648,1,38
16649,1,38
16650,1,38
16651,1,38
16652,1,38
16653,1,38
16654,1,38
16655,1,38
16656,1,38
16657,1,38
16658,1,38
16659,1,38
16660,1,38
16661,1,38
16662,1,38
16663,1,38
16664,1,38
16665,1,38
16666,1,38
16667,1,38
16668,1,38
16669,1,38
16670,1,38
16671,1,38
16672,1,38
16673,1,38
16674,1,38
16675,1,38
16676,1,38
16677,1,38
16678,1,38
16679,1,38
16680,1,38
16681,1,38
16682,1,38
16683,1,38
16684,1,38
16685,1,38
16686,1,38
16687,1,38
16688,1,38
16689,1,38
16690,1,38
16691,1,38
16692,1,38
16693,1,38
16694,1,38
16695,1,38
16696,1,38
16697,1,38
16698,1,38
16699,1,38
16701,1,38
16702,1,38
16703,1,38
16704,1,38
16705,1,38
16706,1,38
16707,1,38
16708,1,38
16709,1,38
16710,1,38
16711,1,38
16712,1,38
16713,1,38
16714,1,38
16715,1,38
16716,1,38
16717,1,38
16718,1,38
16719,1,38
16720,1,38
16721,1,38
16722,1,38
16723,1,38
16724,1,38
16725,1,38
16726,1,38
16727,1,38
16728,1,38
16729,1,38
16730,1,38
16731,1,38
16732,1,38
16733,1,38
16734,1,38
16735,1,38
16736,1,38
16737,1,38
16738,1,38
16739,1,38
16740,1,38
16741,1,38
16742,1,38
16743,1,38
16744,1,38
16745,1,38
16746,1,38
16747,1,38
16748,1,38
16749,1,38
16750,1,38
16751,1,38
16752,1,38
16753,1,38
16754,1,38
16755,1,38
16756,1,38
16757,1,38
16758,1,38
16759,1,38
16760,1,38
16761,1,38
16762,1,38
16763,1,38
16764,1,38
16765,1,38
16766,1,38
16767,1,38
16768,1,38
16769,1,37
16770,1,37
16771,1,37
16772,1,37
16773,1,37
16774,1,37
16775,1,37
16776,1,37
16777,1,37
16778,1,37
16779,1,37
16780,1,37
16781,1,37
16782,1,37
16783,1,37
16784,1,37
16785,1,37
16786,1,37
16787,1,37
16788,1,37
16789,1,37
16790,1,37
16791,1,37
16792,1,37
16793,1,37
16794,1,36
16795,1,36
16796,1,36
16797,1,36
16798,1,36
16799,1,36
16801,1,36
16802,1,36
16803,1,36
16804,1,36
16805,1,36
16806,1,36
16807,1,36
16808,1,36
16809,1,36
16810,1,36
16811,1,36
16812,1,36
16813,1,36
16814,1,36
16815,1,36
16816,1,36
16817,1,36
16818,1,36
16819,1,36
16820,1,36
16821,1,36
16822,1,36
16823,1,36
16824,1,36
16825,1,36
16826,1,36
16827,1,36
16828,1,36
16829,1,36
16830,1,36
16831,1,36
16832,1,36
16833,1,36
16834,1,36
16835,1,36
16836,1,36
16837,1,36
16838,1,36
16839,1,36
16840,1,36
16841,1,36
16842,1,36
16843,1,36
16844,1,36
16845,1,36
16846,1,36
16847,1,36
16848,1,36
16849,1,36
16850,1,36
16851,1,36
16852,1,36
16853,1,37
16854,1,37
16855,1,37
16856,1,37
16857,1,37
16858,1,37
16859,1,37
16860,1,37
16861,1,36
16862,1,36
16863,1,36
16864,1,36
16865,1,36
16866,1,36
16867,1,36
16868,1,36
16869,1,36
16870,1,36
16871,1,36
16872,1,36
16873,1,36
16874,1,36
16875,1,36
16876,1,37
16877,1,37
16878,1,37
16879,1,37
16880,1,37
16881,1,37
16882,1,37
16883,1,37
16884,1,37
16885,1,37
16886,1,37
16887,1,37
16888,1,37
16889,1,37
16890,1,37
16891,1,37
16892,1,37
16893,1,37
16894,1,37
16895,1,37
16896,1,36
16897,1,36
16898,1,36
16899,1,36
16901,1,36
16902,1,36
16903,1,36
16904,1,36
16905,1,36
16906,1,36
16907,1,36
16908,1,36
16909,1,36
16910,1,36
16911,1,36
16912,1,36
16913,1,36
16914,1,36
16915,1,36
16916,1,36
16917,1,36
16918,1,36
16919,1,36
16920,1,36
16921,1,36
16922,1,36
16923,1,36
16924,1,36
16925,1,36
16926,1,36
16927,1,36
16928,1,36
16929,1,36
16930,1,36
16931,1,36
16932,1,36
16933,1,36
16934,1,36
16935,1,36
16936,1,36
16937,1,36
16938,1,36
16939,1,36
16940,1,36
16941,1,36
16942,1,36
16943,1,36
16944,1,36
16945,1,37
16946,1,37
16947,1,37
16948,1,37
16949,1,37
16950,1,37
16951,1,37
16952,1,37
16953,1,37
16954,1,37
16955,1,37
16956,1,37
16957,1,37
16958,1,37
16959,1,37
16960,1,37
16961,1,37
16962,1,37
16963,1,37
16964,1,37
16965,1,37
16966,1,37
16967,1,37
16968,1,37
16969,1,37
16970,1,37
16971,1,37
16972,1,37
16973,1,37
16974,1,37
16975,1,37
16976,1,37
16977,1,37
16978,1,37
16979,1,37
16980,1,37
16981,1,37
16982,1,37
16983,1,37
16984,1,37
16985,1,37
16986,1,37
16987,1,37
16988,1,38
16989,1,38
16990,1,38
16991,1,38
16992,1,38
16993,1,38
16994,1,38
16995,1,39
16996,1,39
16997,1,39
16998,1,39
16999,1,39
17001,1,38
17002,1,38
17003,1,38
17004,1,38
17005,1,38
17006,1,38
17007,1,39
17008,1,39
17009,1,39
17010,1,39
17011,1,39
17012,1,39
17013,1,39
17014,1,39
17015,1,39
17016,1,39
17017,1,39
17018,1,39
17019,1,39
17020,1,39
17021,1,39
17022,1,39
17023,1,39
17024,1,39
17025,1,39
17026,1,39
17027,1,39
17028,1,39
17029,1,39
17030,1,39
17031,1,39
17032,1,39
17033,1,39
17034,1,39
17035,1,39
17036,1,39
17037,1,39
17038,1,39
17039,1,39
17040,1,39
17041,1,39
17042,1,39
17043,1,39
17044,1,39
17045,1,39
17046,1,39
17047,1,39
17048,1,39
17049,1,39
17050,1,39
17051,1,39
17052,1,39
17053,1,39
17054,1,39
17055,1,39
17056,1,39
17057,1,39
17058,1,39
17059,1,39
17060,1,39
17061,1,39
17062,1,39
17063,1,39
17064,1,39
17065,1,39
17066,1,39
17067,1,39
17068,1,39
17069,1,39
17070,1,39
17071,1,39
17072,1,39
17073,1,39
17074,1,39
17075,1,39
17076,1,39
17077,1,39
17078,1,39
17079,1,39
17080,1,39
17081,1,39
17082,1,39
17083,1,39
17084,1,39
17085,1,39
17086,1,39
17087,1,39
17088,1,39
17089,1,39
17090,1,39
17091,1,39
17092,1,39
17093,1,39
17094,1,39
17095,1,39
17096,1,39
17097,1,39
17098,1,39
17099,1,39
17101,1,38
17102,1,38
17103,1,38
17104,1,38
17105,1,38
17106,1,38
17107,1,38
17108,1,38
17109,1,38
17110,1,38
17111,1,38
17112,1,38
17113,1,38
17114,1,38
17115,1,38
17116,1,38
17117,1,38
17118,1,38
17119,1,38
17120,1,38
17121,1,38
17122,1,38
17123,1,38
17124,1,38
17125,1,38
17126,1,38
17127,1,38
17128,1,38
17129,1,38
17130,1,38
17131,1,38
17132,1,38
17133,1,38
17134,1,38
17135,1,38
17136,1,38
17137,1,38
17138,1,38
17139,1,38
17140,1,38
17141,1,38
17142,1,38
17143,1,38
17144,1,38
17145,1,38
17146,1,38
17147,1,38
17148,1,38
17149,1,38
17150,1,38
17151,1,38
17152,1,38
17153,1,38
17154,1,38
17155,1,38
17156,1,38
17157,1,38
17158,1,38
17159,1,38
17160,1,38
17161,1,38
17162,1,38
17163,1,38
17164,1,38
17165,1,38
17166,1,38
17167,1,38
17168,1,38
17169,1,38
17170,1,38
17171,1,38
17172,1,38
17173,1,38
17174,1,38
17175,1,39
17176,1,39
17177,1,39
17178,1,39
17179,1,39
17180,1,39
17181,1,39
17182,1,39
17183,1,39
17184,1,39
17185,1,39
17186,1,39
17187,1,39
17188,1,39
17189,1,39
17190,1,39
17191,1,39
17192,1,39
17193,1,39
17194,1,39
17195,1,39
17196,1,39
17197,1,39
17198,1,39
17199,1,39
17201,1,39
17202,1,39
17203,1,39
17204,1,39
17205,1,39
17206,1,39
17207,1,39
17208,1,39
17209,1,38
17210,1,38
17211,1,38
17212,1,38
17213,1,38
17214,1,38
17215,1,38
17216,1,38
17217,1,38
17218,1,38
17219,1,38
17220,1,38
17221,1,38
17222,1,38
17223,1,38
17224,1,38
17225,1,38
17226,1,38
17227,1,38
17228,1,38
17229,1,38
17230,1,38
17231,1,38
17232,1,38
17233,1,38
17234,1,39
17235,1,39
17236,1,39
17237,1,39
17238,1,39
17239,1,39
17240,1,39
17241,1,39
17242,1,39
17243,1,39
17244,1,39
17245,1,39
17246,1,39
17247,1,39
17248,1,39
17249,1,39
17250,1,39
17251,1,39
17252,1,39
17253,1,39
17254,1,39
17255,1,39
17256,1,40
17257,1,40
17258,1,40
17259,1,40
17260,1,40
17261,1,40
17262,1,40
17263,1,40
17264,1,40
17265,1,40
17266,1,40
17267,1,40
17268,1,40
17269,1,40
17270,1,40
17271,1,40
17272,1,40
17273,1,40
17274,1,40
17275,1,40
17276,1,40
17277,1,40
17278,1,40
17279,1,40
17280,1,40
17281,1,40
17282,1,40
17283,1,40
17284,1,40
17285,1,40
17286,1,40
17287,1,40
17288,1,40
17289,1,40
17290,1,40
17291,1,40
17292,1,40
17293,1,40
17294,1,40
17295,1,40
17296,1,40
17297,1,40
17298,1,40
17299,1,40
17301,1,40
17302,1,40
17303,1,40
17304,1,40
17305,1,40
17306,1,40
17307,1,40
17308,1,40
17309,1,40
17310,1,40
17311,1,40
17312,1,40
17313,1,40
17314,1,40
17315,1,40
17316,1,40
17317,1,40
17318,1,40
17319,1,40
17320,1,40
17321,1,40
17322,1,40
17323,1,40
17324,1,40
17325,1,40
17326,1,40
17327,1,40
17328,1,40
17329,1,40
17330,1,40
17331,1,40
17332,1,40
17333,1,40
17334,1,40
17335,1,40
17336,1,40
17337,1,40
17338,1,40
17339,1,40
17340,1,39
17341,1,39
17342,1,39
17343,1,39
17344,1,39
17345,1,39
17346,1,39
17347,1,39
17348,1,39
17349,1,39
17350,1,39
17351,1,39
17352,1,39
17353,1,39
17354,1,39
17355,1,39
17356,1,39
17357,1,39
17358,1,39
17359,1,39
17360,1,39
17361,1,39
17362,1,39
17363,1,39
17364,1,39
17365,1,39
17366,1,39
17367,1,39
17368,1,39
17369,1,39
17370,1,39
17371,1,39
17372,1,39
17373,1,39
17374,1,39
17375,1,39
17376,1,39
17377,1,39
17378,1,39
17379,1,39
17380,1,39
17381,1,39
17382,1,39
17383,1,38
17384,1,38
17385,1,38
17386,1,38
17387,1,39
17388,1,39
17389,1,39
17390,1,39
17391,1,39
17392,1,39
17393,1,39
17394,1,39
17395,1,39
17396,1,39
17397,1,39
17398,1,39
17399,1,39
17401,1,38
17402,1,38
17403,1,38
17404,1,38
17405,1,38
17406,1,38
17407,1,38
17408,1,38
17409,1,38
17410,1,38
17411,1,38
17412,1,38
17413,1,38
17414,1,38
17415,1,38
17416,1,38
17417,1,38
17418,1,38
17419,1,38
17420,1,38
17421,1,38
17422,1,38
17423,1,38
17424,1,38
17425,1,38
17426,1,38
17427,1,38
17428,1,38
17429,1,38
17430,1,38
17431,1,38
17432,1,38
17433,1,38
17434,1,38
17435,1,38
17436,1,38
17437,1,38
17438,1,38
17439,1,38
17440,1,38
17441,1,38
17442,1,38
17443,1,38
17444,1,38
17445,1,38
17446,1,38
17447,1,38
17448,1,38
17449,1,38
17450,1,38
17451,1,38
17452,1,38
17453,1,38
17454,1,38
17455,1,38
17456,1,38
17457,1,38
17458,1,38
17459,1,38
17460,1,38
17461,1,38
17462,1,38
17463,1,38
17464,1,38
17465,1,38
17466,1,38
17467,1,38
17468,1,38
17469,1,38
17470,1,37
17471,1,37
17472,1,37
17473,1,37
17474,1,37
17475,1,37
17476,1,37
17477,1,37
17478,1,37
17479,1,37
17480,1,36
17481,1,37
17482,1,37
17483,1,37
17484,1,37
17485,1,37
17486,1,38
17487,1,38
17488,1,38
17489,1,38
17490,1,38
17491,1,38
17492,1,38
17493,1,38
17494,1,38
17495,1,38
17496,1,38
17497,1,38
17498,1,38
17499,1,38
17501,1,38
17502,1,38
17503,1,38
17504,1,38
17505,1,38
17506,1,37
17507,1,37
17508,1,37
17509,1,37
17510,1,37
17511,1,37
17512,1,37
17513,1,37
17514,1,37
17515,1,37
17516,1,37
17517,1,37
17518,1,37
17519,1,37
17520,1,37
17521,1,37
17522,1,37
17523,1,37
17524,1,37
17525,1,37
17526,1,37
17527,1,37
17528,1,36
17529,1,36
17530,1,36
17531,1,36
17532,1,36
17533,1,36
17534,1,36
17535,1,36
17536,1,36
17537,1,36
17538,1,36
17539,1,36
17540,1,36
17541,1,36
17542,1,36
17543,1,36
17544,1,36
17545,1,36
17546,1,36
17547,1,36
17548,1,36
17549,1,36
17550,1,36
17551,1,36
17552,1,36
17553,1,36
17554,1,36
17555,1,36
17556,1,36
17557,1,36
17558,1,36
17559,1,36
17560,1,36
17561,1,36
17562,1,36
17563,1,36
17564,1,36
17565,1,36
17566,1,36
17567,1,36
17568,1,36
17569,1,36
17570,1,36
17571,1,36
17572,1,36
17573,1,36
17574,1,36
17575,1,36
17576,1,36
17577,1,36
17578,1,36
17579,1,36
17580,1,37
17581,1,38
17582,1,38
17583,1,38
17584,1,38
17585,1,38
17586,1,38
17587,1,38
17588,1,38
17589,1,38
17590,1,38
17591,1,38
17592,1,38
17593,1,38
17594,1,38
17595,1,38
17596,1,38
17597,1,38
17598,1,38
17599,1,38
17601,1,38
17602,1,38
17603,1,38
17604,1,38
17605,1,38
17606,1,38
17607,1,38
17608,1,38
17609,1,38
17610,1,38
17611,1,38
17612,1,38
17613,1,38
17614,1,38
17615,1,38
17616,1,38
17617,1,38
17618,1,38
17619,1,38
17620,1,38
17621,1,38
17622,1,38
17623,1,39
17624,1,39
17625,1,39
17626,1,39
17627,1,39
17628,1,39
17629,1,39
17630,1,39
17631,1,39
17632,1,39
17633,1,39
17634,1,39
17635,1,39
17636,1,39
17637,1,38
17638,1,38
17639,1,38
17640,1,38
17641,1,38
17642,1,38
17643,1,38
17644,1,38
17645,1,38
17646,1,38
17647,1,38
17648,1,38
17649,1,38
17650,1,38
17651,1,38
17652,1,39
17653,1,39
17654,1,39
17655,1,39
17656,1,39
17657,1,39
17658,1,39
17659,1,39
17660,1,39
17661,1,39
17662,1,39
17663,1,39
17664,1,39
17665,1,39
17666,1,39
17667,1,39
17668,1,38
17669,1,38
17670,1,38
17671,1,38
17672,1,38
17673,1,38
17674,1,38
17675,1,38
17676,1,38
17677,1,38
17678,1,38
17679,1,37
17680,1,37
17681,1,37
17682,1,37
17683,1,37
17684,1,36
17685,1,36
17686,1,36
17687,1,36
17688,1,36
17689,1,36
17690,1,36
17691,1,36
17692,1,36
17693,1,36
17694,1,36
17695,1,36
17696,1,36
17697,1,36
17698,1,36
17699,1,36
17701,1,36
17702,1,36
17703,1,36
17704,1,36
17705,1,35
17706,1,35
17707,1,35
17708,1,35
17709,1,35
17710,1,35
17711,1,35
17712,1,35
17713,1,35
17714,1,35
17715,1,35
17716,1,35
17717,1,35
17718,1,35
17719,1,35
17720,1,35
17721,1,35
17722,1,35
17723,1,35
17724,1,35
17725,1,35
17726,1,35
17727,1,35
17728,1,35
17729,1,35
17730,1,35
17731,1,35
17732,1,35
17733,1,35
17734,1,35
17735,1,35
17736,1,35
17737,1,35
17738,1,35
17739,1,35
17740,1,35
17741,1,35
17742,1,35
17743,1,35
17744,1,35
17745,1,35
17746,1,35
17747,1,35
17748,1,35
17749,1,35
17750,1,35
17751,1,35
17752,1,35
17753,1,35
17754,1,35
17755,1,35
17756,1,35
17757,1,35
17758,1,35
17759,1,35
17760,1,35
17761,1,35
17762,1,35
17763,1,35
17764,1,34
17765,1,34
17766,1,34
17767,1,34
17768,1,34
17769,1,34
17770,1,34
17771,1,34
17772,1,34
17773,1,34
17774,1,34
17775,1,34
17776,1,34
17777,1,34
17778,1,34
17779,1,35
17780,1,35
17781,1,35
17782,1,35
17783,1,35
17784,1,35
17785,1,35
17786,1,35
17787,1,34
17788,1,34
17789,1,34
17790,1,34
17791,1,34
17792,1,34
17793,1,34
17794,1,34
17795,1,34
17796,1,34
17797,1,34
17798,1,34
17799,1,34
17801,1,34
17802,1,34
17803,1,34
17804,1,34
17805,1,34
17806,1,34
17807,1,34
17808,1,34
17809,1,34
17810,1,34
17811,1,34
17812,1,34
17813,1,34
17814,1,34
17815,1,34
17816,1,33
17817,1,33
17818,1,33
17819,1,33
17820,1,33
17821,1,33
17822,1,33
17823,1,33
17824,1,33
17825,1,33
17826,1,33
17827,1,33
17828,1,33
17829,1,33
17830,1,33
17831,1,33
17832,1,33
17833,1,33
17834,1,33
17835,1,33
17836,1,34
17837,1,34
17838,1,34
17839,1,34
17840,1,34
17841,1,34
17842,1,34
17843,1,34
17844,1,34
17845,1,34
17846,1,34
17847,1,34
17848,1,34
17849,1,34
17850,1,34
17851,1,34
17852,1,34
17853,1,34
17854,1,34
17855,1,34
17856,1,34
17857,1,34
17858,1,34
17859,1,34
17860,1,33
17861,1,33
17862,1,33
17863,1,33
17864,1,33
17865,1,33
17866,1,33
17867,1,33
17868,1,33
17869,1,33
17870,1,33
17871,1,33
17872,1,33
17873,1,33
17874,1,33
17875,1,33
17876,1,33
17877,1,33
17878,1,33
17879,1,33
17880,1,33
17881,1,33
17882,1,33
17883,1,33
17884,1,33
17885,1,33
17886,1,33
17887,1,33
17888,1,33
17889,1,33
17890,1,32
17891,1,32
17892,1,32
17893,1,32
17894,1,32
17895,1,32
17896,1,32
17897,1,32
17898,1,32
17899,1,32
17901,1,32
17902,1,32
17903,1,32
17904,1,32
17905,1,32
17906,1,32
17907,1,32
17908,1,32
17909,1,32
17910,1,32
17911,1,32
17912,1,32
17913,1,32
17914,1,32
17915,1,32
17916,1,32
17917,1,32
17918,1,32
17919,1,32
17920,1,32
17921,1,32
17922,1,32
17923,1,32
17924,1,32
17925,1,32
17926,1,32
17927,1,32
17928,1,32
17929,1,32
17930,1,32
17931,1,32
17932,1,32
17933,1,32
17934,1,32
17935,1,32
17936,1,32
17937,1,32
17938,1,32
17939,1,32
17940,1,32
17941,1,32
17942,1,32
17943,1,32
17944,1,32
17945,1,32
17946,1,32
17947,1,32
17948,1,33
17949,1,33
17950,1,33
17951,1,33
17952,1,33
17953,1,33
17954,1,33
17955,1,33
17956,1,33
17957,1,33
17958,1,33
17959,1,33
17960,1,33
17961,1,33
17962,1,33
17963,1,33
17964,1,33
17965,1,33
17966,1,33
17967,1,33
17968,1,33
17969,1,33
17970,1,33
17971,1,33
17972,1,33
17973,1,32
17974,1,32
17975,1,33
17976,1,33
17977,1,33
17978,1,33
17979,1,33
17980,1,33
17981,1,33
17982,1,33
17983,1,33
17984,1,33
17985,1,33
17986,1,33
17987,1,34
17988,1,34
17989,1,34
17990,1,34
17991,1,34
17992,1,34
17993,1,34
17994,1,34
17995,1,34
17996,1,33
17997,1,33
17998,1,33
17999,1,33
18001,1,33
18002,1,33
18003,1,33
18004,1,33
18005,1,33
18006,1,33
18007,1,33
18008,1,33
18009,1,33
18010,1,33
18011,1,33
18012,1,33
18013,1,33
18014,1,33
18015,1,33
18016,1,33
18017,1,33
18018,1,33
18019,1,33
18020,1,33
18021,1,33
18022,1,33
18023,1,33
18024,1,32
18025,1,32
18026,1,32
18027,1,32
18028,1,32
18029,1,32
18030,1,32
18031,1,32
18032,1,32
18033,1,32
18034,1,32
18035,1,32
18036,1,32
18037,1,32
18038,1,32
18039,1,32
18040,1,32
18041,1,32
18042,1,32
18043,1,32
18044,1,32
18045,1,32
18046,1,32
18047,1,32
18048,1,32
18049,1,32
18050,1,32
18051,1,32
18052,1,32
18053,1,32
18054,1,32
18055,1,32
18056,1,32
18057,1,32
18058,1,32
18059,1,32
18060,1,32
18061,1,32
18062,1,32
18063,1,32
18064,1,32
18065,1,32
18066,1,32
18067,1,32
18068,1,32
18069,1,32
18070,1,32
18071,1,32
18072,1,32
18073,1,32
18074,1,32
18075,1,32
18076,1,32
18077,1,32
18078,1,32
18079,1,32
18080,1,32
18081,1,32
18082,1,32
18083,1,32
18084,1,32
18085,1,32
18086,1,32
18087,1,32
18088,1,32
18089,1,31
18090,1,31
18091,1,31
18092,1,31
18093,1,31
18094,1,31
18095,1,31
18096,1,31
18097,1,31
18098,1,31
18099,1,31
18101,1,31
18102,1,31
18103,1,31
18104,1,31
18105,1,31
18106,1,31
18107,1,31
18108,1,31
18109,1,31
18110,1,31
18111,1,31
18112,1,31
18113,1,31
18114,1,31
18115,1,31
18116,1,31
18117,1,31
18118,1,31
18119,1,31
18120,1,31
18121,1,30
18122,1,30
18123,1,30
18124,1,30
18125,1,30
18126,1,30
18127,1,30
18128,1,30
18129,1,30
18130,1,30
18131,1,31
18132,1,31
18133,1,31
18134,1,31
18135,1,31
18136,1,31
18137,1,31
18138,1,31
18139,1,31
18140,1,31
18141,1,31
18142,1,31
18143,1,31
18144,1,31
18145,1,31
18146,1,31
18147,1,31
18148,1,31
18149,1,31
18150,1,32
18151,1,32
18152,1,32
18153,1,32
18154,1,32
18155,1,32
18156,1,32
18157,1,32
18158,1,32
18159,1,32
18160,1,32
18161,1,32
18162,1,32
18163,1,32
18164,1,32
18165,1,32
18166,1,32
18167,1,32
18168,1,32
18169,1,31
18170,1,31
18171,1,31
18172,1,31
18173,1,31
18174,1,31
18175,1,31
18176,1,31
18177,1,31
18178,1,31
18179,1,31
18180,1,31
18181,1,31
18182,1,31
18183,1,31
18184,1,31
18185,1,31
18186,1,31
18187,1,31
18188,1,31
18189,1,31
18190,1,31
18191,1,31
18192,1,31
18193,1,31
18194,1,31
18195,1,31
18196,1,31
18197,1,31
18198,1,31
18199,1,31
18201,1,31
18202,1,30
18203,1,30
18204,1,30
18205,1,30
18206,1,30
18207,1,31
18208,1,32
18209,1,32
18210,1,32
18211,1,32
18212,1,32
18213,1,32
18214,1,32
18215,1,32
18216,1,32
18217,1,32
18218,1,32
18219,1,32
18220,1,32
18221,1,32
18222,1,32
18223,1,32
18224,1,32
18225,1,32
18226,1,31
18227,1,31
18228,1,31
18229,1,31
18230,1,31
18231,1,31
18232,1,31
18233,1,31
18234,1,31
18235,1,31
18236,1,31
18237,1,31
18238,1,31
18239,1,31
18240,1,31
18241,1,31
18242,1,31
18243,1,31
18244,1,31
18245,1,31
18246,1,31
18247,1,31
18248,1,31
18249,1,31
18250,1,30
18251,1,30
18252,1,30
18253,1,30
18254,1,30
18255,1,30
18256,1,30
18257,1,31
18258,1,31
18259,1,31
18260,1,31
18261,1,31
18262,1,31
18263,1,31
18264,1,31
18265,1,30
18266,1,30
18267,1,30
18268,1,30
18269,1,30
18270,1,30
18271,1,30
18272,1,30
18273,1,30
18274,1,30
18275,1,30
18276,1,30
18277,1,30
18278,1,30
18279,1,30
18280,1,30
18281,1,30
18282,1,30
18283,1,30
18284,1,30
18285,1,30
18286,1,30
18287,1,30
18288,1,30
18289,1,30
18290,1,30
18291,1,30
18292,1,30
18293,1,30
18294,1,30
18295,1,30
18296,1,30
18297,1,30
18298,1,29
18299,1,29
18301,1,29
18302,1,29
18303,1,29
18304,1,29
18305,1,29
18306,1,29
18307,1,29
18308,1,29
18309,1,29
18310,1,29
18311,1,29
18312,1,29
18313,1,29
18314,1,29
18315,1,29
18316,1,29
18317,1,29
18318,1,29
18319,1,29
18320,1,29
18321,1,29
18322,1,29
18323,1,29
18324,1,29
18325,1,29
18326,1,29
18327,1,29
18328,1,29
18329,1,29
18330,1,29
18331,1,29
18332,1,29
18333,1,29
18334,1,29
18335,1,29
18336,1,29
18337,1,29
18338,1,29
18339,1,29
18340,1,29
18341,1,29
18342,1,29
18343,1,29
18344,1,29
18345,1,29
18346,1,29
18347,1,29
18348,1,29
18349,1,29
18350,1,29
18351,1,29
18352,1,29
18353,1,29
18354,1,29
18355,1,29
18356,1,29
18357,1,29
18358,1,29
18359,1,30
18360,1,30
18361,1,30
18362,1,30
18363,1,30
18364,1,30
18365,1,30
18366,1,30
18367,1,30
18368,1,30
18369,1,30
18370,1,30
18371,1,30
18372,1,30
18373,1,30
18374,1,30
18375,1,30
18376,1,30
18377,1,30
18378,1,30
18379,1,30
18380,1,30
18381,1,30
18382,1,30
18383,1,30
18384,1,30
18385,1,30
18386,1,30
18387,1,30
18388,1,30
18389,1,30
18390,1,30
18391,1,30
18392,1,30
18393,1,30
18394,1,30
18395,1,30
18396,1,30
18397,1,30
18398,1,30
18399,1,30
18401,1,30
18402,1,30
18403,1,30
18404,1,30
18405,1,30
18406,1,30
18407,1,30
18408,1,30
18409,1,31
18410,1,31
18411,1,31
18412,1,31
18413,1,31
18414,1,30
18415,1,30
18416,1,30
18417,1,30
18418,1,30
18419,1,30
18420,1,30
18421,1,30
18422,1,30
18423,1,30
18424,1,30
18425,1,30
18426,1,30
18427,1,30
18428,1,30
18429,1,29
18430,1,29
18431,1,30
18432,1,30
18433,1,30
18434,1,30
18435,1,30
18436,1,30
18437,1,30
18438,1,30
18439,1,30
18440,1,30
18441,1,29
18442,1,29
18443,1,29
18444,1,30
18445,1,30
18446,1,30
18447,1,30
18448,1,30
18449,1,30
18450,1,30
18451,1,30
18452,1,30
18453,1,30
18454,1,30
18455,1,30
18456,1,30
18457,1,30
18458,1,30
18459,1,30
18460,1,30
18461,1,30
18462,1,30
18463,1,30
18464,1,30
18465,1,30
18466,1,30
18467,1,30
18468,1,30
18469,1,30
18470,1,30
18471,1,30
18472,1,30
18473,1,30
18474,1,30
18475,1,30
18476,1,30
18477,1,30
18478,1,30
18479,1,30
18480,1,30
18481,1,30
18482,1,30
18483,1,30
18484,1,30
18485,1,30
18486,1,30
18487,1,29
18488,1,29
18489,1,29
18490,1,29
18491,1,29
18492,1,29
18493,1,29
18494,1,29
18495,1,29
18496,1,29
18497,1,29
18498,1,29
18499,1,29
18501,1,29
18502,1,29
18503,1,29
18504,1,29
18505,1,29
18506,1,29
18507,1,29
18508,1,29
18509,1,29
18510,1,29
18511,1,29
18512,1,29
18513,1,29
18514,1,29
18515,1,29
18516,1,29
18517,1,29
18518,1,29
18519,1,29
18520,1,29
18521,1,29
18522,1,29
18523,1,28
18524,1,28
18525,1,28
18526,1,28
18527,1,28
18528,1,28
18529,1,28
18530,1,28
18531,1,28
18532,1,28
18533,1,28
18534,1,28
18535,1,28
18536,1,28
18537,1,28
18538,1,29
18539,1,29
18540,1,29
18541,1,29
18542,1,29
18543,1,29
18544,1,29
18545,1,29
18546,1,29
18547,1,29
18548,1,28
18549,1,28
18550,1,28
18551,1,28
18552,1,28
18553,1,28
18554,1,28
18555,1,28
18556,1,28
18557,1,28
18558,1,28
18559,1,28
18560,1,28
18561,1,28
18562,1,27
18563,1,27
18564,1,27
18565,1,27
18566,1,27
18567,1,27
18568,1,27
18569,1,27
18570,1,27
18571,1,27
18572,1,27
18573,1,27
18574,1,27
18575,1,27
18576,1,27
18577,1,27
18578,1,27
18579,1,27
18580,1,27
18581,1,27
18582,1,27
18583,1,27
18584,1,27
18585,1,27
18586,1,27
18587,1,27
18588,1,27
18589,1,28
18590,1,28
18591,1,28
18592,1,28
18593,1,28
18594,1,28
18595,1,28
18596,1,28
18597,1,28
18598,1,28
18599,1,28
18601,1,28
18602,1,28
18603,1,28
18604,1,28
18605,1,29
18606,1,29
18607,1,29
18608,1,29
18609,1,29
18610,1,29
18611,1,29
18612,1,29
18613,1,29
18614,1,29
18615,1,29
18616,1,29
18617,1,29
18618,1,29
18619,1,29
18620,1,29
18621,1,29
18622,1,29
18623,1,29
18624,1,29
18625,1,29
18626,1,29
18627,1,29
18628,1,29
18629,1,28
18630,1,28
18631,1,28
18632,1,28
18633,1,28
18634,1,28
18635,1,28
18636,1,28
18637,1,28
18638,1,28
18639,1,28
18640,1,28
18641,1,28
18642,1,28
18643,1,29
18644,1,29
18645,1,29
18646,1,29
18647,1,29
18648,1,29
18649,1,29
18650,1,29
18651,1,29
18652,1,29
18653,1,29
18654,1,29
18655,1,29
18656,1,29
18657,1,29
18658,1,29
18659,1,29
18660,1,29
18661,1,29
18662,1,29
18663,1,29
18664,1,29
18665,1,29
18666,1,29
18667,1,29
18668,1,29
18669,1,29
18670,1,29
18671,1,29
18672,1,29
18673,1,29
18674,1,29
18675,1,29
18676,1,29
18677,1,29
18678,1,29
18679,1,29
18680,1,29
18681,1,29
18682,1,28
18683,1,29
18684,1,29
18685,1,29
18686,1,29
18687,1,29
18688,1,29
18689,1,29
18690,1,29
18691,1,28
18692,1,28
18693,1,28
18694,1,28
18695,1,28
18696,1,28
18697,1,28
18698,1,28
18699,1,28
18701,1,28
18702,1,28
18703,1,28
18704,1,28
18705,1,28
18706,1,28
18707,1,28
18708,1,28
18709,1,28
18710,1,28
18711,1,28
18712,1,28
18713,1,28
18714,1,29
18715,1,29
18716,1,29
18717,1,29
18718,1,29
18719,1,29
18720,1,29
18721,1,29
18722,1,29
18723,1,29
18724,1,29
18725,1,29
18726,1,29
18727,1,29
18728,1,29
18729,1,29
18730,1,29
18731,1,29
18732,1,29
18733,1,29
18734,1,29
18735,1,29
18736,1,29
18737,1,29
18738,1,29
18739,1,29
18740,1,29
18741,1,29
18742,1,29
18743,1,29
18744,1,29
18745,1,29
18746,1,29
18747,1,29
18748,1,29
18749,1,29
18750,1,29
18751,1,29
18752,1,29
18753,1,29
18754,1,29
18755,1,29
18756,1,29
18757,1,29
18758,1,29
18759,1,29
18760,1,29
18761,1,29
18762,1,29
18763,1,29
18764,1,29
18765,1,29
18766,1,29
18767,1,29
18768,1,29
18769,1,29
18770,1,29
18771,1,29
18772,1,29
18773,1,29
18774,1,29
18775,1,29
18776,1,29
18777,1,30
18778,1,30
18779,1,30
18780,1,30
18781,1,30
18782,1,30
18783,1,30
18784,1,30
18785,1,30
18786,1,30
18787,1,30
18788,1,30
18789,1,30
18790,1,30
18791,1,30
18792,1,30
18793,1,30
18794,1,30
18795,1,30
18796,1,30
18797,1,30
18798,1,30
18799,1,30
18801,1,30
18802,1,30
18803,1,30
18804,1,30
18805,1,30
18806,1,30
18807,1,30
18808,1,30
18809,1,29
18810,1,29
18811,1,29
18812,1,29
18813,1,29
18814,1,29
18815,1,29
18816,1,29
18817,1,29
18818,1,29
18819,1,29
18820,1,29
18821,1,29
18822,1,29
18823,1,29
18824,1,29
18825,1,29
18826,1,29
18827,1,29
18828,1,29
18829,1,29
18830,1,29
18831,1,29
18832,1,29
18833,1,29
18834,1,30
18835,1,30
18836,1,30
18837,1,30
18838,1,31
18839,1,31
18840,1,31
18841,1,31
18842,1,31
18843,1,31
18844,1,31
18845,1,31
18846,1,31
18847,1,31
18848,1,31
18849,1,31
18850,1,31
18851,1,31
18852,1,31
18853,1,31
18854,1,31
18855,1,31
18856,1,31
18857,1,31
18858,1,31
18859,1,31
18860,1,31
18861,1,31
18862,1,31
18863,1,31
18864,1,31
18865,1,31
18866,1,31
18867,1,31
18868,1,31
18869,1,31
18870,1,31
18871,1,31
18872,1,31
18873,1,31
18874,1,31
18875,1,31
18876,1,31
18877,1,31
18878,1,31
18879,1,31
18880,1,31
18881,1,31
18882,1,31
18883,1,31
18884,1,31
18885,1,31
18886,1,31
18887,1,31
18888,1,31
18889,1,31
18890,1,31
18891,1,31
18892,1,31
18893,1,31
18894,1,31
18895,1,31
18896,1,31
18897,1,31
18898,1,31
18899,1,31
18901,1,31
18902,1,31
18903,1,31
18904,1,31
18905,1,31
18906,1,31
18907,1,31
18908,1,31
18909,1,31
18910,1,31
18911,1,31
18912,1,31
18913,1,31
18914,1,31
18915,1,31
18916,1,31
18917,1,31
18918,1,30
18919,1,30
18920,1,30
18921,1,30
18922,1,30
18923,1,30
18924,1,30
18925,1,30
18926,1,30
18927,1,30
18928,1,30
18929,1,30
18930,1,30
18931,1,30
18932,1,30
18933,1,30
18934,1,30
18935,1,30
18936,1,30
18937,1,30
18938,1,30
18939,1,30
18940,1,30
18941,1,30
18942,1,30
18943,1,30
18944,1,30
18945,1,30
18946,1,30
18947,1,30
18948,1,30
18949,1,30
18950,1,30
18951,1,30
18952,1,30
18953,1,30
18954,1,30
18955,1,30
18956,1,30
18957,1,30
18958,1,30
18959,1,30
18960,1,30
18961,1,30
18962,1,30
18963,1,30
18964,1,30
18965,1,30
18966,1,30
18967,1,30
18968,1,30
18969,1,30
18970,1,30
18971,1,30
18972,1,30
18973,1,30
18974,1,30
18975,1,30
18976,1,30
18977,1,30
18978,1,30
18979,1,30
18980,1,30
18981,1,30
18982,1,30
18983,1,30
18984,1,30
18985,1,30
18986,1,30
18987,1,30
18988,1,30
18989,1,30
18990,1,30
18991,1,30
18992,1,30
18993,1,30
18994,1,30
18995,1,30
18996,1,30
18997,1,30
18998,1,30
18999,1,30
19001,1,30
19002,1,30
19003,1,30
19004,1,30
19005,1,30
19006,1,30
19007,1,30
19008,1,30
19009,1,30
19010,1,30
19011,1,31
19012,1,31
19013,1,31
19014,1,31
19015,1,31
19016,1,31
19017,1,31
19018,1,31
19019,1,31
19020,1,31
19021,1,31
19022,1,31
19023,1,31
19024,1,31
19025,1,31
19026,1,31
19027,1,31
19028,1,31
19029,1,31
19030,1,30
19031,1,30
19032,1,30
19033,1,30
19034,1,30
19035,1,30
19036,1,30
19037,1,30
19038,1,30
19039,1,30
19040,1,30
19041,1,30
19042,1,30
19043,1,30
19044,1,30
19045,1,30
19046,1,30
19047,1,30
19048,1,30
19049,1,30
19050,1,30
19051,1,30
19052,1,30
19053,1,30
19054,1,30
19055,1,30
19056,1,30
19057,1,30
19058,1,30
19059,1,30
19060,1,30
19061,1,30
19062,1,30
19063,1,30
19064,1,30
19065,1,30
19066,1,30
19067,1,30
19068,1,30
19069,1,30
19070,1,30
19071,1,30
19072,1,30
19073,1,30
19074,1,30
19075,1,30
19076,1,30
19077,1,30
19078,1,30
19079,1,30
19080,1,30
19081,1,30
19082,1,30
19083,1,30
19084,1,30
19085,1,31
19086,1,31
19087,1,31
19088,1,31
19089,1,31
19090,1,31
19091,1,31
19092,1,31
19093,1,31
19094,1,31
19095,1,31
19096,1,31
19097,1,31
19098,1,31
19099,1,31
19101,1,31
19102,1,32
19103,1,32
19104,1,32
19105,1,32
19106,1,33
19107,1,33
19108,1,33
19109,1,33
19110,1,33
19111,1,33
19112,1,33
19113,1,33
19114,1,33
19115,1,33
19116,1,33
19117,1,33
19118,1,33
19119,1,33
19120,1,33
19121,1,33
19122,1,34
19123,1,34
19124,1,34
19125,1,34
19126,1,34
19127,1,34
19128,1,34
19129,1,34
19130,1,34
19131,1,34
19132,1,34
19133,1,34
19134,1,34
19135,1,34
19136,1,34
19137,1,34
19138,1,34
19139,1,34
19140,1,33
19141,1,33
19142,1,33
19143,1,33
19144,1,33
19145,1,33
19146,1,33
19147,1,33
19148,1,33
19149,1,33
19150,1,33
19151,1,33
19152,1,33
19153,1,33
19154,1,33
19155,1,33
19156,1,33
19157,1,33
19158,1,33
19159,1,33
19160,1,33
19161,1,33
19162,1,33
19163,1,33
19164,1,33
19165,1,33
19166,1,33
19167,1,33
19168,1,33
19169,1,33
19170,1,33
19171,1,33
19172,1,33
19173,1,33
19174,1,33
19175,1,33
19176,1,33
19177,1,33
19178,1,33
19179,1,33
19180,1,33
19181,1,33
19182,1,33
19183,1,33
19184,1,33
19185,1,33
19186,1,33
19187,1,33
19188,1,33
19189,1,33
19190,1,32
19191,1,33
19192,1,33
19193,1,33
19194,1,33
19195,1,33
19196,1,33
19197,1,33
19198,1,33
19199,1,33
19201,1,33
19202,1,33
19203,1,33
19204,1,33
19205,1,33
19206,1,33
19207,1,33
19208,1,33
19209,1,33
19210,1,33
19211,1,33
19212,1,33
19213,1,33
19214,1,33
19215,1,33
19216,1,33
19217,1,33
19218,1,33
19219,1,33
19220,1,33
19221,1,33
19222,1,33
19223,1,33
19224,1,33
19225,1,33
19226,1,33
19227,1,33
19228,1,33
19229,1,33
19230,1,33
19231,1,33
19232,1,33
19233,1,33
19234,1,33
19235,1,33
19236,1,33
19237,1,33
19238,1,33
19239,1,33
19240,1,33
19241,1,33
19242,1,33
19243,1,33
19244,1,33
19245,1,33
19246,1,33
19247,1,33
19248,1,33
19249,1,33
19250,1,33
19251,1,33
19252,1,33
19253,1,34
19254,1,34
19255,1,34
19256,1,34
19257,1,34
19258,1,34
19259,1,34
19260,1,34
19261,1,34
19262,1,34
19263,1,34
19264,1,34
19265,1,34
19266,1,34
19267,1,34
19268,1,34
19269,1,34
19270,1,34
19271,1,34
19272,1,34
19273,1,34
19274,1,34
19275,1,34
19276,1,34
19277,1,34
19278,1,34
19279,1,34
19280,1,34
19281,1,34
19282,1,34
19283,1,34
19284,1,34
19285,1,34
19286,1,34
19287,1,34
19288,1,34
19289,1,33
19290,1,33
19291,1,33
19292,1,33
19293,1,33
19294,1,33
19295,1,33
19296,1,33
19297,1,33
19298,1,33
19299,1,33
19301,1,33
19302,1,33
19303,1,33
19304,1,33
19305,1,33
19306,1,33
19307,1,33
19308,1,33
19309,1,33
19310,1,33
19311,1,33
19312,1,33
19313,1,33
19314,1,33
19315,1,33
19316,1,33
19317,1,33
19318,1,33
19319,1,33
19320,1,33
19321,1,33
19322,1,32
19323,1,32
19324,1,32
19325,1,31
19326,1,31
19327,1,31
19328,1,31
19329,1,31
19330,1,31
19331,1,31
19332,1,31
19333,1,31
19334,1,31
19335,1,31
19336,1,31
19337,1,31
19338,1,31
19339,1,31
19340,1,31
19341,1,31
19342,1,31
19343,1,31
19344,1,31
19345,1,31
19346,1,31
19347,1,31
19348,1,31
19349,1,31
19350,1,31
19351,1,31
19352,1,31
19353,1,31
19354,1,31
19355,1,31
19356,1,31
19357,1,31
19358,1,31
19359,1,31
19360,1,31
19361,1,31
19362,1,31
19363,1,31
19364,1,31
19365,1,31
19366,1,31
19367,1,31
19368,1,31
19369,1,31
19370,1,31
19371,1,31
19372,1,31
19373,1,31
19374,1,31
19375,1,31
19376,1,31
19377,1,31
19378,1,31
19379,1,31
19380,1,31
19381,1,32
19382,1,32
19383,1,32
19384,1,32
19385,1,32
19386,1,32
19387,1,32
19388,1,32
19389,1,32
19390,1,32
19391,1,32
19392,1,32
19393,1,32
19394,1,32
19395,1,32
19396,1,32
19397,1,32
19398,1,32
19399,1,32
19401,1,32
19402,1,32
19403,1,32
19404,1,32
19405,1,32
19406,1,32
19407,1,32
19408,1,32
19409,1,32
19410,1,32
19411,1,32
19412,1,32
19413,1,32
19414,1,32
19415,1,32
19416,1,32
19417,1,32
19418,1,32
19419,1,32
19420,1,32
19421,1,32
19422,1,32
19423,1,32
19424,1,33
19425,1,33
19426,1,33
19427,1,33
19428,1,33
19429,1,33
19430,1,33
19431,1,33
19432,1,33
19433,1,33
19434,1,33
19435,1,33
19436,1,34
19437,1,34
19438,1,34
19439,1,34
19440,1,34
19441,1,34
19442,1,34
19443,1,34
19444,1,34
19445,1,34
19446,1,34
19447,1,34
19448,1,34
19449,1,34
19450,1,34
19451,1,34
19452,1,34
19453,1,34
19454,1,34
19455,1,34
19456,1,34
19457,1,34
19458,1,34
19459,1,34
19460,1,34
19461,1,34
19462,1,34
19463,1,34
19464,1,34
19465,1,34
19466,1,34
19467,1,34
19468,1,34
19469,1,34
19470,1,34
19471,1,34
19472,1,34
19473,1,34
19474,1,34
19475,1,34
19476,1,34
19477,1,34
19478,1,34
19479,1,34
19480,1,34
19481,1,34
19482,1,34
19483,1,34
19484,1,34
19485,1,34
19486,1,34
19487,1,34
19488,1,34
19489,1,34
19490,1,34
19491,1,34
19492,1,34
19493,1,34
19494,1,34
19495,1,34
19496,1,34
19497,1,34
19498,1,34
19499,1,34
19501,1,34
19502,1,34
19503,1,34
19504,1,34
19505,1,34
19506,1,34
19507,1,34
19508,1,34
19509,1,34
19510,1,34
19511,1,34
19512,1,34
19513,1,34
19514,1,34
19515,1,33
19516,1,33
19517,1,33
19518,1,33
19519,1,33
19520,1,33
19521,1,33
19522,1,33
19523,1,33
19524,1,33
19525,1,33
19526,1,33
19527,1,33
19528,1,34
19529,1,34
19530,1,34
19531,1,34
19532,1,34
19533,1,34
19534,1,34
19535,1,34
19536,1,34
19537,1,34
19538,1,34
19539,1,34
19540,1,34
19541,1,34
19542,1,34
19543,1,34
19544,1,34
19545,1,34
19546,1,34
19547,1,34
19548,1,34
19549,1,34
19550,1,34
19551,1,34
19552,1,34
19553,1,34
19554,1,34
19555,1,34
19556,1,34
19557,1,34
19558,1,34
19559,1,34
19560,1,34
19561,1,34
19562,1,34
19563,1,34
19564,1,34
19565,1,34
19566,1,34
19567,1,34
19568,1,33
19569,1,34
19570,1,34
19571,1,34
19572,1,34
19573,1,34
19574,1,34
19575,1,34
19576,1,34
19577,1,34
19578,1,34
19579,1,34
19580,1,34
19581,1,34
19582,1,34
19583,1,34
19584,1,34
19585,1,33
19586,1,33
19587,1,33
19588,1,33
19589,1,33
19590,1,33
19591,1,33
19592,1,33
19593,1,33
19594,1,33
19595,1,33
19596,1,33
19597,1,33
19598,1,33
19599,1,33
19601,1,33
19602,1,33
19603,1,33
19604,1,33
19605,1,33
19606,1,33
19607,1,33
19608,1,33
19609,1,33
19610,1,33
19611,1,33
19612,1,33
19613,1,34
19614,1,34
19615,1,34
19616,1,34
19617,1,33
19618,1,33
19619,1,33
19620,1,33
19621,1,33
19622,1,33
19623,1,33
19624,1,33
19625,1,33
19626,1,33
19627,1,33
19628,1,33
19629,1,33
19630,1,33
19631,1,33
19632,1,33
19633,1,33
19634,1,33
19635,1,33
19636,1,33
19637,1,33
19638,1,33
19639,1,33
19640,1,33
19641,1,33
19642,1,33
19643,1,33
19644,1,33
19645,1,33
19646,1,33
19647,1,33
19648,1,33
19649,1,33
19650,1,34
19651,1,34
19652,1,34
19653,1,34
19654,1,34
19655,1,34
19656,1,34
19657,1,34
19658,1,34
19659,1,34
19660,1,34
19661,1,34
19662,1,34
19663,1,34
19664,1,34
19665,1,34
19666,1,34
19667,1,34
19668,1,34
19669,1,34
19670,1,34
19671,1,34
19672,1,34
19673,1,33
19674,1,33
19675,1,33
19676,1,33
19677,1,33
19678,1,33
19679,1,33
19680,1,33
19681,1,33
19682,1,33
19683,1,33
19684,1,33
19685,1,33
19686,1,33
19687,1,33
19688,1,33
19689,1,33
19690,1,33
19691,1,33
19692,1,33
19693,1,33
19694,1,33
19695,1,33
19696,1,33
19697,1,33
19698,1,33
19699,1,33
19701,1,33
19702,1,32
19703,1,32
19704,1,32
19705,1,32
19706,1,32
19707,1,32
19708,1,32
19709,1,32
19710,1,32
19711,1,32
19712,1,32
19713,1,32
19714,1,32
19715,1,32
19716,1,32
19717,1,32
19718,1,32
19719,1,32
19720,1,32
19721,1,32
19722,1,32
19723,1,32
19724,1,33
19725,1,33
19726,1,33
19727,1,33
19728,1,33
19729,1,33
19730,1,33
19731,1,33
19732,1,33
19733,1,33
19734,1,33
19735,1,33
19736,1,33
19737,1,33
19738,1,33
19739,1,33
19740,1,33
19741,1,33
19742,1,33
19743,1,33
19744,1,33
19745,1,33
19746,1,32
19747,1,32
19748,1,32
19749,1,32
19750,1,32
19751,1,32
19752,1,32
19753,1,32
19754,1,32
19755,1,32
19756,1,32
19757,1,32
19758,1,32
19759,1,32
19760,1,32
19761,1,32
19762,1,32
19763,1,32
19764,1,32
19765,1,32
19766,1,32
19767,1,32
19768,1,32
19769,1,32
19770,1,32
19771,1,32
19772,1,32
19773,1,32
19774,1,32
19775,1,32
19776,1,32
19777,1,32
19778,1,32
19779,1,32
19780,1,32
19781,1,32
19782,1,32
19783,1,32
19784,1,32
19785,1,32
19786,1,32
19787,1,32
19788,1,31
19789,1,31
19790,1,31
19791,1,31
19792,1,31
19793,1,31
19794,1,32
19795,1,32
19796,1,32
19797,1,32
19798,1,32
19799,1,32
19801,1,32
19802,1,32
19803,1,32
19804,1,32
19805,1,32
19806,1,32
19807,1,32
19808,1,32
19809,1,32
19810,1,32
19811,1,32
19812,1,32
19813,1,31
19814,1,31
19815,1,31
19816,1,31
19817,1,31
19818,1,31
19819,1,31
19820,1,31
19821,1,31
19822,1,31
19823,1,31
19824,1,31
19825,1,31
19826,1,31
19827,1,31
19828,1,31
19829,1,31
19830,1,31
19831,1,31
19832,1,31
19833,1,31
19834,1,31
19835,1,31
19836,1,31
19837,1,31
19838,1,30
19839,1,30
19840,1,30
19841,1,31
19842,1,31
19843,1,31
19844,1,31
19845,1,31
19846,1,31
19847,1,31
19848,1,31
19849,1,31
19850,1,31
19851,1,31
19852,1,31
19853,1,31
19854,1,31
19855,1,31
19856,1,31
19857,1,31
19858,1,31
19859,1,32
19860,1,32
19861,1,32
19862,1,32
19863,1,32
19864,1,32
19865,1,32
19866,1,32
19867,1,32
19868,1,32
19869,1,32
19870,1,32
19871,1,32
19872,1,32
19873,1,32
19874,1,32
19875,1,32
19876,1,32
19877,1,32
19878,1,32
19879,1,32
19880,1,32
19881,1,32
19882,1,32
19883,1,32
19884,1,32
19885,1,32
19886,1,32
19887,1,32
19888,1,32
19889,1,32
19890,1,32
19891,1,32
19892,1,32
19893,1,32
19894,1,32
19895,1,32
19896,1,32
19897,1,32
19898,1,32
19899,1,32
19901,1,32
19902,1,32
19903,1,32
19904,1,32
19905,1,32
19906,1,32
19907,1,32
19908,1,32
19909,1,32
19910,1,32
19911,1,32
19912,1,32
19913,1,32
19914,1,32
19915,1,32
19916,1,32
19917,1,32
19918,1,32
19919,1,32
19920,1,32
19921,1,32
19922,1,32
19923,1,32
19924,1,32
19925,1,32
19926,1,32
19927,1,32
19928,1,32
19929,1,32
19930,1,32
19931,1,32
19932,1,32
19933,1,32
19934,1,32
19935,1,32
19936,1,32
19937,1,32
19938,1,32
19939,1,32
19940,1,32
19941,1,32
19942,1,32
19943,1,32
19944,1,32
19945,1,32
19946,1,32
19947,1,32
19948,1,32
19949,1,32
19950,1,32
19951,1,32
19952,1,32
19953,1,32
19954,1,32
19955,1,32
19956,1,32
19957,1,32
19958,1,32
19959,1,32
19960,1,32
19961,1,32
19962,1,32
19963,1,32
19964,1,32
19965,1,32
19966,1,32
19967,1,32
19968,1,32
19969,1,32
19970,1,32
19971,1,32
19972,1,32
19973,1,32
19974,1,32
19975,1,32
19976,1,32
19977,1,32
19978,1,32
19979,1,32
19980,1,32
19981,1,32
19982,1,32
19983,1,32
19984,1,32
19985,1,32
19986,1,32
19987,1,32
19988,1,32
19989,1,32
19990,1,32
19991,1,32
19992,1,32
19993,1,32
19994,1,32
19995,1,32
19996,1,32
19997,1,32
19998,1,32
19999,1,32
