2025-11-23 03:28:59,571 [INFO] PredPreyGrassEnv.env-99b9eef7: event=logger_initialised | env_id=env-99b9eef7 | log_path=logs/run_20251123_032851/envs/predpreygrass_env_1358084_env-99b9eef7.log | level=DEBUG
2025-11-23 03:28:59,582 [INFO] PredPreyGrassEnv.env-99b9eef7: event=InitComplete | env_id=env-99b9eef7 | step=NA | enable_continuous_space=True | world_size=[800, 800] | grid_size=10 | possible_agents=40000 | initial_agents=25 | max_steps=800 | action_space_type='continuous' | log_path='logs/run_20251123_032851/envs/predpreygrass_env_1358084_env-99b9eef7.log'
2025-11-23 03:29:02,044 [INFO] PredPreyGrassEnv.env-99b9eef7: event=ResetBegin | env_id=env-99b9eef7 | step=NA | seed=None | options=None | enable_continuous_space=True | n_possible_predators=20000 | n_possible_prey=20000
2025-11-23 03:29:02,049 [DEBUG] PredPreyGrassEnv.env-99b9eef7: event=ResetPositionsGenerated | env_id=env-99b9eef7 | step=0 | predator_samples=[[548.8537083852891, 252.3075763751133], [317.64523995466135, 672.3346419198708], [90.49938004822599, 431.00108326561406]] | prey_samples=[[349.6520375935893, 308.9830695641215], [494.3776967771409, 359.52590753782016], [702.4118228202467, 55.54699641745767]] | grass_samples=[[705.0658158100034, 88.82720802893417], [639.7532293670243, 56.65817130764873], [676.5495359900335, 295.58157087206166]] | total_entities=125
2025-11-23 03:29:02,056 [INFO] PredPreyGrassEnv.env-99b9eef7: event=ResetComplete | env_id=env-99b9eef7 | step=0 | predator_count=5 | prey_count=20 | grass_count=100 | predator_samples=[['predator_0', [548.8537083852891, 252.3075763751133]], ['predator_1', [317.64523995466135, 672.3346419198708]], ['predator_2', [90.49938004822599, 431.00108326561406]]] | prey_samples=[['prey_0', [349.6520375935893, 308.9830695641215]], ['prey_1', [494.3776967771409, 359.52590753782016]], ['prey_2', [702.4118228202467, 55.54699641745767]]] | grass_samples=[['grass_0', [705.0658158100034, 88.82720802893417]], ['grass_1', [639.7532293670243, 56.65817130764873]], ['grass_2', [676.5495359900335, 295.58157087206166]]]
2025-11-23 03:29:02,079 [DEBUG] PredPreyGrassEnv.env-99b9eef7: event=StepBegin | env_id=env-99b9eef7 | step=0 | incoming_actions=['predator_0', 'predator_1', 'predator_2', 'predator_3', 'predator_4', ...] | active_agents=25 | current_step=0
2025-11-23 03:29:02,085 [DEBUG] PredPreyGrassEnv.env-99b9eef7: event=StepSummary | env_id=env-99b9eef7 | step=0 | current_step=0 | terminated_agents=[] | truncated_agents=[] | remaining_agents=25 | reward_preview={prey_1:-0.001, prey_3:-0.001, prey_5:-0.001, prey_0:-0.001, predator_4:-0.001} | info_preview={}
2025-11-23 03:29:02,112 [DEBUG] PredPreyGrassEnv.env-99b9eef7: event=StepBegin | env_id=env-99b9eef7 | step=1 | incoming_actions=['prey_1', 'prey_3', 'prey_5', 'prey_0', 'prey_18', ...] | active_agents=25 | current_step=1
2025-11-23 03:29:02,122 [DEBUG] PredPreyGrassEnv.env-99b9eef7: event=StepSummary | env_id=env-99b9eef7 | step=1 | current_step=1 | terminated_agents=[] | truncated_agents=[] | remaining_agents=25 | reward_preview={prey_1:-0.001, prey_3:-0.001, prey_5:-0.001, prey_0:-0.001, predator_4:-0.001} | info_preview={}
2025-11-23 03:29:02,149 [DEBUG] PredPreyGrassEnv.env-99b9eef7: event=StepBegin | env_id=env-99b9eef7 | step=2 | incoming_actions=['prey_1', 'prey_3', 'prey_5', 'prey_0', 'prey_18', ...] | active_agents=25 | current_step=2
2025-11-23 03:29:02,159 [DEBUG] PredPreyGrassEnv.env-99b9eef7: event=StepSummary | env_id=env-99b9eef7 | step=2 | current_step=2 | terminated_agents=[] | truncated_agents=[] | remaining_agents=25 | reward_preview={prey_1:-0.001, prey_3:-0.001, prey_5:-0.001, prey_0:-0.001, predator_4:-0.001} | info_preview={}
2025-11-23 03:29:02,181 [DEBUG] PredPreyGrassEnv.env-99b9eef7: event=StepBegin | env_id=env-99b9eef7 | step=3 | incoming_actions=['prey_1', 'prey_3', 'prey_5', 'prey_0', 'prey_18', ...] | active_agents=25 | current_step=3
2025-11-23 03:29:02,185 [DEBUG] PredPreyGrassEnv.env-99b9eef7: event=StepSummary | env_id=env-99b9eef7 | step=3 | current_step=3 | terminated_agents=[] | truncated_agents=[] | remaining_agents=25 | reward_preview={prey_1:-0.001, prey_3:-0.001, prey_5:-0.001, prey_0:-0.001, predator_4:-0.001} | info_preview={}
2025-11-23 03:29:02,196 [DEBUG] PredPreyGrassEnv.env-99b9eef7: event=StepBegin | env_id=env-99b9eef7 | step=4 | incoming_actions=['prey_1', 'prey_3', 'prey_5', 'prey_0', 'prey_18', ...] | active_agents=25 | current_step=4
2025-11-23 03:29:02,204 [DEBUG] PredPreyGrassEnv.env-99b9eef7: event=StepSummary | env_id=env-99b9eef7 | step=4 | current_step=4 | terminated_agents=[] | truncated_agents=[] | remaining_agents=25 | reward_preview={prey_1:-0.001, prey_3:-0.001, prey_5:-0.001, prey_0:-0.001, predator_4:-0.001} | info_preview={}
2025-11-23 03:29:02,219 [DEBUG] PredPreyGrassEnv.env-99b9eef7: event=StepBegin | env_id=env-99b9eef7 | step=5 | incoming_actions=['prey_1', 'prey_3', 'prey_5', 'prey_0', 'prey_18', ...] | active_agents=25 | current_step=5
2025-11-23 03:29:02,223 [DEBUG] PredPreyGrassEnv.env-99b9eef7: event=StepSummary | env_id=env-99b9eef7 | step=5 | current_step=5 | terminated_agents=[] | truncated_agents=[] | remaining_agents=25 | reward_preview={prey_1:-0.001, prey_3:-0.001, prey_5:-0.001, prey_0:-0.001, predator_4:-0.001} | info_preview={}
2025-11-23 03:29:02,234 [DEBUG] PredPreyGrassEnv.env-99b9eef7: event=StepBegin | env_id=env-99b9eef7 | step=6 | incoming_actions=['prey_1', 'prey_3', 'prey_5', 'prey_0', 'prey_18', ...] | active_agents=25 | current_step=6
2025-11-23 03:29:02,238 [DEBUG] PredPreyGrassEnv.env-99b9eef7: event=StepSummary | env_id=env-99b9eef7 | step=6 | current_step=6 | terminated_agents=[] | truncated_agents=[] | remaining_agents=25 | reward_preview={prey_1:-0.001, prey_3:-0.001, prey_5:-0.001, prey_0:-0.001, predator_4:-0.001} | info_preview={}
2025-11-23 03:29:02,249 [DEBUG] PredPreyGrassEnv.env-99b9eef7: event=StepBegin | env_id=env-99b9eef7 | step=7 | incoming_actions=['prey_1', 'prey_3', 'prey_5', 'prey_0', 'prey_18', ...] | active_agents=25 | current_step=7
2025-11-23 03:29:02,252 [DEBUG] PredPreyGrassEnv.env-99b9eef7: event=StepSummary | env_id=env-99b9eef7 | step=7 | current_step=7 | terminated_agents=[] | truncated_agents=[] | remaining_agents=25 | reward_preview={prey_1:-0.001, prey_3:-0.001, prey_5:-0.001, prey_0:-0.001, predator_4:-0.001} | info_preview={}
2025-11-23 03:29:02,263 [DEBUG] PredPreyGrassEnv.env-99b9eef7: event=StepBegin | env_id=env-99b9eef7 | step=8 | incoming_actions=['prey_1', 'prey_3', 'prey_5', 'prey_0', 'prey_18', ...] | active_agents=25 | current_step=8
2025-11-23 03:29:02,268 [DEBUG] PredPreyGrassEnv.env-99b9eef7: event=StepSummary | env_id=env-99b9eef7 | step=8 | current_step=8 | terminated_agents=[] | truncated_agents=[] | remaining_agents=25 | reward_preview={prey_1:-0.001, prey_3:-0.001, prey_5:-0.001, prey_0:-0.001, predator_4:-0.001} | info_preview={}
2025-11-23 03:29:02,278 [DEBUG] PredPreyGrassEnv.env-99b9eef7: event=StepBegin | env_id=env-99b9eef7 | step=9 | incoming_actions=['prey_1', 'prey_3', 'prey_5', 'prey_0', 'prey_18', ...] | active_agents=25 | current_step=9
2025-11-23 03:29:02,282 [DEBUG] PredPreyGrassEnv.env-99b9eef7: event=StepSummary | env_id=env-99b9eef7 | step=9 | current_step=9 | terminated_agents=[] | truncated_agents=[] | remaining_agents=25 | reward_preview={prey_1:-0.001, prey_3:-0.001, prey_5:-0.001, prey_0:-0.001, predator_4:-0.001} | info_preview={}
2025-11-23 03:29:02,292 [DEBUG] PredPreyGrassEnv.env-99b9eef7: event=StepBegin | env_id=env-99b9eef7 | step=10 | incoming_actions=['prey_1', 'prey_3', 'prey_5', 'prey_0', 'prey_18', ...] | active_agents=25 | current_step=10
2025-11-23 03:29:02,296 [DEBUG] PredPreyGrassEnv.env-99b9eef7: event=StepSummary | env_id=env-99b9eef7 | step=10 | current_step=10 | terminated_agents=[] | truncated_agents=[] | remaining_agents=25 | reward_preview={prey_1:-0.001, prey_3:-0.001, prey_5:-0.001, prey_0:-0.001, predator_4:-0.001} | info_preview={}
2025-11-23 03:29:02,307 [DEBUG] PredPreyGrassEnv.env-99b9eef7: event=StepBegin | env_id=env-99b9eef7 | step=11 | incoming_actions=['prey_1', 'prey_3', 'prey_5', 'prey_0', 'prey_18', ...] | active_agents=25 | current_step=11
2025-11-23 03:29:02,309 [DEBUG] PredPreyGrassEnv.env-99b9eef7: event=PreyAteGrass | env_id=env-99b9eef7 | step=11 | prey='prey_17' | grass='grass_22' | prey_position=[704.1088274106871, 611.8833654994925] | grass_energy=10.0 | energy_gained=9.0 | prey_energy=148.32998813108685
2025-11-23 03:29:02,311 [DEBUG] PredPreyGrassEnv.env-99b9eef7: event=StepSummary | env_id=env-99b9eef7 | step=11 | current_step=11 | terminated_agents=[] | truncated_agents=[] | remaining_agents=25 | reward_preview={prey_1:-0.001, prey_3:-0.001, prey_5:-0.001, prey_0:-0.001, predator_4:-0.001} | info_preview={}
2025-11-23 03:29:02,322 [DEBUG] PredPreyGrassEnv.env-99b9eef7: event=StepBegin | env_id=env-99b9eef7 | step=12 | incoming_actions=['prey_1', 'prey_3', 'prey_5', 'prey_0', 'prey_18', ...] | active_agents=25 | current_step=12
2025-11-23 03:29:02,326 [DEBUG] PredPreyGrassEnv.env-99b9eef7: event=StepSummary | env_id=env-99b9eef7 | step=12 | current_step=12 | terminated_agents=[] | truncated_agents=[] | remaining_agents=25 | reward_preview={prey_1:-0.001, prey_3:-0.001, prey_5:-0.001, prey_0:-0.001, predator_4:-0.001} | info_preview={}
2025-11-23 03:29:02,337 [DEBUG] PredPreyGrassEnv.env-99b9eef7: event=StepBegin | env_id=env-99b9eef7 | step=13 | incoming_actions=['prey_1', 'prey_3', 'prey_5', 'prey_0', 'prey_18', ...] | active_agents=25 | current_step=13
2025-11-23 03:29:02,341 [DEBUG] PredPreyGrassEnv.env-99b9eef7: event=StepSummary | env_id=env-99b9eef7 | step=13 | current_step=13 | terminated_agents=[] | truncated_agents=[] | remaining_agents=25 | reward_preview={prey_1:-0.001, prey_3:-0.001, prey_5:-0.001, prey_0:-0.001, predator_4:-0.001} | info_preview={}
2025-11-23 03:29:02,351 [DEBUG] PredPreyGrassEnv.env-99b9eef7: event=StepBegin | env_id=env-99b9eef7 | step=14 | incoming_actions=['prey_1', 'prey_3', 'prey_5', 'prey_0', 'prey_18', ...] | active_agents=25 | current_step=14
2025-11-23 03:29:02,355 [DEBUG] PredPreyGrassEnv.env-99b9eef7: event=StepSummary | env_id=env-99b9eef7 | step=14 | current_step=14 | terminated_agents=[] | truncated_agents=[] | remaining_agents=25 | reward_preview={prey_1:-0.001, prey_3:-0.001, prey_5:-0.001, prey_0:-0.001, predator_4:-0.001} | info_preview={}
2025-11-23 03:29:02,366 [DEBUG] PredPreyGrassEnv.env-99b9eef7: event=StepBegin | env_id=env-99b9eef7 | step=15 | incoming_actions=['prey_1', 'prey_3', 'prey_5', 'prey_0', 'prey_18', ...] | active_agents=25 | current_step=15
2025-11-23 03:29:02,370 [DEBUG] PredPreyGrassEnv.env-99b9eef7: event=StepSummary | env_id=env-99b9eef7 | step=15 | current_step=15 | terminated_agents=[] | truncated_agents=[] | remaining_agents=25 | reward_preview={prey_1:-0.001, prey_3:-0.001, prey_5:-0.001, prey_0:-0.001, predator_4:-0.001} | info_preview={}
2025-11-23 03:29:02,381 [DEBUG] PredPreyGrassEnv.env-99b9eef7: event=StepBegin | env_id=env-99b9eef7 | step=16 | incoming_actions=['prey_1', 'prey_3', 'prey_5', 'prey_0', 'prey_18', ...] | active_agents=25 | current_step=16
2025-11-23 03:29:02,385 [DEBUG] PredPreyGrassEnv.env-99b9eef7: event=StepSummary | env_id=env-99b9eef7 | step=16 | current_step=16 | terminated_agents=[] | truncated_agents=[] | remaining_agents=25 | reward_preview={prey_1:-0.001, prey_3:-0.001, prey_5:-0.001, prey_0:-0.001, predator_4:-0.001} | info_preview={}
2025-11-23 03:29:02,397 [DEBUG] PredPreyGrassEnv.env-99b9eef7: event=StepBegin | env_id=env-99b9eef7 | step=17 | incoming_actions=['prey_1', 'prey_3', 'prey_5', 'prey_0', 'prey_18', ...] | active_agents=25 | current_step=17
2025-11-23 03:29:02,401 [DEBUG] PredPreyGrassEnv.env-99b9eef7: event=StepSummary | env_id=env-99b9eef7 | step=17 | current_step=17 | terminated_agents=[] | truncated_agents=[] | remaining_agents=25 | reward_preview={prey_1:-0.001, prey_3:-0.001, prey_5:-0.001, prey_0:-0.001, predator_4:-0.001} | info_preview={}
2025-11-23 03:29:02,413 [DEBUG] PredPreyGrassEnv.env-99b9eef7: event=StepBegin | env_id=env-99b9eef7 | step=18 | incoming_actions=['prey_1', 'prey_3', 'prey_5', 'prey_0', 'prey_18', ...] | active_agents=25 | current_step=18
2025-11-23 03:29:02,417 [DEBUG] PredPreyGrassEnv.env-99b9eef7: event=StepSummary | env_id=env-99b9eef7 | step=18 | current_step=18 | terminated_agents=[] | truncated_agents=[] | remaining_agents=25 | reward_preview={prey_1:-0.001, prey_3:-0.001, prey_5:-0.001, prey_0:-0.001, predator_4:-0.001} | info_preview={}
2025-11-23 03:29:02,428 [DEBUG] PredPreyGrassEnv.env-99b9eef7: event=StepBegin | env_id=env-99b9eef7 | step=19 | incoming_actions=['prey_1', 'prey_3', 'prey_5', 'prey_0', 'prey_18', ...] | active_agents=25 | current_step=19
2025-11-23 03:29:02,432 [DEBUG] PredPreyGrassEnv.env-99b9eef7: event=StepSummary | env_id=env-99b9eef7 | step=19 | current_step=19 | terminated_agents=[] | truncated_agents=[] | remaining_agents=25 | reward_preview={prey_1:-0.001, prey_3:-0.001, prey_5:-0.001, prey_0:-0.001, predator_4:-0.001} | info_preview={}
2025-11-23 03:29:02,444 [DEBUG] PredPreyGrassEnv.env-99b9eef7: event=StepBegin | env_id=env-99b9eef7 | step=20 | incoming_actions=['prey_1', 'prey_3', 'prey_5', 'prey_0', 'prey_18', ...] | active_agents=25 | current_step=20
2025-11-23 03:29:02,448 [DEBUG] PredPreyGrassEnv.env-99b9eef7: event=StepSummary | env_id=env-99b9eef7 | step=20 | current_step=20 | terminated_agents=[] | truncated_agents=[] | remaining_agents=25 | reward_preview={prey_1:-0.001, prey_3:-0.001, prey_5:-0.001, prey_0:-0.001, predator_4:-0.001} | info_preview={}
2025-11-23 03:29:02,461 [DEBUG] PredPreyGrassEnv.env-99b9eef7: event=StepBegin | env_id=env-99b9eef7 | step=21 | incoming_actions=['prey_1', 'prey_3', 'prey_5', 'prey_0', 'prey_18', ...] | active_agents=25 | current_step=21
2025-11-23 03:29:02,465 [DEBUG] PredPreyGrassEnv.env-99b9eef7: event=StepSummary | env_id=env-99b9eef7 | step=21 | current_step=21 | terminated_agents=[] | truncated_agents=[] | remaining_agents=25 | reward_preview={prey_1:-0.001, prey_3:-0.001, prey_5:-0.001, prey_0:-0.001, predator_4:-0.001} | info_preview={}
2025-11-23 03:29:02,480 [DEBUG] PredPreyGrassEnv.env-99b9eef7: event=StepBegin | env_id=env-99b9eef7 | step=22 | incoming_actions=['prey_1', 'prey_3', 'prey_5', 'prey_0', 'prey_18', ...] | active_agents=25 | current_step=22
2025-11-23 03:29:02,486 [DEBUG] PredPreyGrassEnv.env-99b9eef7: event=StepSummary | env_id=env-99b9eef7 | step=22 | current_step=22 | terminated_agents=[] | truncated_agents=[] | remaining_agents=25 | reward_preview={prey_1:-0.001, prey_3:-0.001, prey_5:-0.001, prey_0:-0.001, predator_4:-0.001} | info_preview={}
2025-11-23 03:29:02,501 [DEBUG] PredPreyGrassEnv.env-99b9eef7: event=StepBegin | env_id=env-99b9eef7 | step=23 | incoming_actions=['prey_1', 'prey_3', 'prey_5', 'prey_0', 'prey_18', ...] | active_agents=25 | current_step=23
2025-11-23 03:29:02,506 [DEBUG] PredPreyGrassEnv.env-99b9eef7: event=StepSummary | env_id=env-99b9eef7 | step=23 | current_step=23 | terminated_agents=[] | truncated_agents=[] | remaining_agents=25 | reward_preview={prey_1:-0.001, prey_3:-0.001, prey_5:-0.001, prey_0:-0.001, predator_4:-0.001} | info_preview={}
2025-11-23 03:29:02,519 [DEBUG] PredPreyGrassEnv.env-99b9eef7: event=StepBegin | env_id=env-99b9eef7 | step=24 | incoming_actions=['prey_1', 'prey_3', 'prey_5', 'prey_0', 'prey_18', ...] | active_agents=25 | current_step=24
2025-11-23 03:29:02,525 [DEBUG] PredPreyGrassEnv.env-99b9eef7: event=StepSummary | env_id=env-99b9eef7 | step=24 | current_step=24 | terminated_agents=[] | truncated_agents=[] | remaining_agents=25 | reward_preview={prey_1:-0.001, prey_3:-0.001, prey_5:-0.001, prey_0:-0.001, predator_4:-0.001} | info_preview={}
2025-11-23 03:29:02,542 [DEBUG] PredPreyGrassEnv.env-99b9eef7: event=StepBegin | env_id=env-99b9eef7 | step=25 | incoming_actions=['prey_1', 'prey_3', 'prey_5', 'prey_0', 'prey_18', ...] | active_agents=25 | current_step=25
2025-11-23 03:29:02,546 [DEBUG] PredPreyGrassEnv.env-99b9eef7: event=StepSummary | env_id=env-99b9eef7 | step=25 | current_step=25 | terminated_agents=[] | truncated_agents=[] | remaining_agents=25 | reward_preview={prey_1:-0.001, prey_3:-0.001, prey_5:-0.001, prey_0:-0.001, predator_4:-0.001} | info_preview={}
2025-11-23 03:29:02,558 [DEBUG] PredPreyGrassEnv.env-99b9eef7: event=StepBegin | env_id=env-99b9eef7 | step=26 | incoming_actions=['prey_1', 'prey_3', 'prey_5', 'prey_0', 'prey_18', ...] | active_agents=25 | current_step=26
2025-11-23 03:29:02,562 [DEBUG] PredPreyGrassEnv.env-99b9eef7: event=StepSummary | env_id=env-99b9eef7 | step=26 | current_step=26 | terminated_agents=[] | truncated_agents=[] | remaining_agents=25 | reward_preview={prey_1:-0.001, prey_3:-0.001, prey_5:-0.001, prey_0:-0.001, predator_4:-0.001} | info_preview={}
2025-11-23 03:29:02,575 [DEBUG] PredPreyGrassEnv.env-99b9eef7: event=StepBegin | env_id=env-99b9eef7 | step=27 | incoming_actions=['prey_1', 'prey_3', 'prey_5', 'prey_0', 'prey_18', ...] | active_agents=25 | current_step=27
2025-11-23 03:29:02,579 [DEBUG] PredPreyGrassEnv.env-99b9eef7: event=StepSummary | env_id=env-99b9eef7 | step=27 | current_step=27 | terminated_agents=[] | truncated_agents=[] | remaining_agents=25 | reward_preview={prey_1:-0.001, prey_3:-0.001, prey_5:-0.001, prey_0:-0.001, predator_4:-0.001} | info_preview={}
2025-11-23 03:29:02,591 [DEBUG] PredPreyGrassEnv.env-99b9eef7: event=StepBegin | env_id=env-99b9eef7 | step=28 | incoming_actions=['prey_1', 'prey_3', 'prey_5', 'prey_0', 'prey_18', ...] | active_agents=25 | current_step=28
2025-11-23 03:29:02,595 [DEBUG] PredPreyGrassEnv.env-99b9eef7: event=StepSummary | env_id=env-99b9eef7 | step=28 | current_step=28 | terminated_agents=[] | truncated_agents=[] | remaining_agents=25 | reward_preview={prey_1:-0.001, prey_3:-0.001, prey_5:-0.001, prey_0:-0.001, predator_4:-0.001} | info_preview={}
2025-11-23 03:29:02,607 [DEBUG] PredPreyGrassEnv.env-99b9eef7: event=StepBegin | env_id=env-99b9eef7 | step=29 | incoming_actions=['prey_1', 'prey_3', 'prey_5', 'prey_0', 'prey_18', ...] | active_agents=25 | current_step=29
2025-11-23 03:29:02,613 [DEBUG] PredPreyGrassEnv.env-99b9eef7: event=StepSummary | env_id=env-99b9eef7 | step=29 | current_step=29 | terminated_agents=[] | truncated_agents=[] | remaining_agents=25 | reward_preview={prey_1:-0.001, prey_3:-0.001, prey_5:-0.001, prey_0:-0.001, predator_4:-0.001} | info_preview={}
2025-11-23 03:29:02,625 [DEBUG] PredPreyGrassEnv.env-99b9eef7: event=StepBegin | env_id=env-99b9eef7 | step=30 | incoming_actions=['prey_1', 'prey_3', 'prey_5', 'prey_0', 'prey_18', ...] | active_agents=25 | current_step=30
2025-11-23 03:29:02,628 [DEBUG] PredPreyGrassEnv.env-99b9eef7: event=PreyAteGrass | env_id=env-99b9eef7 | step=30 | prey='prey_2' | grass='grass_45' | prey_position=[691.9602171234208, 64.39409988584318] | grass_energy=10.0 | energy_gained=9.0 | prey_energy=146.71565897190078
2025-11-23 03:29:02,629 [DEBUG] PredPreyGrassEnv.env-99b9eef7: event=StepSummary | env_id=env-99b9eef7 | step=30 | current_step=30 | terminated_agents=[] | truncated_agents=[] | remaining_agents=25 | reward_preview={prey_1:-0.001, prey_3:-0.001, prey_5:-0.001, prey_0:-0.001, predator_4:-0.001} | info_preview={}
2025-11-23 03:29:02,641 [DEBUG] PredPreyGrassEnv.env-99b9eef7: event=StepBegin | env_id=env-99b9eef7 | step=31 | incoming_actions=['prey_1', 'prey_3', 'prey_5', 'prey_0', 'prey_18', ...] | active_agents=25 | current_step=31
2025-11-23 03:29:02,645 [DEBUG] PredPreyGrassEnv.env-99b9eef7: event=StepSummary | env_id=env-99b9eef7 | step=31 | current_step=31 | terminated_agents=[] | truncated_agents=[] | remaining_agents=25 | reward_preview={prey_1:-0.001, prey_3:-0.001, prey_5:-0.001, prey_0:-0.001, predator_4:-0.001} | info_preview={}
2025-11-23 03:29:02,659 [DEBUG] PredPreyGrassEnv.env-99b9eef7: event=StepBegin | env_id=env-99b9eef7 | step=32 | incoming_actions=['prey_1', 'prey_3', 'prey_5', 'prey_0', 'prey_18', ...] | active_agents=25 | current_step=32
2025-11-23 03:29:02,668 [DEBUG] PredPreyGrassEnv.env-99b9eef7: event=StepSummary | env_id=env-99b9eef7 | step=32 | current_step=32 | terminated_agents=[] | truncated_agents=[] | remaining_agents=25 | reward_preview={prey_1:-0.001, prey_3:-0.001, prey_5:-0.001, prey_0:-0.001, predator_4:-0.001} | info_preview={}
2025-11-23 03:29:02,697 [DEBUG] PredPreyGrassEnv.env-99b9eef7: event=StepBegin | env_id=env-99b9eef7 | step=33 | incoming_actions=['prey_1', 'prey_3', 'prey_5', 'prey_0', 'prey_18', ...] | active_agents=25 | current_step=33
2025-11-23 03:29:02,705 [DEBUG] PredPreyGrassEnv.env-99b9eef7: event=StepSummary | env_id=env-99b9eef7 | step=33 | current_step=33 | terminated_agents=[] | truncated_agents=[] | remaining_agents=25 | reward_preview={prey_1:-0.001, prey_3:-0.001, prey_5:-0.001, prey_0:-0.001, predator_4:-0.001} | info_preview={}
2025-11-23 03:29:02,732 [DEBUG] PredPreyGrassEnv.env-99b9eef7: event=StepBegin | env_id=env-99b9eef7 | step=34 | incoming_actions=['prey_1', 'prey_3', 'prey_5', 'prey_0', 'prey_18', ...] | active_agents=25 | current_step=34
2025-11-23 03:29:02,740 [DEBUG] PredPreyGrassEnv.env-99b9eef7: event=StepSummary | env_id=env-99b9eef7 | step=34 | current_step=34 | terminated_agents=[] | truncated_agents=[] | remaining_agents=25 | reward_preview={prey_1:-0.001, prey_3:-0.001, prey_5:-0.001, prey_0:-0.001, predator_4:-0.001} | info_preview={}
2025-11-23 03:29:02,769 [DEBUG] PredPreyGrassEnv.env-99b9eef7: event=StepBegin | env_id=env-99b9eef7 | step=35 | incoming_actions=['prey_1', 'prey_3', 'prey_5', 'prey_0', 'prey_18', ...] | active_agents=25 | current_step=35
2025-11-23 03:29:02,779 [DEBUG] PredPreyGrassEnv.env-99b9eef7: event=StepSummary | env_id=env-99b9eef7 | step=35 | current_step=35 | terminated_agents=[] | truncated_agents=[] | remaining_agents=25 | reward_preview={prey_1:-0.001, prey_3:-0.001, prey_5:-0.001, prey_0:-0.001, predator_4:-0.001} | info_preview={}
2025-11-23 03:29:02,808 [DEBUG] PredPreyGrassEnv.env-99b9eef7: event=StepBegin | env_id=env-99b9eef7 | step=36 | incoming_actions=['prey_1', 'prey_3', 'prey_5', 'prey_0', 'prey_18', ...] | active_agents=25 | current_step=36
2025-11-23 03:29:02,817 [DEBUG] PredPreyGrassEnv.env-99b9eef7: event=StepSummary | env_id=env-99b9eef7 | step=36 | current_step=36 | terminated_agents=[] | truncated_agents=[] | remaining_agents=25 | reward_preview={prey_1:-0.001, prey_3:-0.001, prey_5:-0.001, prey_0:-0.001, predator_4:-0.001} | info_preview={}
2025-11-23 03:29:02,847 [DEBUG] PredPreyGrassEnv.env-99b9eef7: event=StepBegin | env_id=env-99b9eef7 | step=37 | incoming_actions=['prey_1', 'prey_3', 'prey_5', 'prey_0', 'prey_18', ...] | active_agents=25 | current_step=37
2025-11-23 03:29:02,849 [DEBUG] PredPreyGrassEnv.env-99b9eef7: event=PreyAteGrass | env_id=env-99b9eef7 | step=37 | prey='prey_1' | grass='grass_8' | prey_position=[493.29929108687816, 334.7740527625688] | grass_energy=10.0 | energy_gained=9.0 | prey_energy=145.38852661777955
2025-11-23 03:29:02,857 [DEBUG] PredPreyGrassEnv.env-99b9eef7: event=StepSummary | env_id=env-99b9eef7 | step=37 | current_step=37 | terminated_agents=[] | truncated_agents=[] | remaining_agents=25 | reward_preview={prey_1:1.0, prey_3:-0.001, prey_5:-0.001, prey_0:-0.001, predator_4:-0.001} | info_preview={}
2025-11-23 03:29:02,885 [DEBUG] PredPreyGrassEnv.env-99b9eef7: event=StepBegin | env_id=env-99b9eef7 | step=38 | incoming_actions=['prey_1', 'prey_3', 'prey_5', 'prey_0', 'prey_18', ...] | active_agents=25 | current_step=38
2025-11-23 03:29:02,892 [DEBUG] PredPreyGrassEnv.env-99b9eef7: event=StepSummary | env_id=env-99b9eef7 | step=38 | current_step=38 | terminated_agents=[] | truncated_agents=[] | remaining_agents=25 | reward_preview={prey_1:-0.001, prey_3:-0.001, prey_5:-0.001, prey_0:-0.001, predator_4:-0.001} | info_preview={}
2025-11-23 03:29:02,904 [DEBUG] PredPreyGrassEnv.env-99b9eef7: event=StepBegin | env_id=env-99b9eef7 | step=39 | incoming_actions=['prey_1', 'prey_3', 'prey_5', 'prey_0', 'prey_18', ...] | active_agents=25 | current_step=39
2025-11-23 03:29:02,909 [DEBUG] PredPreyGrassEnv.env-99b9eef7: event=StepSummary | env_id=env-99b9eef7 | step=39 | current_step=39 | terminated_agents=[] | truncated_agents=[] | remaining_agents=25 | reward_preview={prey_1:-0.001, prey_3:-0.001, prey_5:-0.001, prey_0:-0.001, predator_4:-0.001} | info_preview={}
2025-11-23 03:29:02,930 [DEBUG] PredPreyGrassEnv.env-99b9eef7: event=StepBegin | env_id=env-99b9eef7 | step=40 | incoming_actions=['prey_1', 'prey_3', 'prey_5', 'prey_0', 'prey_18', ...] | active_agents=25 | current_step=40
2025-11-23 03:29:02,935 [DEBUG] PredPreyGrassEnv.env-99b9eef7: event=StepSummary | env_id=env-99b9eef7 | step=40 | current_step=40 | terminated_agents=[] | truncated_agents=[] | remaining_agents=25 | reward_preview={prey_1:-0.001, prey_3:-0.001, prey_5:-0.001, prey_0:-0.001, predator_4:-0.001} | info_preview={}
2025-11-23 03:29:02,956 [DEBUG] PredPreyGrassEnv.env-99b9eef7: event=StepBegin | env_id=env-99b9eef7 | step=41 | incoming_actions=['prey_1', 'prey_3', 'prey_5', 'prey_0', 'prey_18', ...] | active_agents=25 | current_step=41
2025-11-23 03:29:02,965 [DEBUG] PredPreyGrassEnv.env-99b9eef7: event=StepSummary | env_id=env-99b9eef7 | step=41 | current_step=41 | terminated_agents=[] | truncated_agents=[] | remaining_agents=25 | reward_preview={prey_1:-0.001, prey_3:-0.001, prey_5:-0.001, prey_0:-0.001, predator_4:-0.001} | info_preview={}
2025-11-23 03:29:02,993 [DEBUG] PredPreyGrassEnv.env-99b9eef7: event=StepBegin | env_id=env-99b9eef7 | step=42 | incoming_actions=['prey_1', 'prey_3', 'prey_5', 'prey_0', 'prey_18', ...] | active_agents=25 | current_step=42
2025-11-23 03:29:03,002 [DEBUG] PredPreyGrassEnv.env-99b9eef7: event=StepSummary | env_id=env-99b9eef7 | step=42 | current_step=42 | terminated_agents=[] | truncated_agents=[] | remaining_agents=25 | reward_preview={prey_1:-0.001, prey_3:-0.001, prey_5:-0.001, prey_0:-0.001, predator_4:-0.001} | info_preview={}
2025-11-23 03:29:03,031 [DEBUG] PredPreyGrassEnv.env-99b9eef7: event=StepBegin | env_id=env-99b9eef7 | step=43 | incoming_actions=['prey_1', 'prey_3', 'prey_5', 'prey_0', 'prey_18', ...] | active_agents=25 | current_step=43
2025-11-23 03:29:03,038 [DEBUG] PredPreyGrassEnv.env-99b9eef7: event=StepSummary | env_id=env-99b9eef7 | step=43 | current_step=43 | terminated_agents=[] | truncated_agents=[] | remaining_agents=25 | reward_preview={prey_1:-0.001, prey_3:-0.001, prey_5:-0.001, prey_0:-0.001, predator_4:-0.001} | info_preview={}
2025-11-23 03:29:03,061 [DEBUG] PredPreyGrassEnv.env-99b9eef7: event=StepBegin | env_id=env-99b9eef7 | step=44 | incoming_actions=['prey_1', 'prey_3', 'prey_5', 'prey_0', 'prey_18', ...] | active_agents=25 | current_step=44
2025-11-23 03:29:03,072 [DEBUG] PredPreyGrassEnv.env-99b9eef7: event=StepSummary | env_id=env-99b9eef7 | step=44 | current_step=44 | terminated_agents=[] | truncated_agents=[] | remaining_agents=25 | reward_preview={prey_1:-0.001, prey_3:-0.001, prey_5:-0.001, prey_0:-0.001, predator_4:-0.001} | info_preview={}
2025-11-23 03:29:03,100 [DEBUG] PredPreyGrassEnv.env-99b9eef7: event=StepBegin | env_id=env-99b9eef7 | step=45 | incoming_actions=['prey_1', 'prey_3', 'prey_5', 'prey_0', 'prey_18', ...] | active_agents=25 | current_step=45
2025-11-23 03:29:03,110 [DEBUG] PredPreyGrassEnv.env-99b9eef7: event=StepSummary | env_id=env-99b9eef7 | step=45 | current_step=45 | terminated_agents=[] | truncated_agents=[] | remaining_agents=25 | reward_preview={prey_1:-0.001, prey_3:-0.001, prey_5:-0.001, prey_0:-0.001, predator_4:-0.001} | info_preview={}
2025-11-23 03:29:03,137 [DEBUG] PredPreyGrassEnv.env-99b9eef7: event=StepBegin | env_id=env-99b9eef7 | step=46 | incoming_actions=['prey_1', 'prey_3', 'prey_5', 'prey_0', 'prey_18', ...] | active_agents=25 | current_step=46
2025-11-23 03:29:03,146 [DEBUG] PredPreyGrassEnv.env-99b9eef7: event=StepSummary | env_id=env-99b9eef7 | step=46 | current_step=46 | terminated_agents=[] | truncated_agents=[] | remaining_agents=25 | reward_preview={prey_1:-0.001, prey_3:-0.001, prey_5:-0.001, prey_0:-0.001, predator_4:-0.001} | info_preview={}
2025-11-23 03:29:03,173 [DEBUG] PredPreyGrassEnv.env-99b9eef7: event=StepBegin | env_id=env-99b9eef7 | step=47 | incoming_actions=['prey_1', 'prey_3', 'prey_5', 'prey_0', 'prey_18', ...] | active_agents=25 | current_step=47
2025-11-23 03:29:03,182 [DEBUG] PredPreyGrassEnv.env-99b9eef7: event=StepSummary | env_id=env-99b9eef7 | step=47 | current_step=47 | terminated_agents=[] | truncated_agents=[] | remaining_agents=25 | reward_preview={prey_1:-0.001, prey_3:-0.001, prey_5:-0.001, prey_0:-0.001, predator_4:-0.001} | info_preview={}
2025-11-23 03:29:03,209 [DEBUG] PredPreyGrassEnv.env-99b9eef7: event=StepBegin | env_id=env-99b9eef7 | step=48 | incoming_actions=['prey_1', 'prey_3', 'prey_5', 'prey_0', 'prey_18', ...] | active_agents=25 | current_step=48
2025-11-23 03:29:03,218 [DEBUG] PredPreyGrassEnv.env-99b9eef7: event=StepSummary | env_id=env-99b9eef7 | step=48 | current_step=48 | terminated_agents=[] | truncated_agents=[] | remaining_agents=25 | reward_preview={prey_1:-0.001, prey_3:-0.001, prey_5:-0.001, prey_0:-0.001, predator_4:-0.001} | info_preview={}
2025-11-23 03:29:03,245 [DEBUG] PredPreyGrassEnv.env-99b9eef7: event=StepBegin | env_id=env-99b9eef7 | step=49 | incoming_actions=['prey_1', 'prey_3', 'prey_5', 'prey_0', 'prey_18', ...] | active_agents=25 | current_step=49
2025-11-23 03:29:03,254 [DEBUG] PredPreyGrassEnv.env-99b9eef7: event=StepSummary | env_id=env-99b9eef7 | step=49 | current_step=49 | terminated_agents=[] | truncated_agents=[] | remaining_agents=25 | reward_preview={prey_1:-0.001, prey_3:-0.001, prey_5:-0.001, prey_0:-0.001, predator_4:-0.001} | info_preview={}
2025-11-23 03:29:03,281 [DEBUG] PredPreyGrassEnv.env-99b9eef7: event=StepBegin | env_id=env-99b9eef7 | step=50 | incoming_actions=['prey_1', 'prey_3', 'prey_5', 'prey_0', 'prey_18', ...] | active_agents=25 | current_step=50
2025-11-23 03:29:03,290 [DEBUG] PredPreyGrassEnv.env-99b9eef7: event=StepSummary | env_id=env-99b9eef7 | step=50 | current_step=50 | terminated_agents=[] | truncated_agents=[] | remaining_agents=25 | reward_preview={prey_1:-0.001, prey_3:-0.001, prey_5:-0.001, prey_0:-0.001, predator_4:-0.001} | info_preview={}
2025-11-23 03:29:03,319 [DEBUG] PredPreyGrassEnv.env-99b9eef7: event=StepBegin | env_id=env-99b9eef7 | step=51 | incoming_actions=['prey_1', 'prey_3', 'prey_5', 'prey_0', 'prey_18', ...] | active_agents=25 | current_step=51
2025-11-23 03:29:03,327 [DEBUG] PredPreyGrassEnv.env-99b9eef7: event=StepSummary | env_id=env-99b9eef7 | step=51 | current_step=51 | terminated_agents=[] | truncated_agents=[] | remaining_agents=25 | reward_preview={prey_1:-0.001, prey_3:-0.001, prey_5:-0.001, prey_0:-0.001, predator_4:-0.001} | info_preview={}
2025-11-23 03:29:03,355 [DEBUG] PredPreyGrassEnv.env-99b9eef7: event=StepBegin | env_id=env-99b9eef7 | step=52 | incoming_actions=['prey_1', 'prey_3', 'prey_5', 'prey_0', 'prey_18', ...] | active_agents=25 | current_step=52
2025-11-23 03:29:03,364 [DEBUG] PredPreyGrassEnv.env-99b9eef7: event=StepSummary | env_id=env-99b9eef7 | step=52 | current_step=52 | terminated_agents=[] | truncated_agents=[] | remaining_agents=25 | reward_preview={prey_1:-0.001, prey_3:-0.001, prey_5:-0.001, prey_0:-0.001, predator_4:-0.001} | info_preview={}
2025-11-23 03:29:03,391 [DEBUG] PredPreyGrassEnv.env-99b9eef7: event=StepBegin | env_id=env-99b9eef7 | step=53 | incoming_actions=['prey_1', 'prey_3', 'prey_5', 'prey_0', 'prey_18', ...] | active_agents=25 | current_step=53
2025-11-23 03:29:03,400 [DEBUG] PredPreyGrassEnv.env-99b9eef7: event=StepSummary | env_id=env-99b9eef7 | step=53 | current_step=53 | terminated_agents=[] | truncated_agents=[] | remaining_agents=25 | reward_preview={prey_1:-0.001, prey_3:-0.001, prey_5:-0.001, prey_0:-0.001, predator_4:-0.001} | info_preview={}
2025-11-23 03:29:03,426 [DEBUG] PredPreyGrassEnv.env-99b9eef7: event=StepBegin | env_id=env-99b9eef7 | step=54 | incoming_actions=['prey_1', 'prey_3', 'prey_5', 'prey_0', 'prey_18', ...] | active_agents=25 | current_step=54
2025-11-23 03:29:03,435 [DEBUG] PredPreyGrassEnv.env-99b9eef7: event=StepSummary | env_id=env-99b9eef7 | step=54 | current_step=54 | terminated_agents=[] | truncated_agents=[] | remaining_agents=25 | reward_preview={prey_1:-0.001, prey_3:-0.001, prey_5:-0.001, prey_0:-0.001, predator_4:-0.001} | info_preview={}
2025-11-23 03:29:03,462 [DEBUG] PredPreyGrassEnv.env-99b9eef7: event=StepBegin | env_id=env-99b9eef7 | step=55 | incoming_actions=['prey_1', 'prey_3', 'prey_5', 'prey_0', 'prey_18', ...] | active_agents=25 | current_step=55
2025-11-23 03:29:03,471 [DEBUG] PredPreyGrassEnv.env-99b9eef7: event=StepSummary | env_id=env-99b9eef7 | step=55 | current_step=55 | terminated_agents=[] | truncated_agents=[] | remaining_agents=25 | reward_preview={prey_1:-0.001, prey_3:-0.001, prey_5:-0.001, prey_0:-0.001, predator_4:-0.001} | info_preview={}
2025-11-23 03:29:03,498 [DEBUG] PredPreyGrassEnv.env-99b9eef7: event=StepBegin | env_id=env-99b9eef7 | step=56 | incoming_actions=['prey_1', 'prey_3', 'prey_5', 'prey_0', 'prey_18', ...] | active_agents=25 | current_step=56
2025-11-23 03:29:03,506 [DEBUG] PredPreyGrassEnv.env-99b9eef7: event=StepSummary | env_id=env-99b9eef7 | step=56 | current_step=56 | terminated_agents=[] | truncated_agents=[] | remaining_agents=25 | reward_preview={prey_1:-0.001, prey_3:-0.001, prey_5:-0.001, prey_0:-0.001, predator_4:-0.001} | info_preview={}
2025-11-23 03:29:03,533 [DEBUG] PredPreyGrassEnv.env-99b9eef7: event=StepBegin | env_id=env-99b9eef7 | step=57 | incoming_actions=['prey_1', 'prey_3', 'prey_5', 'prey_0', 'prey_18', ...] | active_agents=25 | current_step=57
2025-11-23 03:29:03,542 [DEBUG] PredPreyGrassEnv.env-99b9eef7: event=StepSummary | env_id=env-99b9eef7 | step=57 | current_step=57 | terminated_agents=[] | truncated_agents=[] | remaining_agents=25 | reward_preview={prey_1:-0.001, prey_3:-0.001, prey_5:-0.001, prey_0:-0.001, predator_4:-0.001} | info_preview={}
2025-11-23 03:29:03,570 [DEBUG] PredPreyGrassEnv.env-99b9eef7: event=StepBegin | env_id=env-99b9eef7 | step=58 | incoming_actions=['prey_1', 'prey_3', 'prey_5', 'prey_0', 'prey_18', ...] | active_agents=25 | current_step=58
2025-11-23 03:29:03,579 [DEBUG] PredPreyGrassEnv.env-99b9eef7: event=StepSummary | env_id=env-99b9eef7 | step=58 | current_step=58 | terminated_agents=[] | truncated_agents=[] | remaining_agents=25 | reward_preview={prey_1:-0.001, prey_3:-0.001, prey_5:-0.001, prey_0:-0.001, predator_4:-0.001} | info_preview={}
2025-11-23 03:29:03,606 [DEBUG] PredPreyGrassEnv.env-99b9eef7: event=StepBegin | env_id=env-99b9eef7 | step=59 | incoming_actions=['prey_1', 'prey_3', 'prey_5', 'prey_0', 'prey_18', ...] | active_agents=25 | current_step=59
2025-11-23 03:29:03,618 [DEBUG] PredPreyGrassEnv.env-99b9eef7: event=StepSummary | env_id=env-99b9eef7 | step=59 | current_step=59 | terminated_agents=[] | truncated_agents=[] | remaining_agents=25 | reward_preview={prey_1:-0.001, prey_3:-0.001, prey_5:-0.001, prey_0:-0.001, predator_4:-0.001} | info_preview={}
2025-11-23 03:29:03,634 [DEBUG] PredPreyGrassEnv.env-99b9eef7: event=StepBegin | env_id=env-99b9eef7 | step=60 | incoming_actions=['prey_1', 'prey_3', 'prey_5', 'prey_0', 'prey_18', ...] | active_agents=25 | current_step=60
2025-11-23 03:29:03,638 [DEBUG] PredPreyGrassEnv.env-99b9eef7: event=StepSummary | env_id=env-99b9eef7 | step=60 | current_step=60 | terminated_agents=[] | truncated_agents=[] | remaining_agents=25 | reward_preview={prey_1:-0.001, prey_3:-0.001, prey_5:-0.001, prey_0:-0.001, predator_4:-0.001} | info_preview={}
2025-11-23 03:29:03,654 [DEBUG] PredPreyGrassEnv.env-99b9eef7: event=StepBegin | env_id=env-99b9eef7 | step=61 | incoming_actions=['prey_1', 'prey_3', 'prey_5', 'prey_0', 'prey_18', ...] | active_agents=25 | current_step=61
2025-11-23 03:29:03,660 [DEBUG] PredPreyGrassEnv.env-99b9eef7: event=StepSummary | env_id=env-99b9eef7 | step=61 | current_step=61 | terminated_agents=[] | truncated_agents=[] | remaining_agents=25 | reward_preview={prey_1:-0.001, prey_3:-0.001, prey_5:-0.001, prey_0:-0.001, predator_4:-0.001} | info_preview={}
2025-11-23 03:29:03,673 [DEBUG] PredPreyGrassEnv.env-99b9eef7: event=StepBegin | env_id=env-99b9eef7 | step=62 | incoming_actions=['prey_1', 'prey_3', 'prey_5', 'prey_0', 'prey_18', ...] | active_agents=25 | current_step=62
2025-11-23 03:29:03,675 [DEBUG] PredPreyGrassEnv.env-99b9eef7: event=PreyAteGrass | env_id=env-99b9eef7 | step=62 | prey='prey_1' | grass='grass_44' | prey_position=[506.9142443802972, 306.1105724027418] | grass_energy=10.0 | energy_gained=9.0 | prey_energy=150.15361265603107
2025-11-23 03:29:03,678 [DEBUG] PredPreyGrassEnv.env-99b9eef7: event=StepSummary | env_id=env-99b9eef7 | step=62 | current_step=62 | terminated_agents=[] | truncated_agents=[] | remaining_agents=25 | reward_preview={prey_1:1.0, prey_3:-0.001, prey_5:-0.001, prey_0:-0.001, predator_4:-0.001} | info_preview={}
2025-11-23 03:29:03,690 [DEBUG] PredPreyGrassEnv.env-99b9eef7: event=StepBegin | env_id=env-99b9eef7 | step=63 | incoming_actions=['prey_1', 'prey_3', 'prey_5', 'prey_0', 'prey_18', ...] | active_agents=25 | current_step=63
2025-11-23 03:29:03,696 [DEBUG] PredPreyGrassEnv.env-99b9eef7: event=StepSummary | env_id=env-99b9eef7 | step=63 | current_step=63 | terminated_agents=[] | truncated_agents=[] | remaining_agents=25 | reward_preview={prey_1:-0.001, prey_3:-0.001, prey_5:-0.001, prey_0:-0.001, predator_4:-0.001} | info_preview={}
2025-11-23 03:29:03,711 [DEBUG] PredPreyGrassEnv.env-99b9eef7: event=StepBegin | env_id=env-99b9eef7 | step=64 | incoming_actions=['prey_1', 'prey_3', 'prey_5', 'prey_0', 'prey_18', ...] | active_agents=25 | current_step=64
2025-11-23 03:29:03,716 [DEBUG] PredPreyGrassEnv.env-99b9eef7: event=StepSummary | env_id=env-99b9eef7 | step=64 | current_step=64 | terminated_agents=[] | truncated_agents=[] | remaining_agents=25 | reward_preview={prey_1:-0.001, prey_3:-0.001, prey_5:-0.001, prey_0:-0.001, predator_4:-0.001} | info_preview={}
2025-11-23 03:29:03,730 [DEBUG] PredPreyGrassEnv.env-99b9eef7: event=StepBegin | env_id=env-99b9eef7 | step=65 | incoming_actions=['prey_1', 'prey_3', 'prey_5', 'prey_0', 'prey_18', ...] | active_agents=25 | current_step=65
2025-11-23 03:29:03,735 [DEBUG] PredPreyGrassEnv.env-99b9eef7: event=StepSummary | env_id=env-99b9eef7 | step=65 | current_step=65 | terminated_agents=[] | truncated_agents=[] | remaining_agents=25 | reward_preview={prey_1:-0.001, prey_3:-0.001, prey_5:-0.001, prey_0:-0.001, predator_4:-0.001} | info_preview={}
2025-11-23 03:29:03,746 [DEBUG] PredPreyGrassEnv.env-99b9eef7: event=StepBegin | env_id=env-99b9eef7 | step=66 | incoming_actions=['prey_1', 'prey_3', 'prey_5', 'prey_0', 'prey_18', ...] | active_agents=25 | current_step=66
2025-11-23 03:29:03,751 [DEBUG] PredPreyGrassEnv.env-99b9eef7: event=StepSummary | env_id=env-99b9eef7 | step=66 | current_step=66 | terminated_agents=[] | truncated_agents=[] | remaining_agents=25 | reward_preview={prey_1:-0.001, prey_3:-0.001, prey_5:-0.001, prey_0:-0.001, predator_4:-0.001} | info_preview={}
2025-11-23 03:29:03,766 [DEBUG] PredPreyGrassEnv.env-99b9eef7: event=StepBegin | env_id=env-99b9eef7 | step=67 | incoming_actions=['prey_1', 'prey_3', 'prey_5', 'prey_0', 'prey_18', ...] | active_agents=25 | current_step=67
2025-11-23 03:29:03,772 [DEBUG] PredPreyGrassEnv.env-99b9eef7: event=StepSummary | env_id=env-99b9eef7 | step=67 | current_step=67 | terminated_agents=[] | truncated_agents=[] | remaining_agents=25 | reward_preview={prey_1:-0.001, prey_3:-0.001, prey_5:-0.001, prey_0:-0.001, predator_4:-0.001} | info_preview={}
2025-11-23 03:29:03,786 [DEBUG] PredPreyGrassEnv.env-99b9eef7: event=StepBegin | env_id=env-99b9eef7 | step=68 | incoming_actions=['prey_1', 'prey_3', 'prey_5', 'prey_0', 'prey_18', ...] | active_agents=25 | current_step=68
2025-11-23 03:29:03,790 [DEBUG] PredPreyGrassEnv.env-99b9eef7: event=StepSummary | env_id=env-99b9eef7 | step=68 | current_step=68 | terminated_agents=[] | truncated_agents=[] | remaining_agents=25 | reward_preview={prey_1:-0.001, prey_3:-0.001, prey_5:-0.001, prey_0:-0.001, predator_4:-0.001} | info_preview={}
2025-11-23 03:29:03,804 [DEBUG] PredPreyGrassEnv.env-99b9eef7: event=StepBegin | env_id=env-99b9eef7 | step=69 | incoming_actions=['prey_1', 'prey_3', 'prey_5', 'prey_0', 'prey_18', ...] | active_agents=25 | current_step=69
2025-11-23 03:29:03,809 [DEBUG] PredPreyGrassEnv.env-99b9eef7: event=StepSummary | env_id=env-99b9eef7 | step=69 | current_step=69 | terminated_agents=[] | truncated_agents=[] | remaining_agents=25 | reward_preview={prey_1:-0.001, prey_3:-0.001, prey_5:-0.001, prey_0:-0.001, predator_4:-0.001} | info_preview={}
2025-11-23 03:29:03,822 [DEBUG] PredPreyGrassEnv.env-99b9eef7: event=StepBegin | env_id=env-99b9eef7 | step=70 | incoming_actions=['prey_1', 'prey_3', 'prey_5', 'prey_0', 'prey_18', ...] | active_agents=25 | current_step=70
2025-11-23 03:29:03,825 [DEBUG] PredPreyGrassEnv.env-99b9eef7: event=PreyAteGrass | env_id=env-99b9eef7 | step=70 | prey='prey_2' | grass='grass_56' | prey_position=[640.4431366645457, 97.27266268633007] | grass_energy=10.0 | energy_gained=9.0 | prey_energy=147.79412936565512
2025-11-23 03:29:03,826 [DEBUG] PredPreyGrassEnv.env-99b9eef7: event=StepSummary | env_id=env-99b9eef7 | step=70 | current_step=70 | terminated_agents=[] | truncated_agents=[] | remaining_agents=25 | reward_preview={prey_1:-0.001, prey_3:-0.001, prey_5:-0.001, prey_0:-0.001, predator_4:-0.001} | info_preview={}
2025-11-23 03:29:03,838 [DEBUG] PredPreyGrassEnv.env-99b9eef7: event=StepBegin | env_id=env-99b9eef7 | step=71 | incoming_actions=['prey_1', 'prey_3', 'prey_5', 'prey_0', 'prey_18', ...] | active_agents=25 | current_step=71
2025-11-23 03:29:03,843 [DEBUG] PredPreyGrassEnv.env-99b9eef7: event=StepSummary | env_id=env-99b9eef7 | step=71 | current_step=71 | terminated_agents=[] | truncated_agents=[] | remaining_agents=25 | reward_preview={prey_1:-0.001, prey_3:-0.001, prey_5:-0.001, prey_0:-0.001, predator_4:-0.001} | info_preview={}
2025-11-23 03:29:03,872 [DEBUG] PredPreyGrassEnv.env-99b9eef7: event=StepBegin | env_id=env-99b9eef7 | step=72 | incoming_actions=['prey_1', 'prey_3', 'prey_5', 'prey_0', 'prey_18', ...] | active_agents=25 | current_step=72
2025-11-23 03:29:03,881 [DEBUG] PredPreyGrassEnv.env-99b9eef7: event=StepSummary | env_id=env-99b9eef7 | step=72 | current_step=72 | terminated_agents=[] | truncated_agents=[] | remaining_agents=25 | reward_preview={prey_1:-0.001, prey_3:-0.001, prey_5:-0.001, prey_0:-0.001, predator_4:-0.001} | info_preview={}
2025-11-23 03:29:03,909 [DEBUG] PredPreyGrassEnv.env-99b9eef7: event=StepBegin | env_id=env-99b9eef7 | step=73 | incoming_actions=['prey_1', 'prey_3', 'prey_5', 'prey_0', 'prey_18', ...] | active_agents=25 | current_step=73
2025-11-23 03:29:03,918 [DEBUG] PredPreyGrassEnv.env-99b9eef7: event=StepSummary | env_id=env-99b9eef7 | step=73 | current_step=73 | terminated_agents=[] | truncated_agents=[] | remaining_agents=25 | reward_preview={prey_1:-0.001, prey_3:-0.001, prey_5:-0.001, prey_0:-0.001, predator_4:-0.001} | info_preview={}
2025-11-23 03:29:03,945 [DEBUG] PredPreyGrassEnv.env-99b9eef7: event=StepBegin | env_id=env-99b9eef7 | step=74 | incoming_actions=['prey_1', 'prey_3', 'prey_5', 'prey_0', 'prey_18', ...] | active_agents=25 | current_step=74
2025-11-23 03:29:03,953 [DEBUG] PredPreyGrassEnv.env-99b9eef7: event=StepSummary | env_id=env-99b9eef7 | step=74 | current_step=74 | terminated_agents=[] | truncated_agents=[] | remaining_agents=25 | reward_preview={prey_1:-0.001, prey_3:-0.001, prey_5:-0.001, prey_0:-0.001, predator_4:-0.001} | info_preview={}
2025-11-23 03:29:03,968 [DEBUG] PredPreyGrassEnv.env-99b9eef7: event=StepBegin | env_id=env-99b9eef7 | step=75 | incoming_actions=['prey_1', 'prey_3', 'prey_5', 'prey_0', 'prey_18', ...] | active_agents=25 | current_step=75
2025-11-23 03:29:03,973 [DEBUG] PredPreyGrassEnv.env-99b9eef7: event=StepSummary | env_id=env-99b9eef7 | step=75 | current_step=75 | terminated_agents=[] | truncated_agents=[] | remaining_agents=25 | reward_preview={prey_1:-0.001, prey_3:-0.001, prey_5:-0.001, prey_0:-0.001, predator_4:-0.001} | info_preview={}
2025-11-23 03:29:03,989 [DEBUG] PredPreyGrassEnv.env-99b9eef7: event=StepBegin | env_id=env-99b9eef7 | step=76 | incoming_actions=['prey_1', 'prey_3', 'prey_5', 'prey_0', 'prey_18', ...] | active_agents=25 | current_step=76
2025-11-23 03:29:03,993 [DEBUG] PredPreyGrassEnv.env-99b9eef7: event=StepSummary | env_id=env-99b9eef7 | step=76 | current_step=76 | terminated_agents=[] | truncated_agents=[] | remaining_agents=25 | reward_preview={prey_1:-0.001, prey_3:-0.001, prey_5:-0.001, prey_0:-0.001, predator_4:-0.001} | info_preview={}
2025-11-23 03:29:04,006 [DEBUG] PredPreyGrassEnv.env-99b9eef7: event=StepBegin | env_id=env-99b9eef7 | step=77 | incoming_actions=['prey_1', 'prey_3', 'prey_5', 'prey_0', 'prey_18', ...] | active_agents=25 | current_step=77
2025-11-23 03:29:04,011 [DEBUG] PredPreyGrassEnv.env-99b9eef7: event=StepSummary | env_id=env-99b9eef7 | step=77 | current_step=77 | terminated_agents=[] | truncated_agents=[] | remaining_agents=25 | reward_preview={prey_1:-0.001, prey_3:-0.001, prey_5:-0.001, prey_0:-0.001, predator_4:-0.001} | info_preview={}
2025-11-23 03:29:04,026 [DEBUG] PredPreyGrassEnv.env-99b9eef7: event=StepBegin | env_id=env-99b9eef7 | step=78 | incoming_actions=['prey_1', 'prey_3', 'prey_5', 'prey_0', 'prey_18', ...] | active_agents=25 | current_step=78
2025-11-23 03:29:04,031 [DEBUG] PredPreyGrassEnv.env-99b9eef7: event=StepSummary | env_id=env-99b9eef7 | step=78 | current_step=78 | terminated_agents=[] | truncated_agents=[] | remaining_agents=25 | reward_preview={prey_1:-0.001, prey_3:-0.001, prey_5:-0.001, prey_0:-0.001, predator_4:-0.001} | info_preview={}
2025-11-23 03:29:04,046 [DEBUG] PredPreyGrassEnv.env-99b9eef7: event=StepBegin | env_id=env-99b9eef7 | step=79 | incoming_actions=['prey_1', 'prey_3', 'prey_5', 'prey_0', 'prey_18', ...] | active_agents=25 | current_step=79
2025-11-23 03:29:04,050 [DEBUG] PredPreyGrassEnv.env-99b9eef7: event=StepSummary | env_id=env-99b9eef7 | step=79 | current_step=79 | terminated_agents=[] | truncated_agents=[] | remaining_agents=25 | reward_preview={prey_1:-0.001, prey_3:-0.001, prey_5:-0.001, prey_0:-0.001, predator_4:-0.001} | info_preview={}
2025-11-23 03:29:04,061 [DEBUG] PredPreyGrassEnv.env-99b9eef7: event=StepBegin | env_id=env-99b9eef7 | step=80 | incoming_actions=['prey_1', 'prey_3', 'prey_5', 'prey_0', 'prey_18', ...] | active_agents=25 | current_step=80
2025-11-23 03:29:04,066 [DEBUG] PredPreyGrassEnv.env-99b9eef7: event=StepSummary | env_id=env-99b9eef7 | step=80 | current_step=80 | terminated_agents=[] | truncated_agents=[] | remaining_agents=25 | reward_preview={prey_1:-0.001, prey_3:-0.001, prey_5:-0.001, prey_0:-0.001, predator_4:-0.001} | info_preview={}
2025-11-23 03:29:04,082 [DEBUG] PredPreyGrassEnv.env-99b9eef7: event=StepBegin | env_id=env-99b9eef7 | step=81 | incoming_actions=['prey_1', 'prey_3', 'prey_5', 'prey_0', 'prey_18', ...] | active_agents=25 | current_step=81
2025-11-23 03:29:04,087 [DEBUG] PredPreyGrassEnv.env-99b9eef7: event=StepSummary | env_id=env-99b9eef7 | step=81 | current_step=81 | terminated_agents=[] | truncated_agents=[] | remaining_agents=25 | reward_preview={prey_1:-0.001, prey_3:-0.001, prey_5:-0.001, prey_0:-0.001, predator_4:-0.001} | info_preview={}
2025-11-23 03:29:04,100 [DEBUG] PredPreyGrassEnv.env-99b9eef7: event=StepBegin | env_id=env-99b9eef7 | step=82 | incoming_actions=['prey_1', 'prey_3', 'prey_5', 'prey_0', 'prey_18', ...] | active_agents=25 | current_step=82
2025-11-23 03:29:04,104 [DEBUG] PredPreyGrassEnv.env-99b9eef7: event=StepSummary | env_id=env-99b9eef7 | step=82 | current_step=82 | terminated_agents=[] | truncated_agents=[] | remaining_agents=25 | reward_preview={prey_1:-0.001, prey_3:-0.001, prey_5:-0.001, prey_0:-0.001, predator_4:-0.001} | info_preview={}
2025-11-23 03:29:04,120 [DEBUG] PredPreyGrassEnv.env-99b9eef7: event=StepBegin | env_id=env-99b9eef7 | step=83 | incoming_actions=['prey_1', 'prey_3', 'prey_5', 'prey_0', 'prey_18', ...] | active_agents=25 | current_step=83
2025-11-23 03:29:04,125 [DEBUG] PredPreyGrassEnv.env-99b9eef7: event=StepSummary | env_id=env-99b9eef7 | step=83 | current_step=83 | terminated_agents=[] | truncated_agents=[] | remaining_agents=25 | reward_preview={prey_1:-0.001, prey_3:-0.001, prey_5:-0.001, prey_0:-0.001, predator_4:-0.001} | info_preview={}
2025-11-23 03:29:04,141 [DEBUG] PredPreyGrassEnv.env-99b9eef7: event=StepBegin | env_id=env-99b9eef7 | step=84 | incoming_actions=['prey_1', 'prey_3', 'prey_5', 'prey_0', 'prey_18', ...] | active_agents=25 | current_step=84
2025-11-23 03:29:04,146 [DEBUG] PredPreyGrassEnv.env-99b9eef7: event=StepSummary | env_id=env-99b9eef7 | step=84 | current_step=84 | terminated_agents=[] | truncated_agents=[] | remaining_agents=25 | reward_preview={prey_1:-0.001, prey_3:-0.001, prey_5:-0.001, prey_0:-0.001, predator_4:-0.001} | info_preview={}
2025-11-23 03:29:04,160 [DEBUG] PredPreyGrassEnv.env-99b9eef7: event=StepBegin | env_id=env-99b9eef7 | step=85 | incoming_actions=['prey_1', 'prey_3', 'prey_5', 'prey_0', 'prey_18', ...] | active_agents=25 | current_step=85
2025-11-23 03:29:04,164 [DEBUG] PredPreyGrassEnv.env-99b9eef7: event=StepSummary | env_id=env-99b9eef7 | step=85 | current_step=85 | terminated_agents=[] | truncated_agents=[] | remaining_agents=25 | reward_preview={prey_1:-0.001, prey_3:-0.001, prey_5:-0.001, prey_0:-0.001, predator_4:-0.001} | info_preview={}
2025-11-23 03:29:04,177 [DEBUG] PredPreyGrassEnv.env-99b9eef7: event=StepBegin | env_id=env-99b9eef7 | step=86 | incoming_actions=['prey_1', 'prey_3', 'prey_5', 'prey_0', 'prey_18', ...] | active_agents=25 | current_step=86
2025-11-23 03:29:04,181 [DEBUG] PredPreyGrassEnv.env-99b9eef7: event=StepSummary | env_id=env-99b9eef7 | step=86 | current_step=86 | terminated_agents=[] | truncated_agents=[] | remaining_agents=25 | reward_preview={prey_1:-0.001, prey_3:-0.001, prey_5:-0.001, prey_0:-0.001, predator_4:-0.001} | info_preview={}
2025-11-23 03:29:04,196 [DEBUG] PredPreyGrassEnv.env-99b9eef7: event=StepBegin | env_id=env-99b9eef7 | step=87 | incoming_actions=['prey_1', 'prey_3', 'prey_5', 'prey_0', 'prey_18', ...] | active_agents=25 | current_step=87
2025-11-23 03:29:04,201 [DEBUG] PredPreyGrassEnv.env-99b9eef7: event=StepSummary | env_id=env-99b9eef7 | step=87 | current_step=87 | terminated_agents=[] | truncated_agents=[] | remaining_agents=25 | reward_preview={prey_1:-0.001, prey_3:-0.001, prey_5:-0.001, prey_0:-0.001, predator_4:-0.001} | info_preview={}
2025-11-23 03:29:04,214 [DEBUG] PredPreyGrassEnv.env-99b9eef7: event=StepBegin | env_id=env-99b9eef7 | step=88 | incoming_actions=['prey_1', 'prey_3', 'prey_5', 'prey_0', 'prey_18', ...] | active_agents=25 | current_step=88
2025-11-23 03:29:04,218 [DEBUG] PredPreyGrassEnv.env-99b9eef7: event=StepSummary | env_id=env-99b9eef7 | step=88 | current_step=88 | terminated_agents=[] | truncated_agents=[] | remaining_agents=25 | reward_preview={prey_1:-0.001, prey_3:-0.001, prey_5:-0.001, prey_0:-0.001, predator_4:-0.001} | info_preview={}
2025-11-23 03:29:04,232 [DEBUG] PredPreyGrassEnv.env-99b9eef7: event=StepBegin | env_id=env-99b9eef7 | step=89 | incoming_actions=['prey_1', 'prey_3', 'prey_5', 'prey_0', 'prey_18', ...] | active_agents=25 | current_step=89
2025-11-23 03:29:04,237 [DEBUG] PredPreyGrassEnv.env-99b9eef7: event=StepSummary | env_id=env-99b9eef7 | step=89 | current_step=89 | terminated_agents=[] | truncated_agents=[] | remaining_agents=25 | reward_preview={prey_1:-0.001, prey_3:-0.001, prey_5:-0.001, prey_0:-0.001, predator_4:-0.001} | info_preview={}
2025-11-23 03:29:04,250 [DEBUG] PredPreyGrassEnv.env-99b9eef7: event=StepBegin | env_id=env-99b9eef7 | step=90 | incoming_actions=['prey_1', 'prey_3', 'prey_5', 'prey_0', 'prey_18', ...] | active_agents=25 | current_step=90
2025-11-23 03:29:04,255 [DEBUG] PredPreyGrassEnv.env-99b9eef7: event=StepSummary | env_id=env-99b9eef7 | step=90 | current_step=90 | terminated_agents=[] | truncated_agents=[] | remaining_agents=25 | reward_preview={prey_1:-0.001, prey_3:-0.001, prey_5:-0.001, prey_0:-0.001, predator_4:-0.001} | info_preview={}
2025-11-23 03:29:04,269 [DEBUG] PredPreyGrassEnv.env-99b9eef7: event=StepBegin | env_id=env-99b9eef7 | step=91 | incoming_actions=['prey_1', 'prey_3', 'prey_5', 'prey_0', 'prey_18', ...] | active_agents=25 | current_step=91
2025-11-23 03:29:04,273 [DEBUG] PredPreyGrassEnv.env-99b9eef7: event=StepSummary | env_id=env-99b9eef7 | step=91 | current_step=91 | terminated_agents=[] | truncated_agents=[] | remaining_agents=25 | reward_preview={prey_1:-0.001, prey_3:-0.001, prey_5:-0.001, prey_0:-0.001, predator_4:-0.001} | info_preview={}
2025-11-23 03:29:04,288 [DEBUG] PredPreyGrassEnv.env-99b9eef7: event=StepBegin | env_id=env-99b9eef7 | step=92 | incoming_actions=['prey_1', 'prey_3', 'prey_5', 'prey_0', 'prey_18', ...] | active_agents=25 | current_step=92
2025-11-23 03:29:04,293 [DEBUG] PredPreyGrassEnv.env-99b9eef7: event=StepSummary | env_id=env-99b9eef7 | step=92 | current_step=92 | terminated_agents=[] | truncated_agents=[] | remaining_agents=25 | reward_preview={prey_1:-0.001, prey_3:-0.001, prey_5:-0.001, prey_0:-0.001, predator_4:-0.001} | info_preview={}
2025-11-23 03:29:04,308 [DEBUG] PredPreyGrassEnv.env-99b9eef7: event=StepBegin | env_id=env-99b9eef7 | step=93 | incoming_actions=['prey_1', 'prey_3', 'prey_5', 'prey_0', 'prey_18', ...] | active_agents=25 | current_step=93
2025-11-23 03:29:04,312 [DEBUG] PredPreyGrassEnv.env-99b9eef7: event=StepSummary | env_id=env-99b9eef7 | step=93 | current_step=93 | terminated_agents=[] | truncated_agents=[] | remaining_agents=25 | reward_preview={prey_1:-0.001, prey_3:-0.001, prey_5:-0.001, prey_0:-0.001, predator_4:-0.001} | info_preview={}
2025-11-23 03:29:04,325 [DEBUG] PredPreyGrassEnv.env-99b9eef7: event=StepBegin | env_id=env-99b9eef7 | step=94 | incoming_actions=['prey_1', 'prey_3', 'prey_5', 'prey_0', 'prey_18', ...] | active_agents=25 | current_step=94
2025-11-23 03:29:04,329 [DEBUG] PredPreyGrassEnv.env-99b9eef7: event=StepSummary | env_id=env-99b9eef7 | step=94 | current_step=94 | terminated_agents=[] | truncated_agents=[] | remaining_agents=25 | reward_preview={prey_1:-0.001, prey_3:-0.001, prey_5:-0.001, prey_0:-0.001, predator_4:-0.001} | info_preview={}
2025-11-23 03:29:04,344 [DEBUG] PredPreyGrassEnv.env-99b9eef7: event=StepBegin | env_id=env-99b9eef7 | step=95 | incoming_actions=['prey_1', 'prey_3', 'prey_5', 'prey_0', 'prey_18', ...] | active_agents=25 | current_step=95
2025-11-23 03:29:04,350 [DEBUG] PredPreyGrassEnv.env-99b9eef7: event=StepSummary | env_id=env-99b9eef7 | step=95 | current_step=95 | terminated_agents=[] | truncated_agents=[] | remaining_agents=25 | reward_preview={prey_1:-0.001, prey_3:-0.001, prey_5:-0.001, prey_0:-0.001, predator_4:-0.001} | info_preview={}
2025-11-23 03:29:04,364 [DEBUG] PredPreyGrassEnv.env-99b9eef7: event=StepBegin | env_id=env-99b9eef7 | step=96 | incoming_actions=['prey_1', 'prey_3', 'prey_5', 'prey_0', 'prey_18', ...] | active_agents=25 | current_step=96
2025-11-23 03:29:04,368 [DEBUG] PredPreyGrassEnv.env-99b9eef7: event=StepSummary | env_id=env-99b9eef7 | step=96 | current_step=96 | terminated_agents=[] | truncated_agents=[] | remaining_agents=25 | reward_preview={prey_1:-0.001, prey_3:-0.001, prey_5:-0.001, prey_0:-0.001, predator_4:-0.001} | info_preview={}
2025-11-23 03:29:04,382 [DEBUG] PredPreyGrassEnv.env-99b9eef7: event=StepBegin | env_id=env-99b9eef7 | step=97 | incoming_actions=['prey_1', 'prey_3', 'prey_5', 'prey_0', 'prey_18', ...] | active_agents=25 | current_step=97
2025-11-23 03:29:04,387 [DEBUG] PredPreyGrassEnv.env-99b9eef7: event=StepSummary | env_id=env-99b9eef7 | step=97 | current_step=97 | terminated_agents=[] | truncated_agents=[] | remaining_agents=25 | reward_preview={prey_1:-0.001, prey_3:-0.001, prey_5:-0.001, prey_0:-0.001, predator_4:-0.001} | info_preview={}
2025-11-23 03:29:04,403 [DEBUG] PredPreyGrassEnv.env-99b9eef7: event=StepBegin | env_id=env-99b9eef7 | step=98 | incoming_actions=['prey_1', 'prey_3', 'prey_5', 'prey_0', 'prey_18', ...] | active_agents=25 | current_step=98
2025-11-23 03:29:04,408 [DEBUG] PredPreyGrassEnv.env-99b9eef7: event=StepSummary | env_id=env-99b9eef7 | step=98 | current_step=98 | terminated_agents=[] | truncated_agents=[] | remaining_agents=25 | reward_preview={prey_1:-0.001, prey_3:-0.001, prey_5:-0.001, prey_0:-0.001, predator_4:-0.001} | info_preview={}
2025-11-23 03:29:04,423 [DEBUG] PredPreyGrassEnv.env-99b9eef7: event=StepBegin | env_id=env-99b9eef7 | step=99 | incoming_actions=['prey_1', 'prey_3', 'prey_5', 'prey_0', 'prey_18', ...] | active_agents=25 | current_step=99
2025-11-23 03:29:04,427 [DEBUG] PredPreyGrassEnv.env-99b9eef7: event=StepSummary | env_id=env-99b9eef7 | step=99 | current_step=99 | terminated_agents=[] | truncated_agents=[] | remaining_agents=25 | reward_preview={prey_1:-0.001, prey_3:-0.001, prey_5:-0.001, prey_0:-0.001, predator_4:-0.001} | info_preview={}
2025-11-23 03:29:04,440 [DEBUG] PredPreyGrassEnv.env-99b9eef7: event=StepBegin | env_id=env-99b9eef7 | step=100 | incoming_actions=['prey_1', 'prey_3', 'prey_5', 'prey_0', 'prey_18', ...] | active_agents=25 | current_step=100
2025-11-23 03:29:04,445 [DEBUG] PredPreyGrassEnv.env-99b9eef7: event=StepSummary | env_id=env-99b9eef7 | step=100 | current_step=100 | terminated_agents=[] | truncated_agents=[] | remaining_agents=25 | reward_preview={prey_1:-0.001, prey_3:-0.001, prey_5:-0.001, prey_0:-0.001, predator_4:-0.001} | info_preview={}
2025-11-23 03:29:04,461 [DEBUG] PredPreyGrassEnv.env-99b9eef7: event=StepBegin | env_id=env-99b9eef7 | step=101 | incoming_actions=['prey_1', 'prey_3', 'prey_5', 'prey_0', 'prey_18', ...] | active_agents=25 | current_step=101
2025-11-23 03:29:04,466 [DEBUG] PredPreyGrassEnv.env-99b9eef7: event=StepSummary | env_id=env-99b9eef7 | step=101 | current_step=101 | terminated_agents=[] | truncated_agents=[] | remaining_agents=25 | reward_preview={prey_1:-0.001, prey_3:-0.001, prey_5:-0.001, prey_0:-0.001, predator_4:-0.001} | info_preview={}
2025-11-23 03:29:04,480 [DEBUG] PredPreyGrassEnv.env-99b9eef7: event=StepBegin | env_id=env-99b9eef7 | step=102 | incoming_actions=['prey_1', 'prey_3', 'prey_5', 'prey_0', 'prey_18', ...] | active_agents=25 | current_step=102
2025-11-23 03:29:04,484 [DEBUG] PredPreyGrassEnv.env-99b9eef7: event=StepSummary | env_id=env-99b9eef7 | step=102 | current_step=102 | terminated_agents=[] | truncated_agents=[] | remaining_agents=25 | reward_preview={prey_1:-0.001, prey_3:-0.001, prey_5:-0.001, prey_0:-0.001, predator_4:-0.001} | info_preview={}
2025-11-23 03:29:04,498 [DEBUG] PredPreyGrassEnv.env-99b9eef7: event=StepBegin | env_id=env-99b9eef7 | step=103 | incoming_actions=['prey_1', 'prey_3', 'prey_5', 'prey_0', 'prey_18', ...] | active_agents=25 | current_step=103
2025-11-23 03:29:04,503 [DEBUG] PredPreyGrassEnv.env-99b9eef7: event=StepSummary | env_id=env-99b9eef7 | step=103 | current_step=103 | terminated_agents=[] | truncated_agents=[] | remaining_agents=25 | reward_preview={prey_1:-0.001, prey_3:-0.001, prey_5:-0.001, prey_0:-0.001, predator_4:-0.001} | info_preview={}
2025-11-23 03:29:04,518 [DEBUG] PredPreyGrassEnv.env-99b9eef7: event=StepBegin | env_id=env-99b9eef7 | step=104 | incoming_actions=['prey_1', 'prey_3', 'prey_5', 'prey_0', 'prey_18', ...] | active_agents=25 | current_step=104
2025-11-23 03:29:04,523 [DEBUG] PredPreyGrassEnv.env-99b9eef7: event=StepSummary | env_id=env-99b9eef7 | step=104 | current_step=104 | terminated_agents=[] | truncated_agents=[] | remaining_agents=25 | reward_preview={prey_1:-0.001, prey_3:-0.001, prey_5:-0.001, prey_0:-0.001, predator_4:-0.001} | info_preview={}
2025-11-23 03:29:04,535 [DEBUG] PredPreyGrassEnv.env-99b9eef7: event=StepBegin | env_id=env-99b9eef7 | step=105 | incoming_actions=['prey_1', 'prey_3', 'prey_5', 'prey_0', 'prey_18', ...] | active_agents=25 | current_step=105
2025-11-23 03:29:04,540 [DEBUG] PredPreyGrassEnv.env-99b9eef7: event=StepSummary | env_id=env-99b9eef7 | step=105 | current_step=105 | terminated_agents=[] | truncated_agents=[] | remaining_agents=25 | reward_preview={prey_1:-0.001, prey_3:-0.001, prey_5:-0.001, prey_0:-0.001, predator_4:-0.001} | info_preview={}
2025-11-23 03:29:04,556 [DEBUG] PredPreyGrassEnv.env-99b9eef7: event=StepBegin | env_id=env-99b9eef7 | step=106 | incoming_actions=['prey_1', 'prey_3', 'prey_5', 'prey_0', 'prey_18', ...] | active_agents=25 | current_step=106
2025-11-23 03:29:04,561 [DEBUG] PredPreyGrassEnv.env-99b9eef7: event=StepSummary | env_id=env-99b9eef7 | step=106 | current_step=106 | terminated_agents=[] | truncated_agents=[] | remaining_agents=25 | reward_preview={prey_1:-0.001, prey_3:-0.001, prey_5:-0.001, prey_0:-0.001, predator_4:-0.001} | info_preview={}
2025-11-23 03:29:04,574 [DEBUG] PredPreyGrassEnv.env-99b9eef7: event=StepBegin | env_id=env-99b9eef7 | step=107 | incoming_actions=['prey_1', 'prey_3', 'prey_5', 'prey_0', 'prey_18', ...] | active_agents=25 | current_step=107
2025-11-23 03:29:04,578 [DEBUG] PredPreyGrassEnv.env-99b9eef7: event=StepSummary | env_id=env-99b9eef7 | step=107 | current_step=107 | terminated_agents=[] | truncated_agents=[] | remaining_agents=25 | reward_preview={prey_1:-0.001, prey_3:-0.001, prey_5:-0.001, prey_0:-0.001, predator_4:-0.001} | info_preview={}
2025-11-23 03:29:04,590 [DEBUG] PredPreyGrassEnv.env-99b9eef7: event=StepBegin | env_id=env-99b9eef7 | step=108 | incoming_actions=['prey_1', 'prey_3', 'prey_5', 'prey_0', 'prey_18', ...] | active_agents=25 | current_step=108
2025-11-23 03:29:04,591 [DEBUG] PredPreyGrassEnv.env-99b9eef7: event=PreyAteGrass | env_id=env-99b9eef7 | step=108 | prey='prey_1' | grass='grass_84' | prey_position=[499.7271079791416, 265.605680925498] | grass_energy=10.0 | energy_gained=9.0 | prey_energy=153.37994258088924
2025-11-23 03:29:04,595 [DEBUG] PredPreyGrassEnv.env-99b9eef7: event=StepSummary | env_id=env-99b9eef7 | step=108 | current_step=108 | terminated_agents=[] | truncated_agents=[] | remaining_agents=25 | reward_preview={prey_1:1.0, prey_3:-0.001, prey_5:-0.001, prey_0:-0.001, predator_4:-0.001} | info_preview={}
2025-11-23 03:29:04,610 [DEBUG] PredPreyGrassEnv.env-99b9eef7: event=StepBegin | env_id=env-99b9eef7 | step=109 | incoming_actions=['prey_1', 'prey_3', 'prey_5', 'prey_0', 'prey_18', ...] | active_agents=25 | current_step=109
2025-11-23 03:29:04,614 [DEBUG] PredPreyGrassEnv.env-99b9eef7: event=StepSummary | env_id=env-99b9eef7 | step=109 | current_step=109 | terminated_agents=[] | truncated_agents=[] | remaining_agents=25 | reward_preview={prey_1:-0.001, prey_3:-0.001, prey_5:-0.001, prey_0:-0.001, predator_4:-0.001} | info_preview={}
2025-11-23 03:29:04,626 [DEBUG] PredPreyGrassEnv.env-99b9eef7: event=StepBegin | env_id=env-99b9eef7 | step=110 | incoming_actions=['prey_1', 'prey_3', 'prey_5', 'prey_0', 'prey_18', ...] | active_agents=25 | current_step=110
2025-11-23 03:29:04,633 [DEBUG] PredPreyGrassEnv.env-99b9eef7: event=StepSummary | env_id=env-99b9eef7 | step=110 | current_step=110 | terminated_agents=[] | truncated_agents=[] | remaining_agents=25 | reward_preview={prey_1:-0.001, prey_3:-0.001, prey_5:-0.001, prey_0:-0.001, predator_4:-0.001} | info_preview={}
2025-11-23 03:29:04,646 [DEBUG] PredPreyGrassEnv.env-99b9eef7: event=StepBegin | env_id=env-99b9eef7 | step=111 | incoming_actions=['prey_1', 'prey_3', 'prey_5', 'prey_0', 'prey_18', ...] | active_agents=25 | current_step=111
2025-11-23 03:29:04,651 [DEBUG] PredPreyGrassEnv.env-99b9eef7: event=StepSummary | env_id=env-99b9eef7 | step=111 | current_step=111 | terminated_agents=[] | truncated_agents=[] | remaining_agents=25 | reward_preview={prey_1:-0.001, prey_3:-0.001, prey_5:-0.001, prey_0:-0.001, predator_4:-0.001} | info_preview={}
2025-11-23 03:29:04,664 [DEBUG] PredPreyGrassEnv.env-99b9eef7: event=StepBegin | env_id=env-99b9eef7 | step=112 | incoming_actions=['prey_1', 'prey_3', 'prey_5', 'prey_0', 'prey_18', ...] | active_agents=25 | current_step=112
2025-11-23 03:29:04,668 [DEBUG] PredPreyGrassEnv.env-99b9eef7: event=StepSummary | env_id=env-99b9eef7 | step=112 | current_step=112 | terminated_agents=[] | truncated_agents=[] | remaining_agents=25 | reward_preview={prey_1:-0.001, prey_3:-0.001, prey_5:-0.001, prey_0:-0.001, predator_4:-0.001} | info_preview={}
2025-11-23 03:29:04,680 [DEBUG] PredPreyGrassEnv.env-99b9eef7: event=StepBegin | env_id=env-99b9eef7 | step=113 | incoming_actions=['prey_1', 'prey_3', 'prey_5', 'prey_0', 'prey_18', ...] | active_agents=25 | current_step=113
2025-11-23 03:29:04,686 [DEBUG] PredPreyGrassEnv.env-99b9eef7: event=StepSummary | env_id=env-99b9eef7 | step=113 | current_step=113 | terminated_agents=[] | truncated_agents=[] | remaining_agents=25 | reward_preview={prey_1:-0.001, prey_3:-0.001, prey_5:-0.001, prey_0:-0.001, predator_4:-0.001} | info_preview={}
2025-11-23 03:29:04,701 [DEBUG] PredPreyGrassEnv.env-99b9eef7: event=StepBegin | env_id=env-99b9eef7 | step=114 | incoming_actions=['prey_1', 'prey_3', 'prey_5', 'prey_0', 'prey_18', ...] | active_agents=25 | current_step=114
2025-11-23 03:29:04,706 [DEBUG] PredPreyGrassEnv.env-99b9eef7: event=StepSummary | env_id=env-99b9eef7 | step=114 | current_step=114 | terminated_agents=[] | truncated_agents=[] | remaining_agents=25 | reward_preview={prey_1:-0.001, prey_3:-0.001, prey_5:-0.001, prey_0:-0.001, predator_4:-0.001} | info_preview={}
2025-11-23 03:29:04,730 [DEBUG] PredPreyGrassEnv.env-99b9eef7: event=StepBegin | env_id=env-99b9eef7 | step=115 | incoming_actions=['prey_1', 'prey_3', 'prey_5', 'prey_0', 'prey_18', ...] | active_agents=25 | current_step=115
2025-11-23 03:29:04,733 [DEBUG] PredPreyGrassEnv.env-99b9eef7: event=PreyAteGrass | env_id=env-99b9eef7 | step=115 | prey='prey_2' | grass='grass_28' | prey_position=[561.8510571711041, 137.81849898727887] | grass_energy=10.0 | energy_gained=9.0 | prey_energy=145.30355035146178
2025-11-23 03:29:04,734 [DEBUG] PredPreyGrassEnv.env-99b9eef7: event=StepSummary | env_id=env-99b9eef7 | step=115 | current_step=115 | terminated_agents=[] | truncated_agents=[] | remaining_agents=25 | reward_preview={prey_1:-0.001, prey_3:-0.001, prey_5:-0.001, prey_0:-0.001, predator_4:-0.001} | info_preview={}
2025-11-23 03:29:04,748 [DEBUG] PredPreyGrassEnv.env-99b9eef7: event=StepBegin | env_id=env-99b9eef7 | step=116 | incoming_actions=['prey_1', 'prey_3', 'prey_5', 'prey_0', 'prey_18', ...] | active_agents=25 | current_step=116
2025-11-23 03:29:04,754 [DEBUG] PredPreyGrassEnv.env-99b9eef7: event=StepSummary | env_id=env-99b9eef7 | step=116 | current_step=116 | terminated_agents=[] | truncated_agents=[] | remaining_agents=25 | reward_preview={prey_1:-0.001, prey_3:-0.001, prey_5:-0.001, prey_0:-0.001, predator_4:-0.001} | info_preview={}
2025-11-23 03:29:04,769 [DEBUG] PredPreyGrassEnv.env-99b9eef7: event=StepBegin | env_id=env-99b9eef7 | step=117 | incoming_actions=['prey_1', 'prey_3', 'prey_5', 'prey_0', 'prey_18', ...] | active_agents=25 | current_step=117
2025-11-23 03:29:04,774 [DEBUG] PredPreyGrassEnv.env-99b9eef7: event=StepSummary | env_id=env-99b9eef7 | step=117 | current_step=117 | terminated_agents=[] | truncated_agents=[] | remaining_agents=25 | reward_preview={prey_1:-0.001, prey_3:-0.001, prey_5:-0.001, prey_0:-0.001, predator_4:-0.001} | info_preview={}
2025-11-23 03:29:04,786 [DEBUG] PredPreyGrassEnv.env-99b9eef7: event=StepBegin | env_id=env-99b9eef7 | step=118 | incoming_actions=['prey_1', 'prey_3', 'prey_5', 'prey_0', 'prey_18', ...] | active_agents=25 | current_step=118
2025-11-23 03:29:04,791 [DEBUG] PredPreyGrassEnv.env-99b9eef7: event=StepSummary | env_id=env-99b9eef7 | step=118 | current_step=118 | terminated_agents=[] | truncated_agents=[] | remaining_agents=25 | reward_preview={prey_1:-0.001, prey_3:-0.001, prey_5:-0.001, prey_0:-0.001, predator_4:-0.001} | info_preview={}
2025-11-23 03:29:04,810 [DEBUG] PredPreyGrassEnv.env-99b9eef7: event=StepBegin | env_id=env-99b9eef7 | step=119 | incoming_actions=['prey_1', 'prey_3', 'prey_5', 'prey_0', 'prey_18', ...] | active_agents=25 | current_step=119
2025-11-23 03:29:04,820 [DEBUG] PredPreyGrassEnv.env-99b9eef7: event=StepSummary | env_id=env-99b9eef7 | step=119 | current_step=119 | terminated_agents=[] | truncated_agents=[] | remaining_agents=25 | reward_preview={prey_1:-0.001, prey_3:-0.001, prey_5:-0.001, prey_0:-0.001, predator_4:-0.001} | info_preview={}
2025-11-23 03:29:04,847 [DEBUG] PredPreyGrassEnv.env-99b9eef7: event=StepBegin | env_id=env-99b9eef7 | step=120 | incoming_actions=['prey_1', 'prey_3', 'prey_5', 'prey_0', 'prey_18', ...] | active_agents=25 | current_step=120
2025-11-23 03:29:04,856 [DEBUG] PredPreyGrassEnv.env-99b9eef7: event=StepSummary | env_id=env-99b9eef7 | step=120 | current_step=120 | terminated_agents=[] | truncated_agents=[] | remaining_agents=25 | reward_preview={prey_1:-0.001, prey_3:-0.001, prey_5:-0.001, prey_0:-0.001, predator_4:-0.001} | info_preview={}
2025-11-23 03:29:04,883 [DEBUG] PredPreyGrassEnv.env-99b9eef7: event=StepBegin | env_id=env-99b9eef7 | step=121 | incoming_actions=['prey_1', 'prey_3', 'prey_5', 'prey_0', 'prey_18', ...] | active_agents=25 | current_step=121
2025-11-23 03:29:04,891 [DEBUG] PredPreyGrassEnv.env-99b9eef7: event=StepSummary | env_id=env-99b9eef7 | step=121 | current_step=121 | terminated_agents=[] | truncated_agents=[] | remaining_agents=25 | reward_preview={prey_1:-0.001, prey_3:-0.001, prey_5:-0.001, prey_0:-0.001, predator_4:-0.001} | info_preview={}
2025-11-23 03:29:04,919 [DEBUG] PredPreyGrassEnv.env-99b9eef7: event=StepBegin | env_id=env-99b9eef7 | step=122 | incoming_actions=['prey_1', 'prey_3', 'prey_5', 'prey_0', 'prey_18', ...] | active_agents=25 | current_step=122
2025-11-23 03:29:04,927 [DEBUG] PredPreyGrassEnv.env-99b9eef7: event=StepSummary | env_id=env-99b9eef7 | step=122 | current_step=122 | terminated_agents=[] | truncated_agents=[] | remaining_agents=25 | reward_preview={prey_1:-0.001, prey_3:-0.001, prey_5:-0.001, prey_0:-0.001, predator_4:-0.001} | info_preview={}
2025-11-23 03:29:04,955 [DEBUG] PredPreyGrassEnv.env-99b9eef7: event=StepBegin | env_id=env-99b9eef7 | step=123 | incoming_actions=['prey_1', 'prey_3', 'prey_5', 'prey_0', 'prey_18', ...] | active_agents=25 | current_step=123
2025-11-23 03:29:04,964 [DEBUG] PredPreyGrassEnv.env-99b9eef7: event=StepSummary | env_id=env-99b9eef7 | step=123 | current_step=123 | terminated_agents=[] | truncated_agents=[] | remaining_agents=25 | reward_preview={prey_1:-0.001, prey_3:-0.001, prey_5:-0.001, prey_0:-0.001, predator_4:-0.001} | info_preview={}
2025-11-23 03:29:04,991 [DEBUG] PredPreyGrassEnv.env-99b9eef7: event=StepBegin | env_id=env-99b9eef7 | step=124 | incoming_actions=['prey_1', 'prey_3', 'prey_5', 'prey_0', 'prey_18', ...] | active_agents=25 | current_step=124
2025-11-23 03:29:04,999 [DEBUG] PredPreyGrassEnv.env-99b9eef7: event=StepSummary | env_id=env-99b9eef7 | step=124 | current_step=124 | terminated_agents=[] | truncated_agents=[] | remaining_agents=25 | reward_preview={prey_1:-0.001, prey_3:-0.001, prey_5:-0.001, prey_0:-0.001, predator_4:-0.001} | info_preview={}
2025-11-23 03:29:05,027 [DEBUG] PredPreyGrassEnv.env-99b9eef7: event=StepBegin | env_id=env-99b9eef7 | step=125 | incoming_actions=['prey_1', 'prey_3', 'prey_5', 'prey_0', 'prey_18', ...] | active_agents=25 | current_step=125
2025-11-23 03:29:05,036 [DEBUG] PredPreyGrassEnv.env-99b9eef7: event=StepSummary | env_id=env-99b9eef7 | step=125 | current_step=125 | terminated_agents=[] | truncated_agents=[] | remaining_agents=25 | reward_preview={prey_1:-0.001, prey_3:-0.001, prey_5:-0.001, prey_0:-0.001, predator_4:-0.001} | info_preview={}
2025-11-23 03:29:05,063 [DEBUG] PredPreyGrassEnv.env-99b9eef7: event=StepBegin | env_id=env-99b9eef7 | step=126 | incoming_actions=['prey_1', 'prey_3', 'prey_5', 'prey_0', 'prey_18', ...] | active_agents=25 | current_step=126
2025-11-23 03:29:05,071 [DEBUG] PredPreyGrassEnv.env-99b9eef7: event=StepSummary | env_id=env-99b9eef7 | step=126 | current_step=126 | terminated_agents=[] | truncated_agents=[] | remaining_agents=25 | reward_preview={prey_1:-0.001, prey_3:-0.001, prey_5:-0.001, prey_0:-0.001, predator_4:-0.001} | info_preview={}
2025-11-23 03:29:05,098 [DEBUG] PredPreyGrassEnv.env-99b9eef7: event=StepBegin | env_id=env-99b9eef7 | step=127 | incoming_actions=['prey_1', 'prey_3', 'prey_5', 'prey_0', 'prey_18', ...] | active_agents=25 | current_step=127
2025-11-23 03:29:05,106 [DEBUG] PredPreyGrassEnv.env-99b9eef7: event=StepSummary | env_id=env-99b9eef7 | step=127 | current_step=127 | terminated_agents=[] | truncated_agents=[] | remaining_agents=25 | reward_preview={prey_1:-0.001, prey_3:-0.001, prey_5:-0.001, prey_0:-0.001, predator_4:-0.001} | info_preview={}
2025-11-23 03:29:05,133 [DEBUG] PredPreyGrassEnv.env-99b9eef7: event=StepBegin | env_id=env-99b9eef7 | step=128 | incoming_actions=['prey_1', 'prey_3', 'prey_5', 'prey_0', 'prey_18', ...] | active_agents=25 | current_step=128
2025-11-23 03:29:05,141 [DEBUG] PredPreyGrassEnv.env-99b9eef7: event=StepSummary | env_id=env-99b9eef7 | step=128 | current_step=128 | terminated_agents=[] | truncated_agents=[] | remaining_agents=25 | reward_preview={prey_1:-0.001, prey_3:-0.001, prey_5:-0.001, prey_0:-0.001, predator_4:-0.001} | info_preview={}
2025-11-23 03:29:05,168 [DEBUG] PredPreyGrassEnv.env-99b9eef7: event=StepBegin | env_id=env-99b9eef7 | step=129 | incoming_actions=['prey_1', 'prey_3', 'prey_5', 'prey_0', 'prey_18', ...] | active_agents=25 | current_step=129
2025-11-23 03:29:05,176 [DEBUG] PredPreyGrassEnv.env-99b9eef7: event=StepSummary | env_id=env-99b9eef7 | step=129 | current_step=129 | terminated_agents=[] | truncated_agents=[] | remaining_agents=25 | reward_preview={prey_1:-0.001, prey_3:-0.001, prey_5:-0.001, prey_0:-0.001, predator_4:-0.001} | info_preview={}
2025-11-23 03:29:05,203 [DEBUG] PredPreyGrassEnv.env-99b9eef7: event=StepBegin | env_id=env-99b9eef7 | step=130 | incoming_actions=['prey_1', 'prey_3', 'prey_5', 'prey_0', 'prey_18', ...] | active_agents=25 | current_step=130
2025-11-23 03:29:05,211 [DEBUG] PredPreyGrassEnv.env-99b9eef7: event=StepSummary | env_id=env-99b9eef7 | step=130 | current_step=130 | terminated_agents=[] | truncated_agents=[] | remaining_agents=25 | reward_preview={prey_1:-0.001, prey_3:-0.001, prey_5:-0.001, prey_0:-0.001, predator_4:-0.001} | info_preview={}
2025-11-23 03:29:05,240 [DEBUG] PredPreyGrassEnv.env-99b9eef7: event=StepBegin | env_id=env-99b9eef7 | step=131 | incoming_actions=['prey_1', 'prey_3', 'prey_5', 'prey_0', 'prey_18', ...] | active_agents=25 | current_step=131
2025-11-23 03:29:05,248 [DEBUG] PredPreyGrassEnv.env-99b9eef7: event=StepSummary | env_id=env-99b9eef7 | step=131 | current_step=131 | terminated_agents=[] | truncated_agents=[] | remaining_agents=25 | reward_preview={prey_1:-0.001, prey_3:-0.001, prey_5:-0.001, prey_0:-0.001, predator_4:-0.001} | info_preview={}
2025-11-23 03:29:05,275 [DEBUG] PredPreyGrassEnv.env-99b9eef7: event=StepBegin | env_id=env-99b9eef7 | step=132 | incoming_actions=['prey_1', 'prey_3', 'prey_5', 'prey_0', 'prey_18', ...] | active_agents=25 | current_step=132
2025-11-23 03:29:05,284 [DEBUG] PredPreyGrassEnv.env-99b9eef7: event=StepSummary | env_id=env-99b9eef7 | step=132 | current_step=132 | terminated_agents=[] | truncated_agents=[] | remaining_agents=25 | reward_preview={prey_1:-0.001, prey_3:-0.001, prey_5:-0.001, prey_0:-0.001, predator_4:-0.001} | info_preview={}
2025-11-23 03:29:05,311 [DEBUG] PredPreyGrassEnv.env-99b9eef7: event=StepBegin | env_id=env-99b9eef7 | step=133 | incoming_actions=['prey_1', 'prey_3', 'prey_5', 'prey_0', 'prey_18', ...] | active_agents=25 | current_step=133
2025-11-23 03:29:05,317 [DEBUG] PredPreyGrassEnv.env-99b9eef7: event=PreyAteGrass | env_id=env-99b9eef7 | step=133 | prey='prey_19' | grass='grass_68' | prey_position=[50.08634299112003, 54.148847074315306] | grass_energy=10.0 | energy_gained=9.0 | prey_energy=122.04723868419325
2025-11-23 03:29:05,320 [DEBUG] PredPreyGrassEnv.env-99b9eef7: event=StepSummary | env_id=env-99b9eef7 | step=133 | current_step=133 | terminated_agents=[] | truncated_agents=[] | remaining_agents=25 | reward_preview={prey_1:-0.001, prey_3:-0.001, prey_5:-0.001, prey_0:-0.001, predator_4:-0.001} | info_preview={}
2025-11-23 03:29:05,347 [DEBUG] PredPreyGrassEnv.env-99b9eef7: event=StepBegin | env_id=env-99b9eef7 | step=134 | incoming_actions=['prey_1', 'prey_3', 'prey_5', 'prey_0', 'prey_18', ...] | active_agents=25 | current_step=134
2025-11-23 03:29:05,356 [DEBUG] PredPreyGrassEnv.env-99b9eef7: event=StepSummary | env_id=env-99b9eef7 | step=134 | current_step=134 | terminated_agents=[] | truncated_agents=[] | remaining_agents=25 | reward_preview={prey_1:-0.001, prey_3:-0.001, prey_5:-0.001, prey_0:-0.001, predator_4:-0.001} | info_preview={}
2025-11-23 03:29:05,383 [DEBUG] PredPreyGrassEnv.env-99b9eef7: event=StepBegin | env_id=env-99b9eef7 | step=135 | incoming_actions=['prey_1', 'prey_3', 'prey_5', 'prey_0', 'prey_18', ...] | active_agents=25 | current_step=135
2025-11-23 03:29:05,391 [DEBUG] PredPreyGrassEnv.env-99b9eef7: event=StepSummary | env_id=env-99b9eef7 | step=135 | current_step=135 | terminated_agents=[] | truncated_agents=[] | remaining_agents=25 | reward_preview={prey_1:-0.001, prey_3:-0.001, prey_5:-0.001, prey_0:-0.001, predator_4:-0.001} | info_preview={}
2025-11-23 03:29:05,419 [DEBUG] PredPreyGrassEnv.env-99b9eef7: event=StepBegin | env_id=env-99b9eef7 | step=136 | incoming_actions=['prey_1', 'prey_3', 'prey_5', 'prey_0', 'prey_18', ...] | active_agents=25 | current_step=136
2025-11-23 03:29:05,427 [DEBUG] PredPreyGrassEnv.env-99b9eef7: event=StepSummary | env_id=env-99b9eef7 | step=136 | current_step=136 | terminated_agents=[] | truncated_agents=[] | remaining_agents=25 | reward_preview={prey_1:-0.001, prey_3:-0.001, prey_5:-0.001, prey_0:-0.001, predator_4:-0.001} | info_preview={}
2025-11-23 03:29:05,455 [DEBUG] PredPreyGrassEnv.env-99b9eef7: event=StepBegin | env_id=env-99b9eef7 | step=137 | incoming_actions=['prey_1', 'prey_3', 'prey_5', 'prey_0', 'prey_18', ...] | active_agents=25 | current_step=137
2025-11-23 03:29:05,463 [DEBUG] PredPreyGrassEnv.env-99b9eef7: event=StepSummary | env_id=env-99b9eef7 | step=137 | current_step=137 | terminated_agents=[] | truncated_agents=[] | remaining_agents=25 | reward_preview={prey_1:-0.001, prey_3:-0.001, prey_5:-0.001, prey_0:-0.001, predator_4:-0.001} | info_preview={}
2025-11-23 03:29:05,491 [DEBUG] PredPreyGrassEnv.env-99b9eef7: event=StepBegin | env_id=env-99b9eef7 | step=138 | incoming_actions=['prey_1', 'prey_3', 'prey_5', 'prey_0', 'prey_18', ...] | active_agents=25 | current_step=138
2025-11-23 03:29:05,499 [DEBUG] PredPreyGrassEnv.env-99b9eef7: event=StepSummary | env_id=env-99b9eef7 | step=138 | current_step=138 | terminated_agents=[] | truncated_agents=[] | remaining_agents=25 | reward_preview={prey_1:-0.001, prey_3:-0.001, prey_5:-0.001, prey_0:-0.001, predator_4:-0.001} | info_preview={}
2025-11-23 03:29:05,528 [DEBUG] PredPreyGrassEnv.env-99b9eef7: event=StepBegin | env_id=env-99b9eef7 | step=139 | incoming_actions=['prey_1', 'prey_3', 'prey_5', 'prey_0', 'prey_18', ...] | active_agents=25 | current_step=139
2025-11-23 03:29:05,537 [DEBUG] PredPreyGrassEnv.env-99b9eef7: event=StepSummary | env_id=env-99b9eef7 | step=139 | current_step=139 | terminated_agents=[] | truncated_agents=[] | remaining_agents=25 | reward_preview={prey_1:-0.001, prey_3:-0.001, prey_5:-0.001, prey_0:-0.001, predator_4:-0.001} | info_preview={}
2025-11-23 03:29:05,565 [DEBUG] PredPreyGrassEnv.env-99b9eef7: event=StepBegin | env_id=env-99b9eef7 | step=140 | incoming_actions=['prey_1', 'prey_3', 'prey_5', 'prey_0', 'prey_18', ...] | active_agents=25 | current_step=140
2025-11-23 03:29:05,573 [DEBUG] PredPreyGrassEnv.env-99b9eef7: event=StepSummary | env_id=env-99b9eef7 | step=140 | current_step=140 | terminated_agents=[] | truncated_agents=[] | remaining_agents=25 | reward_preview={prey_1:-0.001, prey_3:-0.001, prey_5:-0.001, prey_0:-0.001, predator_4:-0.001} | info_preview={}
2025-11-23 03:29:05,602 [DEBUG] PredPreyGrassEnv.env-99b9eef7: event=StepBegin | env_id=env-99b9eef7 | step=141 | incoming_actions=['prey_1', 'prey_3', 'prey_5', 'prey_0', 'prey_18', ...] | active_agents=25 | current_step=141
2025-11-23 03:29:05,611 [DEBUG] PredPreyGrassEnv.env-99b9eef7: event=StepSummary | env_id=env-99b9eef7 | step=141 | current_step=141 | terminated_agents=[] | truncated_agents=[] | remaining_agents=25 | reward_preview={prey_1:-0.001, prey_3:-0.001, prey_5:-0.001, prey_0:-0.001, predator_4:-0.001} | info_preview={}
2025-11-23 03:29:05,638 [DEBUG] PredPreyGrassEnv.env-99b9eef7: event=StepBegin | env_id=env-99b9eef7 | step=142 | incoming_actions=['prey_1', 'prey_3', 'prey_5', 'prey_0', 'prey_18', ...] | active_agents=25 | current_step=142
2025-11-23 03:29:05,648 [DEBUG] PredPreyGrassEnv.env-99b9eef7: event=StepSummary | env_id=env-99b9eef7 | step=142 | current_step=142 | terminated_agents=[] | truncated_agents=[] | remaining_agents=25 | reward_preview={prey_1:-0.001, prey_3:-0.001, prey_5:-0.001, prey_0:-0.001, predator_4:-0.001} | info_preview={}
2025-11-23 03:29:05,675 [DEBUG] PredPreyGrassEnv.env-99b9eef7: event=StepBegin | env_id=env-99b9eef7 | step=143 | incoming_actions=['prey_1', 'prey_3', 'prey_5', 'prey_0', 'prey_18', ...] | active_agents=25 | current_step=143
2025-11-23 03:29:05,684 [DEBUG] PredPreyGrassEnv.env-99b9eef7: event=StepSummary | env_id=env-99b9eef7 | step=143 | current_step=143 | terminated_agents=[] | truncated_agents=[] | remaining_agents=25 | reward_preview={prey_1:-0.001, prey_3:-0.001, prey_5:-0.001, prey_0:-0.001, predator_4:-0.001} | info_preview={}
2025-11-23 03:29:05,712 [DEBUG] PredPreyGrassEnv.env-99b9eef7: event=StepBegin | env_id=env-99b9eef7 | step=144 | incoming_actions=['prey_1', 'prey_3', 'prey_5', 'prey_0', 'prey_18', ...] | active_agents=25 | current_step=144
2025-11-23 03:29:05,721 [DEBUG] PredPreyGrassEnv.env-99b9eef7: event=StepSummary | env_id=env-99b9eef7 | step=144 | current_step=144 | terminated_agents=[] | truncated_agents=[] | remaining_agents=25 | reward_preview={prey_1:-0.001, prey_3:-0.001, prey_5:-0.001, prey_0:-0.001, predator_4:-0.001} | info_preview={}
2025-11-23 03:29:05,749 [DEBUG] PredPreyGrassEnv.env-99b9eef7: event=StepBegin | env_id=env-99b9eef7 | step=145 | incoming_actions=['prey_1', 'prey_3', 'prey_5', 'prey_0', 'prey_18', ...] | active_agents=25 | current_step=145
2025-11-23 03:29:05,758 [DEBUG] PredPreyGrassEnv.env-99b9eef7: event=StepSummary | env_id=env-99b9eef7 | step=145 | current_step=145 | terminated_agents=[] | truncated_agents=[] | remaining_agents=25 | reward_preview={prey_1:-0.001, prey_3:-0.001, prey_5:-0.001, prey_0:-0.001, predator_4:-0.001} | info_preview={}
2025-11-23 03:29:05,786 [DEBUG] PredPreyGrassEnv.env-99b9eef7: event=StepBegin | env_id=env-99b9eef7 | step=146 | incoming_actions=['prey_1', 'prey_3', 'prey_5', 'prey_0', 'prey_18', ...] | active_agents=25 | current_step=146
2025-11-23 03:29:05,796 [DEBUG] PredPreyGrassEnv.env-99b9eef7: event=StepSummary | env_id=env-99b9eef7 | step=146 | current_step=146 | terminated_agents=[] | truncated_agents=[] | remaining_agents=25 | reward_preview={prey_1:-0.001, prey_3:-0.001, prey_5:-0.001, prey_0:-0.001, predator_4:-0.001} | info_preview={}
2025-11-23 03:29:05,820 [DEBUG] PredPreyGrassEnv.env-99b9eef7: event=StepBegin | env_id=env-99b9eef7 | step=147 | incoming_actions=['prey_1', 'prey_3', 'prey_5', 'prey_0', 'prey_18', ...] | active_agents=25 | current_step=147
2025-11-23 03:29:05,825 [DEBUG] PredPreyGrassEnv.env-99b9eef7: event=StepSummary | env_id=env-99b9eef7 | step=147 | current_step=147 | terminated_agents=[] | truncated_agents=[] | remaining_agents=25 | reward_preview={prey_1:-0.001, prey_3:-0.001, prey_5:-0.001, prey_0:-0.001, predator_4:-0.001} | info_preview={}
2025-11-23 03:29:05,841 [DEBUG] PredPreyGrassEnv.env-99b9eef7: event=StepBegin | env_id=env-99b9eef7 | step=148 | incoming_actions=['prey_1', 'prey_3', 'prey_5', 'prey_0', 'prey_18', ...] | active_agents=25 | current_step=148
2025-11-23 03:29:05,846 [DEBUG] PredPreyGrassEnv.env-99b9eef7: event=StepSummary | env_id=env-99b9eef7 | step=148 | current_step=148 | terminated_agents=[] | truncated_agents=[] | remaining_agents=25 | reward_preview={prey_1:-0.001, prey_3:-0.001, prey_5:-0.001, prey_0:-0.001, predator_4:-0.001} | info_preview={}
2025-11-23 03:29:05,861 [DEBUG] PredPreyGrassEnv.env-99b9eef7: event=StepBegin | env_id=env-99b9eef7 | step=149 | incoming_actions=['prey_1', 'prey_3', 'prey_5', 'prey_0', 'prey_18', ...] | active_agents=25 | current_step=149
2025-11-23 03:29:05,865 [DEBUG] PredPreyGrassEnv.env-99b9eef7: event=StepSummary | env_id=env-99b9eef7 | step=149 | current_step=149 | terminated_agents=[] | truncated_agents=[] | remaining_agents=25 | reward_preview={prey_1:-0.001, prey_3:-0.001, prey_5:-0.001, prey_0:-0.001, predator_4:-0.001} | info_preview={}
2025-11-23 03:29:05,876 [DEBUG] PredPreyGrassEnv.env-99b9eef7: event=StepBegin | env_id=env-99b9eef7 | step=150 | incoming_actions=['prey_1', 'prey_3', 'prey_5', 'prey_0', 'prey_18', ...] | active_agents=25 | current_step=150
2025-11-23 03:29:05,880 [DEBUG] PredPreyGrassEnv.env-99b9eef7: event=StepSummary | env_id=env-99b9eef7 | step=150 | current_step=150 | terminated_agents=[] | truncated_agents=[] | remaining_agents=25 | reward_preview={prey_1:-0.001, prey_3:-0.001, prey_5:-0.001, prey_0:-0.001, predator_4:-0.001} | info_preview={}
2025-11-23 03:29:05,892 [DEBUG] PredPreyGrassEnv.env-99b9eef7: event=StepBegin | env_id=env-99b9eef7 | step=151 | incoming_actions=['prey_1', 'prey_3', 'prey_5', 'prey_0', 'prey_18', ...] | active_agents=25 | current_step=151
2025-11-23 03:29:05,895 [DEBUG] PredPreyGrassEnv.env-99b9eef7: event=StepSummary | env_id=env-99b9eef7 | step=151 | current_step=151 | terminated_agents=[] | truncated_agents=[] | remaining_agents=25 | reward_preview={prey_1:-0.001, prey_3:-0.001, prey_5:-0.001, prey_0:-0.001, predator_4:-0.001} | info_preview={}
2025-11-23 03:29:05,906 [DEBUG] PredPreyGrassEnv.env-99b9eef7: event=StepBegin | env_id=env-99b9eef7 | step=152 | incoming_actions=['prey_1', 'prey_3', 'prey_5', 'prey_0', 'prey_18', ...] | active_agents=25 | current_step=152
2025-11-23 03:29:05,910 [DEBUG] PredPreyGrassEnv.env-99b9eef7: event=StepSummary | env_id=env-99b9eef7 | step=152 | current_step=152 | terminated_agents=[] | truncated_agents=[] | remaining_agents=25 | reward_preview={prey_1:-0.001, prey_3:-0.001, prey_5:-0.001, prey_0:-0.001, predator_4:-0.001} | info_preview={}
2025-11-23 03:29:05,920 [DEBUG] PredPreyGrassEnv.env-99b9eef7: event=StepBegin | env_id=env-99b9eef7 | step=153 | incoming_actions=['prey_1', 'prey_3', 'prey_5', 'prey_0', 'prey_18', ...] | active_agents=25 | current_step=153
2025-11-23 03:29:05,924 [DEBUG] PredPreyGrassEnv.env-99b9eef7: event=StepSummary | env_id=env-99b9eef7 | step=153 | current_step=153 | terminated_agents=[] | truncated_agents=[] | remaining_agents=25 | reward_preview={prey_1:-0.001, prey_3:-0.001, prey_5:-0.001, prey_0:-0.001, predator_4:-0.001} | info_preview={}
2025-11-23 03:29:05,934 [DEBUG] PredPreyGrassEnv.env-99b9eef7: event=StepBegin | env_id=env-99b9eef7 | step=154 | incoming_actions=['prey_1', 'prey_3', 'prey_5', 'prey_0', 'prey_18', ...] | active_agents=25 | current_step=154
2025-11-23 03:29:05,938 [DEBUG] PredPreyGrassEnv.env-99b9eef7: event=StepSummary | env_id=env-99b9eef7 | step=154 | current_step=154 | terminated_agents=[] | truncated_agents=[] | remaining_agents=25 | reward_preview={prey_1:-0.001, prey_3:-0.001, prey_5:-0.001, prey_0:-0.001, predator_4:-0.001} | info_preview={}
2025-11-23 03:29:05,949 [DEBUG] PredPreyGrassEnv.env-99b9eef7: event=StepBegin | env_id=env-99b9eef7 | step=155 | incoming_actions=['prey_1', 'prey_3', 'prey_5', 'prey_0', 'prey_18', ...] | active_agents=25 | current_step=155
2025-11-23 03:29:05,952 [DEBUG] PredPreyGrassEnv.env-99b9eef7: event=StepSummary | env_id=env-99b9eef7 | step=155 | current_step=155 | terminated_agents=[] | truncated_agents=[] | remaining_agents=25 | reward_preview={prey_1:-0.001, prey_3:-0.001, prey_5:-0.001, prey_0:-0.001, predator_4:-0.001} | info_preview={}
2025-11-23 03:29:05,965 [DEBUG] PredPreyGrassEnv.env-99b9eef7: event=StepBegin | env_id=env-99b9eef7 | step=156 | incoming_actions=['prey_1', 'prey_3', 'prey_5', 'prey_0', 'prey_18', ...] | active_agents=25 | current_step=156
2025-11-23 03:29:05,970 [DEBUG] PredPreyGrassEnv.env-99b9eef7: event=StepSummary | env_id=env-99b9eef7 | step=156 | current_step=156 | terminated_agents=[] | truncated_agents=[] | remaining_agents=25 | reward_preview={prey_1:-0.001, prey_3:-0.001, prey_5:-0.001, prey_0:-0.001, predator_4:-0.001} | info_preview={}
2025-11-23 03:29:05,987 [DEBUG] PredPreyGrassEnv.env-99b9eef7: event=StepBegin | env_id=env-99b9eef7 | step=157 | incoming_actions=['prey_1', 'prey_3', 'prey_5', 'prey_0', 'prey_18', ...] | active_agents=25 | current_step=157
2025-11-23 03:29:05,992 [DEBUG] PredPreyGrassEnv.env-99b9eef7: event=StepSummary | env_id=env-99b9eef7 | step=157 | current_step=157 | terminated_agents=[] | truncated_agents=[] | remaining_agents=25 | reward_preview={prey_1:-0.001, prey_3:-0.001, prey_5:-0.001, prey_0:-0.001, predator_4:-0.001} | info_preview={}
2025-11-23 03:29:06,007 [DEBUG] PredPreyGrassEnv.env-99b9eef7: event=StepBegin | env_id=env-99b9eef7 | step=158 | incoming_actions=['prey_1', 'prey_3', 'prey_5', 'prey_0', 'prey_18', ...] | active_agents=25 | current_step=158
2025-11-23 03:29:06,012 [DEBUG] PredPreyGrassEnv.env-99b9eef7: event=StepSummary | env_id=env-99b9eef7 | step=158 | current_step=158 | terminated_agents=[] | truncated_agents=[] | remaining_agents=25 | reward_preview={prey_1:-0.001, prey_3:-0.001, prey_5:-0.001, prey_0:-0.001, predator_4:-0.001} | info_preview={}
2025-11-23 03:29:06,026 [DEBUG] PredPreyGrassEnv.env-99b9eef7: event=StepBegin | env_id=env-99b9eef7 | step=159 | incoming_actions=['prey_1', 'prey_3', 'prey_5', 'prey_0', 'prey_18', ...] | active_agents=25 | current_step=159
2025-11-23 03:29:06,032 [DEBUG] PredPreyGrassEnv.env-99b9eef7: event=StepSummary | env_id=env-99b9eef7 | step=159 | current_step=159 | terminated_agents=[] | truncated_agents=[] | remaining_agents=25 | reward_preview={prey_1:-0.001, prey_3:-0.001, prey_5:-0.001, prey_0:-0.001, predator_4:-0.001} | info_preview={}
2025-11-23 03:29:06,048 [DEBUG] PredPreyGrassEnv.env-99b9eef7: event=StepBegin | env_id=env-99b9eef7 | step=160 | incoming_actions=['prey_1', 'prey_3', 'prey_5', 'prey_0', 'prey_18', ...] | active_agents=25 | current_step=160
2025-11-23 03:29:06,053 [DEBUG] PredPreyGrassEnv.env-99b9eef7: event=StepSummary | env_id=env-99b9eef7 | step=160 | current_step=160 | terminated_agents=[] | truncated_agents=[] | remaining_agents=25 | reward_preview={prey_1:-0.001, prey_3:-0.001, prey_5:-0.001, prey_0:-0.001, predator_4:-0.001} | info_preview={}
2025-11-23 03:29:06,071 [DEBUG] PredPreyGrassEnv.env-99b9eef7: event=StepBegin | env_id=env-99b9eef7 | step=161 | incoming_actions=['prey_1', 'prey_3', 'prey_5', 'prey_0', 'prey_18', ...] | active_agents=25 | current_step=161
2025-11-23 03:29:06,075 [DEBUG] PredPreyGrassEnv.env-99b9eef7: event=StepSummary | env_id=env-99b9eef7 | step=161 | current_step=161 | terminated_agents=[] | truncated_agents=[] | remaining_agents=25 | reward_preview={prey_1:-0.001, prey_3:-0.001, prey_5:-0.001, prey_0:-0.001, predator_4:-0.001} | info_preview={}
2025-11-23 03:29:06,089 [DEBUG] PredPreyGrassEnv.env-99b9eef7: event=StepBegin | env_id=env-99b9eef7 | step=162 | incoming_actions=['prey_1', 'prey_3', 'prey_5', 'prey_0', 'prey_18', ...] | active_agents=25 | current_step=162
2025-11-23 03:29:06,095 [DEBUG] PredPreyGrassEnv.env-99b9eef7: event=StepSummary | env_id=env-99b9eef7 | step=162 | current_step=162 | terminated_agents=[] | truncated_agents=[] | remaining_agents=25 | reward_preview={prey_1:-0.001, prey_3:-0.001, prey_5:-0.001, prey_0:-0.001, predator_4:-0.001} | info_preview={}
2025-11-23 03:29:06,111 [DEBUG] PredPreyGrassEnv.env-99b9eef7: event=StepBegin | env_id=env-99b9eef7 | step=163 | incoming_actions=['prey_1', 'prey_3', 'prey_5', 'prey_0', 'prey_18', ...] | active_agents=25 | current_step=163
2025-11-23 03:29:06,117 [DEBUG] PredPreyGrassEnv.env-99b9eef7: event=StepSummary | env_id=env-99b9eef7 | step=163 | current_step=163 | terminated_agents=[] | truncated_agents=[] | remaining_agents=25 | reward_preview={prey_1:-0.001, prey_3:-0.001, prey_5:-0.001, prey_0:-0.001, predator_4:-0.001} | info_preview={}
2025-11-23 03:29:06,132 [DEBUG] PredPreyGrassEnv.env-99b9eef7: event=StepBegin | env_id=env-99b9eef7 | step=164 | incoming_actions=['prey_1', 'prey_3', 'prey_5', 'prey_0', 'prey_18', ...] | active_agents=25 | current_step=164
2025-11-23 03:29:06,136 [DEBUG] PredPreyGrassEnv.env-99b9eef7: event=PreyAteGrass | env_id=env-99b9eef7 | step=164 | prey='prey_2' | grass='grass_11' | prey_position=[430.6560394026956, 155.11734860390948] | grass_energy=10.0 | energy_gained=9.0 | prey_energy=137.57308215089338
2025-11-23 03:29:06,138 [DEBUG] PredPreyGrassEnv.env-99b9eef7: event=StepSummary | env_id=env-99b9eef7 | step=164 | current_step=164 | terminated_agents=[] | truncated_agents=[] | remaining_agents=25 | reward_preview={prey_1:-0.001, prey_3:-0.001, prey_5:-0.001, prey_0:-0.001, predator_4:-0.001} | info_preview={}
2025-11-23 03:29:06,150 [DEBUG] PredPreyGrassEnv.env-99b9eef7: event=StepBegin | env_id=env-99b9eef7 | step=165 | incoming_actions=['prey_1', 'prey_3', 'prey_5', 'prey_0', 'prey_18', ...] | active_agents=25 | current_step=165
2025-11-23 03:29:06,154 [DEBUG] PredPreyGrassEnv.env-99b9eef7: event=StepSummary | env_id=env-99b9eef7 | step=165 | current_step=165 | terminated_agents=[] | truncated_agents=[] | remaining_agents=25 | reward_preview={prey_1:-0.001, prey_3:-0.001, prey_5:-0.001, prey_0:-0.001, predator_4:-0.001} | info_preview={}
2025-11-23 03:29:06,169 [DEBUG] PredPreyGrassEnv.env-99b9eef7: event=StepBegin | env_id=env-99b9eef7 | step=166 | incoming_actions=['prey_1', 'prey_3', 'prey_5', 'prey_0', 'prey_18', ...] | active_agents=25 | current_step=166
2025-11-23 03:29:06,173 [DEBUG] PredPreyGrassEnv.env-99b9eef7: event=StepSummary | env_id=env-99b9eef7 | step=166 | current_step=166 | terminated_agents=[] | truncated_agents=[] | remaining_agents=25 | reward_preview={prey_1:-0.001, prey_3:-0.001, prey_5:-0.001, prey_0:-0.001, predator_4:-0.001} | info_preview={}
2025-11-23 03:29:06,191 [DEBUG] PredPreyGrassEnv.env-99b9eef7: event=StepBegin | env_id=env-99b9eef7 | step=167 | incoming_actions=['prey_1', 'prey_3', 'prey_5', 'prey_0', 'prey_18', ...] | active_agents=25 | current_step=167
2025-11-23 03:29:06,197 [DEBUG] PredPreyGrassEnv.env-99b9eef7: event=StepSummary | env_id=env-99b9eef7 | step=167 | current_step=167 | terminated_agents=[] | truncated_agents=[] | remaining_agents=25 | reward_preview={prey_1:-0.001, prey_3:-0.001, prey_5:-0.001, prey_0:-0.001, predator_4:-0.001} | info_preview={}
2025-11-23 03:29:06,215 [DEBUG] PredPreyGrassEnv.env-99b9eef7: event=StepBegin | env_id=env-99b9eef7 | step=168 | incoming_actions=['prey_1', 'prey_3', 'prey_5', 'prey_0', 'prey_18', ...] | active_agents=25 | current_step=168
2025-11-23 03:29:06,219 [DEBUG] PredPreyGrassEnv.env-99b9eef7: event=StepSummary | env_id=env-99b9eef7 | step=168 | current_step=168 | terminated_agents=[] | truncated_agents=[] | remaining_agents=25 | reward_preview={prey_1:-0.001, prey_3:-0.001, prey_5:-0.001, prey_0:-0.001, predator_4:-0.001} | info_preview={}
2025-11-23 03:29:06,231 [DEBUG] PredPreyGrassEnv.env-99b9eef7: event=StepBegin | env_id=env-99b9eef7 | step=169 | incoming_actions=['prey_1', 'prey_3', 'prey_5', 'prey_0', 'prey_18', ...] | active_agents=25 | current_step=169
2025-11-23 03:29:06,237 [DEBUG] PredPreyGrassEnv.env-99b9eef7: event=StepSummary | env_id=env-99b9eef7 | step=169 | current_step=169 | terminated_agents=[] | truncated_agents=[] | remaining_agents=25 | reward_preview={prey_1:-0.001, prey_3:-0.001, prey_5:-0.001, prey_0:-0.001, predator_4:-0.001} | info_preview={}
2025-11-23 03:29:06,253 [DEBUG] PredPreyGrassEnv.env-99b9eef7: event=StepBegin | env_id=env-99b9eef7 | step=170 | incoming_actions=['prey_1', 'prey_3', 'prey_5', 'prey_0', 'prey_18', ...] | active_agents=25 | current_step=170
2025-11-23 03:29:06,258 [DEBUG] PredPreyGrassEnv.env-99b9eef7: event=StepSummary | env_id=env-99b9eef7 | step=170 | current_step=170 | terminated_agents=[] | truncated_agents=[] | remaining_agents=25 | reward_preview={prey_1:-0.001, prey_3:-0.001, prey_5:-0.001, prey_0:-0.001, predator_4:-0.001} | info_preview={}
2025-11-23 03:29:06,270 [DEBUG] PredPreyGrassEnv.env-99b9eef7: event=StepBegin | env_id=env-99b9eef7 | step=171 | incoming_actions=['prey_1', 'prey_3', 'prey_5', 'prey_0', 'prey_18', ...] | active_agents=25 | current_step=171
2025-11-23 03:29:06,279 [DEBUG] PredPreyGrassEnv.env-99b9eef7: event=StepSummary | env_id=env-99b9eef7 | step=171 | current_step=171 | terminated_agents=[] | truncated_agents=[] | remaining_agents=25 | reward_preview={prey_1:-0.001, prey_3:-0.001, prey_5:-0.001, prey_0:-0.001, predator_4:-0.001} | info_preview={}
2025-11-23 03:29:06,307 [DEBUG] PredPreyGrassEnv.env-99b9eef7: event=StepBegin | env_id=env-99b9eef7 | step=172 | incoming_actions=['prey_1', 'prey_3', 'prey_5', 'prey_0', 'prey_18', ...] | active_agents=25 | current_step=172
2025-11-23 03:29:06,316 [DEBUG] PredPreyGrassEnv.env-99b9eef7: event=StepSummary | env_id=env-99b9eef7 | step=172 | current_step=172 | terminated_agents=[] | truncated_agents=[] | remaining_agents=25 | reward_preview={prey_1:-0.001, prey_3:-0.001, prey_5:-0.001, prey_0:-0.001, predator_4:-0.001} | info_preview={}
2025-11-23 03:29:06,344 [DEBUG] PredPreyGrassEnv.env-99b9eef7: event=StepBegin | env_id=env-99b9eef7 | step=173 | incoming_actions=['prey_1', 'prey_3', 'prey_5', 'prey_0', 'prey_18', ...] | active_agents=25 | current_step=173
2025-11-23 03:29:06,352 [DEBUG] PredPreyGrassEnv.env-99b9eef7: event=StepSummary | env_id=env-99b9eef7 | step=173 | current_step=173 | terminated_agents=[] | truncated_agents=[] | remaining_agents=25 | reward_preview={prey_1:-0.001, prey_3:-0.001, prey_5:-0.001, prey_0:-0.001, predator_4:-0.001} | info_preview={}
2025-11-23 03:29:06,380 [DEBUG] PredPreyGrassEnv.env-99b9eef7: event=StepBegin | env_id=env-99b9eef7 | step=174 | incoming_actions=['prey_1', 'prey_3', 'prey_5', 'prey_0', 'prey_18', ...] | active_agents=25 | current_step=174
2025-11-23 03:29:06,389 [DEBUG] PredPreyGrassEnv.env-99b9eef7: event=StepSummary | env_id=env-99b9eef7 | step=174 | current_step=174 | terminated_agents=[] | truncated_agents=[] | remaining_agents=25 | reward_preview={prey_1:-0.001, prey_3:-0.001, prey_5:-0.001, prey_0:-0.001, predator_4:-0.001} | info_preview={}
2025-11-23 03:29:06,417 [DEBUG] PredPreyGrassEnv.env-99b9eef7: event=StepBegin | env_id=env-99b9eef7 | step=175 | incoming_actions=['prey_1', 'prey_3', 'prey_5', 'prey_0', 'prey_18', ...] | active_agents=25 | current_step=175
2025-11-23 03:29:06,425 [DEBUG] PredPreyGrassEnv.env-99b9eef7: event=StepSummary | env_id=env-99b9eef7 | step=175 | current_step=175 | terminated_agents=[] | truncated_agents=[] | remaining_agents=25 | reward_preview={prey_1:-0.001, prey_3:-0.001, prey_5:-0.001, prey_0:-0.001, predator_4:-0.001} | info_preview={}
2025-11-23 03:29:06,452 [DEBUG] PredPreyGrassEnv.env-99b9eef7: event=StepBegin | env_id=env-99b9eef7 | step=176 | incoming_actions=['prey_1', 'prey_3', 'prey_5', 'prey_0', 'prey_18', ...] | active_agents=25 | current_step=176
2025-11-23 03:29:06,461 [DEBUG] PredPreyGrassEnv.env-99b9eef7: event=StepSummary | env_id=env-99b9eef7 | step=176 | current_step=176 | terminated_agents=[] | truncated_agents=[] | remaining_agents=25 | reward_preview={prey_1:-0.001, prey_3:-0.001, prey_5:-0.001, prey_0:-0.001, predator_4:-0.001} | info_preview={}
2025-11-23 03:29:06,488 [DEBUG] PredPreyGrassEnv.env-99b9eef7: event=StepBegin | env_id=env-99b9eef7 | step=177 | incoming_actions=['prey_1', 'prey_3', 'prey_5', 'prey_0', 'prey_18', ...] | active_agents=25 | current_step=177
2025-11-23 03:29:06,497 [DEBUG] PredPreyGrassEnv.env-99b9eef7: event=StepSummary | env_id=env-99b9eef7 | step=177 | current_step=177 | terminated_agents=[] | truncated_agents=[] | remaining_agents=25 | reward_preview={prey_1:-0.001, prey_3:-0.001, prey_5:-0.001, prey_0:-0.001, predator_4:-0.001} | info_preview={}
2025-11-23 03:29:06,512 [DEBUG] PredPreyGrassEnv.env-99b9eef7: event=StepBegin | env_id=env-99b9eef7 | step=178 | incoming_actions=['prey_1', 'prey_3', 'prey_5', 'prey_0', 'prey_18', ...] | active_agents=25 | current_step=178
2025-11-23 03:29:06,516 [DEBUG] PredPreyGrassEnv.env-99b9eef7: event=StepSummary | env_id=env-99b9eef7 | step=178 | current_step=178 | terminated_agents=[] | truncated_agents=[] | remaining_agents=25 | reward_preview={prey_1:-0.001, prey_3:-0.001, prey_5:-0.001, prey_0:-0.001, predator_4:-0.001} | info_preview={}
2025-11-23 03:29:06,527 [DEBUG] PredPreyGrassEnv.env-99b9eef7: event=StepBegin | env_id=env-99b9eef7 | step=179 | incoming_actions=['prey_1', 'prey_3', 'prey_5', 'prey_0', 'prey_18', ...] | active_agents=25 | current_step=179
2025-11-23 03:29:06,531 [DEBUG] PredPreyGrassEnv.env-99b9eef7: event=StepSummary | env_id=env-99b9eef7 | step=179 | current_step=179 | terminated_agents=[] | truncated_agents=[] | remaining_agents=25 | reward_preview={prey_1:-0.001, prey_3:-0.001, prey_5:-0.001, prey_0:-0.001, predator_4:-0.001} | info_preview={}
2025-11-23 03:29:06,542 [DEBUG] PredPreyGrassEnv.env-99b9eef7: event=StepBegin | env_id=env-99b9eef7 | step=180 | incoming_actions=['prey_1', 'prey_3', 'prey_5', 'prey_0', 'prey_18', ...] | active_agents=25 | current_step=180
2025-11-23 03:29:06,545 [DEBUG] PredPreyGrassEnv.env-99b9eef7: event=StepSummary | env_id=env-99b9eef7 | step=180 | current_step=180 | terminated_agents=[] | truncated_agents=[] | remaining_agents=25 | reward_preview={prey_1:-0.001, prey_3:-0.001, prey_5:-0.001, prey_0:-0.001, predator_4:-0.001} | info_preview={}
2025-11-23 03:29:06,557 [DEBUG] PredPreyGrassEnv.env-99b9eef7: event=StepBegin | env_id=env-99b9eef7 | step=181 | incoming_actions=['prey_1', 'prey_3', 'prey_5', 'prey_0', 'prey_18', ...] | active_agents=25 | current_step=181
2025-11-23 03:29:06,561 [DEBUG] PredPreyGrassEnv.env-99b9eef7: event=StepSummary | env_id=env-99b9eef7 | step=181 | current_step=181 | terminated_agents=[] | truncated_agents=[] | remaining_agents=25 | reward_preview={prey_1:-0.001, prey_3:-0.001, prey_5:-0.001, prey_0:-0.001, predator_4:-0.001} | info_preview={}
2025-11-23 03:29:06,575 [DEBUG] PredPreyGrassEnv.env-99b9eef7: event=StepBegin | env_id=env-99b9eef7 | step=182 | incoming_actions=['prey_1', 'prey_3', 'prey_5', 'prey_0', 'prey_18', ...] | active_agents=25 | current_step=182
2025-11-23 03:29:06,579 [DEBUG] PredPreyGrassEnv.env-99b9eef7: event=StepSummary | env_id=env-99b9eef7 | step=182 | current_step=182 | terminated_agents=[] | truncated_agents=[] | remaining_agents=25 | reward_preview={prey_1:-0.001, prey_3:-0.001, prey_5:-0.001, prey_0:-0.001, predator_4:-0.001} | info_preview={}
2025-11-23 03:29:06,589 [DEBUG] PredPreyGrassEnv.env-99b9eef7: event=StepBegin | env_id=env-99b9eef7 | step=183 | incoming_actions=['prey_1', 'prey_3', 'prey_5', 'prey_0', 'prey_18', ...] | active_agents=25 | current_step=183
2025-11-23 03:29:06,593 [DEBUG] PredPreyGrassEnv.env-99b9eef7: event=StepSummary | env_id=env-99b9eef7 | step=183 | current_step=183 | terminated_agents=[] | truncated_agents=[] | remaining_agents=25 | reward_preview={prey_1:-0.001, prey_3:-0.001, prey_5:-0.001, prey_0:-0.001, predator_4:-0.001} | info_preview={}
2025-11-23 03:29:06,603 [DEBUG] PredPreyGrassEnv.env-99b9eef7: event=StepBegin | env_id=env-99b9eef7 | step=184 | incoming_actions=['prey_1', 'prey_3', 'prey_5', 'prey_0', 'prey_18', ...] | active_agents=25 | current_step=184
2025-11-23 03:29:06,607 [DEBUG] PredPreyGrassEnv.env-99b9eef7: event=StepSummary | env_id=env-99b9eef7 | step=184 | current_step=184 | terminated_agents=[] | truncated_agents=[] | remaining_agents=25 | reward_preview={prey_1:-0.001, prey_3:-0.001, prey_5:-0.001, prey_0:-0.001, predator_4:-0.001} | info_preview={}
2025-11-23 03:29:06,618 [DEBUG] PredPreyGrassEnv.env-99b9eef7: event=StepBegin | env_id=env-99b9eef7 | step=185 | incoming_actions=['prey_1', 'prey_3', 'prey_5', 'prey_0', 'prey_18', ...] | active_agents=25 | current_step=185
2025-11-23 03:29:06,621 [DEBUG] PredPreyGrassEnv.env-99b9eef7: event=StepSummary | env_id=env-99b9eef7 | step=185 | current_step=185 | terminated_agents=[] | truncated_agents=[] | remaining_agents=25 | reward_preview={prey_1:-0.001, prey_3:-0.001, prey_5:-0.001, prey_0:-0.001, predator_4:-0.001} | info_preview={}
2025-11-23 03:29:06,632 [DEBUG] PredPreyGrassEnv.env-99b9eef7: event=StepBegin | env_id=env-99b9eef7 | step=186 | incoming_actions=['prey_1', 'prey_3', 'prey_5', 'prey_0', 'prey_18', ...] | active_agents=25 | current_step=186
2025-11-23 03:29:06,636 [DEBUG] PredPreyGrassEnv.env-99b9eef7: event=StepSummary | env_id=env-99b9eef7 | step=186 | current_step=186 | terminated_agents=[] | truncated_agents=[] | remaining_agents=25 | reward_preview={prey_1:-0.001, prey_3:-0.001, prey_5:-0.001, prey_0:-0.001, predator_4:-0.001} | info_preview={}
2025-11-23 03:29:06,646 [DEBUG] PredPreyGrassEnv.env-99b9eef7: event=StepBegin | env_id=env-99b9eef7 | step=187 | incoming_actions=['prey_1', 'prey_3', 'prey_5', 'prey_0', 'prey_18', ...] | active_agents=25 | current_step=187
2025-11-23 03:29:06,650 [DEBUG] PredPreyGrassEnv.env-99b9eef7: event=StepSummary | env_id=env-99b9eef7 | step=187 | current_step=187 | terminated_agents=[] | truncated_agents=[] | remaining_agents=25 | reward_preview={prey_1:-0.001, prey_3:-0.001, prey_5:-0.001, prey_0:-0.001, predator_4:-0.001} | info_preview={}
2025-11-23 03:29:06,660 [DEBUG] PredPreyGrassEnv.env-99b9eef7: event=StepBegin | env_id=env-99b9eef7 | step=188 | incoming_actions=['prey_1', 'prey_3', 'prey_5', 'prey_0', 'prey_18', ...] | active_agents=25 | current_step=188
2025-11-23 03:29:06,664 [DEBUG] PredPreyGrassEnv.env-99b9eef7: event=StepSummary | env_id=env-99b9eef7 | step=188 | current_step=188 | terminated_agents=[] | truncated_agents=[] | remaining_agents=25 | reward_preview={prey_1:-0.001, prey_3:-0.001, prey_5:-0.001, prey_0:-0.001, predator_4:-0.001} | info_preview={}
2025-11-23 03:29:06,674 [DEBUG] PredPreyGrassEnv.env-99b9eef7: event=StepBegin | env_id=env-99b9eef7 | step=189 | incoming_actions=['prey_1', 'prey_3', 'prey_5', 'prey_0', 'prey_18', ...] | active_agents=25 | current_step=189
2025-11-23 03:29:06,678 [DEBUG] PredPreyGrassEnv.env-99b9eef7: event=StepSummary | env_id=env-99b9eef7 | step=189 | current_step=189 | terminated_agents=[] | truncated_agents=[] | remaining_agents=25 | reward_preview={prey_1:-0.001, prey_3:-0.001, prey_5:-0.001, prey_0:-0.001, predator_4:-0.001} | info_preview={}
2025-11-23 03:29:06,688 [DEBUG] PredPreyGrassEnv.env-99b9eef7: event=StepBegin | env_id=env-99b9eef7 | step=190 | incoming_actions=['prey_1', 'prey_3', 'prey_5', 'prey_0', 'prey_18', ...] | active_agents=25 | current_step=190
2025-11-23 03:29:06,692 [DEBUG] PredPreyGrassEnv.env-99b9eef7: event=StepSummary | env_id=env-99b9eef7 | step=190 | current_step=190 | terminated_agents=[] | truncated_agents=[] | remaining_agents=25 | reward_preview={prey_1:-0.001, prey_3:-0.001, prey_5:-0.001, prey_0:-0.001, predator_4:-0.001} | info_preview={}
2025-11-23 03:29:06,703 [DEBUG] PredPreyGrassEnv.env-99b9eef7: event=StepBegin | env_id=env-99b9eef7 | step=191 | incoming_actions=['prey_1', 'prey_3', 'prey_5', 'prey_0', 'prey_18', ...] | active_agents=25 | current_step=191
2025-11-23 03:29:06,706 [DEBUG] PredPreyGrassEnv.env-99b9eef7: event=StepSummary | env_id=env-99b9eef7 | step=191 | current_step=191 | terminated_agents=[] | truncated_agents=[] | remaining_agents=25 | reward_preview={prey_1:-0.001, prey_3:-0.001, prey_5:-0.001, prey_0:-0.001, predator_4:-0.001} | info_preview={}
2025-11-23 03:29:06,717 [DEBUG] PredPreyGrassEnv.env-99b9eef7: event=StepBegin | env_id=env-99b9eef7 | step=192 | incoming_actions=['prey_1', 'prey_3', 'prey_5', 'prey_0', 'prey_18', ...] | active_agents=25 | current_step=192
2025-11-23 03:29:06,720 [DEBUG] PredPreyGrassEnv.env-99b9eef7: event=StepSummary | env_id=env-99b9eef7 | step=192 | current_step=192 | terminated_agents=[] | truncated_agents=[] | remaining_agents=25 | reward_preview={prey_1:-0.001, prey_3:-0.001, prey_5:-0.001, prey_0:-0.001, predator_4:-0.001} | info_preview={}
2025-11-23 03:29:06,731 [DEBUG] PredPreyGrassEnv.env-99b9eef7: event=StepBegin | env_id=env-99b9eef7 | step=193 | incoming_actions=['prey_1', 'prey_3', 'prey_5', 'prey_0', 'prey_18', ...] | active_agents=25 | current_step=193
2025-11-23 03:29:06,734 [DEBUG] PredPreyGrassEnv.env-99b9eef7: event=StepSummary | env_id=env-99b9eef7 | step=193 | current_step=193 | terminated_agents=[] | truncated_agents=[] | remaining_agents=25 | reward_preview={prey_1:-0.001, prey_3:-0.001, prey_5:-0.001, prey_0:-0.001, predator_4:-0.001} | info_preview={}
2025-11-23 03:29:06,745 [DEBUG] PredPreyGrassEnv.env-99b9eef7: event=StepBegin | env_id=env-99b9eef7 | step=194 | incoming_actions=['prey_1', 'prey_3', 'prey_5', 'prey_0', 'prey_18', ...] | active_agents=25 | current_step=194
2025-11-23 03:29:06,749 [DEBUG] PredPreyGrassEnv.env-99b9eef7: event=StepSummary | env_id=env-99b9eef7 | step=194 | current_step=194 | terminated_agents=[] | truncated_agents=[] | remaining_agents=25 | reward_preview={prey_1:-0.001, prey_3:-0.001, prey_5:-0.001, prey_0:-0.001, predator_4:-0.001} | info_preview={}
2025-11-23 03:29:06,759 [DEBUG] PredPreyGrassEnv.env-99b9eef7: event=StepBegin | env_id=env-99b9eef7 | step=195 | incoming_actions=['prey_1', 'prey_3', 'prey_5', 'prey_0', 'prey_18', ...] | active_agents=25 | current_step=195
2025-11-23 03:29:06,763 [DEBUG] PredPreyGrassEnv.env-99b9eef7: event=StepSummary | env_id=env-99b9eef7 | step=195 | current_step=195 | terminated_agents=[] | truncated_agents=[] | remaining_agents=25 | reward_preview={prey_1:-0.001, prey_3:-0.001, prey_5:-0.001, prey_0:-0.001, predator_4:-0.001} | info_preview={}
2025-11-23 03:29:06,774 [DEBUG] PredPreyGrassEnv.env-99b9eef7: event=StepBegin | env_id=env-99b9eef7 | step=196 | incoming_actions=['prey_1', 'prey_3', 'prey_5', 'prey_0', 'prey_18', ...] | active_agents=25 | current_step=196
2025-11-23 03:29:06,777 [DEBUG] PredPreyGrassEnv.env-99b9eef7: event=StepSummary | env_id=env-99b9eef7 | step=196 | current_step=196 | terminated_agents=[] | truncated_agents=[] | remaining_agents=25 | reward_preview={prey_1:-0.001, prey_3:-0.001, prey_5:-0.001, prey_0:-0.001, predator_4:-0.001} | info_preview={}
2025-11-23 03:29:06,788 [DEBUG] PredPreyGrassEnv.env-99b9eef7: event=StepBegin | env_id=env-99b9eef7 | step=197 | incoming_actions=['prey_1', 'prey_3', 'prey_5', 'prey_0', 'prey_18', ...] | active_agents=25 | current_step=197
2025-11-23 03:29:06,791 [DEBUG] PredPreyGrassEnv.env-99b9eef7: event=StepSummary | env_id=env-99b9eef7 | step=197 | current_step=197 | terminated_agents=[] | truncated_agents=[] | remaining_agents=25 | reward_preview={prey_1:-0.001, prey_3:-0.001, prey_5:-0.001, prey_0:-0.001, predator_4:-0.001} | info_preview={}
2025-11-23 03:29:06,802 [DEBUG] PredPreyGrassEnv.env-99b9eef7: event=StepBegin | env_id=env-99b9eef7 | step=198 | incoming_actions=['prey_1', 'prey_3', 'prey_5', 'prey_0', 'prey_18', ...] | active_agents=25 | current_step=198
2025-11-23 03:29:06,805 [DEBUG] PredPreyGrassEnv.env-99b9eef7: event=PreyAteGrass | env_id=env-99b9eef7 | step=198 | prey='prey_2' | grass='grass_49' | prey_position=[393.19658837067493, 168.20195192162404] | grass_energy=10.0 | energy_gained=9.0 | prey_energy=141.032017548123
2025-11-23 03:29:06,806 [DEBUG] PredPreyGrassEnv.env-99b9eef7: event=StepSummary | env_id=env-99b9eef7 | step=198 | current_step=198 | terminated_agents=[] | truncated_agents=[] | remaining_agents=25 | reward_preview={prey_1:-0.001, prey_3:-0.001, prey_5:-0.001, prey_0:-0.001, predator_4:-0.001} | info_preview={}
2025-11-23 03:29:06,816 [DEBUG] PredPreyGrassEnv.env-99b9eef7: event=StepBegin | env_id=env-99b9eef7 | step=199 | incoming_actions=['prey_1', 'prey_3', 'prey_5', 'prey_0', 'prey_18', ...] | active_agents=25 | current_step=199
2025-11-23 03:29:06,820 [DEBUG] PredPreyGrassEnv.env-99b9eef7: event=StepSummary | env_id=env-99b9eef7 | step=199 | current_step=199 | terminated_agents=[] | truncated_agents=[] | remaining_agents=25 | reward_preview={prey_1:-0.001, prey_3:-0.001, prey_5:-0.001, prey_0:-0.001, predator_4:-0.001} | info_preview={}
2025-11-23 03:29:06,831 [DEBUG] PredPreyGrassEnv.env-99b9eef7: event=StepBegin | env_id=env-99b9eef7 | step=200 | incoming_actions=['prey_1', 'prey_3', 'prey_5', 'prey_0', 'prey_18', ...] | active_agents=25 | current_step=200
2025-11-23 03:29:06,834 [DEBUG] PredPreyGrassEnv.env-99b9eef7: event=StepSummary | env_id=env-99b9eef7 | step=200 | current_step=200 | terminated_agents=[] | truncated_agents=[] | remaining_agents=25 | reward_preview={prey_1:-0.001, prey_3:-0.001, prey_5:-0.001, prey_0:-0.001, predator_4:-0.001} | info_preview={}
2025-11-23 03:29:06,845 [DEBUG] PredPreyGrassEnv.env-99b9eef7: event=StepBegin | env_id=env-99b9eef7 | step=201 | incoming_actions=['prey_1', 'prey_3', 'prey_5', 'prey_0', 'prey_18', ...] | active_agents=25 | current_step=201
2025-11-23 03:29:06,848 [DEBUG] PredPreyGrassEnv.env-99b9eef7: event=StepSummary | env_id=env-99b9eef7 | step=201 | current_step=201 | terminated_agents=[] | truncated_agents=[] | remaining_agents=25 | reward_preview={prey_1:-0.001, prey_3:-0.001, prey_5:-0.001, prey_0:-0.001, predator_4:-0.001} | info_preview={}
2025-11-23 03:29:06,859 [DEBUG] PredPreyGrassEnv.env-99b9eef7: event=StepBegin | env_id=env-99b9eef7 | step=202 | incoming_actions=['prey_1', 'prey_3', 'prey_5', 'prey_0', 'prey_18', ...] | active_agents=25 | current_step=202
2025-11-23 03:29:06,863 [DEBUG] PredPreyGrassEnv.env-99b9eef7: event=StepSummary | env_id=env-99b9eef7 | step=202 | current_step=202 | terminated_agents=[] | truncated_agents=[] | remaining_agents=25 | reward_preview={prey_1:-0.001, prey_3:-0.001, prey_5:-0.001, prey_0:-0.001, predator_4:-0.001} | info_preview={}
2025-11-23 03:29:06,873 [DEBUG] PredPreyGrassEnv.env-99b9eef7: event=StepBegin | env_id=env-99b9eef7 | step=203 | incoming_actions=['prey_1', 'prey_3', 'prey_5', 'prey_0', 'prey_18', ...] | active_agents=25 | current_step=203
2025-11-23 03:29:06,877 [DEBUG] PredPreyGrassEnv.env-99b9eef7: event=StepSummary | env_id=env-99b9eef7 | step=203 | current_step=203 | terminated_agents=[] | truncated_agents=[] | remaining_agents=25 | reward_preview={prey_1:-0.001, prey_3:-0.001, prey_5:-0.001, prey_0:-0.001, predator_4:-0.001} | info_preview={}
2025-11-23 03:29:06,888 [DEBUG] PredPreyGrassEnv.env-99b9eef7: event=StepBegin | env_id=env-99b9eef7 | step=204 | incoming_actions=['prey_1', 'prey_3', 'prey_5', 'prey_0', 'prey_18', ...] | active_agents=25 | current_step=204
2025-11-23 03:29:06,891 [DEBUG] PredPreyGrassEnv.env-99b9eef7: event=StepSummary | env_id=env-99b9eef7 | step=204 | current_step=204 | terminated_agents=[] | truncated_agents=[] | remaining_agents=25 | reward_preview={prey_1:-0.001, prey_3:-0.001, prey_5:-0.001, prey_0:-0.001, predator_4:-0.001} | info_preview={}
2025-11-23 03:29:06,902 [DEBUG] PredPreyGrassEnv.env-99b9eef7: event=StepBegin | env_id=env-99b9eef7 | step=205 | incoming_actions=['prey_1', 'prey_3', 'prey_5', 'prey_0', 'prey_18', ...] | active_agents=25 | current_step=205
2025-11-23 03:29:06,906 [DEBUG] PredPreyGrassEnv.env-99b9eef7: event=StepSummary | env_id=env-99b9eef7 | step=205 | current_step=205 | terminated_agents=[] | truncated_agents=[] | remaining_agents=25 | reward_preview={prey_1:-0.001, prey_3:-0.001, prey_5:-0.001, prey_0:-0.001, predator_4:-0.001} | info_preview={}
2025-11-23 03:29:06,916 [DEBUG] PredPreyGrassEnv.env-99b9eef7: event=StepBegin | env_id=env-99b9eef7 | step=206 | incoming_actions=['prey_1', 'prey_3', 'prey_5', 'prey_0', 'prey_18', ...] | active_agents=25 | current_step=206
2025-11-23 03:29:06,918 [DEBUG] PredPreyGrassEnv.env-99b9eef7: event=PreyAteGrass | env_id=env-99b9eef7 | step=206 | prey='prey_13' | grass='grass_18' | prey_position=[174.72193041218105, 538.0598931469123] | grass_energy=10.0 | energy_gained=9.0 | prey_energy=116.70973352704772
2025-11-23 03:29:06,920 [DEBUG] PredPreyGrassEnv.env-99b9eef7: event=StepSummary | env_id=env-99b9eef7 | step=206 | current_step=206 | terminated_agents=[] | truncated_agents=[] | remaining_agents=25 | reward_preview={prey_1:-0.001, prey_3:-0.001, prey_5:-0.001, prey_0:-0.001, predator_4:-0.001} | info_preview={}
2025-11-23 03:29:06,930 [DEBUG] PredPreyGrassEnv.env-99b9eef7: event=StepBegin | env_id=env-99b9eef7 | step=207 | incoming_actions=['prey_1', 'prey_3', 'prey_5', 'prey_0', 'prey_18', ...] | active_agents=25 | current_step=207
2025-11-23 03:29:06,934 [DEBUG] PredPreyGrassEnv.env-99b9eef7: event=StepSummary | env_id=env-99b9eef7 | step=207 | current_step=207 | terminated_agents=[] | truncated_agents=[] | remaining_agents=25 | reward_preview={prey_1:-0.001, prey_3:-0.001, prey_5:-0.001, prey_0:-0.001, predator_4:-0.001} | info_preview={}
2025-11-23 03:29:06,945 [DEBUG] PredPreyGrassEnv.env-99b9eef7: event=StepBegin | env_id=env-99b9eef7 | step=208 | incoming_actions=['prey_1', 'prey_3', 'prey_5', 'prey_0', 'prey_18', ...] | active_agents=25 | current_step=208
2025-11-23 03:29:06,948 [DEBUG] PredPreyGrassEnv.env-99b9eef7: event=StepSummary | env_id=env-99b9eef7 | step=208 | current_step=208 | terminated_agents=[] | truncated_agents=[] | remaining_agents=25 | reward_preview={prey_1:-0.001, prey_3:-0.001, prey_5:-0.001, prey_0:-0.001, predator_4:-0.001} | info_preview={}
2025-11-23 03:29:06,959 [DEBUG] PredPreyGrassEnv.env-99b9eef7: event=StepBegin | env_id=env-99b9eef7 | step=209 | incoming_actions=['prey_1', 'prey_3', 'prey_5', 'prey_0', 'prey_18', ...] | active_agents=25 | current_step=209
2025-11-23 03:29:06,963 [DEBUG] PredPreyGrassEnv.env-99b9eef7: event=StepSummary | env_id=env-99b9eef7 | step=209 | current_step=209 | terminated_agents=[] | truncated_agents=[] | remaining_agents=25 | reward_preview={prey_1:-0.001, prey_3:-0.001, prey_5:-0.001, prey_0:-0.001, predator_4:-0.001} | info_preview={}
2025-11-23 03:29:06,973 [DEBUG] PredPreyGrassEnv.env-99b9eef7: event=StepBegin | env_id=env-99b9eef7 | step=210 | incoming_actions=['prey_1', 'prey_3', 'prey_5', 'prey_0', 'prey_18', ...] | active_agents=25 | current_step=210
2025-11-23 03:29:06,977 [DEBUG] PredPreyGrassEnv.env-99b9eef7: event=StepSummary | env_id=env-99b9eef7 | step=210 | current_step=210 | terminated_agents=[] | truncated_agents=[] | remaining_agents=25 | reward_preview={prey_1:-0.001, prey_3:-0.001, prey_5:-0.001, prey_0:-0.001, predator_4:-0.001} | info_preview={}
2025-11-23 03:29:06,987 [DEBUG] PredPreyGrassEnv.env-99b9eef7: event=StepBegin | env_id=env-99b9eef7 | step=211 | incoming_actions=['prey_1', 'prey_3', 'prey_5', 'prey_0', 'prey_18', ...] | active_agents=25 | current_step=211
2025-11-23 03:29:06,991 [DEBUG] PredPreyGrassEnv.env-99b9eef7: event=StepSummary | env_id=env-99b9eef7 | step=211 | current_step=211 | terminated_agents=[] | truncated_agents=[] | remaining_agents=25 | reward_preview={prey_1:-0.001, prey_3:-0.001, prey_5:-0.001, prey_0:-0.001, predator_4:-0.001} | info_preview={}
2025-11-23 03:29:07,001 [DEBUG] PredPreyGrassEnv.env-99b9eef7: event=StepBegin | env_id=env-99b9eef7 | step=212 | incoming_actions=['prey_1', 'prey_3', 'prey_5', 'prey_0', 'prey_18', ...] | active_agents=25 | current_step=212
2025-11-23 03:29:07,005 [DEBUG] PredPreyGrassEnv.env-99b9eef7: event=StepSummary | env_id=env-99b9eef7 | step=212 | current_step=212 | terminated_agents=[] | truncated_agents=[] | remaining_agents=25 | reward_preview={prey_1:-0.001, prey_3:-0.001, prey_5:-0.001, prey_0:-0.001, predator_4:-0.001} | info_preview={}
2025-11-23 03:29:07,015 [DEBUG] PredPreyGrassEnv.env-99b9eef7: event=StepBegin | env_id=env-99b9eef7 | step=213 | incoming_actions=['prey_1', 'prey_3', 'prey_5', 'prey_0', 'prey_18', ...] | active_agents=25 | current_step=213
2025-11-23 03:29:07,019 [DEBUG] PredPreyGrassEnv.env-99b9eef7: event=StepSummary | env_id=env-99b9eef7 | step=213 | current_step=213 | terminated_agents=[] | truncated_agents=[] | remaining_agents=25 | reward_preview={prey_1:-0.001, prey_3:-0.001, prey_5:-0.001, prey_0:-0.001, predator_4:-0.001} | info_preview={}
2025-11-23 03:29:07,029 [DEBUG] PredPreyGrassEnv.env-99b9eef7: event=StepBegin | env_id=env-99b9eef7 | step=214 | incoming_actions=['prey_1', 'prey_3', 'prey_5', 'prey_0', 'prey_18', ...] | active_agents=25 | current_step=214
2025-11-23 03:29:07,033 [DEBUG] PredPreyGrassEnv.env-99b9eef7: event=StepSummary | env_id=env-99b9eef7 | step=214 | current_step=214 | terminated_agents=[] | truncated_agents=[] | remaining_agents=25 | reward_preview={prey_1:-0.001, prey_3:-0.001, prey_5:-0.001, prey_0:-0.001, predator_4:-0.001} | info_preview={}
2025-11-23 03:29:07,043 [DEBUG] PredPreyGrassEnv.env-99b9eef7: event=StepBegin | env_id=env-99b9eef7 | step=215 | incoming_actions=['prey_1', 'prey_3', 'prey_5', 'prey_0', 'prey_18', ...] | active_agents=25 | current_step=215
2025-11-23 03:29:07,046 [DEBUG] PredPreyGrassEnv.env-99b9eef7: event=StepSummary | env_id=env-99b9eef7 | step=215 | current_step=215 | terminated_agents=[] | truncated_agents=[] | remaining_agents=25 | reward_preview={prey_1:-0.001, prey_3:-0.001, prey_5:-0.001, prey_0:-0.001, predator_4:-0.001} | info_preview={}
2025-11-23 03:29:07,056 [DEBUG] PredPreyGrassEnv.env-99b9eef7: event=StepBegin | env_id=env-99b9eef7 | step=216 | incoming_actions=['prey_1', 'prey_3', 'prey_5', 'prey_0', 'prey_18', ...] | active_agents=25 | current_step=216
2025-11-23 03:29:07,060 [DEBUG] PredPreyGrassEnv.env-99b9eef7: event=StepSummary | env_id=env-99b9eef7 | step=216 | current_step=216 | terminated_agents=[] | truncated_agents=[] | remaining_agents=25 | reward_preview={prey_1:-0.001, prey_3:-0.001, prey_5:-0.001, prey_0:-0.001, predator_4:-0.001} | info_preview={}
2025-11-23 03:29:07,071 [DEBUG] PredPreyGrassEnv.env-99b9eef7: event=StepBegin | env_id=env-99b9eef7 | step=217 | incoming_actions=['prey_1', 'prey_3', 'prey_5', 'prey_0', 'prey_18', ...] | active_agents=25 | current_step=217
2025-11-23 03:29:07,075 [DEBUG] PredPreyGrassEnv.env-99b9eef7: event=StepSummary | env_id=env-99b9eef7 | step=217 | current_step=217 | terminated_agents=[] | truncated_agents=[] | remaining_agents=25 | reward_preview={prey_1:-0.001, prey_3:-0.001, prey_5:-0.001, prey_0:-0.001, predator_4:-0.001} | info_preview={}
2025-11-23 03:29:07,085 [DEBUG] PredPreyGrassEnv.env-99b9eef7: event=StepBegin | env_id=env-99b9eef7 | step=218 | incoming_actions=['prey_1', 'prey_3', 'prey_5', 'prey_0', 'prey_18', ...] | active_agents=25 | current_step=218
2025-11-23 03:29:07,088 [DEBUG] PredPreyGrassEnv.env-99b9eef7: event=StepSummary | env_id=env-99b9eef7 | step=218 | current_step=218 | terminated_agents=[] | truncated_agents=[] | remaining_agents=25 | reward_preview={prey_1:-0.001, prey_3:-0.001, prey_5:-0.001, prey_0:-0.001, predator_4:-0.001} | info_preview={}
2025-11-23 03:29:07,099 [DEBUG] PredPreyGrassEnv.env-99b9eef7: event=StepBegin | env_id=env-99b9eef7 | step=219 | incoming_actions=['prey_1', 'prey_3', 'prey_5', 'prey_0', 'prey_18', ...] | active_agents=25 | current_step=219
2025-11-23 03:29:07,102 [DEBUG] PredPreyGrassEnv.env-99b9eef7: event=PreyAteGrass | env_id=env-99b9eef7 | step=219 | prey='prey_6' | grass='grass_64' | prey_position=[148.51707633875765, 736.3445851079016] | grass_energy=10.0 | energy_gained=9.0 | prey_energy=118.48863295828397
2025-11-23 03:29:07,103 [DEBUG] PredPreyGrassEnv.env-99b9eef7: event=StepSummary | env_id=env-99b9eef7 | step=219 | current_step=219 | terminated_agents=[] | truncated_agents=[] | remaining_agents=25 | reward_preview={prey_1:-0.001, prey_3:-0.001, prey_5:-0.001, prey_0:-0.001, predator_4:-0.001} | info_preview={}
2025-11-23 03:29:07,113 [DEBUG] PredPreyGrassEnv.env-99b9eef7: event=StepBegin | env_id=env-99b9eef7 | step=220 | incoming_actions=['prey_1', 'prey_3', 'prey_5', 'prey_0', 'prey_18', ...] | active_agents=25 | current_step=220
2025-11-23 03:29:07,117 [DEBUG] PredPreyGrassEnv.env-99b9eef7: event=StepSummary | env_id=env-99b9eef7 | step=220 | current_step=220 | terminated_agents=[] | truncated_agents=[] | remaining_agents=25 | reward_preview={prey_1:-0.001, prey_3:-0.001, prey_5:-0.001, prey_0:-0.001, predator_4:-0.001} | info_preview={}
2025-11-23 03:29:07,128 [DEBUG] PredPreyGrassEnv.env-99b9eef7: event=StepBegin | env_id=env-99b9eef7 | step=221 | incoming_actions=['prey_1', 'prey_3', 'prey_5', 'prey_0', 'prey_18', ...] | active_agents=25 | current_step=221
2025-11-23 03:29:07,131 [DEBUG] PredPreyGrassEnv.env-99b9eef7: event=StepSummary | env_id=env-99b9eef7 | step=221 | current_step=221 | terminated_agents=[] | truncated_agents=[] | remaining_agents=25 | reward_preview={prey_1:-0.001, prey_3:-0.001, prey_5:-0.001, prey_0:-0.001, predator_4:-0.001} | info_preview={}
2025-11-23 03:29:07,142 [DEBUG] PredPreyGrassEnv.env-99b9eef7: event=StepBegin | env_id=env-99b9eef7 | step=222 | incoming_actions=['prey_1', 'prey_3', 'prey_5', 'prey_0', 'prey_18', ...] | active_agents=25 | current_step=222
2025-11-23 03:29:07,146 [DEBUG] PredPreyGrassEnv.env-99b9eef7: event=StepSummary | env_id=env-99b9eef7 | step=222 | current_step=222 | terminated_agents=[] | truncated_agents=[] | remaining_agents=25 | reward_preview={prey_1:-0.001, prey_3:-0.001, prey_5:-0.001, prey_0:-0.001, predator_4:-0.001} | info_preview={}
2025-11-23 03:29:07,156 [DEBUG] PredPreyGrassEnv.env-99b9eef7: event=StepBegin | env_id=env-99b9eef7 | step=223 | incoming_actions=['prey_1', 'prey_3', 'prey_5', 'prey_0', 'prey_18', ...] | active_agents=25 | current_step=223
2025-11-23 03:29:07,160 [DEBUG] PredPreyGrassEnv.env-99b9eef7: event=StepSummary | env_id=env-99b9eef7 | step=223 | current_step=223 | terminated_agents=[] | truncated_agents=[] | remaining_agents=25 | reward_preview={prey_1:-0.001, prey_3:-0.001, prey_5:-0.001, prey_0:-0.001, predator_4:-0.001} | info_preview={}
2025-11-23 03:29:07,171 [DEBUG] PredPreyGrassEnv.env-99b9eef7: event=StepBegin | env_id=env-99b9eef7 | step=224 | incoming_actions=['prey_1', 'prey_3', 'prey_5', 'prey_0', 'prey_18', ...] | active_agents=25 | current_step=224
2025-11-23 03:29:07,175 [DEBUG] PredPreyGrassEnv.env-99b9eef7: event=StepSummary | env_id=env-99b9eef7 | step=224 | current_step=224 | terminated_agents=[] | truncated_agents=[] | remaining_agents=25 | reward_preview={prey_1:-0.001, prey_3:-0.001, prey_5:-0.001, prey_0:-0.001, predator_4:-0.001} | info_preview={}
2025-11-23 03:29:07,185 [DEBUG] PredPreyGrassEnv.env-99b9eef7: event=StepBegin | env_id=env-99b9eef7 | step=225 | incoming_actions=['prey_1', 'prey_3', 'prey_5', 'prey_0', 'prey_18', ...] | active_agents=25 | current_step=225
2025-11-23 03:29:07,189 [DEBUG] PredPreyGrassEnv.env-99b9eef7: event=StepSummary | env_id=env-99b9eef7 | step=225 | current_step=225 | terminated_agents=[] | truncated_agents=[] | remaining_agents=25 | reward_preview={prey_1:-0.001, prey_3:-0.001, prey_5:-0.001, prey_0:-0.001, predator_4:-0.001} | info_preview={}
2025-11-23 03:29:07,199 [DEBUG] PredPreyGrassEnv.env-99b9eef7: event=StepBegin | env_id=env-99b9eef7 | step=226 | incoming_actions=['prey_1', 'prey_3', 'prey_5', 'prey_0', 'prey_18', ...] | active_agents=25 | current_step=226
2025-11-23 03:29:07,199 [DEBUG] PredPreyGrassEnv.env-99b9eef7: event=CollisionBatch | env_id=env-99b9eef7 | step=226 | collisions=[['predator_catch_prey', 'predator_2', 'prey_13']]
2025-11-23 03:29:07,201 [DEBUG] PredPreyGrassEnv.env-99b9eef7: event=AgentEnergyDepleted | env_id=env-99b9eef7 | step=226 | agent='prey_13' | position=[146.31640086514682, 554.378140048825] | energy=0
2025-11-23 03:29:07,203 [DEBUG] PredPreyGrassEnv.env-99b9eef7: event=AgentRemovedFromActiveList | env_id=env-99b9eef7 | step=226 | agent='prey_13' | remaining_agents=24
2025-11-23 03:29:07,203 [DEBUG] PredPreyGrassEnv.env-99b9eef7: event=StepSummary | env_id=env-99b9eef7 | step=226 | current_step=226 | terminated_agents=['prey_13'] | truncated_agents=[] | remaining_agents=24 | reward_preview={prey_1:-0.001, prey_3:-0.001, prey_5:-0.001, prey_0:-0.001, predator_4:-0.001} | info_preview={}
2025-11-23 03:29:07,213 [DEBUG] PredPreyGrassEnv.env-99b9eef7: event=StepBegin | env_id=env-99b9eef7 | step=227 | incoming_actions=['prey_1', 'prey_3', 'prey_5', 'prey_0', 'prey_18', ...] | active_agents=24 | current_step=227
2025-11-23 03:29:07,217 [DEBUG] PredPreyGrassEnv.env-99b9eef7: event=StepSummary | env_id=env-99b9eef7 | step=227 | current_step=227 | terminated_agents=[] | truncated_agents=[] | remaining_agents=24 | reward_preview={prey_1:-0.001, prey_3:-0.001, prey_5:-0.001, prey_0:-0.001, predator_4:-0.001} | info_preview={}
2025-11-23 03:29:07,227 [DEBUG] PredPreyGrassEnv.env-99b9eef7: event=StepBegin | env_id=env-99b9eef7 | step=228 | incoming_actions=['prey_1', 'prey_3', 'prey_5', 'prey_0', 'prey_18', ...] | active_agents=24 | current_step=228
2025-11-23 03:29:07,230 [DEBUG] PredPreyGrassEnv.env-99b9eef7: event=StepSummary | env_id=env-99b9eef7 | step=228 | current_step=228 | terminated_agents=[] | truncated_agents=[] | remaining_agents=24 | reward_preview={prey_1:-0.001, prey_3:-0.001, prey_5:-0.001, prey_0:-0.001, predator_4:-0.001} | info_preview={}
2025-11-23 03:29:07,241 [DEBUG] PredPreyGrassEnv.env-99b9eef7: event=StepBegin | env_id=env-99b9eef7 | step=229 | incoming_actions=['prey_1', 'prey_3', 'prey_5', 'prey_0', 'prey_18', ...] | active_agents=24 | current_step=229
2025-11-23 03:29:07,244 [DEBUG] PredPreyGrassEnv.env-99b9eef7: event=StepSummary | env_id=env-99b9eef7 | step=229 | current_step=229 | terminated_agents=[] | truncated_agents=[] | remaining_agents=24 | reward_preview={prey_1:-0.001, prey_3:-0.001, prey_5:-0.001, prey_0:-0.001, predator_4:-0.001} | info_preview={}
2025-11-23 03:29:07,254 [DEBUG] PredPreyGrassEnv.env-99b9eef7: event=StepBegin | env_id=env-99b9eef7 | step=230 | incoming_actions=['prey_1', 'prey_3', 'prey_5', 'prey_0', 'prey_18', ...] | active_agents=24 | current_step=230
2025-11-23 03:29:07,258 [DEBUG] PredPreyGrassEnv.env-99b9eef7: event=StepSummary | env_id=env-99b9eef7 | step=230 | current_step=230 | terminated_agents=[] | truncated_agents=[] | remaining_agents=24 | reward_preview={prey_1:-0.001, prey_3:-0.001, prey_5:-0.001, prey_0:-0.001, predator_4:-0.001} | info_preview={}
2025-11-23 03:29:07,269 [DEBUG] PredPreyGrassEnv.env-99b9eef7: event=StepBegin | env_id=env-99b9eef7 | step=231 | incoming_actions=['prey_1', 'prey_3', 'prey_5', 'prey_0', 'prey_18', ...] | active_agents=24 | current_step=231
2025-11-23 03:29:07,272 [DEBUG] PredPreyGrassEnv.env-99b9eef7: event=StepSummary | env_id=env-99b9eef7 | step=231 | current_step=231 | terminated_agents=[] | truncated_agents=[] | remaining_agents=24 | reward_preview={prey_1:-0.001, prey_3:-0.001, prey_5:-0.001, prey_0:-0.001, predator_4:-0.001} | info_preview={}
2025-11-23 03:29:07,283 [DEBUG] PredPreyGrassEnv.env-99b9eef7: event=StepBegin | env_id=env-99b9eef7 | step=232 | incoming_actions=['prey_1', 'prey_3', 'prey_5', 'prey_0', 'prey_18', ...] | active_agents=24 | current_step=232
2025-11-23 03:29:07,287 [DEBUG] PredPreyGrassEnv.env-99b9eef7: event=StepSummary | env_id=env-99b9eef7 | step=232 | current_step=232 | terminated_agents=[] | truncated_agents=[] | remaining_agents=24 | reward_preview={prey_1:-0.001, prey_3:-0.001, prey_5:-0.001, prey_0:-0.001, predator_4:-0.001} | info_preview={}
2025-11-23 03:29:07,297 [DEBUG] PredPreyGrassEnv.env-99b9eef7: event=StepBegin | env_id=env-99b9eef7 | step=233 | incoming_actions=['prey_1', 'prey_3', 'prey_5', 'prey_0', 'prey_18', ...] | active_agents=24 | current_step=233
2025-11-23 03:29:07,300 [DEBUG] PredPreyGrassEnv.env-99b9eef7: event=StepSummary | env_id=env-99b9eef7 | step=233 | current_step=233 | terminated_agents=[] | truncated_agents=[] | remaining_agents=24 | reward_preview={prey_1:-0.001, prey_3:-0.001, prey_5:-0.001, prey_0:-0.001, predator_4:-0.001} | info_preview={}
2025-11-23 03:29:07,311 [DEBUG] PredPreyGrassEnv.env-99b9eef7: event=StepBegin | env_id=env-99b9eef7 | step=234 | incoming_actions=['prey_1', 'prey_3', 'prey_5', 'prey_0', 'prey_18', ...] | active_agents=24 | current_step=234
2025-11-23 03:29:07,315 [DEBUG] PredPreyGrassEnv.env-99b9eef7: event=StepSummary | env_id=env-99b9eef7 | step=234 | current_step=234 | terminated_agents=[] | truncated_agents=[] | remaining_agents=24 | reward_preview={prey_1:-0.001, prey_3:-0.001, prey_5:-0.001, prey_0:-0.001, predator_4:-0.001} | info_preview={}
2025-11-23 03:29:07,325 [DEBUG] PredPreyGrassEnv.env-99b9eef7: event=StepBegin | env_id=env-99b9eef7 | step=235 | incoming_actions=['prey_1', 'prey_3', 'prey_5', 'prey_0', 'prey_18', ...] | active_agents=24 | current_step=235
2025-11-23 03:29:07,328 [DEBUG] PredPreyGrassEnv.env-99b9eef7: event=StepSummary | env_id=env-99b9eef7 | step=235 | current_step=235 | terminated_agents=[] | truncated_agents=[] | remaining_agents=24 | reward_preview={prey_1:-0.001, prey_3:-0.001, prey_5:-0.001, prey_0:-0.001, predator_4:-0.001} | info_preview={}
2025-11-23 03:29:07,339 [DEBUG] PredPreyGrassEnv.env-99b9eef7: event=StepBegin | env_id=env-99b9eef7 | step=236 | incoming_actions=['prey_1', 'prey_3', 'prey_5', 'prey_0', 'prey_18', ...] | active_agents=24 | current_step=236
2025-11-23 03:29:07,339 [DEBUG] PredPreyGrassEnv.env-99b9eef7: event=CollisionBatch | env_id=env-99b9eef7 | step=236 | collisions=[['predator_catch_prey', 'predator_4', 'prey_9']]
2025-11-23 03:29:07,342 [DEBUG] PredPreyGrassEnv.env-99b9eef7: event=AgentEnergyDepleted | env_id=env-99b9eef7 | step=236 | agent='prey_9' | position=[701.0761889622804, 378.0524250651279] | energy=0
2025-11-23 03:29:07,342 [DEBUG] PredPreyGrassEnv.env-99b9eef7: event=AgentRemovedFromActiveList | env_id=env-99b9eef7 | step=236 | agent='prey_9' | remaining_agents=23
2025-11-23 03:29:07,343 [DEBUG] PredPreyGrassEnv.env-99b9eef7: event=StepSummary | env_id=env-99b9eef7 | step=236 | current_step=236 | terminated_agents=['prey_9'] | truncated_agents=[] | remaining_agents=23 | reward_preview={prey_1:-0.001, prey_3:-0.001, prey_5:-0.001, prey_0:-0.001, predator_4:-0.001} | info_preview={}
2025-11-23 03:29:07,353 [DEBUG] PredPreyGrassEnv.env-99b9eef7: event=StepBegin | env_id=env-99b9eef7 | step=237 | incoming_actions=['prey_1', 'prey_3', 'prey_5', 'prey_0', 'prey_18', ...] | active_agents=23 | current_step=237
2025-11-23 03:29:07,356 [DEBUG] PredPreyGrassEnv.env-99b9eef7: event=StepSummary | env_id=env-99b9eef7 | step=237 | current_step=237 | terminated_agents=[] | truncated_agents=[] | remaining_agents=23 | reward_preview={prey_1:-0.001, prey_3:-0.001, prey_5:-0.001, prey_0:-0.001, predator_4:-0.001} | info_preview={}
2025-11-23 03:29:07,366 [DEBUG] PredPreyGrassEnv.env-99b9eef7: event=StepBegin | env_id=env-99b9eef7 | step=238 | incoming_actions=['prey_1', 'prey_3', 'prey_5', 'prey_0', 'prey_18', ...] | active_agents=23 | current_step=238
2025-11-23 03:29:07,370 [DEBUG] PredPreyGrassEnv.env-99b9eef7: event=StepSummary | env_id=env-99b9eef7 | step=238 | current_step=238 | terminated_agents=[] | truncated_agents=[] | remaining_agents=23 | reward_preview={prey_1:-0.001, prey_3:-0.001, prey_5:-0.001, prey_0:-0.001, predator_4:-0.001} | info_preview={}
2025-11-23 03:29:07,380 [DEBUG] PredPreyGrassEnv.env-99b9eef7: event=StepBegin | env_id=env-99b9eef7 | step=239 | incoming_actions=['prey_1', 'prey_3', 'prey_5', 'prey_0', 'prey_18', ...] | active_agents=23 | current_step=239
2025-11-23 03:29:07,383 [DEBUG] PredPreyGrassEnv.env-99b9eef7: event=StepSummary | env_id=env-99b9eef7 | step=239 | current_step=239 | terminated_agents=[] | truncated_agents=[] | remaining_agents=23 | reward_preview={prey_1:-0.001, prey_3:-0.001, prey_5:-0.001, prey_0:-0.001, predator_4:-0.001} | info_preview={}
2025-11-23 03:29:07,393 [DEBUG] PredPreyGrassEnv.env-99b9eef7: event=StepBegin | env_id=env-99b9eef7 | step=240 | incoming_actions=['prey_1', 'prey_3', 'prey_5', 'prey_0', 'prey_18', ...] | active_agents=23 | current_step=240
2025-11-23 03:29:07,396 [DEBUG] PredPreyGrassEnv.env-99b9eef7: event=PreyAteGrass | env_id=env-99b9eef7 | step=240 | prey='prey_6' | grass='grass_20' | prey_position=[123.53054971772286, 728.9957748595104] | grass_energy=10.0 | energy_gained=9.0 | prey_energy=124.04835713460359
2025-11-23 03:29:07,397 [DEBUG] PredPreyGrassEnv.env-99b9eef7: event=StepSummary | env_id=env-99b9eef7 | step=240 | current_step=240 | terminated_agents=[] | truncated_agents=[] | remaining_agents=23 | reward_preview={prey_1:-0.001, prey_3:-0.001, prey_5:-0.001, prey_0:-0.001, predator_4:-0.001} | info_preview={}
2025-11-23 03:29:07,407 [DEBUG] PredPreyGrassEnv.env-99b9eef7: event=StepBegin | env_id=env-99b9eef7 | step=241 | incoming_actions=['prey_1', 'prey_3', 'prey_5', 'prey_0', 'prey_18', ...] | active_agents=23 | current_step=241
2025-11-23 03:29:07,410 [DEBUG] PredPreyGrassEnv.env-99b9eef7: event=StepSummary | env_id=env-99b9eef7 | step=241 | current_step=241 | terminated_agents=[] | truncated_agents=[] | remaining_agents=23 | reward_preview={prey_1:-0.001, prey_3:-0.001, prey_5:-0.001, prey_0:-0.001, predator_4:-0.001} | info_preview={}
2025-11-23 03:29:07,420 [DEBUG] PredPreyGrassEnv.env-99b9eef7: event=StepBegin | env_id=env-99b9eef7 | step=242 | incoming_actions=['prey_1', 'prey_3', 'prey_5', 'prey_0', 'prey_18', ...] | active_agents=23 | current_step=242
2025-11-23 03:29:07,424 [DEBUG] PredPreyGrassEnv.env-99b9eef7: event=StepSummary | env_id=env-99b9eef7 | step=242 | current_step=242 | terminated_agents=[] | truncated_agents=[] | remaining_agents=23 | reward_preview={prey_1:-0.001, prey_3:-0.001, prey_5:-0.001, prey_0:-0.001, predator_4:-0.001} | info_preview={}
2025-11-23 03:29:07,434 [DEBUG] PredPreyGrassEnv.env-99b9eef7: event=StepBegin | env_id=env-99b9eef7 | step=243 | incoming_actions=['prey_1', 'prey_3', 'prey_5', 'prey_0', 'prey_18', ...] | active_agents=23 | current_step=243
2025-11-23 03:29:07,438 [DEBUG] PredPreyGrassEnv.env-99b9eef7: event=StepSummary | env_id=env-99b9eef7 | step=243 | current_step=243 | terminated_agents=[] | truncated_agents=[] | remaining_agents=23 | reward_preview={prey_1:-0.001, prey_3:-0.001, prey_5:-0.001, prey_0:-0.001, predator_4:-0.001} | info_preview={}
2025-11-23 03:29:07,448 [DEBUG] PredPreyGrassEnv.env-99b9eef7: event=StepBegin | env_id=env-99b9eef7 | step=244 | incoming_actions=['prey_1', 'prey_3', 'prey_5', 'prey_0', 'prey_18', ...] | active_agents=23 | current_step=244
2025-11-23 03:29:07,451 [DEBUG] PredPreyGrassEnv.env-99b9eef7: event=StepSummary | env_id=env-99b9eef7 | step=244 | current_step=244 | terminated_agents=[] | truncated_agents=[] | remaining_agents=23 | reward_preview={prey_1:-0.001, prey_3:-0.001, prey_5:-0.001, prey_0:-0.001, predator_4:-0.001} | info_preview={}
2025-11-23 03:29:07,462 [DEBUG] PredPreyGrassEnv.env-99b9eef7: event=StepBegin | env_id=env-99b9eef7 | step=245 | incoming_actions=['prey_1', 'prey_3', 'prey_5', 'prey_0', 'prey_18', ...] | active_agents=23 | current_step=245
2025-11-23 03:29:07,465 [DEBUG] PredPreyGrassEnv.env-99b9eef7: event=StepSummary | env_id=env-99b9eef7 | step=245 | current_step=245 | terminated_agents=[] | truncated_agents=[] | remaining_agents=23 | reward_preview={prey_1:-0.001, prey_3:-0.001, prey_5:-0.001, prey_0:-0.001, predator_4:-0.001} | info_preview={}
2025-11-23 03:29:07,475 [DEBUG] PredPreyGrassEnv.env-99b9eef7: event=StepBegin | env_id=env-99b9eef7 | step=246 | incoming_actions=['prey_1', 'prey_3', 'prey_5', 'prey_0', 'prey_18', ...] | active_agents=23 | current_step=246
2025-11-23 03:29:07,479 [DEBUG] PredPreyGrassEnv.env-99b9eef7: event=StepSummary | env_id=env-99b9eef7 | step=246 | current_step=246 | terminated_agents=[] | truncated_agents=[] | remaining_agents=23 | reward_preview={prey_1:-0.001, prey_3:-0.001, prey_5:-0.001, prey_0:-0.001, predator_4:-0.001} | info_preview={}
2025-11-23 03:29:07,489 [DEBUG] PredPreyGrassEnv.env-99b9eef7: event=StepBegin | env_id=env-99b9eef7 | step=247 | incoming_actions=['prey_1', 'prey_3', 'prey_5', 'prey_0', 'prey_18', ...] | active_agents=23 | current_step=247
2025-11-23 03:29:07,492 [DEBUG] PredPreyGrassEnv.env-99b9eef7: event=StepSummary | env_id=env-99b9eef7 | step=247 | current_step=247 | terminated_agents=[] | truncated_agents=[] | remaining_agents=23 | reward_preview={prey_1:-0.001, prey_3:-0.001, prey_5:-0.001, prey_0:-0.001, predator_4:-0.001} | info_preview={}
2025-11-23 03:29:07,502 [DEBUG] PredPreyGrassEnv.env-99b9eef7: event=StepBegin | env_id=env-99b9eef7 | step=248 | incoming_actions=['prey_1', 'prey_3', 'prey_5', 'prey_0', 'prey_18', ...] | active_agents=23 | current_step=248
2025-11-23 03:29:07,506 [DEBUG] PredPreyGrassEnv.env-99b9eef7: event=StepSummary | env_id=env-99b9eef7 | step=248 | current_step=248 | terminated_agents=[] | truncated_agents=[] | remaining_agents=23 | reward_preview={prey_1:-0.001, prey_3:-0.001, prey_5:-0.001, prey_0:-0.001, predator_4:-0.001} | info_preview={}
2025-11-23 03:29:07,516 [DEBUG] PredPreyGrassEnv.env-99b9eef7: event=StepBegin | env_id=env-99b9eef7 | step=249 | incoming_actions=['prey_1', 'prey_3', 'prey_5', 'prey_0', 'prey_18', ...] | active_agents=23 | current_step=249
2025-11-23 03:29:07,519 [DEBUG] PredPreyGrassEnv.env-99b9eef7: event=StepSummary | env_id=env-99b9eef7 | step=249 | current_step=249 | terminated_agents=[] | truncated_agents=[] | remaining_agents=23 | reward_preview={prey_1:-0.001, prey_3:-0.001, prey_5:-0.001, prey_0:-0.001, predator_4:-0.001} | info_preview={}
2025-11-23 03:29:07,529 [DEBUG] PredPreyGrassEnv.env-99b9eef7: event=StepBegin | env_id=env-99b9eef7 | step=250 | incoming_actions=['prey_1', 'prey_3', 'prey_5', 'prey_0', 'prey_18', ...] | active_agents=23 | current_step=250
2025-11-23 03:29:07,533 [DEBUG] PredPreyGrassEnv.env-99b9eef7: event=StepSummary | env_id=env-99b9eef7 | step=250 | current_step=250 | terminated_agents=[] | truncated_agents=[] | remaining_agents=23 | reward_preview={prey_1:-0.001, prey_3:-0.001, prey_5:-0.001, prey_0:-0.001, predator_4:-0.001} | info_preview={}
2025-11-23 03:29:07,543 [DEBUG] PredPreyGrassEnv.env-99b9eef7: event=StepBegin | env_id=env-99b9eef7 | step=251 | incoming_actions=['prey_1', 'prey_3', 'prey_5', 'prey_0', 'prey_18', ...] | active_agents=23 | current_step=251
2025-11-23 03:29:07,546 [DEBUG] PredPreyGrassEnv.env-99b9eef7: event=StepSummary | env_id=env-99b9eef7 | step=251 | current_step=251 | terminated_agents=[] | truncated_agents=[] | remaining_agents=23 | reward_preview={prey_1:-0.001, prey_3:-0.001, prey_5:-0.001, prey_0:-0.001, predator_4:-0.001} | info_preview={}
2025-11-23 03:29:07,556 [DEBUG] PredPreyGrassEnv.env-99b9eef7: event=StepBegin | env_id=env-99b9eef7 | step=252 | incoming_actions=['prey_1', 'prey_3', 'prey_5', 'prey_0', 'prey_18', ...] | active_agents=23 | current_step=252
2025-11-23 03:29:07,558 [DEBUG] PredPreyGrassEnv.env-99b9eef7: event=PreyAteGrass | env_id=env-99b9eef7 | step=252 | prey='prey_10' | grass='grass_75' | prey_position=[769.6542994172497, 479.1921202375053] | grass_energy=10.0 | energy_gained=9.0 | prey_energy=120.07835611321296
2025-11-23 03:29:07,560 [DEBUG] PredPreyGrassEnv.env-99b9eef7: event=StepSummary | env_id=env-99b9eef7 | step=252 | current_step=252 | terminated_agents=[] | truncated_agents=[] | remaining_agents=23 | reward_preview={prey_1:-0.001, prey_3:-0.001, prey_5:-0.001, prey_0:-0.001, predator_4:-0.001} | info_preview={}
2025-11-23 03:29:07,570 [DEBUG] PredPreyGrassEnv.env-99b9eef7: event=StepBegin | env_id=env-99b9eef7 | step=253 | incoming_actions=['prey_1', 'prey_3', 'prey_5', 'prey_0', 'prey_18', ...] | active_agents=23 | current_step=253
2025-11-23 03:29:07,574 [DEBUG] PredPreyGrassEnv.env-99b9eef7: event=StepSummary | env_id=env-99b9eef7 | step=253 | current_step=253 | terminated_agents=[] | truncated_agents=[] | remaining_agents=23 | reward_preview={prey_1:-0.001, prey_3:-0.001, prey_5:-0.001, prey_0:-0.001, predator_4:-0.001} | info_preview={}
2025-11-23 03:29:07,584 [DEBUG] PredPreyGrassEnv.env-99b9eef7: event=StepBegin | env_id=env-99b9eef7 | step=254 | incoming_actions=['prey_1', 'prey_3', 'prey_5', 'prey_0', 'prey_18', ...] | active_agents=23 | current_step=254
2025-11-23 03:29:07,587 [DEBUG] PredPreyGrassEnv.env-99b9eef7: event=StepSummary | env_id=env-99b9eef7 | step=254 | current_step=254 | terminated_agents=[] | truncated_agents=[] | remaining_agents=23 | reward_preview={prey_1:-0.001, prey_3:-0.001, prey_5:-0.001, prey_0:-0.001, predator_4:-0.001} | info_preview={}
2025-11-23 03:29:07,597 [DEBUG] PredPreyGrassEnv.env-99b9eef7: event=StepBegin | env_id=env-99b9eef7 | step=255 | incoming_actions=['prey_1', 'prey_3', 'prey_5', 'prey_0', 'prey_18', ...] | active_agents=23 | current_step=255
2025-11-23 03:29:07,600 [DEBUG] PredPreyGrassEnv.env-99b9eef7: event=StepSummary | env_id=env-99b9eef7 | step=255 | current_step=255 | terminated_agents=[] | truncated_agents=[] | remaining_agents=23 | reward_preview={prey_1:-0.001, prey_3:-0.001, prey_5:-0.001, prey_0:-0.001, predator_4:-0.001} | info_preview={}
2025-11-23 03:29:07,610 [DEBUG] PredPreyGrassEnv.env-99b9eef7: event=StepBegin | env_id=env-99b9eef7 | step=256 | incoming_actions=['prey_1', 'prey_3', 'prey_5', 'prey_0', 'prey_18', ...] | active_agents=23 | current_step=256
2025-11-23 03:29:07,614 [DEBUG] PredPreyGrassEnv.env-99b9eef7: event=StepSummary | env_id=env-99b9eef7 | step=256 | current_step=256 | terminated_agents=[] | truncated_agents=[] | remaining_agents=23 | reward_preview={prey_1:-0.001, prey_3:-0.001, prey_5:-0.001, prey_0:-0.001, predator_4:-0.001} | info_preview={}
2025-11-23 03:29:07,624 [DEBUG] PredPreyGrassEnv.env-99b9eef7: event=StepBegin | env_id=env-99b9eef7 | step=257 | incoming_actions=['prey_1', 'prey_3', 'prey_5', 'prey_0', 'prey_18', ...] | active_agents=23 | current_step=257
2025-11-23 03:29:07,627 [DEBUG] PredPreyGrassEnv.env-99b9eef7: event=StepSummary | env_id=env-99b9eef7 | step=257 | current_step=257 | terminated_agents=[] | truncated_agents=[] | remaining_agents=23 | reward_preview={prey_1:-0.001, prey_3:-0.001, prey_5:-0.001, prey_0:-0.001, predator_4:-0.001} | info_preview={}
2025-11-23 03:29:07,643 [DEBUG] PredPreyGrassEnv.env-99b9eef7: event=StepBegin | env_id=env-99b9eef7 | step=258 | incoming_actions=['prey_1', 'prey_3', 'prey_5', 'prey_0', 'prey_18', ...] | active_agents=23 | current_step=258
2025-11-23 03:29:07,647 [DEBUG] PredPreyGrassEnv.env-99b9eef7: event=StepSummary | env_id=env-99b9eef7 | step=258 | current_step=258 | terminated_agents=[] | truncated_agents=[] | remaining_agents=23 | reward_preview={prey_1:-0.001, prey_3:-0.001, prey_5:-0.001, prey_0:-0.001, predator_4:-0.001} | info_preview={}
2025-11-23 03:29:07,657 [DEBUG] PredPreyGrassEnv.env-99b9eef7: event=StepBegin | env_id=env-99b9eef7 | step=259 | incoming_actions=['prey_1', 'prey_3', 'prey_5', 'prey_0', 'prey_18', ...] | active_agents=23 | current_step=259
2025-11-23 03:29:07,660 [DEBUG] PredPreyGrassEnv.env-99b9eef7: event=StepSummary | env_id=env-99b9eef7 | step=259 | current_step=259 | terminated_agents=[] | truncated_agents=[] | remaining_agents=23 | reward_preview={prey_1:-0.001, prey_3:-0.001, prey_5:-0.001, prey_0:-0.001, predator_4:-0.001} | info_preview={}
2025-11-23 03:29:07,671 [DEBUG] PredPreyGrassEnv.env-99b9eef7: event=StepBegin | env_id=env-99b9eef7 | step=260 | incoming_actions=['prey_1', 'prey_3', 'prey_5', 'prey_0', 'prey_18', ...] | active_agents=23 | current_step=260
2025-11-23 03:29:07,674 [DEBUG] PredPreyGrassEnv.env-99b9eef7: event=StepSummary | env_id=env-99b9eef7 | step=260 | current_step=260 | terminated_agents=[] | truncated_agents=[] | remaining_agents=23 | reward_preview={prey_1:-0.001, prey_3:-0.001, prey_5:-0.001, prey_0:-0.001, predator_4:-0.001} | info_preview={}
2025-11-23 03:29:07,684 [DEBUG] PredPreyGrassEnv.env-99b9eef7: event=StepBegin | env_id=env-99b9eef7 | step=261 | incoming_actions=['prey_1', 'prey_3', 'prey_5', 'prey_0', 'prey_18', ...] | active_agents=23 | current_step=261
2025-11-23 03:29:07,686 [DEBUG] PredPreyGrassEnv.env-99b9eef7: event=PreyAteGrass | env_id=env-99b9eef7 | step=261 | prey='prey_15' | grass='grass_29' | prey_position=[635.23086939071, 364.7449097950744] | grass_energy=10.0 | energy_gained=9.0 | prey_energy=127.99562493109276
2025-11-23 03:29:07,687 [DEBUG] PredPreyGrassEnv.env-99b9eef7: event=StepSummary | env_id=env-99b9eef7 | step=261 | current_step=261 | terminated_agents=[] | truncated_agents=[] | remaining_agents=23 | reward_preview={prey_1:-0.001, prey_3:-0.001, prey_5:-0.001, prey_0:-0.001, predator_4:-0.001} | info_preview={}
2025-11-23 03:29:07,698 [DEBUG] PredPreyGrassEnv.env-99b9eef7: event=StepBegin | env_id=env-99b9eef7 | step=262 | incoming_actions=['prey_1', 'prey_3', 'prey_5', 'prey_0', 'prey_18', ...] | active_agents=23 | current_step=262
2025-11-23 03:29:07,701 [DEBUG] PredPreyGrassEnv.env-99b9eef7: event=StepSummary | env_id=env-99b9eef7 | step=262 | current_step=262 | terminated_agents=[] | truncated_agents=[] | remaining_agents=23 | reward_preview={prey_1:-0.001, prey_3:-0.001, prey_5:-0.001, prey_0:-0.001, predator_4:-0.001} | info_preview={}
2025-11-23 03:29:07,711 [DEBUG] PredPreyGrassEnv.env-99b9eef7: event=StepBegin | env_id=env-99b9eef7 | step=263 | incoming_actions=['prey_1', 'prey_3', 'prey_5', 'prey_0', 'prey_18', ...] | active_agents=23 | current_step=263
2025-11-23 03:29:07,714 [DEBUG] PredPreyGrassEnv.env-99b9eef7: event=StepSummary | env_id=env-99b9eef7 | step=263 | current_step=263 | terminated_agents=[] | truncated_agents=[] | remaining_agents=23 | reward_preview={prey_1:-0.001, prey_3:-0.001, prey_5:-0.001, prey_0:-0.001, predator_4:-0.001} | info_preview={}
2025-11-23 03:29:07,724 [DEBUG] PredPreyGrassEnv.env-99b9eef7: event=StepBegin | env_id=env-99b9eef7 | step=264 | incoming_actions=['prey_1', 'prey_3', 'prey_5', 'prey_0', 'prey_18', ...] | active_agents=23 | current_step=264
2025-11-23 03:29:07,727 [DEBUG] PredPreyGrassEnv.env-99b9eef7: event=StepSummary | env_id=env-99b9eef7 | step=264 | current_step=264 | terminated_agents=[] | truncated_agents=[] | remaining_agents=23 | reward_preview={prey_1:-0.001, prey_3:-0.001, prey_5:-0.001, prey_0:-0.001, predator_4:-0.001} | info_preview={}
2025-11-23 03:29:07,737 [DEBUG] PredPreyGrassEnv.env-99b9eef7: event=StepBegin | env_id=env-99b9eef7 | step=265 | incoming_actions=['prey_1', 'prey_3', 'prey_5', 'prey_0', 'prey_18', ...] | active_agents=23 | current_step=265
2025-11-23 03:29:07,741 [DEBUG] PredPreyGrassEnv.env-99b9eef7: event=StepSummary | env_id=env-99b9eef7 | step=265 | current_step=265 | terminated_agents=[] | truncated_agents=[] | remaining_agents=23 | reward_preview={prey_1:-0.001, prey_3:-0.001, prey_5:-0.001, prey_0:-0.001, predator_4:-0.001} | info_preview={}
2025-11-23 03:29:07,751 [DEBUG] PredPreyGrassEnv.env-99b9eef7: event=StepBegin | env_id=env-99b9eef7 | step=266 | incoming_actions=['prey_1', 'prey_3', 'prey_5', 'prey_0', 'prey_18', ...] | active_agents=23 | current_step=266
2025-11-23 03:29:07,754 [DEBUG] PredPreyGrassEnv.env-99b9eef7: event=StepSummary | env_id=env-99b9eef7 | step=266 | current_step=266 | terminated_agents=[] | truncated_agents=[] | remaining_agents=23 | reward_preview={prey_1:-0.001, prey_3:-0.001, prey_5:-0.001, prey_0:-0.001, predator_4:-0.001} | info_preview={}
2025-11-23 03:29:07,765 [DEBUG] PredPreyGrassEnv.env-99b9eef7: event=StepBegin | env_id=env-99b9eef7 | step=267 | incoming_actions=['prey_1', 'prey_3', 'prey_5', 'prey_0', 'prey_18', ...] | active_agents=23 | current_step=267
2025-11-23 03:29:07,768 [DEBUG] PredPreyGrassEnv.env-99b9eef7: event=StepSummary | env_id=env-99b9eef7 | step=267 | current_step=267 | terminated_agents=[] | truncated_agents=[] | remaining_agents=23 | reward_preview={prey_1:-0.001, prey_3:-0.001, prey_5:-0.001, prey_0:-0.001, predator_4:-0.001} | info_preview={}
2025-11-23 03:29:07,779 [DEBUG] PredPreyGrassEnv.env-99b9eef7: event=StepBegin | env_id=env-99b9eef7 | step=268 | incoming_actions=['prey_1', 'prey_3', 'prey_5', 'prey_0', 'prey_18', ...] | active_agents=23 | current_step=268
2025-11-23 03:29:07,782 [DEBUG] PredPreyGrassEnv.env-99b9eef7: event=StepSummary | env_id=env-99b9eef7 | step=268 | current_step=268 | terminated_agents=[] | truncated_agents=[] | remaining_agents=23 | reward_preview={prey_1:-0.001, prey_3:-0.001, prey_5:-0.001, prey_0:-0.001, predator_4:-0.001} | info_preview={}
2025-11-23 03:29:07,792 [DEBUG] PredPreyGrassEnv.env-99b9eef7: event=StepBegin | env_id=env-99b9eef7 | step=269 | incoming_actions=['prey_1', 'prey_3', 'prey_5', 'prey_0', 'prey_18', ...] | active_agents=23 | current_step=269
2025-11-23 03:29:07,796 [DEBUG] PredPreyGrassEnv.env-99b9eef7: event=StepSummary | env_id=env-99b9eef7 | step=269 | current_step=269 | terminated_agents=[] | truncated_agents=[] | remaining_agents=23 | reward_preview={prey_1:-0.001, prey_3:-0.001, prey_5:-0.001, prey_0:-0.001, predator_4:-0.001} | info_preview={}
2025-11-23 03:29:07,806 [DEBUG] PredPreyGrassEnv.env-99b9eef7: event=StepBegin | env_id=env-99b9eef7 | step=270 | incoming_actions=['prey_1', 'prey_3', 'prey_5', 'prey_0', 'prey_18', ...] | active_agents=23 | current_step=270
2025-11-23 03:29:07,809 [DEBUG] PredPreyGrassEnv.env-99b9eef7: event=StepSummary | env_id=env-99b9eef7 | step=270 | current_step=270 | terminated_agents=[] | truncated_agents=[] | remaining_agents=23 | reward_preview={prey_1:-0.001, prey_3:-0.001, prey_5:-0.001, prey_0:-0.001, predator_4:-0.001} | info_preview={}
2025-11-23 03:29:07,820 [DEBUG] PredPreyGrassEnv.env-99b9eef7: event=StepBegin | env_id=env-99b9eef7 | step=271 | incoming_actions=['prey_1', 'prey_3', 'prey_5', 'prey_0', 'prey_18', ...] | active_agents=23 | current_step=271
2025-11-23 03:29:07,822 [DEBUG] PredPreyGrassEnv.env-99b9eef7: event=PreyAteGrass | env_id=env-99b9eef7 | step=271 | prey='prey_2' | grass='grass_35' | prey_position=[343.4182871852974, 176.29477897577573] | grass_energy=10.0 | energy_gained=9.0 | prey_energy=142.53026302009792
2025-11-23 03:29:07,823 [DEBUG] PredPreyGrassEnv.env-99b9eef7: event=StepSummary | env_id=env-99b9eef7 | step=271 | current_step=271 | terminated_agents=[] | truncated_agents=[] | remaining_agents=23 | reward_preview={prey_1:-0.001, prey_3:-0.001, prey_5:-0.001, prey_0:-0.001, predator_4:-0.001} | info_preview={}
2025-11-23 03:29:07,833 [DEBUG] PredPreyGrassEnv.env-99b9eef7: event=StepBegin | env_id=env-99b9eef7 | step=272 | incoming_actions=['prey_1', 'prey_3', 'prey_5', 'prey_0', 'prey_18', ...] | active_agents=23 | current_step=272
2025-11-23 03:29:07,837 [DEBUG] PredPreyGrassEnv.env-99b9eef7: event=StepSummary | env_id=env-99b9eef7 | step=272 | current_step=272 | terminated_agents=[] | truncated_agents=[] | remaining_agents=23 | reward_preview={prey_1:-0.001, prey_3:-0.001, prey_5:-0.001, prey_0:-0.001, predator_4:-0.001} | info_preview={}
2025-11-23 03:29:07,850 [DEBUG] PredPreyGrassEnv.env-99b9eef7: event=StepBegin | env_id=env-99b9eef7 | step=273 | incoming_actions=['prey_1', 'prey_3', 'prey_5', 'prey_0', 'prey_18', ...] | active_agents=23 | current_step=273
2025-11-23 03:29:07,855 [DEBUG] PredPreyGrassEnv.env-99b9eef7: event=StepSummary | env_id=env-99b9eef7 | step=273 | current_step=273 | terminated_agents=[] | truncated_agents=[] | remaining_agents=23 | reward_preview={prey_1:-0.001, prey_3:-0.001, prey_5:-0.001, prey_0:-0.001, predator_4:-0.001} | info_preview={}
2025-11-23 03:29:07,881 [DEBUG] PredPreyGrassEnv.env-99b9eef7: event=StepBegin | env_id=env-99b9eef7 | step=274 | incoming_actions=['prey_1', 'prey_3', 'prey_5', 'prey_0', 'prey_18', ...] | active_agents=23 | current_step=274
2025-11-23 03:29:07,890 [DEBUG] PredPreyGrassEnv.env-99b9eef7: event=StepSummary | env_id=env-99b9eef7 | step=274 | current_step=274 | terminated_agents=[] | truncated_agents=[] | remaining_agents=23 | reward_preview={prey_1:-0.001, prey_3:-0.001, prey_5:-0.001, prey_0:-0.001, predator_4:-0.001} | info_preview={}
2025-11-23 03:29:07,915 [DEBUG] PredPreyGrassEnv.env-99b9eef7: event=StepBegin | env_id=env-99b9eef7 | step=275 | incoming_actions=['prey_1', 'prey_3', 'prey_5', 'prey_0', 'prey_18', ...] | active_agents=23 | current_step=275
2025-11-23 03:29:07,923 [DEBUG] PredPreyGrassEnv.env-99b9eef7: event=StepSummary | env_id=env-99b9eef7 | step=275 | current_step=275 | terminated_agents=[] | truncated_agents=[] | remaining_agents=23 | reward_preview={prey_1:-0.001, prey_3:-0.001, prey_5:-0.001, prey_0:-0.001, predator_4:-0.001} | info_preview={}
2025-11-23 03:29:07,948 [DEBUG] PredPreyGrassEnv.env-99b9eef7: event=StepBegin | env_id=env-99b9eef7 | step=276 | incoming_actions=['prey_1', 'prey_3', 'prey_5', 'prey_0', 'prey_18', ...] | active_agents=23 | current_step=276
2025-11-23 03:29:07,955 [DEBUG] PredPreyGrassEnv.env-99b9eef7: event=StepSummary | env_id=env-99b9eef7 | step=276 | current_step=276 | terminated_agents=[] | truncated_agents=[] | remaining_agents=23 | reward_preview={prey_1:-0.001, prey_3:-0.001, prey_5:-0.001, prey_0:-0.001, predator_4:-0.001} | info_preview={}
2025-11-23 03:29:07,981 [DEBUG] PredPreyGrassEnv.env-99b9eef7: event=StepBegin | env_id=env-99b9eef7 | step=277 | incoming_actions=['prey_1', 'prey_3', 'prey_5', 'prey_0', 'prey_18', ...] | active_agents=23 | current_step=277
2025-11-23 03:29:07,988 [DEBUG] PredPreyGrassEnv.env-99b9eef7: event=StepSummary | env_id=env-99b9eef7 | step=277 | current_step=277 | terminated_agents=[] | truncated_agents=[] | remaining_agents=23 | reward_preview={prey_1:-0.001, prey_3:-0.001, prey_5:-0.001, prey_0:-0.001, predator_4:-0.001} | info_preview={}
2025-11-23 03:29:08,014 [DEBUG] PredPreyGrassEnv.env-99b9eef7: event=StepBegin | env_id=env-99b9eef7 | step=278 | incoming_actions=['prey_1', 'prey_3', 'prey_5', 'prey_0', 'prey_18', ...] | active_agents=23 | current_step=278
2025-11-23 03:29:08,021 [DEBUG] PredPreyGrassEnv.env-99b9eef7: event=StepSummary | env_id=env-99b9eef7 | step=278 | current_step=278 | terminated_agents=[] | truncated_agents=[] | remaining_agents=23 | reward_preview={prey_1:-0.001, prey_3:-0.001, prey_5:-0.001, prey_0:-0.001, predator_4:-0.001} | info_preview={}
2025-11-23 03:29:08,046 [DEBUG] PredPreyGrassEnv.env-99b9eef7: event=StepBegin | env_id=env-99b9eef7 | step=279 | incoming_actions=['prey_1', 'prey_3', 'prey_5', 'prey_0', 'prey_18', ...] | active_agents=23 | current_step=279
2025-11-23 03:29:08,054 [DEBUG] PredPreyGrassEnv.env-99b9eef7: event=StepSummary | env_id=env-99b9eef7 | step=279 | current_step=279 | terminated_agents=[] | truncated_agents=[] | remaining_agents=23 | reward_preview={prey_1:-0.001, prey_3:-0.001, prey_5:-0.001, prey_0:-0.001, predator_4:-0.001} | info_preview={}
2025-11-23 03:29:08,080 [DEBUG] PredPreyGrassEnv.env-99b9eef7: event=StepBegin | env_id=env-99b9eef7 | step=280 | incoming_actions=['prey_1', 'prey_3', 'prey_5', 'prey_0', 'prey_18', ...] | active_agents=23 | current_step=280
2025-11-23 03:29:08,087 [DEBUG] PredPreyGrassEnv.env-99b9eef7: event=StepSummary | env_id=env-99b9eef7 | step=280 | current_step=280 | terminated_agents=[] | truncated_agents=[] | remaining_agents=23 | reward_preview={prey_1:-0.001, prey_3:-0.001, prey_5:-0.001, prey_0:-0.001, predator_4:-0.001} | info_preview={}
2025-11-23 03:29:08,113 [DEBUG] PredPreyGrassEnv.env-99b9eef7: event=StepBegin | env_id=env-99b9eef7 | step=281 | incoming_actions=['prey_1', 'prey_3', 'prey_5', 'prey_0', 'prey_18', ...] | active_agents=23 | current_step=281
2025-11-23 03:29:08,119 [DEBUG] PredPreyGrassEnv.env-99b9eef7: event=PreyAteGrass | env_id=env-99b9eef7 | step=281 | prey='prey_19' | grass='grass_68' | prey_position=[25.010186724388724, 52.329268550634154] | grass_energy=10.0 | energy_gained=9.0 | prey_energy=113.176207028509
2025-11-23 03:29:08,121 [DEBUG] PredPreyGrassEnv.env-99b9eef7: event=StepSummary | env_id=env-99b9eef7 | step=281 | current_step=281 | terminated_agents=[] | truncated_agents=[] | remaining_agents=23 | reward_preview={prey_1:-0.001, prey_3:-0.001, prey_5:-0.001, prey_0:-0.001, predator_4:-0.001} | info_preview={}
2025-11-23 03:29:08,149 [DEBUG] PredPreyGrassEnv.env-99b9eef7: event=StepBegin | env_id=env-99b9eef7 | step=282 | incoming_actions=['prey_1', 'prey_3', 'prey_5', 'prey_0', 'prey_18', ...] | active_agents=23 | current_step=282
2025-11-23 03:29:08,157 [DEBUG] PredPreyGrassEnv.env-99b9eef7: event=StepSummary | env_id=env-99b9eef7 | step=282 | current_step=282 | terminated_agents=[] | truncated_agents=[] | remaining_agents=23 | reward_preview={prey_1:-0.001, prey_3:-0.001, prey_5:-0.001, prey_0:-0.001, predator_4:-0.001} | info_preview={}
2025-11-23 03:29:08,184 [DEBUG] PredPreyGrassEnv.env-99b9eef7: event=StepBegin | env_id=env-99b9eef7 | step=283 | incoming_actions=['prey_1', 'prey_3', 'prey_5', 'prey_0', 'prey_18', ...] | active_agents=23 | current_step=283
2025-11-23 03:29:08,193 [DEBUG] PredPreyGrassEnv.env-99b9eef7: event=StepSummary | env_id=env-99b9eef7 | step=283 | current_step=283 | terminated_agents=[] | truncated_agents=[] | remaining_agents=23 | reward_preview={prey_1:-0.001, prey_3:-0.001, prey_5:-0.001, prey_0:-0.001, predator_4:-0.001} | info_preview={}
2025-11-23 03:29:08,229 [DEBUG] PredPreyGrassEnv.env-99b9eef7: event=StepBegin | env_id=env-99b9eef7 | step=284 | incoming_actions=['prey_1', 'prey_3', 'prey_5', 'prey_0', 'prey_18', ...] | active_agents=23 | current_step=284
2025-11-23 03:29:08,238 [DEBUG] PredPreyGrassEnv.env-99b9eef7: event=StepSummary | env_id=env-99b9eef7 | step=284 | current_step=284 | terminated_agents=[] | truncated_agents=[] | remaining_agents=23 | reward_preview={prey_1:-0.001, prey_3:-0.001, prey_5:-0.001, prey_0:-0.001, predator_4:-0.001} | info_preview={}
2025-11-23 03:29:08,270 [DEBUG] PredPreyGrassEnv.env-99b9eef7: event=StepBegin | env_id=env-99b9eef7 | step=285 | incoming_actions=['prey_1', 'prey_3', 'prey_5', 'prey_0', 'prey_18', ...] | active_agents=23 | current_step=285
2025-11-23 03:29:08,276 [DEBUG] PredPreyGrassEnv.env-99b9eef7: event=StepSummary | env_id=env-99b9eef7 | step=285 | current_step=285 | terminated_agents=[] | truncated_agents=[] | remaining_agents=23 | reward_preview={prey_1:-0.001, prey_3:-0.001, prey_5:-0.001, prey_0:-0.001, predator_4:-0.001} | info_preview={}
2025-11-23 03:29:08,289 [DEBUG] PredPreyGrassEnv.env-99b9eef7: event=StepBegin | env_id=env-99b9eef7 | step=286 | incoming_actions=['prey_1', 'prey_3', 'prey_5', 'prey_0', 'prey_18', ...] | active_agents=23 | current_step=286
2025-11-23 03:29:08,293 [DEBUG] PredPreyGrassEnv.env-99b9eef7: event=StepSummary | env_id=env-99b9eef7 | step=286 | current_step=286 | terminated_agents=[] | truncated_agents=[] | remaining_agents=23 | reward_preview={prey_1:-0.001, prey_3:-0.001, prey_5:-0.001, prey_0:-0.001, predator_4:-0.001} | info_preview={}
2025-11-23 03:29:08,306 [DEBUG] PredPreyGrassEnv.env-99b9eef7: event=StepBegin | env_id=env-99b9eef7 | step=287 | incoming_actions=['prey_1', 'prey_3', 'prey_5', 'prey_0', 'prey_18', ...] | active_agents=23 | current_step=287
2025-11-23 03:29:08,311 [DEBUG] PredPreyGrassEnv.env-99b9eef7: event=StepSummary | env_id=env-99b9eef7 | step=287 | current_step=287 | terminated_agents=[] | truncated_agents=[] | remaining_agents=23 | reward_preview={prey_1:-0.001, prey_3:-0.001, prey_5:-0.001, prey_0:-0.001, predator_4:-0.001} | info_preview={}
2025-11-23 03:29:08,325 [DEBUG] PredPreyGrassEnv.env-99b9eef7: event=StepBegin | env_id=env-99b9eef7 | step=288 | incoming_actions=['prey_1', 'prey_3', 'prey_5', 'prey_0', 'prey_18', ...] | active_agents=23 | current_step=288
2025-11-23 03:29:08,329 [DEBUG] PredPreyGrassEnv.env-99b9eef7: event=StepSummary | env_id=env-99b9eef7 | step=288 | current_step=288 | terminated_agents=[] | truncated_agents=[] | remaining_agents=23 | reward_preview={prey_1:-0.001, prey_3:-0.001, prey_5:-0.001, prey_0:-0.001, predator_4:-0.001} | info_preview={}
2025-11-23 03:29:08,343 [DEBUG] PredPreyGrassEnv.env-99b9eef7: event=StepBegin | env_id=env-99b9eef7 | step=289 | incoming_actions=['prey_1', 'prey_3', 'prey_5', 'prey_0', 'prey_18', ...] | active_agents=23 | current_step=289
2025-11-23 03:29:08,347 [DEBUG] PredPreyGrassEnv.env-99b9eef7: event=StepSummary | env_id=env-99b9eef7 | step=289 | current_step=289 | terminated_agents=[] | truncated_agents=[] | remaining_agents=23 | reward_preview={prey_1:-0.001, prey_3:-0.001, prey_5:-0.001, prey_0:-0.001, predator_4:-0.001} | info_preview={}
2025-11-23 03:29:08,359 [DEBUG] PredPreyGrassEnv.env-99b9eef7: event=StepBegin | env_id=env-99b9eef7 | step=290 | incoming_actions=['prey_1', 'prey_3', 'prey_5', 'prey_0', 'prey_18', ...] | active_agents=23 | current_step=290
2025-11-23 03:29:08,364 [DEBUG] PredPreyGrassEnv.env-99b9eef7: event=StepSummary | env_id=env-99b9eef7 | step=290 | current_step=290 | terminated_agents=[] | truncated_agents=[] | remaining_agents=23 | reward_preview={prey_1:-0.001, prey_3:-0.001, prey_5:-0.001, prey_0:-0.001, predator_4:-0.001} | info_preview={}
2025-11-23 03:29:08,379 [DEBUG] PredPreyGrassEnv.env-99b9eef7: event=StepBegin | env_id=env-99b9eef7 | step=291 | incoming_actions=['prey_1', 'prey_3', 'prey_5', 'prey_0', 'prey_18', ...] | active_agents=23 | current_step=291
2025-11-23 03:29:08,384 [DEBUG] PredPreyGrassEnv.env-99b9eef7: event=StepSummary | env_id=env-99b9eef7 | step=291 | current_step=291 | terminated_agents=[] | truncated_agents=[] | remaining_agents=23 | reward_preview={prey_1:-0.001, prey_3:-0.001, prey_5:-0.001, prey_0:-0.001, predator_4:-0.001} | info_preview={}
2025-11-23 03:29:08,399 [DEBUG] PredPreyGrassEnv.env-99b9eef7: event=StepBegin | env_id=env-99b9eef7 | step=292 | incoming_actions=['prey_1', 'prey_3', 'prey_5', 'prey_0', 'prey_18', ...] | active_agents=23 | current_step=292
2025-11-23 03:29:08,404 [DEBUG] PredPreyGrassEnv.env-99b9eef7: event=StepSummary | env_id=env-99b9eef7 | step=292 | current_step=292 | terminated_agents=[] | truncated_agents=[] | remaining_agents=23 | reward_preview={prey_1:-0.001, prey_3:-0.001, prey_5:-0.001, prey_0:-0.001, predator_4:-0.001} | info_preview={}
2025-11-23 03:29:08,417 [DEBUG] PredPreyGrassEnv.env-99b9eef7: event=StepBegin | env_id=env-99b9eef7 | step=293 | incoming_actions=['prey_1', 'prey_3', 'prey_5', 'prey_0', 'prey_18', ...] | active_agents=23 | current_step=293
2025-11-23 03:29:08,422 [DEBUG] PredPreyGrassEnv.env-99b9eef7: event=StepSummary | env_id=env-99b9eef7 | step=293 | current_step=293 | terminated_agents=[] | truncated_agents=[] | remaining_agents=23 | reward_preview={prey_1:-0.001, prey_3:-0.001, prey_5:-0.001, prey_0:-0.001, predator_4:-0.001} | info_preview={}
2025-11-23 03:29:08,431 [DEBUG] PredPreyGrassEnv.env-99b9eef7: event=StepBegin | env_id=env-99b9eef7 | step=294 | incoming_actions=['prey_1', 'prey_3', 'prey_5', 'prey_0', 'prey_18', ...] | active_agents=23 | current_step=294
2025-11-23 03:29:08,435 [DEBUG] PredPreyGrassEnv.env-99b9eef7: event=StepSummary | env_id=env-99b9eef7 | step=294 | current_step=294 | terminated_agents=[] | truncated_agents=[] | remaining_agents=23 | reward_preview={prey_1:-0.001, prey_3:-0.001, prey_5:-0.001, prey_0:-0.001, predator_4:-0.001} | info_preview={}
2025-11-23 03:29:08,445 [DEBUG] PredPreyGrassEnv.env-99b9eef7: event=StepBegin | env_id=env-99b9eef7 | step=295 | incoming_actions=['prey_1', 'prey_3', 'prey_5', 'prey_0', 'prey_18', ...] | active_agents=23 | current_step=295
2025-11-23 03:29:08,449 [DEBUG] PredPreyGrassEnv.env-99b9eef7: event=StepSummary | env_id=env-99b9eef7 | step=295 | current_step=295 | terminated_agents=[] | truncated_agents=[] | remaining_agents=23 | reward_preview={prey_1:-0.001, prey_3:-0.001, prey_5:-0.001, prey_0:-0.001, predator_4:-0.001} | info_preview={}
2025-11-23 03:29:08,458 [DEBUG] PredPreyGrassEnv.env-99b9eef7: event=StepBegin | env_id=env-99b9eef7 | step=296 | incoming_actions=['prey_1', 'prey_3', 'prey_5', 'prey_0', 'prey_18', ...] | active_agents=23 | current_step=296
2025-11-23 03:29:08,462 [DEBUG] PredPreyGrassEnv.env-99b9eef7: event=StepSummary | env_id=env-99b9eef7 | step=296 | current_step=296 | terminated_agents=[] | truncated_agents=[] | remaining_agents=23 | reward_preview={prey_1:-0.001, prey_3:-0.001, prey_5:-0.001, prey_0:-0.001, predator_4:-0.001} | info_preview={}
2025-11-23 03:29:08,471 [DEBUG] PredPreyGrassEnv.env-99b9eef7: event=StepBegin | env_id=env-99b9eef7 | step=297 | incoming_actions=['prey_1', 'prey_3', 'prey_5', 'prey_0', 'prey_18', ...] | active_agents=23 | current_step=297
2025-11-23 03:29:08,475 [DEBUG] PredPreyGrassEnv.env-99b9eef7: event=StepSummary | env_id=env-99b9eef7 | step=297 | current_step=297 | terminated_agents=[] | truncated_agents=[] | remaining_agents=23 | reward_preview={prey_1:-0.001, prey_3:-0.001, prey_5:-0.001, prey_0:-0.001, predator_4:-0.001} | info_preview={}
2025-11-23 03:29:08,484 [DEBUG] PredPreyGrassEnv.env-99b9eef7: event=StepBegin | env_id=env-99b9eef7 | step=298 | incoming_actions=['prey_1', 'prey_3', 'prey_5', 'prey_0', 'prey_18', ...] | active_agents=23 | current_step=298
2025-11-23 03:29:08,488 [DEBUG] PredPreyGrassEnv.env-99b9eef7: event=StepSummary | env_id=env-99b9eef7 | step=298 | current_step=298 | terminated_agents=[] | truncated_agents=[] | remaining_agents=23 | reward_preview={prey_1:-0.001, prey_3:-0.001, prey_5:-0.001, prey_0:-0.001, predator_4:-0.001} | info_preview={}
2025-11-23 03:29:08,502 [DEBUG] PredPreyGrassEnv.env-99b9eef7: event=StepBegin | env_id=env-99b9eef7 | step=299 | incoming_actions=['prey_1', 'prey_3', 'prey_5', 'prey_0', 'prey_18', ...] | active_agents=23 | current_step=299
2025-11-23 03:29:08,507 [DEBUG] PredPreyGrassEnv.env-99b9eef7: event=StepSummary | env_id=env-99b9eef7 | step=299 | current_step=299 | terminated_agents=[] | truncated_agents=[] | remaining_agents=23 | reward_preview={prey_1:-0.001, prey_3:-0.001, prey_5:-0.001, prey_0:-0.001, predator_4:-0.001} | info_preview={}
2025-11-23 03:29:08,521 [DEBUG] PredPreyGrassEnv.env-99b9eef7: event=StepBegin | env_id=env-99b9eef7 | step=300 | incoming_actions=['prey_1', 'prey_3', 'prey_5', 'prey_0', 'prey_18', ...] | active_agents=23 | current_step=300
2025-11-23 03:29:08,525 [DEBUG] PredPreyGrassEnv.env-99b9eef7: event=PreyAteGrass | env_id=env-99b9eef7 | step=300 | prey='prey_7' | grass='grass_47' | prey_position=[191.48860661158508, 375.5399320083038] | grass_energy=10.0 | energy_gained=9.0 | prey_energy=95.98177780399246
2025-11-23 03:29:08,526 [DEBUG] PredPreyGrassEnv.env-99b9eef7: event=StepSummary | env_id=env-99b9eef7 | step=300 | current_step=300 | terminated_agents=[] | truncated_agents=[] | remaining_agents=23 | reward_preview={prey_1:-0.001, prey_3:-0.001, prey_5:-0.001, prey_0:-0.001, predator_4:-0.001} | info_preview={}
2025-11-23 03:29:08,540 [DEBUG] PredPreyGrassEnv.env-99b9eef7: event=StepBegin | env_id=env-99b9eef7 | step=301 | incoming_actions=['prey_1', 'prey_3', 'prey_5', 'prey_0', 'prey_18', ...] | active_agents=23 | current_step=301
2025-11-23 03:29:08,545 [DEBUG] PredPreyGrassEnv.env-99b9eef7: event=StepSummary | env_id=env-99b9eef7 | step=301 | current_step=301 | terminated_agents=[] | truncated_agents=[] | remaining_agents=23 | reward_preview={prey_1:-0.001, prey_3:-0.001, prey_5:-0.001, prey_0:-0.001, predator_4:-0.001} | info_preview={}
2025-11-23 03:29:08,560 [DEBUG] PredPreyGrassEnv.env-99b9eef7: event=StepBegin | env_id=env-99b9eef7 | step=302 | incoming_actions=['prey_1', 'prey_3', 'prey_5', 'prey_0', 'prey_18', ...] | active_agents=23 | current_step=302
2025-11-23 03:29:08,564 [DEBUG] PredPreyGrassEnv.env-99b9eef7: event=StepSummary | env_id=env-99b9eef7 | step=302 | current_step=302 | terminated_agents=[] | truncated_agents=[] | remaining_agents=23 | reward_preview={prey_1:-0.001, prey_3:-0.001, prey_5:-0.001, prey_0:-0.001, predator_4:-0.001} | info_preview={}
2025-11-23 03:29:08,579 [DEBUG] PredPreyGrassEnv.env-99b9eef7: event=StepBegin | env_id=env-99b9eef7 | step=303 | incoming_actions=['prey_1', 'prey_3', 'prey_5', 'prey_0', 'prey_18', ...] | active_agents=23 | current_step=303
2025-11-23 03:29:08,583 [DEBUG] PredPreyGrassEnv.env-99b9eef7: event=StepSummary | env_id=env-99b9eef7 | step=303 | current_step=303 | terminated_agents=[] | truncated_agents=[] | remaining_agents=23 | reward_preview={prey_1:-0.001, prey_3:-0.001, prey_5:-0.001, prey_0:-0.001, predator_4:-0.001} | info_preview={}
2025-11-23 03:29:08,594 [DEBUG] PredPreyGrassEnv.env-99b9eef7: event=StepBegin | env_id=env-99b9eef7 | step=304 | incoming_actions=['prey_1', 'prey_3', 'prey_5', 'prey_0', 'prey_18', ...] | active_agents=23 | current_step=304
2025-11-23 03:29:08,597 [DEBUG] PredPreyGrassEnv.env-99b9eef7: event=StepSummary | env_id=env-99b9eef7 | step=304 | current_step=304 | terminated_agents=[] | truncated_agents=[] | remaining_agents=23 | reward_preview={prey_1:-0.001, prey_3:-0.001, prey_5:-0.001, prey_0:-0.001, predator_4:-0.001} | info_preview={}
2025-11-23 03:29:08,608 [DEBUG] PredPreyGrassEnv.env-99b9eef7: event=StepBegin | env_id=env-99b9eef7 | step=305 | incoming_actions=['prey_1', 'prey_3', 'prey_5', 'prey_0', 'prey_18', ...] | active_agents=23 | current_step=305
2025-11-23 03:29:08,612 [DEBUG] PredPreyGrassEnv.env-99b9eef7: event=StepSummary | env_id=env-99b9eef7 | step=305 | current_step=305 | terminated_agents=[] | truncated_agents=[] | remaining_agents=23 | reward_preview={prey_1:-0.001, prey_3:-0.001, prey_5:-0.001, prey_0:-0.001, predator_4:-0.001} | info_preview={}
2025-11-23 03:29:08,623 [DEBUG] PredPreyGrassEnv.env-99b9eef7: event=StepBegin | env_id=env-99b9eef7 | step=306 | incoming_actions=['prey_1', 'prey_3', 'prey_5', 'prey_0', 'prey_18', ...] | active_agents=23 | current_step=306
2025-11-23 03:29:08,626 [DEBUG] PredPreyGrassEnv.env-99b9eef7: event=StepSummary | env_id=env-99b9eef7 | step=306 | current_step=306 | terminated_agents=[] | truncated_agents=[] | remaining_agents=23 | reward_preview={prey_1:-0.001, prey_3:-0.001, prey_5:-0.001, prey_0:-0.001, predator_4:-0.001} | info_preview={}
2025-11-23 03:29:08,638 [DEBUG] PredPreyGrassEnv.env-99b9eef7: event=StepBegin | env_id=env-99b9eef7 | step=307 | incoming_actions=['prey_1', 'prey_3', 'prey_5', 'prey_0', 'prey_18', ...] | active_agents=23 | current_step=307
2025-11-23 03:29:08,642 [DEBUG] PredPreyGrassEnv.env-99b9eef7: event=StepSummary | env_id=env-99b9eef7 | step=307 | current_step=307 | terminated_agents=[] | truncated_agents=[] | remaining_agents=23 | reward_preview={prey_1:-0.001, prey_3:-0.001, prey_5:-0.001, prey_0:-0.001, predator_4:-0.001} | info_preview={}
2025-11-23 03:29:08,653 [DEBUG] PredPreyGrassEnv.env-99b9eef7: event=StepBegin | env_id=env-99b9eef7 | step=308 | incoming_actions=['prey_1', 'prey_3', 'prey_5', 'prey_0', 'prey_18', ...] | active_agents=23 | current_step=308
2025-11-23 03:29:08,657 [DEBUG] PredPreyGrassEnv.env-99b9eef7: event=StepSummary | env_id=env-99b9eef7 | step=308 | current_step=308 | terminated_agents=[] | truncated_agents=[] | remaining_agents=23 | reward_preview={prey_1:-0.001, prey_3:-0.001, prey_5:-0.001, prey_0:-0.001, predator_4:-0.001} | info_preview={}
2025-11-23 03:29:08,667 [DEBUG] PredPreyGrassEnv.env-99b9eef7: event=StepBegin | env_id=env-99b9eef7 | step=309 | incoming_actions=['prey_1', 'prey_3', 'prey_5', 'prey_0', 'prey_18', ...] | active_agents=23 | current_step=309
2025-11-23 03:29:08,670 [DEBUG] PredPreyGrassEnv.env-99b9eef7: event=StepSummary | env_id=env-99b9eef7 | step=309 | current_step=309 | terminated_agents=[] | truncated_agents=[] | remaining_agents=23 | reward_preview={prey_1:-0.001, prey_3:-0.001, prey_5:-0.001, prey_0:-0.001, predator_4:-0.001} | info_preview={}
2025-11-23 03:29:08,680 [DEBUG] PredPreyGrassEnv.env-99b9eef7: event=StepBegin | env_id=env-99b9eef7 | step=310 | incoming_actions=['prey_1', 'prey_3', 'prey_5', 'prey_0', 'prey_18', ...] | active_agents=23 | current_step=310
2025-11-23 03:29:08,683 [DEBUG] PredPreyGrassEnv.env-99b9eef7: event=StepSummary | env_id=env-99b9eef7 | step=310 | current_step=310 | terminated_agents=[] | truncated_agents=[] | remaining_agents=23 | reward_preview={prey_1:-0.001, prey_3:-0.001, prey_5:-0.001, prey_0:-0.001, predator_4:-0.001} | info_preview={}
2025-11-23 03:29:08,693 [DEBUG] PredPreyGrassEnv.env-99b9eef7: event=StepBegin | env_id=env-99b9eef7 | step=311 | incoming_actions=['prey_1', 'prey_3', 'prey_5', 'prey_0', 'prey_18', ...] | active_agents=23 | current_step=311
2025-11-23 03:29:08,697 [DEBUG] PredPreyGrassEnv.env-99b9eef7: event=StepSummary | env_id=env-99b9eef7 | step=311 | current_step=311 | terminated_agents=[] | truncated_agents=[] | remaining_agents=23 | reward_preview={prey_1:-0.001, prey_3:-0.001, prey_5:-0.001, prey_0:-0.001, predator_4:-0.001} | info_preview={}
2025-11-23 03:29:08,706 [DEBUG] PredPreyGrassEnv.env-99b9eef7: event=StepBegin | env_id=env-99b9eef7 | step=312 | incoming_actions=['prey_1', 'prey_3', 'prey_5', 'prey_0', 'prey_18', ...] | active_agents=23 | current_step=312
2025-11-23 03:29:08,710 [DEBUG] PredPreyGrassEnv.env-99b9eef7: event=StepSummary | env_id=env-99b9eef7 | step=312 | current_step=312 | terminated_agents=[] | truncated_agents=[] | remaining_agents=23 | reward_preview={prey_1:-0.001, prey_3:-0.001, prey_5:-0.001, prey_0:-0.001, predator_4:-0.001} | info_preview={}
2025-11-23 03:29:08,720 [DEBUG] PredPreyGrassEnv.env-99b9eef7: event=StepBegin | env_id=env-99b9eef7 | step=313 | incoming_actions=['prey_1', 'prey_3', 'prey_5', 'prey_0', 'prey_18', ...] | active_agents=23 | current_step=313
2025-11-23 03:29:08,723 [DEBUG] PredPreyGrassEnv.env-99b9eef7: event=StepSummary | env_id=env-99b9eef7 | step=313 | current_step=313 | terminated_agents=[] | truncated_agents=[] | remaining_agents=23 | reward_preview={prey_1:-0.001, prey_3:-0.001, prey_5:-0.001, prey_0:-0.001, predator_4:-0.001} | info_preview={}
2025-11-23 03:29:08,733 [DEBUG] PredPreyGrassEnv.env-99b9eef7: event=StepBegin | env_id=env-99b9eef7 | step=314 | incoming_actions=['prey_1', 'prey_3', 'prey_5', 'prey_0', 'prey_18', ...] | active_agents=23 | current_step=314
2025-11-23 03:29:08,736 [DEBUG] PredPreyGrassEnv.env-99b9eef7: event=StepSummary | env_id=env-99b9eef7 | step=314 | current_step=314 | terminated_agents=[] | truncated_agents=[] | remaining_agents=23 | reward_preview={prey_1:-0.001, prey_3:-0.001, prey_5:-0.001, prey_0:-0.001, predator_4:-0.001} | info_preview={}
2025-11-23 03:29:08,746 [DEBUG] PredPreyGrassEnv.env-99b9eef7: event=StepBegin | env_id=env-99b9eef7 | step=315 | incoming_actions=['prey_1', 'prey_3', 'prey_5', 'prey_0', 'prey_18', ...] | active_agents=23 | current_step=315
2025-11-23 03:29:08,749 [DEBUG] PredPreyGrassEnv.env-99b9eef7: event=StepSummary | env_id=env-99b9eef7 | step=315 | current_step=315 | terminated_agents=[] | truncated_agents=[] | remaining_agents=23 | reward_preview={prey_1:-0.001, prey_3:-0.001, prey_5:-0.001, prey_0:-0.001, predator_4:-0.001} | info_preview={}
2025-11-23 03:29:08,759 [DEBUG] PredPreyGrassEnv.env-99b9eef7: event=StepBegin | env_id=env-99b9eef7 | step=316 | incoming_actions=['prey_1', 'prey_3', 'prey_5', 'prey_0', 'prey_18', ...] | active_agents=23 | current_step=316
2025-11-23 03:29:08,762 [DEBUG] PredPreyGrassEnv.env-99b9eef7: event=StepSummary | env_id=env-99b9eef7 | step=316 | current_step=316 | terminated_agents=[] | truncated_agents=[] | remaining_agents=23 | reward_preview={prey_1:-0.001, prey_3:-0.001, prey_5:-0.001, prey_0:-0.001, predator_4:-0.001} | info_preview={}
2025-11-23 03:29:08,772 [DEBUG] PredPreyGrassEnv.env-99b9eef7: event=StepBegin | env_id=env-99b9eef7 | step=317 | incoming_actions=['prey_1', 'prey_3', 'prey_5', 'prey_0', 'prey_18', ...] | active_agents=23 | current_step=317
2025-11-23 03:29:08,774 [DEBUG] PredPreyGrassEnv.env-99b9eef7: event=PreyAteGrass | env_id=env-99b9eef7 | step=317 | prey='prey_18' | grass='grass_48' | prey_position=[551.1405746227817, 590.8717935626563] | grass_energy=10.0 | energy_gained=9.0 | prey_energy=107.41272897777883
2025-11-23 03:29:08,776 [DEBUG] PredPreyGrassEnv.env-99b9eef7: event=StepSummary | env_id=env-99b9eef7 | step=317 | current_step=317 | terminated_agents=[] | truncated_agents=[] | remaining_agents=23 | reward_preview={prey_1:-0.001, prey_3:-0.001, prey_5:-0.001, prey_0:-0.001, predator_4:-0.001} | info_preview={}
2025-11-23 03:29:08,794 [DEBUG] PredPreyGrassEnv.env-99b9eef7: event=StepBegin | env_id=env-99b9eef7 | step=318 | incoming_actions=['prey_1', 'prey_3', 'prey_5', 'prey_0', 'prey_18', ...] | active_agents=23 | current_step=318
2025-11-23 03:29:08,802 [DEBUG] PredPreyGrassEnv.env-99b9eef7: event=StepSummary | env_id=env-99b9eef7 | step=318 | current_step=318 | terminated_agents=[] | truncated_agents=[] | remaining_agents=23 | reward_preview={prey_1:-0.001, prey_3:-0.001, prey_5:-0.001, prey_0:-0.001, predator_4:-0.001} | info_preview={}
2025-11-23 03:29:08,827 [DEBUG] PredPreyGrassEnv.env-99b9eef7: event=StepBegin | env_id=env-99b9eef7 | step=319 | incoming_actions=['prey_1', 'prey_3', 'prey_5', 'prey_0', 'prey_18', ...] | active_agents=23 | current_step=319
2025-11-23 03:29:08,835 [DEBUG] PredPreyGrassEnv.env-99b9eef7: event=StepSummary | env_id=env-99b9eef7 | step=319 | current_step=319 | terminated_agents=[] | truncated_agents=[] | remaining_agents=23 | reward_preview={prey_1:-0.001, prey_3:-0.001, prey_5:-0.001, prey_0:-0.001, predator_4:-0.001} | info_preview={}
2025-11-23 03:29:08,860 [DEBUG] PredPreyGrassEnv.env-99b9eef7: event=StepBegin | env_id=env-99b9eef7 | step=320 | incoming_actions=['prey_1', 'prey_3', 'prey_5', 'prey_0', 'prey_18', ...] | active_agents=23 | current_step=320
2025-11-23 03:29:08,868 [DEBUG] PredPreyGrassEnv.env-99b9eef7: event=StepSummary | env_id=env-99b9eef7 | step=320 | current_step=320 | terminated_agents=[] | truncated_agents=[] | remaining_agents=23 | reward_preview={prey_1:-0.001, prey_3:-0.001, prey_5:-0.001, prey_0:-0.001, predator_4:-0.001} | info_preview={}
2025-11-23 03:29:08,892 [DEBUG] PredPreyGrassEnv.env-99b9eef7: event=StepBegin | env_id=env-99b9eef7 | step=321 | incoming_actions=['prey_1', 'prey_3', 'prey_5', 'prey_0', 'prey_18', ...] | active_agents=23 | current_step=321
2025-11-23 03:29:08,900 [DEBUG] PredPreyGrassEnv.env-99b9eef7: event=StepSummary | env_id=env-99b9eef7 | step=321 | current_step=321 | terminated_agents=[] | truncated_agents=[] | remaining_agents=23 | reward_preview={prey_1:-0.001, prey_3:-0.001, prey_5:-0.001, prey_0:-0.001, predator_4:-0.001} | info_preview={}
2025-11-23 03:29:08,912 [DEBUG] PredPreyGrassEnv.env-99b9eef7: event=StepBegin | env_id=env-99b9eef7 | step=322 | incoming_actions=['prey_1', 'prey_3', 'prey_5', 'prey_0', 'prey_18', ...] | active_agents=23 | current_step=322
2025-11-23 03:29:08,917 [DEBUG] PredPreyGrassEnv.env-99b9eef7: event=StepSummary | env_id=env-99b9eef7 | step=322 | current_step=322 | terminated_agents=[] | truncated_agents=[] | remaining_agents=23 | reward_preview={prey_1:-0.001, prey_3:-0.001, prey_5:-0.001, prey_0:-0.001, predator_4:-0.001} | info_preview={}
2025-11-23 03:29:08,930 [DEBUG] PredPreyGrassEnv.env-99b9eef7: event=StepBegin | env_id=env-99b9eef7 | step=323 | incoming_actions=['prey_1', 'prey_3', 'prey_5', 'prey_0', 'prey_18', ...] | active_agents=23 | current_step=323
2025-11-23 03:29:08,933 [DEBUG] PredPreyGrassEnv.env-99b9eef7: event=PreyAteGrass | env_id=env-99b9eef7 | step=323 | prey='prey_14' | grass='grass_13' | prey_position=[44.280506447130584, 317.0626590941292] | grass_energy=10.0 | energy_gained=9.0 | prey_energy=112.28488994367414
2025-11-23 03:29:08,937 [DEBUG] PredPreyGrassEnv.env-99b9eef7: event=StepSummary | env_id=env-99b9eef7 | step=323 | current_step=323 | terminated_agents=[] | truncated_agents=[] | remaining_agents=23 | reward_preview={prey_1:-0.001, prey_3:-0.001, prey_5:-0.001, prey_0:-0.001, predator_4:-0.001} | info_preview={}
2025-11-23 03:29:08,961 [DEBUG] PredPreyGrassEnv.env-99b9eef7: event=StepBegin | env_id=env-99b9eef7 | step=324 | incoming_actions=['prey_1', 'prey_3', 'prey_5', 'prey_0', 'prey_18', ...] | active_agents=23 | current_step=324
2025-11-23 03:29:08,965 [DEBUG] PredPreyGrassEnv.env-99b9eef7: event=StepSummary | env_id=env-99b9eef7 | step=324 | current_step=324 | terminated_agents=[] | truncated_agents=[] | remaining_agents=23 | reward_preview={prey_1:-0.001, prey_3:-0.001, prey_5:-0.001, prey_0:-0.001, predator_4:-0.001} | info_preview={}
2025-11-23 03:29:08,980 [DEBUG] PredPreyGrassEnv.env-99b9eef7: event=StepBegin | env_id=env-99b9eef7 | step=325 | incoming_actions=['prey_1', 'prey_3', 'prey_5', 'prey_0', 'prey_18', ...] | active_agents=23 | current_step=325
2025-11-23 03:29:08,984 [DEBUG] PredPreyGrassEnv.env-99b9eef7: event=StepSummary | env_id=env-99b9eef7 | step=325 | current_step=325 | terminated_agents=[] | truncated_agents=[] | remaining_agents=23 | reward_preview={prey_1:-0.001, prey_3:-0.001, prey_5:-0.001, prey_0:-0.001, predator_4:-0.001} | info_preview={}
2025-11-23 03:29:08,998 [DEBUG] PredPreyGrassEnv.env-99b9eef7: event=StepBegin | env_id=env-99b9eef7 | step=326 | incoming_actions=['prey_1', 'prey_3', 'prey_5', 'prey_0', 'prey_18', ...] | active_agents=23 | current_step=326
2025-11-23 03:29:09,002 [DEBUG] PredPreyGrassEnv.env-99b9eef7: event=StepSummary | env_id=env-99b9eef7 | step=326 | current_step=326 | terminated_agents=[] | truncated_agents=[] | remaining_agents=23 | reward_preview={prey_1:-0.001, prey_3:-0.001, prey_5:-0.001, prey_0:-0.001, predator_4:-0.001} | info_preview={}
2025-11-23 03:29:09,015 [DEBUG] PredPreyGrassEnv.env-99b9eef7: event=StepBegin | env_id=env-99b9eef7 | step=327 | incoming_actions=['prey_1', 'prey_3', 'prey_5', 'prey_0', 'prey_18', ...] | active_agents=23 | current_step=327
2025-11-23 03:29:09,019 [DEBUG] PredPreyGrassEnv.env-99b9eef7: event=StepSummary | env_id=env-99b9eef7 | step=327 | current_step=327 | terminated_agents=[] | truncated_agents=[] | remaining_agents=23 | reward_preview={prey_1:-0.001, prey_3:-0.001, prey_5:-0.001, prey_0:-0.001, predator_4:-0.001} | info_preview={}
2025-11-23 03:29:09,030 [DEBUG] PredPreyGrassEnv.env-99b9eef7: event=StepBegin | env_id=env-99b9eef7 | step=328 | incoming_actions=['prey_1', 'prey_3', 'prey_5', 'prey_0', 'prey_18', ...] | active_agents=23 | current_step=328
2025-11-23 03:29:09,034 [DEBUG] PredPreyGrassEnv.env-99b9eef7: event=StepSummary | env_id=env-99b9eef7 | step=328 | current_step=328 | terminated_agents=[] | truncated_agents=[] | remaining_agents=23 | reward_preview={prey_1:-0.001, prey_3:-0.001, prey_5:-0.001, prey_0:-0.001, predator_4:-0.001} | info_preview={}
2025-11-23 03:29:09,048 [DEBUG] PredPreyGrassEnv.env-99b9eef7: event=StepBegin | env_id=env-99b9eef7 | step=329 | incoming_actions=['prey_1', 'prey_3', 'prey_5', 'prey_0', 'prey_18', ...] | active_agents=23 | current_step=329
2025-11-23 03:29:09,052 [DEBUG] PredPreyGrassEnv.env-99b9eef7: event=PreyAteGrass | env_id=env-99b9eef7 | step=329 | prey='prey_2' | grass='grass_21' | prey_position=[323.82355256388036, 214.0976969791962] | grass_energy=10.0 | energy_gained=9.0 | prey_energy=145.14907529914913
2025-11-23 03:29:09,053 [DEBUG] PredPreyGrassEnv.env-99b9eef7: event=StepSummary | env_id=env-99b9eef7 | step=329 | current_step=329 | terminated_agents=[] | truncated_agents=[] | remaining_agents=23 | reward_preview={prey_1:-0.001, prey_3:-0.001, prey_5:-0.001, prey_0:-0.001, predator_4:-0.001} | info_preview={}
2025-11-23 03:29:09,067 [DEBUG] PredPreyGrassEnv.env-99b9eef7: event=StepBegin | env_id=env-99b9eef7 | step=330 | incoming_actions=['prey_1', 'prey_3', 'prey_5', 'prey_0', 'prey_18', ...] | active_agents=23 | current_step=330
2025-11-23 03:29:09,069 [DEBUG] PredPreyGrassEnv.env-99b9eef7: event=PreyAteGrass | env_id=env-99b9eef7 | step=330 | prey='prey_0' | grass='grass_46' | prey_position=[245.53517364160084, 198.48981409094432] | grass_energy=10.0 | energy_gained=9.0 | prey_energy=103.4501737094763
2025-11-23 03:29:09,072 [DEBUG] PredPreyGrassEnv.env-99b9eef7: event=StepSummary | env_id=env-99b9eef7 | step=330 | current_step=330 | terminated_agents=[] | truncated_agents=[] | remaining_agents=23 | reward_preview={prey_1:-0.001, prey_3:-0.001, prey_5:-0.001, prey_0:1.0, predator_4:-0.001} | info_preview={}
2025-11-23 03:29:09,086 [DEBUG] PredPreyGrassEnv.env-99b9eef7: event=StepBegin | env_id=env-99b9eef7 | step=331 | incoming_actions=['prey_1', 'prey_3', 'prey_5', 'prey_0', 'prey_18', ...] | active_agents=23 | current_step=331
2025-11-23 03:29:09,091 [DEBUG] PredPreyGrassEnv.env-99b9eef7: event=StepSummary | env_id=env-99b9eef7 | step=331 | current_step=331 | terminated_agents=[] | truncated_agents=[] | remaining_agents=23 | reward_preview={prey_1:-0.001, prey_3:-0.001, prey_5:-0.001, prey_0:-0.001, predator_4:-0.001} | info_preview={}
2025-11-23 03:29:09,106 [DEBUG] PredPreyGrassEnv.env-99b9eef7: event=StepBegin | env_id=env-99b9eef7 | step=332 | incoming_actions=['prey_1', 'prey_3', 'prey_5', 'prey_0', 'prey_18', ...] | active_agents=23 | current_step=332
2025-11-23 03:29:09,111 [DEBUG] PredPreyGrassEnv.env-99b9eef7: event=StepSummary | env_id=env-99b9eef7 | step=332 | current_step=332 | terminated_agents=[] | truncated_agents=[] | remaining_agents=23 | reward_preview={prey_1:-0.001, prey_3:-0.001, prey_5:-0.001, prey_0:-0.001, predator_4:-0.001} | info_preview={}
2025-11-23 03:29:09,126 [DEBUG] PredPreyGrassEnv.env-99b9eef7: event=StepBegin | env_id=env-99b9eef7 | step=333 | incoming_actions=['prey_1', 'prey_3', 'prey_5', 'prey_0', 'prey_18', ...] | active_agents=23 | current_step=333
2025-11-23 03:29:09,130 [DEBUG] PredPreyGrassEnv.env-99b9eef7: event=StepSummary | env_id=env-99b9eef7 | step=333 | current_step=333 | terminated_agents=[] | truncated_agents=[] | remaining_agents=23 | reward_preview={prey_1:-0.001, prey_3:-0.001, prey_5:-0.001, prey_0:-0.001, predator_4:-0.001} | info_preview={}
2025-11-23 03:29:09,144 [DEBUG] PredPreyGrassEnv.env-99b9eef7: event=StepBegin | env_id=env-99b9eef7 | step=334 | incoming_actions=['prey_1', 'prey_3', 'prey_5', 'prey_0', 'prey_18', ...] | active_agents=23 | current_step=334
2025-11-23 03:29:09,148 [DEBUG] PredPreyGrassEnv.env-99b9eef7: event=StepSummary | env_id=env-99b9eef7 | step=334 | current_step=334 | terminated_agents=[] | truncated_agents=[] | remaining_agents=23 | reward_preview={prey_1:-0.001, prey_3:-0.001, prey_5:-0.001, prey_0:-0.001, predator_4:-0.001} | info_preview={}
2025-11-23 03:29:09,158 [DEBUG] PredPreyGrassEnv.env-99b9eef7: event=StepBegin | env_id=env-99b9eef7 | step=335 | incoming_actions=['prey_1', 'prey_3', 'prey_5', 'prey_0', 'prey_18', ...] | active_agents=23 | current_step=335
2025-11-23 03:29:09,163 [DEBUG] PredPreyGrassEnv.env-99b9eef7: event=StepSummary | env_id=env-99b9eef7 | step=335 | current_step=335 | terminated_agents=[] | truncated_agents=[] | remaining_agents=23 | reward_preview={prey_1:-0.001, prey_3:-0.001, prey_5:-0.001, prey_0:-0.001, predator_4:-0.001} | info_preview={}
2025-11-23 03:29:09,178 [DEBUG] PredPreyGrassEnv.env-99b9eef7: event=StepBegin | env_id=env-99b9eef7 | step=336 | incoming_actions=['prey_1', 'prey_3', 'prey_5', 'prey_0', 'prey_18', ...] | active_agents=23 | current_step=336
2025-11-23 03:29:09,188 [DEBUG] PredPreyGrassEnv.env-99b9eef7: event=StepSummary | env_id=env-99b9eef7 | step=336 | current_step=336 | terminated_agents=[] | truncated_agents=[] | remaining_agents=23 | reward_preview={prey_1:-0.001, prey_3:-0.001, prey_5:-0.001, prey_0:-0.001, predator_4:-0.001} | info_preview={}
2025-11-23 03:29:09,203 [DEBUG] PredPreyGrassEnv.env-99b9eef7: event=StepBegin | env_id=env-99b9eef7 | step=337 | incoming_actions=['prey_1', 'prey_3', 'prey_5', 'prey_0', 'prey_18', ...] | active_agents=23 | current_step=337
2025-11-23 03:29:09,207 [DEBUG] PredPreyGrassEnv.env-99b9eef7: event=StepSummary | env_id=env-99b9eef7 | step=337 | current_step=337 | terminated_agents=[] | truncated_agents=[] | remaining_agents=23 | reward_preview={prey_1:-0.001, prey_3:-0.001, prey_5:-0.001, prey_0:-0.001, predator_4:-0.001} | info_preview={}
2025-11-23 03:29:09,221 [DEBUG] PredPreyGrassEnv.env-99b9eef7: event=StepBegin | env_id=env-99b9eef7 | step=338 | incoming_actions=['prey_1', 'prey_3', 'prey_5', 'prey_0', 'prey_18', ...] | active_agents=23 | current_step=338
2025-11-23 03:29:09,226 [DEBUG] PredPreyGrassEnv.env-99b9eef7: event=StepSummary | env_id=env-99b9eef7 | step=338 | current_step=338 | terminated_agents=[] | truncated_agents=[] | remaining_agents=23 | reward_preview={prey_1:-0.001, prey_3:-0.001, prey_5:-0.001, prey_0:-0.001, predator_4:-0.001} | info_preview={}
2025-11-23 03:29:09,240 [DEBUG] PredPreyGrassEnv.env-99b9eef7: event=StepBegin | env_id=env-99b9eef7 | step=339 | incoming_actions=['prey_1', 'prey_3', 'prey_5', 'prey_0', 'prey_18', ...] | active_agents=23 | current_step=339
2025-11-23 03:29:09,245 [DEBUG] PredPreyGrassEnv.env-99b9eef7: event=StepSummary | env_id=env-99b9eef7 | step=339 | current_step=339 | terminated_agents=[] | truncated_agents=[] | remaining_agents=23 | reward_preview={prey_1:-0.001, prey_3:-0.001, prey_5:-0.001, prey_0:-0.001, predator_4:-0.001} | info_preview={}
2025-11-23 03:29:09,262 [DEBUG] PredPreyGrassEnv.env-99b9eef7: event=StepBegin | env_id=env-99b9eef7 | step=340 | incoming_actions=['prey_1', 'prey_3', 'prey_5', 'prey_0', 'prey_18', ...] | active_agents=23 | current_step=340
2025-11-23 03:29:09,267 [DEBUG] PredPreyGrassEnv.env-99b9eef7: event=StepSummary | env_id=env-99b9eef7 | step=340 | current_step=340 | terminated_agents=[] | truncated_agents=[] | remaining_agents=23 | reward_preview={prey_1:-0.001, prey_3:-0.001, prey_5:-0.001, prey_0:-0.001, predator_4:-0.001} | info_preview={}
2025-11-23 03:29:09,279 [DEBUG] PredPreyGrassEnv.env-99b9eef7: event=StepBegin | env_id=env-99b9eef7 | step=341 | incoming_actions=['prey_1', 'prey_3', 'prey_5', 'prey_0', 'prey_18', ...] | active_agents=23 | current_step=341
2025-11-23 03:29:09,285 [DEBUG] PredPreyGrassEnv.env-99b9eef7: event=StepSummary | env_id=env-99b9eef7 | step=341 | current_step=341 | terminated_agents=[] | truncated_agents=[] | remaining_agents=23 | reward_preview={prey_1:-0.001, prey_3:-0.001, prey_5:-0.001, prey_0:-0.001, predator_4:-0.001} | info_preview={}
2025-11-23 03:29:09,302 [DEBUG] PredPreyGrassEnv.env-99b9eef7: event=StepBegin | env_id=env-99b9eef7 | step=342 | incoming_actions=['prey_1', 'prey_3', 'prey_5', 'prey_0', 'prey_18', ...] | active_agents=23 | current_step=342
2025-11-23 03:29:09,307 [DEBUG] PredPreyGrassEnv.env-99b9eef7: event=StepSummary | env_id=env-99b9eef7 | step=342 | current_step=342 | terminated_agents=[] | truncated_agents=[] | remaining_agents=23 | reward_preview={prey_1:-0.001, prey_3:-0.001, prey_5:-0.001, prey_0:-0.001, predator_4:-0.001} | info_preview={}
2025-11-23 03:29:09,320 [DEBUG] PredPreyGrassEnv.env-99b9eef7: event=StepBegin | env_id=env-99b9eef7 | step=343 | incoming_actions=['prey_1', 'prey_3', 'prey_5', 'prey_0', 'prey_18', ...] | active_agents=23 | current_step=343
2025-11-23 03:29:09,324 [DEBUG] PredPreyGrassEnv.env-99b9eef7: event=StepSummary | env_id=env-99b9eef7 | step=343 | current_step=343 | terminated_agents=[] | truncated_agents=[] | remaining_agents=23 | reward_preview={prey_1:-0.001, prey_3:-0.001, prey_5:-0.001, prey_0:-0.001, predator_4:-0.001} | info_preview={}
2025-11-23 03:29:09,336 [DEBUG] PredPreyGrassEnv.env-99b9eef7: event=StepBegin | env_id=env-99b9eef7 | step=344 | incoming_actions=['prey_1', 'prey_3', 'prey_5', 'prey_0', 'prey_18', ...] | active_agents=23 | current_step=344
2025-11-23 03:29:09,340 [DEBUG] PredPreyGrassEnv.env-99b9eef7: event=StepSummary | env_id=env-99b9eef7 | step=344 | current_step=344 | terminated_agents=[] | truncated_agents=[] | remaining_agents=23 | reward_preview={prey_1:-0.001, prey_3:-0.001, prey_5:-0.001, prey_0:-0.001, predator_4:-0.001} | info_preview={}
2025-11-23 03:29:09,354 [DEBUG] PredPreyGrassEnv.env-99b9eef7: event=StepBegin | env_id=env-99b9eef7 | step=345 | incoming_actions=['prey_1', 'prey_3', 'prey_5', 'prey_0', 'prey_18', ...] | active_agents=23 | current_step=345
2025-11-23 03:29:09,359 [DEBUG] PredPreyGrassEnv.env-99b9eef7: event=StepSummary | env_id=env-99b9eef7 | step=345 | current_step=345 | terminated_agents=[] | truncated_agents=[] | remaining_agents=23 | reward_preview={prey_1:-0.001, prey_3:-0.001, prey_5:-0.001, prey_0:-0.001, predator_4:-0.001} | info_preview={}
2025-11-23 03:29:09,372 [DEBUG] PredPreyGrassEnv.env-99b9eef7: event=StepBegin | env_id=env-99b9eef7 | step=346 | incoming_actions=['prey_1', 'prey_3', 'prey_5', 'prey_0', 'prey_18', ...] | active_agents=23 | current_step=346
2025-11-23 03:29:09,377 [DEBUG] PredPreyGrassEnv.env-99b9eef7: event=StepSummary | env_id=env-99b9eef7 | step=346 | current_step=346 | terminated_agents=[] | truncated_agents=[] | remaining_agents=23 | reward_preview={prey_1:-0.001, prey_3:-0.001, prey_5:-0.001, prey_0:-0.001, predator_4:-0.001} | info_preview={}
2025-11-23 03:29:09,390 [DEBUG] PredPreyGrassEnv.env-99b9eef7: event=StepBegin | env_id=env-99b9eef7 | step=347 | incoming_actions=['prey_1', 'prey_3', 'prey_5', 'prey_0', 'prey_18', ...] | active_agents=23 | current_step=347
2025-11-23 03:29:09,395 [DEBUG] PredPreyGrassEnv.env-99b9eef7: event=StepSummary | env_id=env-99b9eef7 | step=347 | current_step=347 | terminated_agents=[] | truncated_agents=[] | remaining_agents=23 | reward_preview={prey_1:-0.001, prey_3:-0.001, prey_5:-0.001, prey_0:-0.001, predator_4:-0.001} | info_preview={}
2025-11-23 03:29:09,420 [DEBUG] PredPreyGrassEnv.env-99b9eef7: event=StepBegin | env_id=env-99b9eef7 | step=348 | incoming_actions=['prey_1', 'prey_3', 'prey_5', 'prey_0', 'prey_18', ...] | active_agents=23 | current_step=348
2025-11-23 03:29:09,429 [DEBUG] PredPreyGrassEnv.env-99b9eef7: event=StepSummary | env_id=env-99b9eef7 | step=348 | current_step=348 | terminated_agents=[] | truncated_agents=[] | remaining_agents=23 | reward_preview={prey_1:-0.001, prey_3:-0.001, prey_5:-0.001, prey_0:-0.001, predator_4:-0.001} | info_preview={}
2025-11-23 03:29:09,452 [DEBUG] PredPreyGrassEnv.env-99b9eef7: event=StepBegin | env_id=env-99b9eef7 | step=349 | incoming_actions=['prey_1', 'prey_3', 'prey_5', 'prey_0', 'prey_18', ...] | active_agents=23 | current_step=349
2025-11-23 03:29:09,460 [DEBUG] PredPreyGrassEnv.env-99b9eef7: event=StepSummary | env_id=env-99b9eef7 | step=349 | current_step=349 | terminated_agents=[] | truncated_agents=[] | remaining_agents=23 | reward_preview={prey_1:-0.001, prey_3:-0.001, prey_5:-0.001, prey_0:-0.001, predator_4:-0.001} | info_preview={}
2025-11-23 03:29:09,484 [DEBUG] PredPreyGrassEnv.env-99b9eef7: event=StepBegin | env_id=env-99b9eef7 | step=350 | incoming_actions=['prey_1', 'prey_3', 'prey_5', 'prey_0', 'prey_18', ...] | active_agents=23 | current_step=350
2025-11-23 03:29:09,492 [DEBUG] PredPreyGrassEnv.env-99b9eef7: event=StepSummary | env_id=env-99b9eef7 | step=350 | current_step=350 | terminated_agents=[] | truncated_agents=[] | remaining_agents=23 | reward_preview={prey_1:-0.001, prey_3:-0.001, prey_5:-0.001, prey_0:-0.001, predator_4:-0.001} | info_preview={}
2025-11-23 03:29:09,515 [DEBUG] PredPreyGrassEnv.env-99b9eef7: event=StepBegin | env_id=env-99b9eef7 | step=351 | incoming_actions=['prey_1', 'prey_3', 'prey_5', 'prey_0', 'prey_18', ...] | active_agents=23 | current_step=351
2025-11-23 03:29:09,523 [DEBUG] PredPreyGrassEnv.env-99b9eef7: event=StepSummary | env_id=env-99b9eef7 | step=351 | current_step=351 | terminated_agents=[] | truncated_agents=[] | remaining_agents=23 | reward_preview={prey_1:-0.001, prey_3:-0.001, prey_5:-0.001, prey_0:-0.001, predator_4:-0.001} | info_preview={}
2025-11-23 03:29:09,548 [DEBUG] PredPreyGrassEnv.env-99b9eef7: event=StepBegin | env_id=env-99b9eef7 | step=352 | incoming_actions=['prey_1', 'prey_3', 'prey_5', 'prey_0', 'prey_18', ...] | active_agents=23 | current_step=352
2025-11-23 03:29:09,557 [DEBUG] PredPreyGrassEnv.env-99b9eef7: event=StepSummary | env_id=env-99b9eef7 | step=352 | current_step=352 | terminated_agents=[] | truncated_agents=[] | remaining_agents=23 | reward_preview={prey_1:-0.001, prey_3:-0.001, prey_5:-0.001, prey_0:-0.001, predator_4:-0.001} | info_preview={}
2025-11-23 03:29:09,581 [DEBUG] PredPreyGrassEnv.env-99b9eef7: event=StepBegin | env_id=env-99b9eef7 | step=353 | incoming_actions=['prey_1', 'prey_3', 'prey_5', 'prey_0', 'prey_18', ...] | active_agents=23 | current_step=353
2025-11-23 03:29:09,589 [DEBUG] PredPreyGrassEnv.env-99b9eef7: event=StepSummary | env_id=env-99b9eef7 | step=353 | current_step=353 | terminated_agents=[] | truncated_agents=[] | remaining_agents=23 | reward_preview={prey_1:-0.001, prey_3:-0.001, prey_5:-0.001, prey_0:-0.001, predator_4:-0.001} | info_preview={}
2025-11-23 03:29:09,613 [DEBUG] PredPreyGrassEnv.env-99b9eef7: event=StepBegin | env_id=env-99b9eef7 | step=354 | incoming_actions=['prey_1', 'prey_3', 'prey_5', 'prey_0', 'prey_18', ...] | active_agents=23 | current_step=354
2025-11-23 03:29:09,621 [DEBUG] PredPreyGrassEnv.env-99b9eef7: event=StepSummary | env_id=env-99b9eef7 | step=354 | current_step=354 | terminated_agents=[] | truncated_agents=[] | remaining_agents=23 | reward_preview={prey_1:-0.001, prey_3:-0.001, prey_5:-0.001, prey_0:-0.001, predator_4:-0.001} | info_preview={}
2025-11-23 03:29:09,652 [DEBUG] PredPreyGrassEnv.env-99b9eef7: event=StepBegin | env_id=env-99b9eef7 | step=355 | incoming_actions=['prey_1', 'prey_3', 'prey_5', 'prey_0', 'prey_18', ...] | active_agents=23 | current_step=355
2025-11-23 03:29:09,659 [DEBUG] PredPreyGrassEnv.env-99b9eef7: event=StepSummary | env_id=env-99b9eef7 | step=355 | current_step=355 | terminated_agents=[] | truncated_agents=[] | remaining_agents=23 | reward_preview={prey_1:-0.001, prey_3:-0.001, prey_5:-0.001, prey_0:-0.001, predator_4:-0.001} | info_preview={}
2025-11-23 03:29:09,684 [DEBUG] PredPreyGrassEnv.env-99b9eef7: event=StepBegin | env_id=env-99b9eef7 | step=356 | incoming_actions=['prey_1', 'prey_3', 'prey_5', 'prey_0', 'prey_18', ...] | active_agents=23 | current_step=356
2025-11-23 03:29:09,692 [DEBUG] PredPreyGrassEnv.env-99b9eef7: event=StepSummary | env_id=env-99b9eef7 | step=356 | current_step=356 | terminated_agents=[] | truncated_agents=[] | remaining_agents=23 | reward_preview={prey_1:-0.001, prey_3:-0.001, prey_5:-0.001, prey_0:-0.001, predator_4:-0.001} | info_preview={}
2025-11-23 03:29:09,731 [DEBUG] PredPreyGrassEnv.env-99b9eef7: event=StepBegin | env_id=env-99b9eef7 | step=357 | incoming_actions=['prey_1', 'prey_3', 'prey_5', 'prey_0', 'prey_18', ...] | active_agents=23 | current_step=357
2025-11-23 03:29:09,745 [DEBUG] PredPreyGrassEnv.env-99b9eef7: event=PreyAteGrass | env_id=env-99b9eef7 | step=357 | prey='prey_4' | grass='grass_6' | prey_position=[139.88426162713859, 386.3459369308489] | grass_energy=10.0 | energy_gained=9.0 | prey_energy=67.87273191561007
2025-11-23 03:29:09,747 [DEBUG] PredPreyGrassEnv.env-99b9eef7: event=OffspringCreated | env_id=env-99b9eef7 | step=357 | parent_a='predator_0' | parent_b='predator_1' | offspring='predator_5' | distance=79.88551045367784
2025-11-23 03:29:09,747 [DEBUG] PredPreyGrassEnv.env-99b9eef7: event=StepSummary | env_id=env-99b9eef7 | step=357 | current_step=357 | terminated_agents=[] | truncated_agents=[] | remaining_agents=24 | reward_preview={prey_1:-0.001, prey_3:-0.001, prey_5:-0.001, predator_5:0.0, prey_0:-0.001} | info_preview={}
2025-11-23 03:29:09,773 [DEBUG] PredPreyGrassEnv.env-99b9eef7: event=StepBegin | env_id=env-99b9eef7 | step=358 | incoming_actions=['prey_1', 'prey_3', 'prey_5', 'prey_0', 'prey_18', ...] | active_agents=24 | current_step=358
2025-11-23 03:29:09,781 [DEBUG] PredPreyGrassEnv.env-99b9eef7: event=StepSummary | env_id=env-99b9eef7 | step=358 | current_step=358 | terminated_agents=[] | truncated_agents=[] | remaining_agents=24 | reward_preview={prey_1:-0.001, prey_3:-0.001, prey_5:-0.001, predator_5:-0.001, prey_0:-0.001} | info_preview={}
2025-11-23 03:29:09,809 [DEBUG] PredPreyGrassEnv.env-99b9eef7: event=StepBegin | env_id=env-99b9eef7 | step=359 | incoming_actions=['prey_1', 'prey_3', 'prey_5', 'prey_0', 'prey_18', ...] | active_agents=24 | current_step=359
2025-11-23 03:29:09,818 [DEBUG] PredPreyGrassEnv.env-99b9eef7: event=StepSummary | env_id=env-99b9eef7 | step=359 | current_step=359 | terminated_agents=[] | truncated_agents=[] | remaining_agents=24 | reward_preview={prey_1:-0.001, prey_3:-0.001, prey_5:-0.001, predator_5:-0.001, prey_0:-0.001} | info_preview={}
2025-11-23 03:29:09,847 [DEBUG] PredPreyGrassEnv.env-99b9eef7: event=StepBegin | env_id=env-99b9eef7 | step=360 | incoming_actions=['prey_1', 'prey_3', 'prey_5', 'prey_0', 'prey_18', ...] | active_agents=24 | current_step=360
2025-11-23 03:29:09,859 [DEBUG] PredPreyGrassEnv.env-99b9eef7: event=StepSummary | env_id=env-99b9eef7 | step=360 | current_step=360 | terminated_agents=[] | truncated_agents=[] | remaining_agents=24 | reward_preview={prey_1:-0.001, prey_3:-0.001, prey_5:-0.001, predator_5:-0.001, prey_0:-0.001} | info_preview={}
2025-11-23 03:29:09,903 [DEBUG] PredPreyGrassEnv.env-99b9eef7: event=StepBegin | env_id=env-99b9eef7 | step=361 | incoming_actions=['prey_1', 'prey_3', 'prey_5', 'prey_0', 'prey_18', ...] | active_agents=24 | current_step=361
2025-11-23 03:29:09,909 [DEBUG] PredPreyGrassEnv.env-99b9eef7: event=StepSummary | env_id=env-99b9eef7 | step=361 | current_step=361 | terminated_agents=[] | truncated_agents=[] | remaining_agents=24 | reward_preview={prey_1:-0.001, prey_3:-0.001, prey_5:-0.001, predator_5:-0.001, prey_0:-0.001} | info_preview={}
2025-11-23 03:29:09,922 [DEBUG] PredPreyGrassEnv.env-99b9eef7: event=StepBegin | env_id=env-99b9eef7 | step=362 | incoming_actions=['prey_1', 'prey_3', 'prey_5', 'prey_0', 'prey_18', ...] | active_agents=24 | current_step=362
2025-11-23 03:29:09,925 [DEBUG] PredPreyGrassEnv.env-99b9eef7: event=PreyAteGrass | env_id=env-99b9eef7 | step=362 | prey='prey_15' | grass='grass_15' | prey_position=[704.6648275783631, 280.53391320374476] | grass_energy=10.0 | energy_gained=9.0 | prey_energy=118.64429850402668
2025-11-23 03:29:09,928 [DEBUG] PredPreyGrassEnv.env-99b9eef7: event=StepSummary | env_id=env-99b9eef7 | step=362 | current_step=362 | terminated_agents=[] | truncated_agents=[] | remaining_agents=24 | reward_preview={prey_1:-0.001, prey_3:-0.001, prey_5:-0.001, predator_5:-0.001, prey_0:-0.001} | info_preview={}
2025-11-23 03:29:09,951 [DEBUG] PredPreyGrassEnv.env-99b9eef7: event=StepBegin | env_id=env-99b9eef7 | step=363 | incoming_actions=['prey_1', 'prey_3', 'prey_5', 'prey_0', 'prey_18', ...] | active_agents=24 | current_step=363
2025-11-23 03:29:09,957 [DEBUG] PredPreyGrassEnv.env-99b9eef7: event=StepSummary | env_id=env-99b9eef7 | step=363 | current_step=363 | terminated_agents=[] | truncated_agents=[] | remaining_agents=24 | reward_preview={prey_1:-0.001, prey_3:-0.001, prey_5:-0.001, predator_5:-0.001, prey_0:-0.001} | info_preview={}
2025-11-23 03:29:09,998 [DEBUG] PredPreyGrassEnv.env-99b9eef7: event=StepBegin | env_id=env-99b9eef7 | step=364 | incoming_actions=['prey_1', 'prey_3', 'prey_5', 'prey_0', 'prey_18', ...] | active_agents=24 | current_step=364
2025-11-23 03:29:10,007 [DEBUG] PredPreyGrassEnv.env-99b9eef7: event=StepSummary | env_id=env-99b9eef7 | step=364 | current_step=364 | terminated_agents=[] | truncated_agents=[] | remaining_agents=24 | reward_preview={prey_1:-0.001, prey_3:-0.001, prey_5:-0.001, predator_5:-0.001, prey_0:-0.001} | info_preview={}
2025-11-23 03:29:10,033 [DEBUG] PredPreyGrassEnv.env-99b9eef7: event=StepBegin | env_id=env-99b9eef7 | step=365 | incoming_actions=['prey_1', 'prey_3', 'prey_5', 'prey_0', 'prey_18', ...] | active_agents=24 | current_step=365
2025-11-23 03:29:10,043 [DEBUG] PredPreyGrassEnv.env-99b9eef7: event=StepSummary | env_id=env-99b9eef7 | step=365 | current_step=365 | terminated_agents=[] | truncated_agents=[] | remaining_agents=24 | reward_preview={prey_1:-0.001, prey_3:-0.001, prey_5:-0.001, predator_5:-0.001, prey_0:-0.001} | info_preview={}
2025-11-23 03:29:10,062 [DEBUG] PredPreyGrassEnv.env-99b9eef7: event=StepBegin | env_id=env-99b9eef7 | step=366 | incoming_actions=['prey_1', 'prey_3', 'prey_5', 'prey_0', 'prey_18', ...] | active_agents=24 | current_step=366
2025-11-23 03:29:10,067 [DEBUG] PredPreyGrassEnv.env-99b9eef7: event=StepSummary | env_id=env-99b9eef7 | step=366 | current_step=366 | terminated_agents=[] | truncated_agents=[] | remaining_agents=24 | reward_preview={prey_1:-0.001, prey_3:-0.001, prey_5:-0.001, predator_5:-0.001, prey_0:-0.001} | info_preview={}
2025-11-23 03:29:10,119 [DEBUG] PredPreyGrassEnv.env-99b9eef7: event=StepBegin | env_id=env-99b9eef7 | step=367 | incoming_actions=['prey_1', 'prey_3', 'prey_5', 'prey_0', 'prey_18', ...] | active_agents=24 | current_step=367
2025-11-23 03:29:10,125 [DEBUG] PredPreyGrassEnv.env-99b9eef7: event=PreyAteGrass | env_id=env-99b9eef7 | step=367 | prey='prey_4' | grass='grass_10' | prey_position=[117.59258012262657, 375.36082057906003] | grass_energy=10.0 | energy_gained=9.0 | prey_energy=73.71110322015774
2025-11-23 03:29:10,126 [DEBUG] PredPreyGrassEnv.env-99b9eef7: event=StepSummary | env_id=env-99b9eef7 | step=367 | current_step=367 | terminated_agents=[] | truncated_agents=[] | remaining_agents=24 | reward_preview={prey_1:-0.001, prey_3:-0.001, prey_5:-0.001, predator_5:-0.001, prey_0:-0.001} | info_preview={}
2025-11-23 03:29:10,157 [DEBUG] PredPreyGrassEnv.env-99b9eef7: event=StepBegin | env_id=env-99b9eef7 | step=368 | incoming_actions=['prey_1', 'prey_3', 'prey_5', 'prey_0', 'prey_18', ...] | active_agents=24 | current_step=368
2025-11-23 03:29:10,162 [DEBUG] PredPreyGrassEnv.env-99b9eef7: event=PreyAteGrass | env_id=env-99b9eef7 | step=368 | prey='prey_15' | grass='grass_97' | prey_position=[706.7507369443662, 263.110577725783] | grass_energy=10.0 | energy_gained=9.0 | prey_energy=125.45076500405995
2025-11-23 03:29:10,166 [DEBUG] PredPreyGrassEnv.env-99b9eef7: event=StepSummary | env_id=env-99b9eef7 | step=368 | current_step=368 | terminated_agents=[] | truncated_agents=[] | remaining_agents=24 | reward_preview={prey_1:-0.001, prey_3:-0.001, prey_5:-0.001, predator_5:-0.001, prey_0:-0.001} | info_preview={}
2025-11-23 03:29:10,193 [DEBUG] PredPreyGrassEnv.env-99b9eef7: event=StepBegin | env_id=env-99b9eef7 | step=369 | incoming_actions=['prey_1', 'prey_3', 'prey_5', 'prey_0', 'prey_18', ...] | active_agents=24 | current_step=369
2025-11-23 03:29:10,202 [DEBUG] PredPreyGrassEnv.env-99b9eef7: event=StepSummary | env_id=env-99b9eef7 | step=369 | current_step=369 | terminated_agents=[] | truncated_agents=[] | remaining_agents=24 | reward_preview={prey_1:-0.001, prey_3:-0.001, prey_5:-0.001, predator_5:-0.001, prey_0:-0.001} | info_preview={}
2025-11-23 03:29:10,226 [DEBUG] PredPreyGrassEnv.env-99b9eef7: event=StepBegin | env_id=env-99b9eef7 | step=370 | incoming_actions=['prey_1', 'prey_3', 'prey_5', 'prey_0', 'prey_18', ...] | active_agents=24 | current_step=370
2025-11-23 03:29:10,235 [DEBUG] PredPreyGrassEnv.env-99b9eef7: event=StepSummary | env_id=env-99b9eef7 | step=370 | current_step=370 | terminated_agents=[] | truncated_agents=[] | remaining_agents=24 | reward_preview={prey_1:-0.001, prey_3:-0.001, prey_5:-0.001, predator_5:-0.001, prey_0:-0.001} | info_preview={}
2025-11-23 03:29:10,259 [DEBUG] PredPreyGrassEnv.env-99b9eef7: event=StepBegin | env_id=env-99b9eef7 | step=371 | incoming_actions=['prey_1', 'prey_3', 'prey_5', 'prey_0', 'prey_18', ...] | active_agents=24 | current_step=371
2025-11-23 03:29:10,268 [DEBUG] PredPreyGrassEnv.env-99b9eef7: event=StepSummary | env_id=env-99b9eef7 | step=371 | current_step=371 | terminated_agents=[] | truncated_agents=[] | remaining_agents=24 | reward_preview={prey_1:-0.001, prey_3:-0.001, prey_5:-0.001, predator_5:-0.001, prey_0:-0.001} | info_preview={}
2025-11-23 03:29:10,293 [DEBUG] PredPreyGrassEnv.env-99b9eef7: event=StepBegin | env_id=env-99b9eef7 | step=372 | incoming_actions=['prey_1', 'prey_3', 'prey_5', 'prey_0', 'prey_18', ...] | active_agents=24 | current_step=372
2025-11-23 03:29:10,297 [DEBUG] PredPreyGrassEnv.env-99b9eef7: event=PreyAteGrass | env_id=env-99b9eef7 | step=372 | prey='prey_15' | grass='grass_5' | prey_position=[709.2623299043214, 250.97267168012095] | grass_energy=10.0 | energy_gained=9.0 | prey_energy=132.9394477852701
2025-11-23 03:29:10,302 [DEBUG] PredPreyGrassEnv.env-99b9eef7: event=StepSummary | env_id=env-99b9eef7 | step=372 | current_step=372 | terminated_agents=[] | truncated_agents=[] | remaining_agents=24 | reward_preview={prey_1:-0.001, prey_3:-0.001, prey_5:-0.001, predator_5:-0.001, prey_0:-0.001} | info_preview={}
2025-11-23 03:29:10,327 [DEBUG] PredPreyGrassEnv.env-99b9eef7: event=StepBegin | env_id=env-99b9eef7 | step=373 | incoming_actions=['prey_1', 'prey_3', 'prey_5', 'prey_0', 'prey_18', ...] | active_agents=24 | current_step=373
2025-11-23 03:29:10,336 [DEBUG] PredPreyGrassEnv.env-99b9eef7: event=StepSummary | env_id=env-99b9eef7 | step=373 | current_step=373 | terminated_agents=[] | truncated_agents=[] | remaining_agents=24 | reward_preview={prey_1:-0.001, prey_3:-0.001, prey_5:-0.001, predator_5:-0.001, prey_0:-0.001} | info_preview={}
2025-11-23 03:29:10,360 [DEBUG] PredPreyGrassEnv.env-99b9eef7: event=StepBegin | env_id=env-99b9eef7 | step=374 | incoming_actions=['prey_1', 'prey_3', 'prey_5', 'prey_0', 'prey_18', ...] | active_agents=24 | current_step=374
2025-11-23 03:29:10,366 [DEBUG] PredPreyGrassEnv.env-99b9eef7: event=PreyAteGrass | env_id=env-99b9eef7 | step=374 | prey='prey_18' | grass='grass_42' | prey_position=[595.1488949520452, 706.3012458405426] | grass_energy=10.0 | energy_gained=9.0 | prey_energy=100.67165468665755
2025-11-23 03:29:10,370 [DEBUG] PredPreyGrassEnv.env-99b9eef7: event=StepSummary | env_id=env-99b9eef7 | step=374 | current_step=374 | terminated_agents=[] | truncated_agents=[] | remaining_agents=24 | reward_preview={prey_1:-0.001, prey_3:-0.001, prey_5:-0.001, predator_5:-0.001, prey_0:-0.001} | info_preview={}
2025-11-23 03:29:10,395 [DEBUG] PredPreyGrassEnv.env-99b9eef7: event=StepBegin | env_id=env-99b9eef7 | step=375 | incoming_actions=['prey_1', 'prey_3', 'prey_5', 'prey_0', 'prey_18', ...] | active_agents=24 | current_step=375
2025-11-23 03:29:10,404 [DEBUG] PredPreyGrassEnv.env-99b9eef7: event=StepSummary | env_id=env-99b9eef7 | step=375 | current_step=375 | terminated_agents=[] | truncated_agents=[] | remaining_agents=24 | reward_preview={prey_1:-0.001, prey_3:-0.001, prey_5:-0.001, predator_5:-0.001, prey_0:-0.001} | info_preview={}
2025-11-23 03:29:10,427 [DEBUG] PredPreyGrassEnv.env-99b9eef7: event=StepBegin | env_id=env-99b9eef7 | step=376 | incoming_actions=['prey_1', 'prey_3', 'prey_5', 'prey_0', 'prey_18', ...] | active_agents=24 | current_step=376
2025-11-23 03:29:10,436 [DEBUG] PredPreyGrassEnv.env-99b9eef7: event=StepSummary | env_id=env-99b9eef7 | step=376 | current_step=376 | terminated_agents=[] | truncated_agents=[] | remaining_agents=24 | reward_preview={prey_1:-0.001, prey_3:-0.001, prey_5:-0.001, predator_5:-0.001, prey_0:-0.001} | info_preview={}
2025-11-23 03:29:10,459 [DEBUG] PredPreyGrassEnv.env-99b9eef7: event=StepBegin | env_id=env-99b9eef7 | step=377 | incoming_actions=['prey_1', 'prey_3', 'prey_5', 'prey_0', 'prey_18', ...] | active_agents=24 | current_step=377
2025-11-23 03:29:10,467 [DEBUG] PredPreyGrassEnv.env-99b9eef7: event=StepSummary | env_id=env-99b9eef7 | step=377 | current_step=377 | terminated_agents=[] | truncated_agents=[] | remaining_agents=24 | reward_preview={prey_1:-0.001, prey_3:-0.001, prey_5:-0.001, predator_5:-0.001, prey_0:-0.001} | info_preview={}
2025-11-23 03:29:10,491 [DEBUG] PredPreyGrassEnv.env-99b9eef7: event=StepBegin | env_id=env-99b9eef7 | step=378 | incoming_actions=['prey_1', 'prey_3', 'prey_5', 'prey_0', 'prey_18', ...] | active_agents=24 | current_step=378
2025-11-23 03:29:10,499 [DEBUG] PredPreyGrassEnv.env-99b9eef7: event=StepSummary | env_id=env-99b9eef7 | step=378 | current_step=378 | terminated_agents=[] | truncated_agents=[] | remaining_agents=24 | reward_preview={prey_1:-0.001, prey_3:-0.001, prey_5:-0.001, predator_5:-0.001, prey_0:-0.001} | info_preview={}
2025-11-23 03:29:10,523 [DEBUG] PredPreyGrassEnv.env-99b9eef7: event=StepBegin | env_id=env-99b9eef7 | step=379 | incoming_actions=['prey_1', 'prey_3', 'prey_5', 'prey_0', 'prey_18', ...] | active_agents=24 | current_step=379
2025-11-23 03:29:10,531 [DEBUG] PredPreyGrassEnv.env-99b9eef7: event=StepSummary | env_id=env-99b9eef7 | step=379 | current_step=379 | terminated_agents=[] | truncated_agents=[] | remaining_agents=24 | reward_preview={prey_1:-0.001, prey_3:-0.001, prey_5:-0.001, predator_5:-0.001, prey_0:-0.001} | info_preview={}
2025-11-23 03:29:10,555 [DEBUG] PredPreyGrassEnv.env-99b9eef7: event=StepBegin | env_id=env-99b9eef7 | step=380 | incoming_actions=['prey_1', 'prey_3', 'prey_5', 'prey_0', 'prey_18', ...] | active_agents=24 | current_step=380
2025-11-23 03:29:10,564 [DEBUG] PredPreyGrassEnv.env-99b9eef7: event=StepSummary | env_id=env-99b9eef7 | step=380 | current_step=380 | terminated_agents=[] | truncated_agents=[] | remaining_agents=24 | reward_preview={prey_1:-0.001, prey_3:-0.001, prey_5:-0.001, predator_5:-0.001, prey_0:-0.001} | info_preview={}
2025-11-23 03:29:10,587 [DEBUG] PredPreyGrassEnv.env-99b9eef7: event=StepBegin | env_id=env-99b9eef7 | step=381 | incoming_actions=['prey_1', 'prey_3', 'prey_5', 'prey_0', 'prey_18', ...] | active_agents=24 | current_step=381
2025-11-23 03:29:10,596 [DEBUG] PredPreyGrassEnv.env-99b9eef7: event=StepSummary | env_id=env-99b9eef7 | step=381 | current_step=381 | terminated_agents=[] | truncated_agents=[] | remaining_agents=24 | reward_preview={prey_1:-0.001, prey_3:-0.001, prey_5:-0.001, predator_5:-0.001, prey_0:-0.001} | info_preview={}
2025-11-23 03:29:10,620 [DEBUG] PredPreyGrassEnv.env-99b9eef7: event=StepBegin | env_id=env-99b9eef7 | step=382 | incoming_actions=['prey_1', 'prey_3', 'prey_5', 'prey_0', 'prey_18', ...] | active_agents=24 | current_step=382
2025-11-23 03:29:10,628 [DEBUG] PredPreyGrassEnv.env-99b9eef7: event=StepSummary | env_id=env-99b9eef7 | step=382 | current_step=382 | terminated_agents=[] | truncated_agents=[] | remaining_agents=24 | reward_preview={prey_1:-0.001, prey_3:-0.001, prey_5:-0.001, predator_5:-0.001, prey_0:-0.001} | info_preview={}
2025-11-23 03:29:10,652 [DEBUG] PredPreyGrassEnv.env-99b9eef7: event=StepBegin | env_id=env-99b9eef7 | step=383 | incoming_actions=['prey_1', 'prey_3', 'prey_5', 'prey_0', 'prey_18', ...] | active_agents=24 | current_step=383
2025-11-23 03:29:10,661 [DEBUG] PredPreyGrassEnv.env-99b9eef7: event=StepSummary | env_id=env-99b9eef7 | step=383 | current_step=383 | terminated_agents=[] | truncated_agents=[] | remaining_agents=24 | reward_preview={prey_1:-0.001, prey_3:-0.001, prey_5:-0.001, predator_5:-0.001, prey_0:-0.001} | info_preview={}
2025-11-23 03:29:10,685 [DEBUG] PredPreyGrassEnv.env-99b9eef7: event=StepBegin | env_id=env-99b9eef7 | step=384 | incoming_actions=['prey_1', 'prey_3', 'prey_5', 'prey_0', 'prey_18', ...] | active_agents=24 | current_step=384
2025-11-23 03:29:10,694 [DEBUG] PredPreyGrassEnv.env-99b9eef7: event=StepSummary | env_id=env-99b9eef7 | step=384 | current_step=384 | terminated_agents=[] | truncated_agents=[] | remaining_agents=24 | reward_preview={prey_1:-0.001, prey_3:-0.001, prey_5:-0.001, predator_5:-0.001, prey_0:-0.001} | info_preview={}
2025-11-23 03:29:10,717 [DEBUG] PredPreyGrassEnv.env-99b9eef7: event=StepBegin | env_id=env-99b9eef7 | step=385 | incoming_actions=['prey_1', 'prey_3', 'prey_5', 'prey_0', 'prey_18', ...] | active_agents=24 | current_step=385
2025-11-23 03:29:10,726 [DEBUG] PredPreyGrassEnv.env-99b9eef7: event=StepSummary | env_id=env-99b9eef7 | step=385 | current_step=385 | terminated_agents=[] | truncated_agents=[] | remaining_agents=24 | reward_preview={prey_1:-0.001, prey_3:-0.001, prey_5:-0.001, predator_5:-0.001, prey_0:-0.001} | info_preview={}
2025-11-23 03:29:10,749 [DEBUG] PredPreyGrassEnv.env-99b9eef7: event=StepBegin | env_id=env-99b9eef7 | step=386 | incoming_actions=['prey_1', 'prey_3', 'prey_5', 'prey_0', 'prey_18', ...] | active_agents=24 | current_step=386
2025-11-23 03:29:10,757 [DEBUG] PredPreyGrassEnv.env-99b9eef7: event=StepSummary | env_id=env-99b9eef7 | step=386 | current_step=386 | terminated_agents=[] | truncated_agents=[] | remaining_agents=24 | reward_preview={prey_1:-0.001, prey_3:-0.001, prey_5:-0.001, predator_5:-0.001, prey_0:-0.001} | info_preview={}
2025-11-23 03:29:10,780 [DEBUG] PredPreyGrassEnv.env-99b9eef7: event=StepBegin | env_id=env-99b9eef7 | step=387 | incoming_actions=['prey_1', 'prey_3', 'prey_5', 'prey_0', 'prey_18', ...] | active_agents=24 | current_step=387
2025-11-23 03:29:10,789 [DEBUG] PredPreyGrassEnv.env-99b9eef7: event=StepSummary | env_id=env-99b9eef7 | step=387 | current_step=387 | terminated_agents=[] | truncated_agents=[] | remaining_agents=24 | reward_preview={prey_1:-0.001, prey_3:-0.001, prey_5:-0.001, predator_5:-0.001, prey_0:-0.001} | info_preview={}
2025-11-23 03:29:10,812 [DEBUG] PredPreyGrassEnv.env-99b9eef7: event=StepBegin | env_id=env-99b9eef7 | step=388 | incoming_actions=['prey_1', 'prey_3', 'prey_5', 'prey_0', 'prey_18', ...] | active_agents=24 | current_step=388
2025-11-23 03:29:10,821 [DEBUG] PredPreyGrassEnv.env-99b9eef7: event=StepSummary | env_id=env-99b9eef7 | step=388 | current_step=388 | terminated_agents=[] | truncated_agents=[] | remaining_agents=24 | reward_preview={prey_1:-0.001, prey_3:-0.001, prey_5:-0.001, predator_5:-0.001, prey_0:-0.001} | info_preview={}
2025-11-23 03:29:10,844 [DEBUG] PredPreyGrassEnv.env-99b9eef7: event=StepBegin | env_id=env-99b9eef7 | step=389 | incoming_actions=['prey_1', 'prey_3', 'prey_5', 'prey_0', 'prey_18', ...] | active_agents=24 | current_step=389
2025-11-23 03:29:10,852 [DEBUG] PredPreyGrassEnv.env-99b9eef7: event=StepSummary | env_id=env-99b9eef7 | step=389 | current_step=389 | terminated_agents=[] | truncated_agents=[] | remaining_agents=24 | reward_preview={prey_1:-0.001, prey_3:-0.001, prey_5:-0.001, predator_5:-0.001, prey_0:-0.001} | info_preview={}
2025-11-23 03:29:10,871 [DEBUG] PredPreyGrassEnv.env-99b9eef7: event=StepBegin | env_id=env-99b9eef7 | step=390 | incoming_actions=['prey_1', 'prey_3', 'prey_5', 'prey_0', 'prey_18', ...] | active_agents=24 | current_step=390
2025-11-23 03:29:10,875 [DEBUG] PredPreyGrassEnv.env-99b9eef7: event=StepSummary | env_id=env-99b9eef7 | step=390 | current_step=390 | terminated_agents=[] | truncated_agents=[] | remaining_agents=24 | reward_preview={prey_1:-0.001, prey_3:-0.001, prey_5:-0.001, predator_5:-0.001, prey_0:-0.001} | info_preview={}
2025-11-23 03:29:10,887 [DEBUG] PredPreyGrassEnv.env-99b9eef7: event=StepBegin | env_id=env-99b9eef7 | step=391 | incoming_actions=['prey_1', 'prey_3', 'prey_5', 'prey_0', 'prey_18', ...] | active_agents=24 | current_step=391
2025-11-23 03:29:10,894 [DEBUG] PredPreyGrassEnv.env-99b9eef7: event=StepSummary | env_id=env-99b9eef7 | step=391 | current_step=391 | terminated_agents=[] | truncated_agents=[] | remaining_agents=24 | reward_preview={prey_1:-0.001, prey_3:-0.001, prey_5:-0.001, predator_5:-0.001, prey_0:-0.001} | info_preview={}
2025-11-23 03:29:10,904 [DEBUG] PredPreyGrassEnv.env-99b9eef7: event=StepBegin | env_id=env-99b9eef7 | step=392 | incoming_actions=['prey_1', 'prey_3', 'prey_5', 'prey_0', 'prey_18', ...] | active_agents=24 | current_step=392
2025-11-23 03:29:10,910 [DEBUG] PredPreyGrassEnv.env-99b9eef7: event=StepSummary | env_id=env-99b9eef7 | step=392 | current_step=392 | terminated_agents=[] | truncated_agents=[] | remaining_agents=24 | reward_preview={prey_1:-0.001, prey_3:-0.001, prey_5:-0.001, predator_5:-0.001, prey_0:-0.001} | info_preview={}
2025-11-23 03:29:10,925 [DEBUG] PredPreyGrassEnv.env-99b9eef7: event=StepBegin | env_id=env-99b9eef7 | step=393 | incoming_actions=['prey_1', 'prey_3', 'prey_5', 'prey_0', 'prey_18', ...] | active_agents=24 | current_step=393
2025-11-23 03:29:10,928 [DEBUG] PredPreyGrassEnv.env-99b9eef7: event=StepSummary | env_id=env-99b9eef7 | step=393 | current_step=393 | terminated_agents=[] | truncated_agents=[] | remaining_agents=24 | reward_preview={prey_1:-0.001, prey_3:-0.001, prey_5:-0.001, predator_5:-0.001, prey_0:-0.001} | info_preview={}
2025-11-23 03:29:10,938 [DEBUG] PredPreyGrassEnv.env-99b9eef7: event=StepBegin | env_id=env-99b9eef7 | step=394 | incoming_actions=['prey_1', 'prey_3', 'prey_5', 'prey_0', 'prey_18', ...] | active_agents=24 | current_step=394
2025-11-23 03:29:10,942 [DEBUG] PredPreyGrassEnv.env-99b9eef7: event=StepSummary | env_id=env-99b9eef7 | step=394 | current_step=394 | terminated_agents=[] | truncated_agents=[] | remaining_agents=24 | reward_preview={prey_1:-0.001, prey_3:-0.001, prey_5:-0.001, predator_5:-0.001, prey_0:-0.001} | info_preview={}
2025-11-23 03:29:10,960 [DEBUG] PredPreyGrassEnv.env-99b9eef7: event=StepBegin | env_id=env-99b9eef7 | step=395 | incoming_actions=['prey_1', 'prey_3', 'prey_5', 'prey_0', 'prey_18', ...] | active_agents=24 | current_step=395
2025-11-23 03:29:10,969 [DEBUG] PredPreyGrassEnv.env-99b9eef7: event=StepSummary | env_id=env-99b9eef7 | step=395 | current_step=395 | terminated_agents=[] | truncated_agents=[] | remaining_agents=24 | reward_preview={prey_1:-0.001, prey_3:-0.001, prey_5:-0.001, predator_5:-0.001, prey_0:-0.001} | info_preview={}
2025-11-23 03:29:10,991 [DEBUG] PredPreyGrassEnv.env-99b9eef7: event=StepBegin | env_id=env-99b9eef7 | step=396 | incoming_actions=['prey_1', 'prey_3', 'prey_5', 'prey_0', 'prey_18', ...] | active_agents=24 | current_step=396
2025-11-23 03:29:11,000 [DEBUG] PredPreyGrassEnv.env-99b9eef7: event=StepSummary | env_id=env-99b9eef7 | step=396 | current_step=396 | terminated_agents=[] | truncated_agents=[] | remaining_agents=24 | reward_preview={prey_1:-0.001, prey_3:-0.001, prey_5:-0.001, predator_5:-0.001, prey_0:-0.001} | info_preview={}
2025-11-23 03:29:11,023 [DEBUG] PredPreyGrassEnv.env-99b9eef7: event=StepBegin | env_id=env-99b9eef7 | step=397 | incoming_actions=['prey_1', 'prey_3', 'prey_5', 'prey_0', 'prey_18', ...] | active_agents=24 | current_step=397
2025-11-23 03:29:11,031 [DEBUG] PredPreyGrassEnv.env-99b9eef7: event=StepSummary | env_id=env-99b9eef7 | step=397 | current_step=397 | terminated_agents=[] | truncated_agents=[] | remaining_agents=24 | reward_preview={prey_1:-0.001, prey_3:-0.001, prey_5:-0.001, predator_5:-0.001, prey_0:-0.001} | info_preview={}
2025-11-23 03:29:11,054 [DEBUG] PredPreyGrassEnv.env-99b9eef7: event=StepBegin | env_id=env-99b9eef7 | step=398 | incoming_actions=['prey_1', 'prey_3', 'prey_5', 'prey_0', 'prey_18', ...] | active_agents=24 | current_step=398
2025-11-23 03:29:11,062 [DEBUG] PredPreyGrassEnv.env-99b9eef7: event=StepSummary | env_id=env-99b9eef7 | step=398 | current_step=398 | terminated_agents=[] | truncated_agents=[] | remaining_agents=24 | reward_preview={prey_1:-0.001, prey_3:-0.001, prey_5:-0.001, predator_5:-0.001, prey_0:-0.001} | info_preview={}
2025-11-23 03:29:11,085 [DEBUG] PredPreyGrassEnv.env-99b9eef7: event=StepBegin | env_id=env-99b9eef7 | step=399 | incoming_actions=['prey_1', 'prey_3', 'prey_5', 'prey_0', 'prey_18', ...] | active_agents=24 | current_step=399
2025-11-23 03:29:11,093 [DEBUG] PredPreyGrassEnv.env-99b9eef7: event=StepSummary | env_id=env-99b9eef7 | step=399 | current_step=399 | terminated_agents=[] | truncated_agents=[] | remaining_agents=24 | reward_preview={prey_1:-0.001, prey_3:-0.001, prey_5:-0.001, predator_5:-0.001, prey_0:-0.001} | info_preview={}
2025-11-23 03:29:11,116 [DEBUG] PredPreyGrassEnv.env-99b9eef7: event=StepBegin | env_id=env-99b9eef7 | step=400 | incoming_actions=['prey_1', 'prey_3', 'prey_5', 'prey_0', 'prey_18', ...] | active_agents=24 | current_step=400
2025-11-23 03:29:11,125 [DEBUG] PredPreyGrassEnv.env-99b9eef7: event=StepSummary | env_id=env-99b9eef7 | step=400 | current_step=400 | terminated_agents=[] | truncated_agents=[] | remaining_agents=24 | reward_preview={prey_1:-0.001, prey_3:-0.001, prey_5:-0.001, predator_5:-0.001, prey_0:-0.001} | info_preview={}
2025-11-23 03:29:11,148 [DEBUG] PredPreyGrassEnv.env-99b9eef7: event=StepBegin | env_id=env-99b9eef7 | step=401 | incoming_actions=['prey_1', 'prey_3', 'prey_5', 'prey_0', 'prey_18', ...] | active_agents=24 | current_step=401
2025-11-23 03:29:11,154 [DEBUG] PredPreyGrassEnv.env-99b9eef7: event=StepSummary | env_id=env-99b9eef7 | step=401 | current_step=401 | terminated_agents=[] | truncated_agents=[] | remaining_agents=24 | reward_preview={prey_1:-0.001, prey_3:-0.001, prey_5:-0.001, predator_5:-0.001, prey_0:-0.001} | info_preview={}
2025-11-23 03:29:11,178 [DEBUG] PredPreyGrassEnv.env-99b9eef7: event=StepBegin | env_id=env-99b9eef7 | step=402 | incoming_actions=['prey_1', 'prey_3', 'prey_5', 'prey_0', 'prey_18', ...] | active_agents=24 | current_step=402
2025-11-23 03:29:11,186 [DEBUG] PredPreyGrassEnv.env-99b9eef7: event=StepSummary | env_id=env-99b9eef7 | step=402 | current_step=402 | terminated_agents=[] | truncated_agents=[] | remaining_agents=24 | reward_preview={prey_1:-0.001, prey_3:-0.001, prey_5:-0.001, predator_5:-0.001, prey_0:-0.001} | info_preview={}
2025-11-23 03:29:11,309 [DEBUG] PredPreyGrassEnv.env-99b9eef7: event=StepBegin | env_id=env-99b9eef7 | step=403 | incoming_actions=['prey_1', 'prey_3', 'prey_5', 'prey_0', 'prey_18', ...] | active_agents=24 | current_step=403
2025-11-23 03:29:11,317 [DEBUG] PredPreyGrassEnv.env-99b9eef7: event=StepSummary | env_id=env-99b9eef7 | step=403 | current_step=403 | terminated_agents=[] | truncated_agents=[] | remaining_agents=24 | reward_preview={prey_1:-0.001, prey_3:-0.001, prey_5:-0.001, predator_5:-0.001, prey_0:-0.001} | info_preview={}
2025-11-23 03:29:11,339 [DEBUG] PredPreyGrassEnv.env-99b9eef7: event=StepBegin | env_id=env-99b9eef7 | step=404 | incoming_actions=['prey_1', 'prey_3', 'prey_5', 'prey_0', 'prey_18', ...] | active_agents=24 | current_step=404
2025-11-23 03:29:11,347 [DEBUG] PredPreyGrassEnv.env-99b9eef7: event=StepSummary | env_id=env-99b9eef7 | step=404 | current_step=404 | terminated_agents=[] | truncated_agents=[] | remaining_agents=24 | reward_preview={prey_1:-0.001, prey_3:-0.001, prey_5:-0.001, predator_5:-0.001, prey_0:-0.001} | info_preview={}
2025-11-23 03:29:11,370 [DEBUG] PredPreyGrassEnv.env-99b9eef7: event=StepBegin | env_id=env-99b9eef7 | step=405 | incoming_actions=['prey_1', 'prey_3', 'prey_5', 'prey_0', 'prey_18', ...] | active_agents=24 | current_step=405
2025-11-23 03:29:11,378 [DEBUG] PredPreyGrassEnv.env-99b9eef7: event=StepSummary | env_id=env-99b9eef7 | step=405 | current_step=405 | terminated_agents=[] | truncated_agents=[] | remaining_agents=24 | reward_preview={prey_1:-0.001, prey_3:-0.001, prey_5:-0.001, predator_5:-0.001, prey_0:-0.001} | info_preview={}
2025-11-23 03:29:11,400 [DEBUG] PredPreyGrassEnv.env-99b9eef7: event=StepBegin | env_id=env-99b9eef7 | step=406 | incoming_actions=['prey_1', 'prey_3', 'prey_5', 'prey_0', 'prey_18', ...] | active_agents=24 | current_step=406
2025-11-23 03:29:11,409 [DEBUG] PredPreyGrassEnv.env-99b9eef7: event=StepSummary | env_id=env-99b9eef7 | step=406 | current_step=406 | terminated_agents=[] | truncated_agents=[] | remaining_agents=24 | reward_preview={prey_1:-0.001, prey_3:-0.001, prey_5:-0.001, predator_5:-0.001, prey_0:-0.001} | info_preview={}
2025-11-23 03:29:11,426 [DEBUG] PredPreyGrassEnv.env-99b9eef7: event=StepBegin | env_id=env-99b9eef7 | step=407 | incoming_actions=['prey_1', 'prey_3', 'prey_5', 'prey_0', 'prey_18', ...] | active_agents=24 | current_step=407
2025-11-23 03:29:11,430 [DEBUG] PredPreyGrassEnv.env-99b9eef7: event=StepSummary | env_id=env-99b9eef7 | step=407 | current_step=407 | terminated_agents=[] | truncated_agents=[] | remaining_agents=24 | reward_preview={prey_1:-0.001, prey_3:-0.001, prey_5:-0.001, predator_5:-0.001, prey_0:-0.001} | info_preview={}
2025-11-23 03:29:11,450 [DEBUG] PredPreyGrassEnv.env-99b9eef7: event=StepBegin | env_id=env-99b9eef7 | step=408 | incoming_actions=['prey_1', 'prey_3', 'prey_5', 'prey_0', 'prey_18', ...] | active_agents=24 | current_step=408
2025-11-23 03:29:11,459 [DEBUG] PredPreyGrassEnv.env-99b9eef7: event=StepSummary | env_id=env-99b9eef7 | step=408 | current_step=408 | terminated_agents=[] | truncated_agents=[] | remaining_agents=24 | reward_preview={prey_1:-0.001, prey_3:-0.001, prey_5:-0.001, predator_5:-0.001, prey_0:-0.001} | info_preview={}
2025-11-23 03:29:11,483 [DEBUG] PredPreyGrassEnv.env-99b9eef7: event=StepBegin | env_id=env-99b9eef7 | step=409 | incoming_actions=['prey_1', 'prey_3', 'prey_5', 'prey_0', 'prey_18', ...] | active_agents=24 | current_step=409
2025-11-23 03:29:11,492 [DEBUG] PredPreyGrassEnv.env-99b9eef7: event=StepSummary | env_id=env-99b9eef7 | step=409 | current_step=409 | terminated_agents=[] | truncated_agents=[] | remaining_agents=24 | reward_preview={prey_1:-0.001, prey_3:-0.001, prey_5:-0.001, predator_5:-0.001, prey_0:-0.001} | info_preview={}
2025-11-23 03:29:11,503 [DEBUG] PredPreyGrassEnv.env-99b9eef7: event=StepBegin | env_id=env-99b9eef7 | step=410 | incoming_actions=['prey_1', 'prey_3', 'prey_5', 'prey_0', 'prey_18', ...] | active_agents=24 | current_step=410
2025-11-23 03:29:11,507 [DEBUG] PredPreyGrassEnv.env-99b9eef7: event=StepSummary | env_id=env-99b9eef7 | step=410 | current_step=410 | terminated_agents=[] | truncated_agents=[] | remaining_agents=24 | reward_preview={prey_1:-0.001, prey_3:-0.001, prey_5:-0.001, predator_5:-0.001, prey_0:-0.001} | info_preview={}
2025-11-23 03:29:11,517 [DEBUG] PredPreyGrassEnv.env-99b9eef7: event=StepBegin | env_id=env-99b9eef7 | step=411 | incoming_actions=['prey_1', 'prey_3', 'prey_5', 'prey_0', 'prey_18', ...] | active_agents=24 | current_step=411
2025-11-23 03:29:11,521 [DEBUG] PredPreyGrassEnv.env-99b9eef7: event=StepSummary | env_id=env-99b9eef7 | step=411 | current_step=411 | terminated_agents=[] | truncated_agents=[] | remaining_agents=24 | reward_preview={prey_1:-0.001, prey_3:-0.001, prey_5:-0.001, predator_5:-0.001, prey_0:-0.001} | info_preview={}
2025-11-23 03:29:11,532 [DEBUG] PredPreyGrassEnv.env-99b9eef7: event=StepBegin | env_id=env-99b9eef7 | step=412 | incoming_actions=['prey_1', 'prey_3', 'prey_5', 'prey_0', 'prey_18', ...] | active_agents=24 | current_step=412
2025-11-23 03:29:11,536 [DEBUG] PredPreyGrassEnv.env-99b9eef7: event=StepSummary | env_id=env-99b9eef7 | step=412 | current_step=412 | terminated_agents=[] | truncated_agents=[] | remaining_agents=24 | reward_preview={prey_1:-0.001, prey_3:-0.001, prey_5:-0.001, predator_5:-0.001, prey_0:-0.001} | info_preview={}
2025-11-23 03:29:11,546 [DEBUG] PredPreyGrassEnv.env-99b9eef7: event=StepBegin | env_id=env-99b9eef7 | step=413 | incoming_actions=['prey_1', 'prey_3', 'prey_5', 'prey_0', 'prey_18', ...] | active_agents=24 | current_step=413
2025-11-23 03:29:11,549 [DEBUG] PredPreyGrassEnv.env-99b9eef7: event=StepSummary | env_id=env-99b9eef7 | step=413 | current_step=413 | terminated_agents=[] | truncated_agents=[] | remaining_agents=24 | reward_preview={prey_1:-0.001, prey_3:-0.001, prey_5:-0.001, predator_5:-0.001, prey_0:-0.001} | info_preview={}
2025-11-23 03:29:11,560 [DEBUG] PredPreyGrassEnv.env-99b9eef7: event=StepBegin | env_id=env-99b9eef7 | step=414 | incoming_actions=['prey_1', 'prey_3', 'prey_5', 'prey_0', 'prey_18', ...] | active_agents=24 | current_step=414
2025-11-23 03:29:11,563 [DEBUG] PredPreyGrassEnv.env-99b9eef7: event=StepSummary | env_id=env-99b9eef7 | step=414 | current_step=414 | terminated_agents=[] | truncated_agents=[] | remaining_agents=24 | reward_preview={prey_1:-0.001, prey_3:-0.001, prey_5:-0.001, predator_5:-0.001, prey_0:-0.001} | info_preview={}
2025-11-23 03:29:11,573 [DEBUG] PredPreyGrassEnv.env-99b9eef7: event=StepBegin | env_id=env-99b9eef7 | step=415 | incoming_actions=['prey_1', 'prey_3', 'prey_5', 'prey_0', 'prey_18', ...] | active_agents=24 | current_step=415
2025-11-23 03:29:11,576 [DEBUG] PredPreyGrassEnv.env-99b9eef7: event=StepSummary | env_id=env-99b9eef7 | step=415 | current_step=415 | terminated_agents=[] | truncated_agents=[] | remaining_agents=24 | reward_preview={prey_1:-0.001, prey_3:-0.001, prey_5:-0.001, predator_5:-0.001, prey_0:-0.001} | info_preview={}
2025-11-23 03:29:11,586 [DEBUG] PredPreyGrassEnv.env-99b9eef7: event=StepBegin | env_id=env-99b9eef7 | step=416 | incoming_actions=['prey_1', 'prey_3', 'prey_5', 'prey_0', 'prey_18', ...] | active_agents=24 | current_step=416
2025-11-23 03:29:11,590 [DEBUG] PredPreyGrassEnv.env-99b9eef7: event=StepSummary | env_id=env-99b9eef7 | step=416 | current_step=416 | terminated_agents=[] | truncated_agents=[] | remaining_agents=24 | reward_preview={prey_1:-0.001, prey_3:-0.001, prey_5:-0.001, predator_5:-0.001, prey_0:-0.001} | info_preview={}
2025-11-23 03:29:11,600 [DEBUG] PredPreyGrassEnv.env-99b9eef7: event=StepBegin | env_id=env-99b9eef7 | step=417 | incoming_actions=['prey_1', 'prey_3', 'prey_5', 'prey_0', 'prey_18', ...] | active_agents=24 | current_step=417
2025-11-23 03:29:11,604 [DEBUG] PredPreyGrassEnv.env-99b9eef7: event=StepSummary | env_id=env-99b9eef7 | step=417 | current_step=417 | terminated_agents=[] | truncated_agents=[] | remaining_agents=24 | reward_preview={prey_1:-0.001, prey_3:-0.001, prey_5:-0.001, predator_5:-0.001, prey_0:-0.001} | info_preview={}
2025-11-23 03:29:11,615 [DEBUG] PredPreyGrassEnv.env-99b9eef7: event=StepBegin | env_id=env-99b9eef7 | step=418 | incoming_actions=['prey_1', 'prey_3', 'prey_5', 'prey_0', 'prey_18', ...] | active_agents=24 | current_step=418
2025-11-23 03:29:11,618 [DEBUG] PredPreyGrassEnv.env-99b9eef7: event=StepSummary | env_id=env-99b9eef7 | step=418 | current_step=418 | terminated_agents=[] | truncated_agents=[] | remaining_agents=24 | reward_preview={prey_1:-0.001, prey_3:-0.001, prey_5:-0.001, predator_5:-0.001, prey_0:-0.001} | info_preview={}
2025-11-23 03:29:11,629 [DEBUG] PredPreyGrassEnv.env-99b9eef7: event=StepBegin | env_id=env-99b9eef7 | step=419 | incoming_actions=['prey_1', 'prey_3', 'prey_5', 'prey_0', 'prey_18', ...] | active_agents=24 | current_step=419
2025-11-23 03:29:11,631 [DEBUG] PredPreyGrassEnv.env-99b9eef7: event=PreyAteGrass | env_id=env-99b9eef7 | step=419 | prey='prey_10' | grass='grass_0' | prey_position=[719.0064563048977, 95.63916383287028] | grass_energy=10.0 | energy_gained=9.0 | prey_energy=79.79129436310572
2025-11-23 03:29:11,633 [DEBUG] PredPreyGrassEnv.env-99b9eef7: event=StepSummary | env_id=env-99b9eef7 | step=419 | current_step=419 | terminated_agents=[] | truncated_agents=[] | remaining_agents=24 | reward_preview={prey_1:-0.001, prey_3:-0.001, prey_5:-0.001, predator_5:-0.001, prey_0:-0.001} | info_preview={}
2025-11-23 03:29:11,642 [DEBUG] PredPreyGrassEnv.env-99b9eef7: event=StepBegin | env_id=env-99b9eef7 | step=420 | incoming_actions=['prey_1', 'prey_3', 'prey_5', 'prey_0', 'prey_18', ...] | active_agents=24 | current_step=420
2025-11-23 03:29:11,646 [DEBUG] PredPreyGrassEnv.env-99b9eef7: event=StepSummary | env_id=env-99b9eef7 | step=420 | current_step=420 | terminated_agents=[] | truncated_agents=[] | remaining_agents=24 | reward_preview={prey_1:-0.001, prey_3:-0.001, prey_5:-0.001, predator_5:-0.001, prey_0:-0.001} | info_preview={}
2025-11-23 03:29:11,655 [DEBUG] PredPreyGrassEnv.env-99b9eef7: event=StepBegin | env_id=env-99b9eef7 | step=421 | incoming_actions=['prey_1', 'prey_3', 'prey_5', 'prey_0', 'prey_18', ...] | active_agents=24 | current_step=421
2025-11-23 03:29:11,659 [DEBUG] PredPreyGrassEnv.env-99b9eef7: event=StepSummary | env_id=env-99b9eef7 | step=421 | current_step=421 | terminated_agents=[] | truncated_agents=[] | remaining_agents=24 | reward_preview={prey_1:-0.001, prey_3:-0.001, prey_5:-0.001, predator_5:-0.001, prey_0:-0.001} | info_preview={}
2025-11-23 03:29:11,668 [DEBUG] PredPreyGrassEnv.env-99b9eef7: event=StepBegin | env_id=env-99b9eef7 | step=422 | incoming_actions=['prey_1', 'prey_3', 'prey_5', 'prey_0', 'prey_18', ...] | active_agents=24 | current_step=422
2025-11-23 03:29:11,672 [DEBUG] PredPreyGrassEnv.env-99b9eef7: event=StepSummary | env_id=env-99b9eef7 | step=422 | current_step=422 | terminated_agents=[] | truncated_agents=[] | remaining_agents=24 | reward_preview={prey_1:-0.001, prey_3:-0.001, prey_5:-0.001, predator_5:-0.001, prey_0:-0.001} | info_preview={}
2025-11-23 03:29:11,682 [DEBUG] PredPreyGrassEnv.env-99b9eef7: event=StepBegin | env_id=env-99b9eef7 | step=423 | incoming_actions=['prey_1', 'prey_3', 'prey_5', 'prey_0', 'prey_18', ...] | active_agents=24 | current_step=423
2025-11-23 03:29:11,682 [DEBUG] PredPreyGrassEnv.env-99b9eef7: event=CollisionBatch | env_id=env-99b9eef7 | step=423 | collisions=[['prey_eat_grass', 'prey_4', 'grass_13']]
2025-11-23 03:29:11,686 [DEBUG] PredPreyGrassEnv.env-99b9eef7: event=StepSummary | env_id=env-99b9eef7 | step=423 | current_step=423 | terminated_agents=[] | truncated_agents=[] | remaining_agents=24 | reward_preview={prey_1:-0.001, prey_3:-0.001, prey_5:-0.001, predator_5:-0.001, prey_0:-0.001} | info_preview={}
2025-11-23 03:29:11,695 [DEBUG] PredPreyGrassEnv.env-99b9eef7: event=StepBegin | env_id=env-99b9eef7 | step=424 | incoming_actions=['prey_1', 'prey_3', 'prey_5', 'prey_0', 'prey_18', ...] | active_agents=24 | current_step=424
2025-11-23 03:29:11,699 [DEBUG] PredPreyGrassEnv.env-99b9eef7: event=StepSummary | env_id=env-99b9eef7 | step=424 | current_step=424 | terminated_agents=[] | truncated_agents=[] | remaining_agents=24 | reward_preview={prey_1:-0.001, prey_3:-0.001, prey_5:-0.001, predator_5:-0.001, prey_0:-0.001} | info_preview={}
2025-11-23 03:29:11,709 [DEBUG] PredPreyGrassEnv.env-99b9eef7: event=StepBegin | env_id=env-99b9eef7 | step=425 | incoming_actions=['prey_1', 'prey_3', 'prey_5', 'prey_0', 'prey_18', ...] | active_agents=24 | current_step=425
2025-11-23 03:29:11,713 [DEBUG] PredPreyGrassEnv.env-99b9eef7: event=StepSummary | env_id=env-99b9eef7 | step=425 | current_step=425 | terminated_agents=[] | truncated_agents=[] | remaining_agents=24 | reward_preview={prey_1:-0.001, prey_3:-0.001, prey_5:-0.001, predator_5:-0.001, prey_0:-0.001} | info_preview={}
2025-11-23 03:29:11,722 [DEBUG] PredPreyGrassEnv.env-99b9eef7: event=StepBegin | env_id=env-99b9eef7 | step=426 | incoming_actions=['prey_1', 'prey_3', 'prey_5', 'prey_0', 'prey_18', ...] | active_agents=24 | current_step=426
2025-11-23 03:29:11,723 [DEBUG] PredPreyGrassEnv.env-99b9eef7: event=PreyAteGrass | env_id=env-99b9eef7 | step=426 | prey='prey_1' | grass='grass_98' | prey_position=[280.95228885495055, 20.46588956668342] | grass_energy=10.0 | energy_gained=9.0 | prey_energy=111.81349521433779
2025-11-23 03:29:11,726 [DEBUG] PredPreyGrassEnv.env-99b9eef7: event=StepSummary | env_id=env-99b9eef7 | step=426 | current_step=426 | terminated_agents=[] | truncated_agents=[] | remaining_agents=24 | reward_preview={prey_1:1.0, prey_3:-0.001, prey_5:-0.001, predator_5:-0.001, prey_0:-0.001} | info_preview={}
2025-11-23 03:29:11,736 [DEBUG] PredPreyGrassEnv.env-99b9eef7: event=StepBegin | env_id=env-99b9eef7 | step=427 | incoming_actions=['prey_1', 'prey_3', 'prey_5', 'prey_0', 'prey_18', ...] | active_agents=24 | current_step=427
2025-11-23 03:29:11,740 [DEBUG] PredPreyGrassEnv.env-99b9eef7: event=StepSummary | env_id=env-99b9eef7 | step=427 | current_step=427 | terminated_agents=[] | truncated_agents=[] | remaining_agents=24 | reward_preview={prey_1:-0.001, prey_3:-0.001, prey_5:-0.001, predator_5:-0.001, prey_0:-0.001} | info_preview={}
2025-11-23 03:29:11,750 [DEBUG] PredPreyGrassEnv.env-99b9eef7: event=StepBegin | env_id=env-99b9eef7 | step=428 | incoming_actions=['prey_1', 'prey_3', 'prey_5', 'prey_0', 'prey_18', ...] | active_agents=24 | current_step=428
2025-11-23 03:29:11,753 [DEBUG] PredPreyGrassEnv.env-99b9eef7: event=StepSummary | env_id=env-99b9eef7 | step=428 | current_step=428 | terminated_agents=[] | truncated_agents=[] | remaining_agents=24 | reward_preview={prey_1:-0.001, prey_3:-0.001, prey_5:-0.001, predator_5:-0.001, prey_0:-0.001} | info_preview={}
2025-11-23 03:29:11,763 [DEBUG] PredPreyGrassEnv.env-99b9eef7: event=StepBegin | env_id=env-99b9eef7 | step=429 | incoming_actions=['prey_1', 'prey_3', 'prey_5', 'prey_0', 'prey_18', ...] | active_agents=24 | current_step=429
2025-11-23 03:29:11,767 [DEBUG] PredPreyGrassEnv.env-99b9eef7: event=StepSummary | env_id=env-99b9eef7 | step=429 | current_step=429 | terminated_agents=[] | truncated_agents=[] | remaining_agents=24 | reward_preview={prey_1:-0.001, prey_3:-0.001, prey_5:-0.001, predator_5:-0.001, prey_0:-0.001} | info_preview={}
2025-11-23 03:29:11,776 [DEBUG] PredPreyGrassEnv.env-99b9eef7: event=StepBegin | env_id=env-99b9eef7 | step=430 | incoming_actions=['prey_1', 'prey_3', 'prey_5', 'prey_0', 'prey_18', ...] | active_agents=24 | current_step=430
2025-11-23 03:29:11,780 [DEBUG] PredPreyGrassEnv.env-99b9eef7: event=StepSummary | env_id=env-99b9eef7 | step=430 | current_step=430 | terminated_agents=[] | truncated_agents=[] | remaining_agents=24 | reward_preview={prey_1:-0.001, prey_3:-0.001, prey_5:-0.001, predator_5:-0.001, prey_0:-0.001} | info_preview={}
2025-11-23 03:29:11,790 [DEBUG] PredPreyGrassEnv.env-99b9eef7: event=StepBegin | env_id=env-99b9eef7 | step=431 | incoming_actions=['prey_1', 'prey_3', 'prey_5', 'prey_0', 'prey_18', ...] | active_agents=24 | current_step=431
2025-11-23 03:29:11,793 [DEBUG] PredPreyGrassEnv.env-99b9eef7: event=StepSummary | env_id=env-99b9eef7 | step=431 | current_step=431 | terminated_agents=[] | truncated_agents=[] | remaining_agents=24 | reward_preview={prey_1:-0.001, prey_3:-0.001, prey_5:-0.001, predator_5:-0.001, prey_0:-0.001} | info_preview={}
2025-11-23 03:29:11,803 [DEBUG] PredPreyGrassEnv.env-99b9eef7: event=StepBegin | env_id=env-99b9eef7 | step=432 | incoming_actions=['prey_1', 'prey_3', 'prey_5', 'prey_0', 'prey_18', ...] | active_agents=24 | current_step=432
2025-11-23 03:29:11,804 [DEBUG] PredPreyGrassEnv.env-99b9eef7: event=PreyAteGrass | env_id=env-99b9eef7 | step=432 | prey='prey_0' | grass='grass_19' | prey_position=[140.60752112217446, 38.007458239864256] | grass_energy=10.0 | energy_gained=9.0 | prey_energy=83.15069107044063
2025-11-23 03:29:11,807 [DEBUG] PredPreyGrassEnv.env-99b9eef7: event=StepSummary | env_id=env-99b9eef7 | step=432 | current_step=432 | terminated_agents=[] | truncated_agents=[] | remaining_agents=24 | reward_preview={prey_1:-0.001, prey_3:-0.001, prey_5:-0.001, predator_5:-0.001, prey_0:1.0} | info_preview={}
2025-11-23 03:29:11,816 [DEBUG] PredPreyGrassEnv.env-99b9eef7: event=StepBegin | env_id=env-99b9eef7 | step=433 | incoming_actions=['prey_1', 'prey_3', 'prey_5', 'prey_0', 'prey_18', ...] | active_agents=24 | current_step=433
2025-11-23 03:29:11,820 [DEBUG] PredPreyGrassEnv.env-99b9eef7: event=StepSummary | env_id=env-99b9eef7 | step=433 | current_step=433 | terminated_agents=[] | truncated_agents=[] | remaining_agents=24 | reward_preview={prey_1:-0.001, prey_3:-0.001, prey_5:-0.001, predator_5:-0.001, prey_0:-0.001} | info_preview={}
2025-11-23 03:29:11,829 [DEBUG] PredPreyGrassEnv.env-99b9eef7: event=StepBegin | env_id=env-99b9eef7 | step=434 | incoming_actions=['prey_1', 'prey_3', 'prey_5', 'prey_0', 'prey_18', ...] | active_agents=24 | current_step=434
2025-11-23 03:29:11,833 [DEBUG] PredPreyGrassEnv.env-99b9eef7: event=StepSummary | env_id=env-99b9eef7 | step=434 | current_step=434 | terminated_agents=[] | truncated_agents=[] | remaining_agents=24 | reward_preview={prey_1:-0.001, prey_3:-0.001, prey_5:-0.001, predator_5:-0.001, prey_0:-0.001} | info_preview={}
2025-11-23 03:29:11,843 [DEBUG] PredPreyGrassEnv.env-99b9eef7: event=StepBegin | env_id=env-99b9eef7 | step=435 | incoming_actions=['prey_1', 'prey_3', 'prey_5', 'prey_0', 'prey_18', ...] | active_agents=24 | current_step=435
2025-11-23 03:29:11,847 [DEBUG] PredPreyGrassEnv.env-99b9eef7: event=StepSummary | env_id=env-99b9eef7 | step=435 | current_step=435 | terminated_agents=[] | truncated_agents=[] | remaining_agents=24 | reward_preview={prey_1:-0.001, prey_3:-0.001, prey_5:-0.001, predator_5:-0.001, prey_0:-0.001} | info_preview={}
2025-11-23 03:29:11,857 [DEBUG] PredPreyGrassEnv.env-99b9eef7: event=StepBegin | env_id=env-99b9eef7 | step=436 | incoming_actions=['prey_1', 'prey_3', 'prey_5', 'prey_0', 'prey_18', ...] | active_agents=24 | current_step=436
2025-11-23 03:29:11,860 [DEBUG] PredPreyGrassEnv.env-99b9eef7: event=StepSummary | env_id=env-99b9eef7 | step=436 | current_step=436 | terminated_agents=[] | truncated_agents=[] | remaining_agents=24 | reward_preview={prey_1:-0.001, prey_3:-0.001, prey_5:-0.001, predator_5:-0.001, prey_0:-0.001} | info_preview={}
2025-11-23 03:29:11,870 [DEBUG] PredPreyGrassEnv.env-99b9eef7: event=StepBegin | env_id=env-99b9eef7 | step=437 | incoming_actions=['prey_1', 'prey_3', 'prey_5', 'prey_0', 'prey_18', ...] | active_agents=24 | current_step=437
2025-11-23 03:29:11,874 [DEBUG] PredPreyGrassEnv.env-99b9eef7: event=StepSummary | env_id=env-99b9eef7 | step=437 | current_step=437 | terminated_agents=[] | truncated_agents=[] | remaining_agents=24 | reward_preview={prey_1:-0.001, prey_3:-0.001, prey_5:-0.001, predator_5:-0.001, prey_0:-0.001} | info_preview={}
2025-11-23 03:29:11,884 [DEBUG] PredPreyGrassEnv.env-99b9eef7: event=StepBegin | env_id=env-99b9eef7 | step=438 | incoming_actions=['prey_1', 'prey_3', 'prey_5', 'prey_0', 'prey_18', ...] | active_agents=24 | current_step=438
2025-11-23 03:29:11,887 [DEBUG] PredPreyGrassEnv.env-99b9eef7: event=StepSummary | env_id=env-99b9eef7 | step=438 | current_step=438 | terminated_agents=[] | truncated_agents=[] | remaining_agents=24 | reward_preview={prey_1:-0.001, prey_3:-0.001, prey_5:-0.001, predator_5:-0.001, prey_0:-0.001} | info_preview={}
2025-11-23 03:29:11,897 [DEBUG] PredPreyGrassEnv.env-99b9eef7: event=StepBegin | env_id=env-99b9eef7 | step=439 | incoming_actions=['prey_1', 'prey_3', 'prey_5', 'prey_0', 'prey_18', ...] | active_agents=24 | current_step=439
2025-11-23 03:29:11,900 [DEBUG] PredPreyGrassEnv.env-99b9eef7: event=StepSummary | env_id=env-99b9eef7 | step=439 | current_step=439 | terminated_agents=[] | truncated_agents=[] | remaining_agents=24 | reward_preview={prey_1:-0.001, prey_3:-0.001, prey_5:-0.001, predator_5:-0.001, prey_0:-0.001} | info_preview={}
2025-11-23 03:29:11,911 [DEBUG] PredPreyGrassEnv.env-99b9eef7: event=StepBegin | env_id=env-99b9eef7 | step=440 | incoming_actions=['prey_1', 'prey_3', 'prey_5', 'prey_0', 'prey_18', ...] | active_agents=24 | current_step=440
2025-11-23 03:29:11,914 [DEBUG] PredPreyGrassEnv.env-99b9eef7: event=StepSummary | env_id=env-99b9eef7 | step=440 | current_step=440 | terminated_agents=[] | truncated_agents=[] | remaining_agents=24 | reward_preview={prey_1:-0.001, prey_3:-0.001, prey_5:-0.001, predator_5:-0.001, prey_0:-0.001} | info_preview={}
2025-11-23 03:29:11,924 [DEBUG] PredPreyGrassEnv.env-99b9eef7: event=StepBegin | env_id=env-99b9eef7 | step=441 | incoming_actions=['prey_1', 'prey_3', 'prey_5', 'prey_0', 'prey_18', ...] | active_agents=24 | current_step=441
2025-11-23 03:29:11,927 [DEBUG] PredPreyGrassEnv.env-99b9eef7: event=StepSummary | env_id=env-99b9eef7 | step=441 | current_step=441 | terminated_agents=[] | truncated_agents=[] | remaining_agents=24 | reward_preview={prey_1:-0.001, prey_3:-0.001, prey_5:-0.001, predator_5:-0.001, prey_0:-0.001} | info_preview={}
2025-11-23 03:29:11,937 [DEBUG] PredPreyGrassEnv.env-99b9eef7: event=StepBegin | env_id=env-99b9eef7 | step=442 | incoming_actions=['prey_1', 'prey_3', 'prey_5', 'prey_0', 'prey_18', ...] | active_agents=24 | current_step=442
2025-11-23 03:29:11,942 [DEBUG] PredPreyGrassEnv.env-99b9eef7: event=StepSummary | env_id=env-99b9eef7 | step=442 | current_step=442 | terminated_agents=[] | truncated_agents=[] | remaining_agents=24 | reward_preview={prey_1:-0.001, prey_3:-0.001, prey_5:-0.001, predator_5:-0.001, prey_0:-0.001} | info_preview={}
2025-11-23 03:29:11,951 [DEBUG] PredPreyGrassEnv.env-99b9eef7: event=StepBegin | env_id=env-99b9eef7 | step=443 | incoming_actions=['prey_1', 'prey_3', 'prey_5', 'prey_0', 'prey_18', ...] | active_agents=24 | current_step=443
2025-11-23 03:29:11,956 [DEBUG] PredPreyGrassEnv.env-99b9eef7: event=StepSummary | env_id=env-99b9eef7 | step=443 | current_step=443 | terminated_agents=[] | truncated_agents=[] | remaining_agents=24 | reward_preview={prey_1:-0.001, prey_3:-0.001, prey_5:-0.001, predator_5:-0.001, prey_0:-0.001} | info_preview={}
2025-11-23 03:29:11,966 [DEBUG] PredPreyGrassEnv.env-99b9eef7: event=StepBegin | env_id=env-99b9eef7 | step=444 | incoming_actions=['prey_1', 'prey_3', 'prey_5', 'prey_0', 'prey_18', ...] | active_agents=24 | current_step=444
2025-11-23 03:29:11,970 [DEBUG] PredPreyGrassEnv.env-99b9eef7: event=StepSummary | env_id=env-99b9eef7 | step=444 | current_step=444 | terminated_agents=[] | truncated_agents=[] | remaining_agents=24 | reward_preview={prey_1:-0.001, prey_3:-0.001, prey_5:-0.001, predator_5:-0.001, prey_0:-0.001} | info_preview={}
2025-11-23 03:29:11,979 [DEBUG] PredPreyGrassEnv.env-99b9eef7: event=StepBegin | env_id=env-99b9eef7 | step=445 | incoming_actions=['prey_1', 'prey_3', 'prey_5', 'prey_0', 'prey_18', ...] | active_agents=24 | current_step=445
2025-11-23 03:29:11,983 [DEBUG] PredPreyGrassEnv.env-99b9eef7: event=StepSummary | env_id=env-99b9eef7 | step=445 | current_step=445 | terminated_agents=[] | truncated_agents=[] | remaining_agents=24 | reward_preview={prey_1:-0.001, prey_3:-0.001, prey_5:-0.001, predator_5:-0.001, prey_0:-0.001} | info_preview={}
2025-11-23 03:29:11,993 [DEBUG] PredPreyGrassEnv.env-99b9eef7: event=StepBegin | env_id=env-99b9eef7 | step=446 | incoming_actions=['prey_1', 'prey_3', 'prey_5', 'prey_0', 'prey_18', ...] | active_agents=24 | current_step=446
2025-11-23 03:29:11,996 [DEBUG] PredPreyGrassEnv.env-99b9eef7: event=PreyAteGrass | env_id=env-99b9eef7 | step=446 | prey='prey_4' | grass='grass_12' | prey_position=[75.98377989867616, 300.8469565308149] | grass_energy=10.0 | energy_gained=9.0 | prey_energy=68.74350068980914
2025-11-23 03:29:11,997 [DEBUG] PredPreyGrassEnv.env-99b9eef7: event=StepSummary | env_id=env-99b9eef7 | step=446 | current_step=446 | terminated_agents=[] | truncated_agents=[] | remaining_agents=24 | reward_preview={prey_1:-0.001, prey_3:-0.001, prey_5:-0.001, predator_5:-0.001, prey_0:-0.001} | info_preview={}
2025-11-23 03:29:12,006 [DEBUG] PredPreyGrassEnv.env-99b9eef7: event=StepBegin | env_id=env-99b9eef7 | step=447 | incoming_actions=['prey_1', 'prey_3', 'prey_5', 'prey_0', 'prey_18', ...] | active_agents=24 | current_step=447
2025-11-23 03:29:12,010 [DEBUG] PredPreyGrassEnv.env-99b9eef7: event=StepSummary | env_id=env-99b9eef7 | step=447 | current_step=447 | terminated_agents=[] | truncated_agents=[] | remaining_agents=24 | reward_preview={prey_1:-0.001, prey_3:-0.001, prey_5:-0.001, predator_5:-0.001, prey_0:-0.001} | info_preview={}
2025-11-23 03:29:12,020 [DEBUG] PredPreyGrassEnv.env-99b9eef7: event=StepBegin | env_id=env-99b9eef7 | step=448 | incoming_actions=['prey_1', 'prey_3', 'prey_5', 'prey_0', 'prey_18', ...] | active_agents=24 | current_step=448
2025-11-23 03:29:12,024 [DEBUG] PredPreyGrassEnv.env-99b9eef7: event=StepSummary | env_id=env-99b9eef7 | step=448 | current_step=448 | terminated_agents=[] | truncated_agents=[] | remaining_agents=24 | reward_preview={prey_1:-0.001, prey_3:-0.001, prey_5:-0.001, predator_5:-0.001, prey_0:-0.001} | info_preview={}
2025-11-23 03:29:12,033 [DEBUG] PredPreyGrassEnv.env-99b9eef7: event=StepBegin | env_id=env-99b9eef7 | step=449 | incoming_actions=['prey_1', 'prey_3', 'prey_5', 'prey_0', 'prey_18', ...] | active_agents=24 | current_step=449
2025-11-23 03:29:12,037 [DEBUG] PredPreyGrassEnv.env-99b9eef7: event=StepSummary | env_id=env-99b9eef7 | step=449 | current_step=449 | terminated_agents=[] | truncated_agents=[] | remaining_agents=24 | reward_preview={prey_1:-0.001, prey_3:-0.001, prey_5:-0.001, predator_5:-0.001, prey_0:-0.001} | info_preview={}
2025-11-23 03:29:12,047 [DEBUG] PredPreyGrassEnv.env-99b9eef7: event=StepBegin | env_id=env-99b9eef7 | step=450 | incoming_actions=['prey_1', 'prey_3', 'prey_5', 'prey_0', 'prey_18', ...] | active_agents=24 | current_step=450
2025-11-23 03:29:12,051 [DEBUG] PredPreyGrassEnv.env-99b9eef7: event=StepSummary | env_id=env-99b9eef7 | step=450 | current_step=450 | terminated_agents=[] | truncated_agents=[] | remaining_agents=24 | reward_preview={prey_1:-0.001, prey_3:-0.001, prey_5:-0.001, predator_5:-0.001, prey_0:-0.001} | info_preview={}
2025-11-23 03:29:12,061 [DEBUG] PredPreyGrassEnv.env-99b9eef7: event=StepBegin | env_id=env-99b9eef7 | step=451 | incoming_actions=['prey_1', 'prey_3', 'prey_5', 'prey_0', 'prey_18', ...] | active_agents=24 | current_step=451
2025-11-23 03:29:12,065 [DEBUG] PredPreyGrassEnv.env-99b9eef7: event=PreyAteGrass | env_id=env-99b9eef7 | step=451 | prey='prey_8' | grass='grass_3' | prey_position=[549.9038347002589, 318.1060622247008] | grass_energy=10.0 | energy_gained=9.0 | prey_energy=60.91019950054549
2025-11-23 03:29:12,065 [DEBUG] PredPreyGrassEnv.env-99b9eef7: event=StepSummary | env_id=env-99b9eef7 | step=451 | current_step=451 | terminated_agents=[] | truncated_agents=[] | remaining_agents=24 | reward_preview={prey_1:-0.001, prey_3:-0.001, prey_5:-0.001, predator_5:-0.001, prey_0:-0.001} | info_preview={}
2025-11-23 03:29:12,075 [DEBUG] PredPreyGrassEnv.env-99b9eef7: event=StepBegin | env_id=env-99b9eef7 | step=452 | incoming_actions=['prey_1', 'prey_3', 'prey_5', 'prey_0', 'prey_18', ...] | active_agents=24 | current_step=452
2025-11-23 03:29:12,079 [DEBUG] PredPreyGrassEnv.env-99b9eef7: event=PreyAteGrass | env_id=env-99b9eef7 | step=452 | prey='prey_7' | grass='grass_73' | prey_position=[64.04318488675284, 743.9257428953574] | grass_energy=10.0 | energy_gained=9.0 | prey_energy=53.78355987604552
2025-11-23 03:29:12,079 [DEBUG] PredPreyGrassEnv.env-99b9eef7: event=StepSummary | env_id=env-99b9eef7 | step=452 | current_step=452 | terminated_agents=[] | truncated_agents=[] | remaining_agents=24 | reward_preview={prey_1:-0.001, prey_3:-0.001, prey_5:-0.001, predator_5:-0.001, prey_0:-0.001} | info_preview={}
2025-11-23 03:29:12,089 [DEBUG] PredPreyGrassEnv.env-99b9eef7: event=StepBegin | env_id=env-99b9eef7 | step=453 | incoming_actions=['prey_1', 'prey_3', 'prey_5', 'prey_0', 'prey_18', ...] | active_agents=24 | current_step=453
2025-11-23 03:29:12,093 [DEBUG] PredPreyGrassEnv.env-99b9eef7: event=StepSummary | env_id=env-99b9eef7 | step=453 | current_step=453 | terminated_agents=[] | truncated_agents=[] | remaining_agents=24 | reward_preview={prey_1:-0.001, prey_3:-0.001, prey_5:-0.001, predator_5:-0.001, prey_0:-0.001} | info_preview={}
2025-11-23 03:29:12,103 [DEBUG] PredPreyGrassEnv.env-99b9eef7: event=StepBegin | env_id=env-99b9eef7 | step=454 | incoming_actions=['prey_1', 'prey_3', 'prey_5', 'prey_0', 'prey_18', ...] | active_agents=24 | current_step=454
2025-11-23 03:29:12,106 [DEBUG] PredPreyGrassEnv.env-99b9eef7: event=PreyAteGrass | env_id=env-99b9eef7 | step=454 | prey='prey_3' | grass='grass_65' | prey_position=[549.7939753397782, 768.6826011298103] | grass_energy=10.0 | energy_gained=9.0 | prey_energy=76.9000105301123
2025-11-23 03:29:12,107 [DEBUG] PredPreyGrassEnv.env-99b9eef7: event=StepSummary | env_id=env-99b9eef7 | step=454 | current_step=454 | terminated_agents=[] | truncated_agents=[] | remaining_agents=24 | reward_preview={prey_1:-0.001, prey_3:1.0, prey_5:-0.001, predator_5:-0.001, prey_0:-0.001} | info_preview={}
2025-11-23 03:29:12,116 [DEBUG] PredPreyGrassEnv.env-99b9eef7: event=StepBegin | env_id=env-99b9eef7 | step=455 | incoming_actions=['prey_1', 'prey_3', 'prey_5', 'prey_0', 'prey_18', ...] | active_agents=24 | current_step=455
2025-11-23 03:29:12,120 [DEBUG] PredPreyGrassEnv.env-99b9eef7: event=StepSummary | env_id=env-99b9eef7 | step=455 | current_step=455 | terminated_agents=[] | truncated_agents=[] | remaining_agents=24 | reward_preview={prey_1:-0.001, prey_3:-0.001, prey_5:-0.001, predator_5:-0.001, prey_0:-0.001} | info_preview={}
2025-11-23 03:29:12,130 [DEBUG] PredPreyGrassEnv.env-99b9eef7: event=StepBegin | env_id=env-99b9eef7 | step=456 | incoming_actions=['prey_1', 'prey_3', 'prey_5', 'prey_0', 'prey_18', ...] | active_agents=24 | current_step=456
2025-11-23 03:29:12,134 [DEBUG] PredPreyGrassEnv.env-99b9eef7: event=StepSummary | env_id=env-99b9eef7 | step=456 | current_step=456 | terminated_agents=[] | truncated_agents=[] | remaining_agents=24 | reward_preview={prey_1:-0.001, prey_3:-0.001, prey_5:-0.001, predator_5:-0.001, prey_0:-0.001} | info_preview={}
2025-11-23 03:29:12,144 [DEBUG] PredPreyGrassEnv.env-99b9eef7: event=StepBegin | env_id=env-99b9eef7 | step=457 | incoming_actions=['prey_1', 'prey_3', 'prey_5', 'prey_0', 'prey_18', ...] | active_agents=24 | current_step=457
2025-11-23 03:29:12,145 [DEBUG] PredPreyGrassEnv.env-99b9eef7: event=PreyAteGrass | env_id=env-99b9eef7 | step=457 | prey='prey_0' | grass='grass_79' | prey_position=[132.5506668410403, 80.45732892621888] | grass_energy=10.0 | energy_gained=9.0 | prey_energy=86.5135086025862
2025-11-23 03:29:12,148 [DEBUG] PredPreyGrassEnv.env-99b9eef7: event=StepSummary | env_id=env-99b9eef7 | step=457 | current_step=457 | terminated_agents=[] | truncated_agents=[] | remaining_agents=24 | reward_preview={prey_1:-0.001, prey_3:-0.001, prey_5:-0.001, predator_5:-0.001, prey_0:1.0} | info_preview={}
2025-11-23 03:29:12,157 [DEBUG] PredPreyGrassEnv.env-99b9eef7: event=StepBegin | env_id=env-99b9eef7 | step=458 | incoming_actions=['prey_1', 'prey_3', 'prey_5', 'prey_0', 'prey_18', ...] | active_agents=24 | current_step=458
2025-11-23 03:29:12,159 [DEBUG] PredPreyGrassEnv.env-99b9eef7: event=PreyAteGrass | env_id=env-99b9eef7 | step=458 | prey='prey_14' | grass='grass_90' | prey_position=[248.4610492416092, 468.46725756386405] | grass_energy=10.0 | energy_gained=9.0 | prey_energy=86.96598780310558
2025-11-23 03:29:12,161 [DEBUG] PredPreyGrassEnv.env-99b9eef7: event=StepSummary | env_id=env-99b9eef7 | step=458 | current_step=458 | terminated_agents=[] | truncated_agents=[] | remaining_agents=24 | reward_preview={prey_1:-0.001, prey_3:-0.001, prey_5:-0.001, predator_5:-0.001, prey_0:-0.001} | info_preview={}
2025-11-23 03:29:12,171 [DEBUG] PredPreyGrassEnv.env-99b9eef7: event=StepBegin | env_id=env-99b9eef7 | step=459 | incoming_actions=['prey_1', 'prey_3', 'prey_5', 'prey_0', 'prey_18', ...] | active_agents=24 | current_step=459
2025-11-23 03:29:12,174 [DEBUG] PredPreyGrassEnv.env-99b9eef7: event=StepSummary | env_id=env-99b9eef7 | step=459 | current_step=459 | terminated_agents=[] | truncated_agents=[] | remaining_agents=24 | reward_preview={prey_1:-0.001, prey_3:-0.001, prey_5:-0.001, predator_5:-0.001, prey_0:-0.001} | info_preview={}
2025-11-23 03:29:12,184 [DEBUG] PredPreyGrassEnv.env-99b9eef7: event=StepBegin | env_id=env-99b9eef7 | step=460 | incoming_actions=['prey_1', 'prey_3', 'prey_5', 'prey_0', 'prey_18', ...] | active_agents=24 | current_step=460
2025-11-23 03:29:12,188 [DEBUG] PredPreyGrassEnv.env-99b9eef7: event=StepSummary | env_id=env-99b9eef7 | step=460 | current_step=460 | terminated_agents=[] | truncated_agents=[] | remaining_agents=24 | reward_preview={prey_1:-0.001, prey_3:-0.001, prey_5:-0.001, predator_5:-0.001, prey_0:-0.001} | info_preview={}
2025-11-23 03:29:12,197 [DEBUG] PredPreyGrassEnv.env-99b9eef7: event=StepBegin | env_id=env-99b9eef7 | step=461 | incoming_actions=['prey_1', 'prey_3', 'prey_5', 'prey_0', 'prey_18', ...] | active_agents=24 | current_step=461
2025-11-23 03:29:12,201 [DEBUG] PredPreyGrassEnv.env-99b9eef7: event=StepSummary | env_id=env-99b9eef7 | step=461 | current_step=461 | terminated_agents=[] | truncated_agents=[] | remaining_agents=24 | reward_preview={prey_1:-0.001, prey_3:-0.001, prey_5:-0.001, predator_5:-0.001, prey_0:-0.001} | info_preview={}
2025-11-23 03:29:12,210 [DEBUG] PredPreyGrassEnv.env-99b9eef7: event=StepBegin | env_id=env-99b9eef7 | step=462 | incoming_actions=['prey_1', 'prey_3', 'prey_5', 'prey_0', 'prey_18', ...] | active_agents=24 | current_step=462
2025-11-23 03:29:12,214 [DEBUG] PredPreyGrassEnv.env-99b9eef7: event=StepSummary | env_id=env-99b9eef7 | step=462 | current_step=462 | terminated_agents=[] | truncated_agents=[] | remaining_agents=24 | reward_preview={prey_1:-0.001, prey_3:-0.001, prey_5:-0.001, predator_5:-0.001, prey_0:-0.001} | info_preview={}
2025-11-23 03:29:12,223 [DEBUG] PredPreyGrassEnv.env-99b9eef7: event=StepBegin | env_id=env-99b9eef7 | step=463 | incoming_actions=['prey_1', 'prey_3', 'prey_5', 'prey_0', 'prey_18', ...] | active_agents=24 | current_step=463
2025-11-23 03:29:12,227 [DEBUG] PredPreyGrassEnv.env-99b9eef7: event=StepSummary | env_id=env-99b9eef7 | step=463 | current_step=463 | terminated_agents=[] | truncated_agents=[] | remaining_agents=24 | reward_preview={prey_1:-0.001, prey_3:-0.001, prey_5:-0.001, predator_5:-0.001, prey_0:-0.001} | info_preview={}
2025-11-23 03:29:12,236 [DEBUG] PredPreyGrassEnv.env-99b9eef7: event=StepBegin | env_id=env-99b9eef7 | step=464 | incoming_actions=['prey_1', 'prey_3', 'prey_5', 'prey_0', 'prey_18', ...] | active_agents=24 | current_step=464
2025-11-23 03:29:12,240 [DEBUG] PredPreyGrassEnv.env-99b9eef7: event=StepSummary | env_id=env-99b9eef7 | step=464 | current_step=464 | terminated_agents=[] | truncated_agents=[] | remaining_agents=24 | reward_preview={prey_1:-0.001, prey_3:-0.001, prey_5:-0.001, predator_5:-0.001, prey_0:-0.001} | info_preview={}
2025-11-23 03:29:12,251 [DEBUG] PredPreyGrassEnv.env-99b9eef7: event=StepBegin | env_id=env-99b9eef7 | step=465 | incoming_actions=['prey_1', 'prey_3', 'prey_5', 'prey_0', 'prey_18', ...] | active_agents=24 | current_step=465
2025-11-23 03:29:12,254 [DEBUG] PredPreyGrassEnv.env-99b9eef7: event=PreyAteGrass | env_id=env-99b9eef7 | step=465 | prey='prey_3' | grass='grass_66' | prey_position=[557.7440914324942, 778.3797687911381] | grass_energy=10.0 | energy_gained=9.0 | prey_energy=83.12800938812978
2025-11-23 03:29:12,256 [DEBUG] PredPreyGrassEnv.env-99b9eef7: event=StepSummary | env_id=env-99b9eef7 | step=465 | current_step=465 | terminated_agents=[] | truncated_agents=[] | remaining_agents=24 | reward_preview={prey_1:-0.001, prey_3:1.0, prey_5:-0.001, predator_5:-0.001, prey_0:-0.001} | info_preview={}
2025-11-23 03:29:12,266 [DEBUG] PredPreyGrassEnv.env-99b9eef7: event=StepBegin | env_id=env-99b9eef7 | step=466 | incoming_actions=['prey_1', 'prey_3', 'prey_5', 'prey_0', 'prey_18', ...] | active_agents=24 | current_step=466
2025-11-23 03:29:12,270 [DEBUG] PredPreyGrassEnv.env-99b9eef7: event=StepSummary | env_id=env-99b9eef7 | step=466 | current_step=466 | terminated_agents=[] | truncated_agents=[] | remaining_agents=24 | reward_preview={prey_1:-0.001, prey_3:-0.001, prey_5:-0.001, predator_5:-0.001, prey_0:-0.001} | info_preview={}
2025-11-23 03:29:12,280 [DEBUG] PredPreyGrassEnv.env-99b9eef7: event=StepBegin | env_id=env-99b9eef7 | step=467 | incoming_actions=['prey_1', 'prey_3', 'prey_5', 'prey_0', 'prey_18', ...] | active_agents=24 | current_step=467
2025-11-23 03:29:12,284 [DEBUG] PredPreyGrassEnv.env-99b9eef7: event=StepSummary | env_id=env-99b9eef7 | step=467 | current_step=467 | terminated_agents=[] | truncated_agents=[] | remaining_agents=24 | reward_preview={prey_1:-0.001, prey_3:-0.001, prey_5:-0.001, predator_5:-0.001, prey_0:-0.001} | info_preview={}
2025-11-23 03:29:12,294 [DEBUG] PredPreyGrassEnv.env-99b9eef7: event=StepBegin | env_id=env-99b9eef7 | step=468 | incoming_actions=['prey_1', 'prey_3', 'prey_5', 'prey_0', 'prey_18', ...] | active_agents=24 | current_step=468
2025-11-23 03:29:12,299 [DEBUG] PredPreyGrassEnv.env-99b9eef7: event=PreyAteGrass | env_id=env-99b9eef7 | step=468 | prey='prey_8' | grass='grass_44' | prey_position=[519.7024392838484, 314.96053155487283] | grass_energy=10.0 | energy_gained=9.0 | prey_energy=65.96696310162164
2025-11-23 03:29:12,299 [DEBUG] PredPreyGrassEnv.env-99b9eef7: event=StepSummary | env_id=env-99b9eef7 | step=468 | current_step=468 | terminated_agents=[] | truncated_agents=[] | remaining_agents=24 | reward_preview={prey_1:-0.001, prey_3:-0.001, prey_5:-0.001, predator_5:-0.001, prey_0:-0.001} | info_preview={}
2025-11-23 03:29:12,310 [DEBUG] PredPreyGrassEnv.env-99b9eef7: event=StepBegin | env_id=env-99b9eef7 | step=469 | incoming_actions=['prey_1', 'prey_3', 'prey_5', 'prey_0', 'prey_18', ...] | active_agents=24 | current_step=469
2025-11-23 03:29:12,318 [DEBUG] PredPreyGrassEnv.env-99b9eef7: event=StepSummary | env_id=env-99b9eef7 | step=469 | current_step=469 | terminated_agents=[] | truncated_agents=[] | remaining_agents=24 | reward_preview={prey_1:-0.001, prey_3:-0.001, prey_5:-0.001, predator_5:-0.001, prey_0:-0.001} | info_preview={}
2025-11-23 03:29:12,328 [DEBUG] PredPreyGrassEnv.env-99b9eef7: event=StepBegin | env_id=env-99b9eef7 | step=470 | incoming_actions=['prey_1', 'prey_3', 'prey_5', 'prey_0', 'prey_18', ...] | active_agents=24 | current_step=470
2025-11-23 03:29:12,336 [DEBUG] PredPreyGrassEnv.env-99b9eef7: event=PreyAteGrass | env_id=env-99b9eef7 | step=470 | prey='prey_8' | grass='grass_8' | prey_position=[516.094460210071, 313.8936288489318] | grass_energy=10.0 | energy_gained=9.0 | prey_energy=74.48100143848592
2025-11-23 03:29:12,337 [DEBUG] PredPreyGrassEnv.env-99b9eef7: event=StepSummary | env_id=env-99b9eef7 | step=470 | current_step=470 | terminated_agents=[] | truncated_agents=[] | remaining_agents=24 | reward_preview={prey_1:-0.001, prey_3:-0.001, prey_5:-0.001, predator_5:-0.001, prey_0:-0.001} | info_preview={}
2025-11-23 03:29:12,360 [DEBUG] PredPreyGrassEnv.env-99b9eef7: event=StepBegin | env_id=env-99b9eef7 | step=471 | incoming_actions=['prey_1', 'prey_3', 'prey_5', 'prey_0', 'prey_18', ...] | active_agents=24 | current_step=471
2025-11-23 03:29:12,368 [DEBUG] PredPreyGrassEnv.env-99b9eef7: event=StepSummary | env_id=env-99b9eef7 | step=471 | current_step=471 | terminated_agents=[] | truncated_agents=[] | remaining_agents=24 | reward_preview={prey_1:-0.001, prey_3:-0.001, prey_5:-0.001, predator_5:-0.001, prey_0:-0.001} | info_preview={}
2025-11-23 03:29:12,384 [DEBUG] PredPreyGrassEnv.env-99b9eef7: event=StepBegin | env_id=env-99b9eef7 | step=472 | incoming_actions=['prey_1', 'prey_3', 'prey_5', 'prey_0', 'prey_18', ...] | active_agents=24 | current_step=472
2025-11-23 03:29:12,391 [DEBUG] PredPreyGrassEnv.env-99b9eef7: event=StepSummary | env_id=env-99b9eef7 | step=472 | current_step=472 | terminated_agents=[] | truncated_agents=[] | remaining_agents=24 | reward_preview={prey_1:-0.001, prey_3:-0.001, prey_5:-0.001, predator_5:-0.001, prey_0:-0.001} | info_preview={}
2025-11-23 03:29:12,401 [DEBUG] PredPreyGrassEnv.env-99b9eef7: event=StepBegin | env_id=env-99b9eef7 | step=473 | incoming_actions=['prey_1', 'prey_3', 'prey_5', 'prey_0', 'prey_18', ...] | active_agents=24 | current_step=473
2025-11-23 03:29:12,405 [DEBUG] PredPreyGrassEnv.env-99b9eef7: event=StepSummary | env_id=env-99b9eef7 | step=473 | current_step=473 | terminated_agents=[] | truncated_agents=[] | remaining_agents=24 | reward_preview={prey_1:-0.001, prey_3:-0.001, prey_5:-0.001, predator_5:-0.001, prey_0:-0.001} | info_preview={}
2025-11-23 03:29:12,414 [DEBUG] PredPreyGrassEnv.env-99b9eef7: event=StepBegin | env_id=env-99b9eef7 | step=474 | incoming_actions=['prey_1', 'prey_3', 'prey_5', 'prey_0', 'prey_18', ...] | active_agents=24 | current_step=474
2025-11-23 03:29:12,418 [DEBUG] PredPreyGrassEnv.env-99b9eef7: event=PreyAteGrass | env_id=env-99b9eef7 | step=474 | prey='prey_7' | grass='grass_55' | prey_position=[68.07484728158991, 782.8881809839867] | grass_energy=10.0 | energy_gained=9.0 | prey_energy=57.427211017229965
2025-11-23 03:29:12,418 [DEBUG] PredPreyGrassEnv.env-99b9eef7: event=StepSummary | env_id=env-99b9eef7 | step=474 | current_step=474 | terminated_agents=[] | truncated_agents=[] | remaining_agents=24 | reward_preview={prey_1:-0.001, prey_3:-0.001, prey_5:-0.001, predator_5:-0.001, prey_0:-0.001} | info_preview={}
2025-11-23 03:29:12,428 [DEBUG] PredPreyGrassEnv.env-99b9eef7: event=StepBegin | env_id=env-99b9eef7 | step=475 | incoming_actions=['prey_1', 'prey_3', 'prey_5', 'prey_0', 'prey_18', ...] | active_agents=24 | current_step=475
2025-11-23 03:29:12,431 [DEBUG] PredPreyGrassEnv.env-99b9eef7: event=StepSummary | env_id=env-99b9eef7 | step=475 | current_step=475 | terminated_agents=[] | truncated_agents=[] | remaining_agents=24 | reward_preview={prey_1:-0.001, prey_3:-0.001, prey_5:-0.001, predator_5:-0.001, prey_0:-0.001} | info_preview={}
2025-11-23 03:29:12,441 [DEBUG] PredPreyGrassEnv.env-99b9eef7: event=StepBegin | env_id=env-99b9eef7 | step=476 | incoming_actions=['prey_1', 'prey_3', 'prey_5', 'prey_0', 'prey_18', ...] | active_agents=24 | current_step=476
2025-11-23 03:29:12,445 [DEBUG] PredPreyGrassEnv.env-99b9eef7: event=StepSummary | env_id=env-99b9eef7 | step=476 | current_step=476 | terminated_agents=[] | truncated_agents=[] | remaining_agents=24 | reward_preview={prey_1:-0.001, prey_3:-0.001, prey_5:-0.001, predator_5:-0.001, prey_0:-0.001} | info_preview={}
2025-11-23 03:29:12,455 [DEBUG] PredPreyGrassEnv.env-99b9eef7: event=StepBegin | env_id=env-99b9eef7 | step=477 | incoming_actions=['prey_1', 'prey_3', 'prey_5', 'prey_0', 'prey_18', ...] | active_agents=24 | current_step=477
2025-11-23 03:29:12,460 [DEBUG] PredPreyGrassEnv.env-99b9eef7: event=StepSummary | env_id=env-99b9eef7 | step=477 | current_step=477 | terminated_agents=[] | truncated_agents=[] | remaining_agents=24 | reward_preview={prey_1:-0.001, prey_3:-0.001, prey_5:-0.001, predator_5:-0.001, prey_0:-0.001} | info_preview={}
2025-11-23 03:29:12,470 [DEBUG] PredPreyGrassEnv.env-99b9eef7: event=StepBegin | env_id=env-99b9eef7 | step=478 | incoming_actions=['prey_1', 'prey_3', 'prey_5', 'prey_0', 'prey_18', ...] | active_agents=24 | current_step=478
2025-11-23 03:29:12,474 [DEBUG] PredPreyGrassEnv.env-99b9eef7: event=StepSummary | env_id=env-99b9eef7 | step=478 | current_step=478 | terminated_agents=[] | truncated_agents=[] | remaining_agents=24 | reward_preview={prey_1:-0.001, prey_3:-0.001, prey_5:-0.001, predator_5:-0.001, prey_0:-0.001} | info_preview={}
2025-11-23 03:29:12,494 [DEBUG] PredPreyGrassEnv.env-99b9eef7: event=StepBegin | env_id=env-99b9eef7 | step=479 | incoming_actions=['prey_1', 'prey_3', 'prey_5', 'prey_0', 'prey_18', ...] | active_agents=24 | current_step=479
2025-11-23 03:29:12,504 [DEBUG] PredPreyGrassEnv.env-99b9eef7: event=StepSummary | env_id=env-99b9eef7 | step=479 | current_step=479 | terminated_agents=[] | truncated_agents=[] | remaining_agents=24 | reward_preview={prey_1:-0.001, prey_3:-0.001, prey_5:-0.001, predator_5:-0.001, prey_0:-0.001} | info_preview={}
2025-11-23 03:29:12,529 [DEBUG] PredPreyGrassEnv.env-99b9eef7: event=StepBegin | env_id=env-99b9eef7 | step=480 | incoming_actions=['prey_1', 'prey_3', 'prey_5', 'prey_0', 'prey_18', ...] | active_agents=24 | current_step=480
2025-11-23 03:29:12,533 [DEBUG] PredPreyGrassEnv.env-99b9eef7: event=PreyAteGrass | env_id=env-99b9eef7 | step=480 | prey='prey_11' | grass='grass_75' | prey_position=[781.2607962360571, 487.24903887980327] | grass_energy=10.0 | energy_gained=9.0 | prey_energy=86.67628242909545
2025-11-23 03:29:12,539 [DEBUG] PredPreyGrassEnv.env-99b9eef7: event=StepSummary | env_id=env-99b9eef7 | step=480 | current_step=480 | terminated_agents=[] | truncated_agents=[] | remaining_agents=24 | reward_preview={prey_1:-0.001, prey_3:-0.001, prey_5:-0.001, predator_5:-0.001, prey_0:-0.001} | info_preview={}
2025-11-23 03:29:12,563 [DEBUG] PredPreyGrassEnv.env-99b9eef7: event=StepBegin | env_id=env-99b9eef7 | step=481 | incoming_actions=['prey_1', 'prey_3', 'prey_5', 'prey_0', 'prey_18', ...] | active_agents=24 | current_step=481
2025-11-23 03:29:12,572 [DEBUG] PredPreyGrassEnv.env-99b9eef7: event=StepSummary | env_id=env-99b9eef7 | step=481 | current_step=481 | terminated_agents=[] | truncated_agents=[] | remaining_agents=24 | reward_preview={prey_1:-0.001, prey_3:-0.001, prey_5:-0.001, predator_5:-0.001, prey_0:-0.001} | info_preview={}
2025-11-23 03:29:12,598 [DEBUG] PredPreyGrassEnv.env-99b9eef7: event=StepBegin | env_id=env-99b9eef7 | step=482 | incoming_actions=['prey_1', 'prey_3', 'prey_5', 'prey_0', 'prey_18', ...] | active_agents=24 | current_step=482
2025-11-23 03:29:12,608 [DEBUG] PredPreyGrassEnv.env-99b9eef7: event=StepSummary | env_id=env-99b9eef7 | step=482 | current_step=482 | terminated_agents=[] | truncated_agents=[] | remaining_agents=24 | reward_preview={prey_1:-0.001, prey_3:-0.001, prey_5:-0.001, predator_5:-0.001, prey_0:-0.001} | info_preview={}
2025-11-23 03:29:12,619 [DEBUG] PredPreyGrassEnv.env-99b9eef7: event=StepBegin | env_id=env-99b9eef7 | step=483 | incoming_actions=['prey_1', 'prey_3', 'prey_5', 'prey_0', 'prey_18', ...] | active_agents=24 | current_step=483
2025-11-23 03:29:12,623 [DEBUG] PredPreyGrassEnv.env-99b9eef7: event=StepSummary | env_id=env-99b9eef7 | step=483 | current_step=483 | terminated_agents=[] | truncated_agents=[] | remaining_agents=24 | reward_preview={prey_1:-0.001, prey_3:-0.001, prey_5:-0.001, predator_5:-0.001, prey_0:-0.001} | info_preview={}
2025-11-23 03:29:12,634 [DEBUG] PredPreyGrassEnv.env-99b9eef7: event=StepBegin | env_id=env-99b9eef7 | step=484 | incoming_actions=['prey_1', 'prey_3', 'prey_5', 'prey_0', 'prey_18', ...] | active_agents=24 | current_step=484
2025-11-23 03:29:12,638 [DEBUG] PredPreyGrassEnv.env-99b9eef7: event=StepSummary | env_id=env-99b9eef7 | step=484 | current_step=484 | terminated_agents=[] | truncated_agents=[] | remaining_agents=24 | reward_preview={prey_1:-0.001, prey_3:-0.001, prey_5:-0.001, predator_5:-0.001, prey_0:-0.001} | info_preview={}
2025-11-23 03:29:12,659 [DEBUG] PredPreyGrassEnv.env-99b9eef7: event=StepBegin | env_id=env-99b9eef7 | step=485 | incoming_actions=['prey_1', 'prey_3', 'prey_5', 'prey_0', 'prey_18', ...] | active_agents=24 | current_step=485
2025-11-23 03:29:12,668 [DEBUG] PredPreyGrassEnv.env-99b9eef7: event=StepSummary | env_id=env-99b9eef7 | step=485 | current_step=485 | terminated_agents=[] | truncated_agents=[] | remaining_agents=24 | reward_preview={prey_1:-0.001, prey_3:-0.001, prey_5:-0.001, predator_5:-0.001, prey_0:-0.001} | info_preview={}
2025-11-23 03:29:12,692 [DEBUG] PredPreyGrassEnv.env-99b9eef7: event=StepBegin | env_id=env-99b9eef7 | step=486 | incoming_actions=['prey_1', 'prey_3', 'prey_5', 'prey_0', 'prey_18', ...] | active_agents=24 | current_step=486
2025-11-23 03:29:12,700 [DEBUG] PredPreyGrassEnv.env-99b9eef7: event=StepSummary | env_id=env-99b9eef7 | step=486 | current_step=486 | terminated_agents=[] | truncated_agents=[] | remaining_agents=24 | reward_preview={prey_1:-0.001, prey_3:-0.001, prey_5:-0.001, predator_5:-0.001, prey_0:-0.001} | info_preview={}
2025-11-23 03:29:12,724 [DEBUG] PredPreyGrassEnv.env-99b9eef7: event=StepBegin | env_id=env-99b9eef7 | step=487 | incoming_actions=['prey_1', 'prey_3', 'prey_5', 'prey_0', 'prey_18', ...] | active_agents=24 | current_step=487
2025-11-23 03:29:12,731 [DEBUG] PredPreyGrassEnv.env-99b9eef7: event=StepSummary | env_id=env-99b9eef7 | step=487 | current_step=487 | terminated_agents=[] | truncated_agents=[] | remaining_agents=24 | reward_preview={prey_1:-0.001, prey_3:-0.001, prey_5:-0.001, predator_5:-0.001, prey_0:-0.001} | info_preview={}
2025-11-23 03:29:12,742 [DEBUG] PredPreyGrassEnv.env-99b9eef7: event=StepBegin | env_id=env-99b9eef7 | step=488 | incoming_actions=['prey_1', 'prey_3', 'prey_5', 'prey_0', 'prey_18', ...] | active_agents=24 | current_step=488
2025-11-23 03:29:12,751 [DEBUG] PredPreyGrassEnv.env-99b9eef7: event=StepSummary | env_id=env-99b9eef7 | step=488 | current_step=488 | terminated_agents=[] | truncated_agents=[] | remaining_agents=24 | reward_preview={prey_1:-0.001, prey_3:-0.001, prey_5:-0.001, predator_5:-0.001, prey_0:-0.001} | info_preview={}
2025-11-23 03:29:12,765 [DEBUG] PredPreyGrassEnv.env-99b9eef7: event=StepBegin | env_id=env-99b9eef7 | step=489 | incoming_actions=['prey_1', 'prey_3', 'prey_5', 'prey_0', 'prey_18', ...] | active_agents=24 | current_step=489
2025-11-23 03:29:12,770 [DEBUG] PredPreyGrassEnv.env-99b9eef7: event=StepSummary | env_id=env-99b9eef7 | step=489 | current_step=489 | terminated_agents=[] | truncated_agents=[] | remaining_agents=24 | reward_preview={prey_1:-0.001, prey_3:-0.001, prey_5:-0.001, predator_5:-0.001, prey_0:-0.001} | info_preview={}
2025-11-23 03:29:12,779 [DEBUG] PredPreyGrassEnv.env-99b9eef7: event=StepBegin | env_id=env-99b9eef7 | step=490 | incoming_actions=['prey_1', 'prey_3', 'prey_5', 'prey_0', 'prey_18', ...] | active_agents=24 | current_step=490
2025-11-23 03:29:12,784 [DEBUG] PredPreyGrassEnv.env-99b9eef7: event=StepSummary | env_id=env-99b9eef7 | step=490 | current_step=490 | terminated_agents=[] | truncated_agents=[] | remaining_agents=24 | reward_preview={prey_1:-0.001, prey_3:-0.001, prey_5:-0.001, predator_5:-0.001, prey_0:-0.001} | info_preview={}
2025-11-23 03:29:12,794 [DEBUG] PredPreyGrassEnv.env-99b9eef7: event=StepBegin | env_id=env-99b9eef7 | step=491 | incoming_actions=['prey_1', 'prey_3', 'prey_5', 'prey_0', 'prey_18', ...] | active_agents=24 | current_step=491
2025-11-23 03:29:12,798 [DEBUG] PredPreyGrassEnv.env-99b9eef7: event=StepSummary | env_id=env-99b9eef7 | step=491 | current_step=491 | terminated_agents=[] | truncated_agents=[] | remaining_agents=24 | reward_preview={prey_1:-0.001, prey_3:-0.001, prey_5:-0.001, predator_5:-0.001, prey_0:-0.001} | info_preview={}
2025-11-23 03:29:12,808 [DEBUG] PredPreyGrassEnv.env-99b9eef7: event=StepBegin | env_id=env-99b9eef7 | step=492 | incoming_actions=['prey_1', 'prey_3', 'prey_5', 'prey_0', 'prey_18', ...] | active_agents=24 | current_step=492
2025-11-23 03:29:12,812 [DEBUG] PredPreyGrassEnv.env-99b9eef7: event=StepSummary | env_id=env-99b9eef7 | step=492 | current_step=492 | terminated_agents=[] | truncated_agents=[] | remaining_agents=24 | reward_preview={prey_1:-0.001, prey_3:-0.001, prey_5:-0.001, predator_5:-0.001, prey_0:-0.001} | info_preview={}
2025-11-23 03:29:12,822 [DEBUG] PredPreyGrassEnv.env-99b9eef7: event=StepBegin | env_id=env-99b9eef7 | step=493 | incoming_actions=['prey_1', 'prey_3', 'prey_5', 'prey_0', 'prey_18', ...] | active_agents=24 | current_step=493
2025-11-23 03:29:12,826 [DEBUG] PredPreyGrassEnv.env-99b9eef7: event=StepSummary | env_id=env-99b9eef7 | step=493 | current_step=493 | terminated_agents=[] | truncated_agents=[] | remaining_agents=24 | reward_preview={prey_1:-0.001, prey_3:-0.001, prey_5:-0.001, predator_5:-0.001, prey_0:-0.001} | info_preview={}
2025-11-23 03:29:12,837 [DEBUG] PredPreyGrassEnv.env-99b9eef7: event=StepBegin | env_id=env-99b9eef7 | step=494 | incoming_actions=['prey_1', 'prey_3', 'prey_5', 'prey_0', 'prey_18', ...] | active_agents=24 | current_step=494
2025-11-23 03:29:12,840 [DEBUG] PredPreyGrassEnv.env-99b9eef7: event=StepSummary | env_id=env-99b9eef7 | step=494 | current_step=494 | terminated_agents=[] | truncated_agents=[] | remaining_agents=24 | reward_preview={prey_1:-0.001, prey_3:-0.001, prey_5:-0.001, predator_5:-0.001, prey_0:-0.001} | info_preview={}
2025-11-23 03:29:12,850 [DEBUG] PredPreyGrassEnv.env-99b9eef7: event=StepBegin | env_id=env-99b9eef7 | step=495 | incoming_actions=['prey_1', 'prey_3', 'prey_5', 'prey_0', 'prey_18', ...] | active_agents=24 | current_step=495
2025-11-23 03:29:12,852 [DEBUG] PredPreyGrassEnv.env-99b9eef7: event=PreyAteGrass | env_id=env-99b9eef7 | step=495 | prey='prey_18' | grass='grass_22' | prey_position=[676.2903629206604, 610.944284077151] | grass_energy=10.0 | energy_gained=9.0 | prey_energy=75.79812028313373
2025-11-23 03:29:12,854 [DEBUG] PredPreyGrassEnv.env-99b9eef7: event=StepSummary | env_id=env-99b9eef7 | step=495 | current_step=495 | terminated_agents=[] | truncated_agents=[] | remaining_agents=24 | reward_preview={prey_1:-0.001, prey_3:-0.001, prey_5:-0.001, predator_5:-0.001, prey_0:-0.001} | info_preview={}
2025-11-23 03:29:12,863 [DEBUG] PredPreyGrassEnv.env-99b9eef7: event=StepBegin | env_id=env-99b9eef7 | step=496 | incoming_actions=['prey_1', 'prey_3', 'prey_5', 'prey_0', 'prey_18', ...] | active_agents=24 | current_step=496
2025-11-23 03:29:12,867 [DEBUG] PredPreyGrassEnv.env-99b9eef7: event=StepSummary | env_id=env-99b9eef7 | step=496 | current_step=496 | terminated_agents=[] | truncated_agents=[] | remaining_agents=24 | reward_preview={prey_1:-0.001, prey_3:-0.001, prey_5:-0.001, predator_5:-0.001, prey_0:-0.001} | info_preview={}
2025-11-23 03:29:12,876 [DEBUG] PredPreyGrassEnv.env-99b9eef7: event=StepBegin | env_id=env-99b9eef7 | step=497 | incoming_actions=['prey_1', 'prey_3', 'prey_5', 'prey_0', 'prey_18', ...] | active_agents=24 | current_step=497
2025-11-23 03:29:12,880 [DEBUG] PredPreyGrassEnv.env-99b9eef7: event=PreyAteGrass | env_id=env-99b9eef7 | step=497 | prey='prey_8' | grass='grass_7' | prey_position=[458.0794869409376, 299.823992410719] | grass_energy=10.0 | energy_gained=9.0 | prey_energy=75.94534189864952
2025-11-23 03:29:12,880 [DEBUG] PredPreyGrassEnv.env-99b9eef7: event=StepSummary | env_id=env-99b9eef7 | step=497 | current_step=497 | terminated_agents=[] | truncated_agents=[] | remaining_agents=24 | reward_preview={prey_1:-0.001, prey_3:-0.001, prey_5:-0.001, predator_5:-0.001, prey_0:-0.001} | info_preview={}
2025-11-23 03:29:12,889 [DEBUG] PredPreyGrassEnv.env-99b9eef7: event=StepBegin | env_id=env-99b9eef7 | step=498 | incoming_actions=['prey_1', 'prey_3', 'prey_5', 'prey_0', 'prey_18', ...] | active_agents=24 | current_step=498
2025-11-23 03:29:12,894 [DEBUG] PredPreyGrassEnv.env-99b9eef7: event=StepSummary | env_id=env-99b9eef7 | step=498 | current_step=498 | terminated_agents=[] | truncated_agents=[] | remaining_agents=24 | reward_preview={prey_1:-0.001, prey_3:-0.001, prey_5:-0.001, predator_5:-0.001, prey_0:-0.001} | info_preview={}
2025-11-23 03:29:12,904 [DEBUG] PredPreyGrassEnv.env-99b9eef7: event=StepBegin | env_id=env-99b9eef7 | step=499 | incoming_actions=['prey_1', 'prey_3', 'prey_5', 'prey_0', 'prey_18', ...] | active_agents=24 | current_step=499
2025-11-23 03:29:12,908 [DEBUG] PredPreyGrassEnv.env-99b9eef7: event=StepSummary | env_id=env-99b9eef7 | step=499 | current_step=499 | terminated_agents=[] | truncated_agents=[] | remaining_agents=24 | reward_preview={prey_1:-0.001, prey_3:-0.001, prey_5:-0.001, predator_5:-0.001, prey_0:-0.001} | info_preview={}
2025-11-23 03:29:12,918 [DEBUG] PredPreyGrassEnv.env-99b9eef7: event=StepBegin | env_id=env-99b9eef7 | step=500 | incoming_actions=['prey_1', 'prey_3', 'prey_5', 'prey_0', 'prey_18', ...] | active_agents=24 | current_step=500
2025-11-23 03:29:12,920 [DEBUG] PredPreyGrassEnv.env-99b9eef7: event=PreyAteGrass | env_id=env-99b9eef7 | step=500 | prey='prey_14' | grass='grass_58' | prey_position=[368.20255471907694, 537.004180047674] | grass_energy=10.0 | energy_gained=9.0 | prey_energy=78.74637071888404
2025-11-23 03:29:12,922 [DEBUG] PredPreyGrassEnv.env-99b9eef7: event=StepSummary | env_id=env-99b9eef7 | step=500 | current_step=500 | terminated_agents=[] | truncated_agents=[] | remaining_agents=24 | reward_preview={prey_1:-0.001, prey_3:-0.001, prey_5:-0.001, predator_5:-0.001, prey_0:-0.001} | info_preview={}
2025-11-23 03:29:12,932 [DEBUG] PredPreyGrassEnv.env-99b9eef7: event=StepBegin | env_id=env-99b9eef7 | step=501 | incoming_actions=['prey_1', 'prey_3', 'prey_5', 'prey_0', 'prey_18', ...] | active_agents=24 | current_step=501
2025-11-23 03:29:12,936 [DEBUG] PredPreyGrassEnv.env-99b9eef7: event=StepSummary | env_id=env-99b9eef7 | step=501 | current_step=501 | terminated_agents=[] | truncated_agents=[] | remaining_agents=24 | reward_preview={prey_1:-0.001, prey_3:-0.001, prey_5:-0.001, predator_5:-0.001, prey_0:-0.001} | info_preview={}
2025-11-23 03:29:12,946 [DEBUG] PredPreyGrassEnv.env-99b9eef7: event=StepBegin | env_id=env-99b9eef7 | step=502 | incoming_actions=['prey_1', 'prey_3', 'prey_5', 'prey_0', 'prey_18', ...] | active_agents=24 | current_step=502
2025-11-23 03:29:12,950 [DEBUG] PredPreyGrassEnv.env-99b9eef7: event=StepSummary | env_id=env-99b9eef7 | step=502 | current_step=502 | terminated_agents=[] | truncated_agents=[] | remaining_agents=24 | reward_preview={prey_1:-0.001, prey_3:-0.001, prey_5:-0.001, predator_5:-0.001, prey_0:-0.001} | info_preview={}
2025-11-23 03:29:12,960 [DEBUG] PredPreyGrassEnv.env-99b9eef7: event=StepBegin | env_id=env-99b9eef7 | step=503 | incoming_actions=['prey_1', 'prey_3', 'prey_5', 'prey_0', 'prey_18', ...] | active_agents=24 | current_step=503
2025-11-23 03:29:12,964 [DEBUG] PredPreyGrassEnv.env-99b9eef7: event=StepSummary | env_id=env-99b9eef7 | step=503 | current_step=503 | terminated_agents=[] | truncated_agents=[] | remaining_agents=24 | reward_preview={prey_1:-0.001, prey_3:-0.001, prey_5:-0.001, predator_5:-0.001, prey_0:-0.001} | info_preview={}
2025-11-23 03:29:12,974 [DEBUG] PredPreyGrassEnv.env-99b9eef7: event=StepBegin | env_id=env-99b9eef7 | step=504 | incoming_actions=['prey_1', 'prey_3', 'prey_5', 'prey_0', 'prey_18', ...] | active_agents=24 | current_step=504
2025-11-23 03:29:12,978 [DEBUG] PredPreyGrassEnv.env-99b9eef7: event=StepSummary | env_id=env-99b9eef7 | step=504 | current_step=504 | terminated_agents=[] | truncated_agents=[] | remaining_agents=24 | reward_preview={prey_1:-0.001, prey_3:-0.001, prey_5:-0.001, predator_5:-0.001, prey_0:-0.001} | info_preview={}
2025-11-23 03:29:12,988 [DEBUG] PredPreyGrassEnv.env-99b9eef7: event=StepBegin | env_id=env-99b9eef7 | step=505 | incoming_actions=['prey_1', 'prey_3', 'prey_5', 'prey_0', 'prey_18', ...] | active_agents=24 | current_step=505
2025-11-23 03:29:12,992 [DEBUG] PredPreyGrassEnv.env-99b9eef7: event=StepSummary | env_id=env-99b9eef7 | step=505 | current_step=505 | terminated_agents=[] | truncated_agents=[] | remaining_agents=24 | reward_preview={prey_1:-0.001, prey_3:-0.001, prey_5:-0.001, predator_5:-0.001, prey_0:-0.001} | info_preview={}
2025-11-23 03:29:13,002 [DEBUG] PredPreyGrassEnv.env-99b9eef7: event=StepBegin | env_id=env-99b9eef7 | step=506 | incoming_actions=['prey_1', 'prey_3', 'prey_5', 'prey_0', 'prey_18', ...] | active_agents=24 | current_step=506
2025-11-23 03:29:13,005 [DEBUG] PredPreyGrassEnv.env-99b9eef7: event=StepSummary | env_id=env-99b9eef7 | step=506 | current_step=506 | terminated_agents=[] | truncated_agents=[] | remaining_agents=24 | reward_preview={prey_1:-0.001, prey_3:-0.001, prey_5:-0.001, predator_5:-0.001, prey_0:-0.001} | info_preview={}
2025-11-23 03:29:13,015 [DEBUG] PredPreyGrassEnv.env-99b9eef7: event=StepBegin | env_id=env-99b9eef7 | step=507 | incoming_actions=['prey_1', 'prey_3', 'prey_5', 'prey_0', 'prey_18', ...] | active_agents=24 | current_step=507
2025-11-23 03:29:13,019 [DEBUG] PredPreyGrassEnv.env-99b9eef7: event=StepSummary | env_id=env-99b9eef7 | step=507 | current_step=507 | terminated_agents=[] | truncated_agents=[] | remaining_agents=24 | reward_preview={prey_1:-0.001, prey_3:-0.001, prey_5:-0.001, predator_5:-0.001, prey_0:-0.001} | info_preview={}
2025-11-23 03:29:13,028 [DEBUG] PredPreyGrassEnv.env-99b9eef7: event=StepBegin | env_id=env-99b9eef7 | step=508 | incoming_actions=['prey_1', 'prey_3', 'prey_5', 'prey_0', 'prey_18', ...] | active_agents=24 | current_step=508
2025-11-23 03:29:13,031 [DEBUG] PredPreyGrassEnv.env-99b9eef7: event=StepSummary | env_id=env-99b9eef7 | step=508 | current_step=508 | terminated_agents=[] | truncated_agents=[] | remaining_agents=24 | reward_preview={prey_1:-0.001, prey_3:-0.001, prey_5:-0.001, predator_5:-0.001, prey_0:-0.001} | info_preview={}
2025-11-23 03:29:13,041 [DEBUG] PredPreyGrassEnv.env-99b9eef7: event=StepBegin | env_id=env-99b9eef7 | step=509 | incoming_actions=['prey_1', 'prey_3', 'prey_5', 'prey_0', 'prey_18', ...] | active_agents=24 | current_step=509
2025-11-23 03:29:13,044 [DEBUG] PredPreyGrassEnv.env-99b9eef7: event=StepSummary | env_id=env-99b9eef7 | step=509 | current_step=509 | terminated_agents=[] | truncated_agents=[] | remaining_agents=24 | reward_preview={prey_1:-0.001, prey_3:-0.001, prey_5:-0.001, predator_5:-0.001, prey_0:-0.001} | info_preview={}
2025-11-23 03:29:13,053 [DEBUG] PredPreyGrassEnv.env-99b9eef7: event=StepBegin | env_id=env-99b9eef7 | step=510 | incoming_actions=['prey_1', 'prey_3', 'prey_5', 'prey_0', 'prey_18', ...] | active_agents=24 | current_step=510
2025-11-23 03:29:13,057 [DEBUG] PredPreyGrassEnv.env-99b9eef7: event=StepSummary | env_id=env-99b9eef7 | step=510 | current_step=510 | terminated_agents=[] | truncated_agents=[] | remaining_agents=24 | reward_preview={prey_1:-0.001, prey_3:-0.001, prey_5:-0.001, predator_5:-0.001, prey_0:-0.001} | info_preview={}
2025-11-23 03:29:13,067 [DEBUG] PredPreyGrassEnv.env-99b9eef7: event=StepBegin | env_id=env-99b9eef7 | step=511 | incoming_actions=['prey_1', 'prey_3', 'prey_5', 'prey_0', 'prey_18', ...] | active_agents=24 | current_step=511
2025-11-23 03:29:13,070 [DEBUG] PredPreyGrassEnv.env-99b9eef7: event=StepSummary | env_id=env-99b9eef7 | step=511 | current_step=511 | terminated_agents=[] | truncated_agents=[] | remaining_agents=24 | reward_preview={prey_1:-0.001, prey_3:-0.001, prey_5:-0.001, predator_5:-0.001, prey_0:-0.001} | info_preview={}
2025-11-23 03:29:13,079 [DEBUG] PredPreyGrassEnv.env-99b9eef7: event=StepBegin | env_id=env-99b9eef7 | step=512 | incoming_actions=['prey_1', 'prey_3', 'prey_5', 'prey_0', 'prey_18', ...] | active_agents=24 | current_step=512
2025-11-23 03:29:13,083 [DEBUG] PredPreyGrassEnv.env-99b9eef7: event=StepSummary | env_id=env-99b9eef7 | step=512 | current_step=512 | terminated_agents=[] | truncated_agents=[] | remaining_agents=24 | reward_preview={prey_1:-0.001, prey_3:-0.001, prey_5:-0.001, predator_5:-0.001, prey_0:-0.001} | info_preview={}
2025-11-23 03:29:13,092 [DEBUG] PredPreyGrassEnv.env-99b9eef7: event=StepBegin | env_id=env-99b9eef7 | step=513 | incoming_actions=['prey_1', 'prey_3', 'prey_5', 'prey_0', 'prey_18', ...] | active_agents=24 | current_step=513
2025-11-23 03:29:13,096 [DEBUG] PredPreyGrassEnv.env-99b9eef7: event=StepSummary | env_id=env-99b9eef7 | step=513 | current_step=513 | terminated_agents=[] | truncated_agents=[] | remaining_agents=24 | reward_preview={prey_1:-0.001, prey_3:-0.001, prey_5:-0.001, predator_5:-0.001, prey_0:-0.001} | info_preview={}
2025-11-23 03:29:13,105 [DEBUG] PredPreyGrassEnv.env-99b9eef7: event=StepBegin | env_id=env-99b9eef7 | step=514 | incoming_actions=['prey_1', 'prey_3', 'prey_5', 'prey_0', 'prey_18', ...] | active_agents=24 | current_step=514
2025-11-23 03:29:13,109 [DEBUG] PredPreyGrassEnv.env-99b9eef7: event=StepSummary | env_id=env-99b9eef7 | step=514 | current_step=514 | terminated_agents=[] | truncated_agents=[] | remaining_agents=24 | reward_preview={prey_1:-0.001, prey_3:-0.001, prey_5:-0.001, predator_5:-0.001, prey_0:-0.001} | info_preview={}
2025-11-23 03:29:13,118 [DEBUG] PredPreyGrassEnv.env-99b9eef7: event=StepBegin | env_id=env-99b9eef7 | step=515 | incoming_actions=['prey_1', 'prey_3', 'prey_5', 'prey_0', 'prey_18', ...] | active_agents=24 | current_step=515
2025-11-23 03:29:13,122 [DEBUG] PredPreyGrassEnv.env-99b9eef7: event=StepSummary | env_id=env-99b9eef7 | step=515 | current_step=515 | terminated_agents=[] | truncated_agents=[] | remaining_agents=24 | reward_preview={prey_1:-0.001, prey_3:-0.001, prey_5:-0.001, predator_5:-0.001, prey_0:-0.001} | info_preview={}
2025-11-23 03:29:13,131 [DEBUG] PredPreyGrassEnv.env-99b9eef7: event=StepBegin | env_id=env-99b9eef7 | step=516 | incoming_actions=['prey_1', 'prey_3', 'prey_5', 'prey_0', 'prey_18', ...] | active_agents=24 | current_step=516
2025-11-23 03:29:13,135 [DEBUG] PredPreyGrassEnv.env-99b9eef7: event=StepSummary | env_id=env-99b9eef7 | step=516 | current_step=516 | terminated_agents=[] | truncated_agents=[] | remaining_agents=24 | reward_preview={prey_1:-0.001, prey_3:-0.001, prey_5:-0.001, predator_5:-0.001, prey_0:-0.001} | info_preview={}
2025-11-23 03:29:13,144 [DEBUG] PredPreyGrassEnv.env-99b9eef7: event=StepBegin | env_id=env-99b9eef7 | step=517 | incoming_actions=['prey_1', 'prey_3', 'prey_5', 'prey_0', 'prey_18', ...] | active_agents=24 | current_step=517
2025-11-23 03:29:13,148 [DEBUG] PredPreyGrassEnv.env-99b9eef7: event=StepSummary | env_id=env-99b9eef7 | step=517 | current_step=517 | terminated_agents=[] | truncated_agents=[] | remaining_agents=24 | reward_preview={prey_1:-0.001, prey_3:-0.001, prey_5:-0.001, predator_5:-0.001, prey_0:-0.001} | info_preview={}
2025-11-23 03:29:13,157 [DEBUG] PredPreyGrassEnv.env-99b9eef7: event=StepBegin | env_id=env-99b9eef7 | step=518 | incoming_actions=['prey_1', 'prey_3', 'prey_5', 'prey_0', 'prey_18', ...] | active_agents=24 | current_step=518
2025-11-23 03:29:13,161 [DEBUG] PredPreyGrassEnv.env-99b9eef7: event=StepSummary | env_id=env-99b9eef7 | step=518 | current_step=518 | terminated_agents=[] | truncated_agents=[] | remaining_agents=24 | reward_preview={prey_1:-0.001, prey_3:-0.001, prey_5:-0.001, predator_5:-0.001, prey_0:-0.001} | info_preview={}
2025-11-23 03:29:13,170 [DEBUG] PredPreyGrassEnv.env-99b9eef7: event=StepBegin | env_id=env-99b9eef7 | step=519 | incoming_actions=['prey_1', 'prey_3', 'prey_5', 'prey_0', 'prey_18', ...] | active_agents=24 | current_step=519
2025-11-23 03:29:13,174 [DEBUG] PredPreyGrassEnv.env-99b9eef7: event=StepSummary | env_id=env-99b9eef7 | step=519 | current_step=519 | terminated_agents=[] | truncated_agents=[] | remaining_agents=24 | reward_preview={prey_1:-0.001, prey_3:-0.001, prey_5:-0.001, predator_5:-0.001, prey_0:-0.001} | info_preview={}
2025-11-23 03:29:13,183 [DEBUG] PredPreyGrassEnv.env-99b9eef7: event=StepBegin | env_id=env-99b9eef7 | step=520 | incoming_actions=['prey_1', 'prey_3', 'prey_5', 'prey_0', 'prey_18', ...] | active_agents=24 | current_step=520
2025-11-23 03:29:13,186 [DEBUG] PredPreyGrassEnv.env-99b9eef7: event=PreyAteGrass | env_id=env-99b9eef7 | step=520 | prey='prey_4' | grass='grass_96' | prey_position=[144.23612341749464, 218.43091743884727] | grass_energy=10.0 | energy_gained=9.0 | prey_energy=62.219423321428216
2025-11-23 03:29:13,187 [DEBUG] PredPreyGrassEnv.env-99b9eef7: event=StepSummary | env_id=env-99b9eef7 | step=520 | current_step=520 | terminated_agents=[] | truncated_agents=[] | remaining_agents=24 | reward_preview={prey_1:-0.001, prey_3:-0.001, prey_5:-0.001, predator_5:-0.001, prey_0:-0.001} | info_preview={}
2025-11-23 03:29:13,196 [DEBUG] PredPreyGrassEnv.env-99b9eef7: event=StepBegin | env_id=env-99b9eef7 | step=521 | incoming_actions=['prey_1', 'prey_3', 'prey_5', 'prey_0', 'prey_18', ...] | active_agents=24 | current_step=521
2025-11-23 03:29:13,200 [DEBUG] PredPreyGrassEnv.env-99b9eef7: event=StepSummary | env_id=env-99b9eef7 | step=521 | current_step=521 | terminated_agents=[] | truncated_agents=[] | remaining_agents=24 | reward_preview={prey_1:-0.001, prey_3:-0.001, prey_5:-0.001, predator_5:-0.001, prey_0:-0.001} | info_preview={}
2025-11-23 03:29:13,209 [DEBUG] PredPreyGrassEnv.env-99b9eef7: event=StepBegin | env_id=env-99b9eef7 | step=522 | incoming_actions=['prey_1', 'prey_3', 'prey_5', 'prey_0', 'prey_18', ...] | active_agents=24 | current_step=522
2025-11-23 03:29:13,213 [DEBUG] PredPreyGrassEnv.env-99b9eef7: event=StepSummary | env_id=env-99b9eef7 | step=522 | current_step=522 | terminated_agents=[] | truncated_agents=[] | remaining_agents=24 | reward_preview={prey_1:-0.001, prey_3:-0.001, prey_5:-0.001, predator_5:-0.001, prey_0:-0.001} | info_preview={}
2025-11-23 03:29:13,222 [DEBUG] PredPreyGrassEnv.env-99b9eef7: event=StepBegin | env_id=env-99b9eef7 | step=523 | incoming_actions=['prey_1', 'prey_3', 'prey_5', 'prey_0', 'prey_18', ...] | active_agents=24 | current_step=523
2025-11-23 03:29:13,226 [DEBUG] PredPreyGrassEnv.env-99b9eef7: event=StepSummary | env_id=env-99b9eef7 | step=523 | current_step=523 | terminated_agents=[] | truncated_agents=[] | remaining_agents=24 | reward_preview={prey_1:-0.001, prey_3:-0.001, prey_5:-0.001, predator_5:-0.001, prey_0:-0.001} | info_preview={}
2025-11-23 03:29:13,235 [DEBUG] PredPreyGrassEnv.env-99b9eef7: event=StepBegin | env_id=env-99b9eef7 | step=524 | incoming_actions=['prey_1', 'prey_3', 'prey_5', 'prey_0', 'prey_18', ...] | active_agents=24 | current_step=524
2025-11-23 03:29:13,238 [DEBUG] PredPreyGrassEnv.env-99b9eef7: event=StepSummary | env_id=env-99b9eef7 | step=524 | current_step=524 | terminated_agents=[] | truncated_agents=[] | remaining_agents=24 | reward_preview={prey_1:-0.001, prey_3:-0.001, prey_5:-0.001, predator_5:-0.001, prey_0:-0.001} | info_preview={}
2025-11-23 03:29:13,248 [DEBUG] PredPreyGrassEnv.env-99b9eef7: event=StepBegin | env_id=env-99b9eef7 | step=525 | incoming_actions=['prey_1', 'prey_3', 'prey_5', 'prey_0', 'prey_18', ...] | active_agents=24 | current_step=525
2025-11-23 03:29:13,251 [DEBUG] PredPreyGrassEnv.env-99b9eef7: event=StepSummary | env_id=env-99b9eef7 | step=525 | current_step=525 | terminated_agents=[] | truncated_agents=[] | remaining_agents=24 | reward_preview={prey_1:-0.001, prey_3:-0.001, prey_5:-0.001, predator_5:-0.001, prey_0:-0.001} | info_preview={}
2025-11-23 03:29:13,260 [DEBUG] PredPreyGrassEnv.env-99b9eef7: event=StepBegin | env_id=env-99b9eef7 | step=526 | incoming_actions=['prey_1', 'prey_3', 'prey_5', 'prey_0', 'prey_18', ...] | active_agents=24 | current_step=526
2025-11-23 03:29:13,264 [DEBUG] PredPreyGrassEnv.env-99b9eef7: event=StepSummary | env_id=env-99b9eef7 | step=526 | current_step=526 | terminated_agents=[] | truncated_agents=[] | remaining_agents=24 | reward_preview={prey_1:-0.001, prey_3:-0.001, prey_5:-0.001, predator_5:-0.001, prey_0:-0.001} | info_preview={}
2025-11-23 03:29:13,273 [DEBUG] PredPreyGrassEnv.env-99b9eef7: event=StepBegin | env_id=env-99b9eef7 | step=527 | incoming_actions=['prey_1', 'prey_3', 'prey_5', 'prey_0', 'prey_18', ...] | active_agents=24 | current_step=527
2025-11-23 03:29:13,277 [DEBUG] PredPreyGrassEnv.env-99b9eef7: event=StepSummary | env_id=env-99b9eef7 | step=527 | current_step=527 | terminated_agents=[] | truncated_agents=[] | remaining_agents=24 | reward_preview={prey_1:-0.001, prey_3:-0.001, prey_5:-0.001, predator_5:-0.001, prey_0:-0.001} | info_preview={}
2025-11-23 03:29:13,285 [DEBUG] PredPreyGrassEnv.env-99b9eef7: event=StepBegin | env_id=env-99b9eef7 | step=528 | incoming_actions=['prey_1', 'prey_3', 'prey_5', 'prey_0', 'prey_18', ...] | active_agents=24 | current_step=528
2025-11-23 03:29:13,289 [DEBUG] PredPreyGrassEnv.env-99b9eef7: event=StepSummary | env_id=env-99b9eef7 | step=528 | current_step=528 | terminated_agents=[] | truncated_agents=[] | remaining_agents=24 | reward_preview={prey_1:-0.001, prey_3:-0.001, prey_5:-0.001, predator_5:-0.001, prey_0:-0.001} | info_preview={}
2025-11-23 03:29:13,298 [DEBUG] PredPreyGrassEnv.env-99b9eef7: event=StepBegin | env_id=env-99b9eef7 | step=529 | incoming_actions=['prey_1', 'prey_3', 'prey_5', 'prey_0', 'prey_18', ...] | active_agents=24 | current_step=529
2025-11-23 03:29:13,302 [DEBUG] PredPreyGrassEnv.env-99b9eef7: event=StepSummary | env_id=env-99b9eef7 | step=529 | current_step=529 | terminated_agents=[] | truncated_agents=[] | remaining_agents=24 | reward_preview={prey_1:-0.001, prey_3:-0.001, prey_5:-0.001, predator_5:-0.001, prey_0:-0.001} | info_preview={}
2025-11-23 03:29:13,311 [DEBUG] PredPreyGrassEnv.env-99b9eef7: event=StepBegin | env_id=env-99b9eef7 | step=530 | incoming_actions=['prey_1', 'prey_3', 'prey_5', 'prey_0', 'prey_18', ...] | active_agents=24 | current_step=530
2025-11-23 03:29:13,315 [DEBUG] PredPreyGrassEnv.env-99b9eef7: event=StepSummary | env_id=env-99b9eef7 | step=530 | current_step=530 | terminated_agents=[] | truncated_agents=[] | remaining_agents=24 | reward_preview={prey_1:-0.001, prey_3:-0.001, prey_5:-0.001, predator_5:-0.001, prey_0:-0.001} | info_preview={}
2025-11-23 03:29:13,324 [DEBUG] PredPreyGrassEnv.env-99b9eef7: event=StepBegin | env_id=env-99b9eef7 | step=531 | incoming_actions=['prey_1', 'prey_3', 'prey_5', 'prey_0', 'prey_18', ...] | active_agents=24 | current_step=531
2025-11-23 03:29:13,327 [DEBUG] PredPreyGrassEnv.env-99b9eef7: event=StepSummary | env_id=env-99b9eef7 | step=531 | current_step=531 | terminated_agents=[] | truncated_agents=[] | remaining_agents=24 | reward_preview={prey_1:-0.001, prey_3:-0.001, prey_5:-0.001, predator_5:-0.001, prey_0:-0.001} | info_preview={}
2025-11-23 03:29:13,336 [DEBUG] PredPreyGrassEnv.env-99b9eef7: event=StepBegin | env_id=env-99b9eef7 | step=532 | incoming_actions=['prey_1', 'prey_3', 'prey_5', 'prey_0', 'prey_18', ...] | active_agents=24 | current_step=532
2025-11-23 03:29:13,340 [DEBUG] PredPreyGrassEnv.env-99b9eef7: event=StepSummary | env_id=env-99b9eef7 | step=532 | current_step=532 | terminated_agents=[] | truncated_agents=[] | remaining_agents=24 | reward_preview={prey_1:-0.001, prey_3:-0.001, prey_5:-0.001, predator_5:-0.001, prey_0:-0.001} | info_preview={}
2025-11-23 03:29:13,349 [DEBUG] PredPreyGrassEnv.env-99b9eef7: event=StepBegin | env_id=env-99b9eef7 | step=533 | incoming_actions=['prey_1', 'prey_3', 'prey_5', 'prey_0', 'prey_18', ...] | active_agents=24 | current_step=533
2025-11-23 03:29:13,353 [DEBUG] PredPreyGrassEnv.env-99b9eef7: event=StepSummary | env_id=env-99b9eef7 | step=533 | current_step=533 | terminated_agents=[] | truncated_agents=[] | remaining_agents=24 | reward_preview={prey_1:-0.001, prey_3:-0.001, prey_5:-0.001, predator_5:-0.001, prey_0:-0.001} | info_preview={}
2025-11-23 03:29:13,362 [DEBUG] PredPreyGrassEnv.env-99b9eef7: event=StepBegin | env_id=env-99b9eef7 | step=534 | incoming_actions=['prey_1', 'prey_3', 'prey_5', 'prey_0', 'prey_18', ...] | active_agents=24 | current_step=534
2025-11-23 03:29:13,364 [DEBUG] PredPreyGrassEnv.env-99b9eef7: event=PreyAteGrass | env_id=env-99b9eef7 | step=534 | prey='prey_14' | grass='grass_92' | prey_position=[429.912800749851, 613.4391116956001] | grass_energy=10.0 | energy_gained=9.0 | prey_energy=75.32225449379077
2025-11-23 03:29:13,366 [DEBUG] PredPreyGrassEnv.env-99b9eef7: event=StepSummary | env_id=env-99b9eef7 | step=534 | current_step=534 | terminated_agents=[] | truncated_agents=[] | remaining_agents=24 | reward_preview={prey_1:-0.001, prey_3:-0.001, prey_5:-0.001, predator_5:-0.001, prey_0:-0.001} | info_preview={}
2025-11-23 03:29:13,375 [DEBUG] PredPreyGrassEnv.env-99b9eef7: event=StepBegin | env_id=env-99b9eef7 | step=535 | incoming_actions=['prey_1', 'prey_3', 'prey_5', 'prey_0', 'prey_18', ...] | active_agents=24 | current_step=535
2025-11-23 03:29:13,378 [DEBUG] PredPreyGrassEnv.env-99b9eef7: event=StepSummary | env_id=env-99b9eef7 | step=535 | current_step=535 | terminated_agents=[] | truncated_agents=[] | remaining_agents=24 | reward_preview={prey_1:-0.001, prey_3:-0.001, prey_5:-0.001, predator_5:-0.001, prey_0:-0.001} | info_preview={}
2025-11-23 03:29:13,387 [DEBUG] PredPreyGrassEnv.env-99b9eef7: event=StepBegin | env_id=env-99b9eef7 | step=536 | incoming_actions=['prey_1', 'prey_3', 'prey_5', 'prey_0', 'prey_18', ...] | active_agents=24 | current_step=536
2025-11-23 03:29:13,391 [DEBUG] PredPreyGrassEnv.env-99b9eef7: event=StepSummary | env_id=env-99b9eef7 | step=536 | current_step=536 | terminated_agents=[] | truncated_agents=[] | remaining_agents=24 | reward_preview={prey_1:-0.001, prey_3:-0.001, prey_5:-0.001, predator_5:-0.001, prey_0:-0.001} | info_preview={}
2025-11-23 03:29:13,400 [DEBUG] PredPreyGrassEnv.env-99b9eef7: event=StepBegin | env_id=env-99b9eef7 | step=537 | incoming_actions=['prey_1', 'prey_3', 'prey_5', 'prey_0', 'prey_18', ...] | active_agents=24 | current_step=537
2025-11-23 03:29:13,404 [DEBUG] PredPreyGrassEnv.env-99b9eef7: event=StepSummary | env_id=env-99b9eef7 | step=537 | current_step=537 | terminated_agents=[] | truncated_agents=[] | remaining_agents=24 | reward_preview={prey_1:-0.001, prey_3:-0.001, prey_5:-0.001, predator_5:-0.001, prey_0:-0.001} | info_preview={}
2025-11-23 03:29:13,413 [DEBUG] PredPreyGrassEnv.env-99b9eef7: event=StepBegin | env_id=env-99b9eef7 | step=538 | incoming_actions=['prey_1', 'prey_3', 'prey_5', 'prey_0', 'prey_18', ...] | active_agents=24 | current_step=538
2025-11-23 03:29:13,417 [DEBUG] PredPreyGrassEnv.env-99b9eef7: event=StepSummary | env_id=env-99b9eef7 | step=538 | current_step=538 | terminated_agents=[] | truncated_agents=[] | remaining_agents=24 | reward_preview={prey_1:-0.001, prey_3:-0.001, prey_5:-0.001, predator_5:-0.001, prey_0:-0.001} | info_preview={}
2025-11-23 03:29:13,429 [DEBUG] PredPreyGrassEnv.env-99b9eef7: event=StepBegin | env_id=env-99b9eef7 | step=539 | incoming_actions=['prey_1', 'prey_3', 'prey_5', 'prey_0', 'prey_18', ...] | active_agents=24 | current_step=539
2025-11-23 03:29:13,437 [DEBUG] PredPreyGrassEnv.env-99b9eef7: event=StepSummary | env_id=env-99b9eef7 | step=539 | current_step=539 | terminated_agents=[] | truncated_agents=[] | remaining_agents=24 | reward_preview={prey_1:-0.001, prey_3:-0.001, prey_5:-0.001, predator_5:-0.001, prey_0:-0.001} | info_preview={}
2025-11-23 03:29:13,460 [DEBUG] PredPreyGrassEnv.env-99b9eef7: event=StepBegin | env_id=env-99b9eef7 | step=540 | incoming_actions=['prey_1', 'prey_3', 'prey_5', 'prey_0', 'prey_18', ...] | active_agents=24 | current_step=540
2025-11-23 03:29:13,468 [DEBUG] PredPreyGrassEnv.env-99b9eef7: event=StepSummary | env_id=env-99b9eef7 | step=540 | current_step=540 | terminated_agents=[] | truncated_agents=[] | remaining_agents=24 | reward_preview={prey_1:-0.001, prey_3:-0.001, prey_5:-0.001, predator_5:-0.001, prey_0:-0.001} | info_preview={}
2025-11-23 03:29:13,490 [DEBUG] PredPreyGrassEnv.env-99b9eef7: event=StepBegin | env_id=env-99b9eef7 | step=541 | incoming_actions=['prey_1', 'prey_3', 'prey_5', 'prey_0', 'prey_18', ...] | active_agents=24 | current_step=541
2025-11-23 03:29:13,495 [DEBUG] PredPreyGrassEnv.env-99b9eef7: event=PreyAteGrass | env_id=env-99b9eef7 | step=541 | prey='prey_14' | grass='grass_57' | prey_position=[441.49047810787454, 630.436109196625] | grass_energy=10.0 | energy_gained=9.0 | prey_energy=81.77649827635605
2025-11-23 03:29:13,499 [DEBUG] PredPreyGrassEnv.env-99b9eef7: event=StepSummary | env_id=env-99b9eef7 | step=541 | current_step=541 | terminated_agents=[] | truncated_agents=[] | remaining_agents=24 | reward_preview={prey_1:-0.001, prey_3:-0.001, prey_5:-0.001, predator_5:-0.001, prey_0:-0.001} | info_preview={}
2025-11-23 03:29:13,521 [DEBUG] PredPreyGrassEnv.env-99b9eef7: event=StepBegin | env_id=env-99b9eef7 | step=542 | incoming_actions=['prey_1', 'prey_3', 'prey_5', 'prey_0', 'prey_18', ...] | active_agents=24 | current_step=542
2025-11-23 03:29:13,530 [DEBUG] PredPreyGrassEnv.env-99b9eef7: event=StepSummary | env_id=env-99b9eef7 | step=542 | current_step=542 | terminated_agents=[] | truncated_agents=[] | remaining_agents=24 | reward_preview={prey_1:-0.001, prey_3:-0.001, prey_5:-0.001, predator_5:-0.001, prey_0:-0.001} | info_preview={}
2025-11-23 03:29:13,552 [DEBUG] PredPreyGrassEnv.env-99b9eef7: event=StepBegin | env_id=env-99b9eef7 | step=543 | incoming_actions=['prey_1', 'prey_3', 'prey_5', 'prey_0', 'prey_18', ...] | active_agents=24 | current_step=543
2025-11-23 03:29:13,561 [DEBUG] PredPreyGrassEnv.env-99b9eef7: event=StepSummary | env_id=env-99b9eef7 | step=543 | current_step=543 | terminated_agents=[] | truncated_agents=[] | remaining_agents=24 | reward_preview={prey_1:-0.001, prey_3:-0.001, prey_5:-0.001, predator_5:-0.001, prey_0:-0.001} | info_preview={}
2025-11-23 03:29:13,584 [DEBUG] PredPreyGrassEnv.env-99b9eef7: event=StepBegin | env_id=env-99b9eef7 | step=544 | incoming_actions=['prey_1', 'prey_3', 'prey_5', 'prey_0', 'prey_18', ...] | active_agents=24 | current_step=544
2025-11-23 03:29:13,592 [DEBUG] PredPreyGrassEnv.env-99b9eef7: event=StepSummary | env_id=env-99b9eef7 | step=544 | current_step=544 | terminated_agents=[] | truncated_agents=[] | remaining_agents=24 | reward_preview={prey_1:-0.001, prey_3:-0.001, prey_5:-0.001, predator_5:-0.001, prey_0:-0.001} | info_preview={}
2025-11-23 03:29:13,615 [DEBUG] PredPreyGrassEnv.env-99b9eef7: event=StepBegin | env_id=env-99b9eef7 | step=545 | incoming_actions=['prey_1', 'prey_3', 'prey_5', 'prey_0', 'prey_18', ...] | active_agents=24 | current_step=545
2025-11-23 03:29:13,624 [DEBUG] PredPreyGrassEnv.env-99b9eef7: event=StepSummary | env_id=env-99b9eef7 | step=545 | current_step=545 | terminated_agents=[] | truncated_agents=[] | remaining_agents=24 | reward_preview={prey_1:-0.001, prey_3:-0.001, prey_5:-0.001, predator_5:-0.001, prey_0:-0.001} | info_preview={}
2025-11-23 03:29:13,645 [DEBUG] PredPreyGrassEnv.env-99b9eef7: event=StepBegin | env_id=env-99b9eef7 | step=546 | incoming_actions=['prey_1', 'prey_3', 'prey_5', 'prey_0', 'prey_18', ...] | active_agents=24 | current_step=546
2025-11-23 03:29:13,649 [DEBUG] PredPreyGrassEnv.env-99b9eef7: event=StepSummary | env_id=env-99b9eef7 | step=546 | current_step=546 | terminated_agents=[] | truncated_agents=[] | remaining_agents=24 | reward_preview={prey_1:-0.001, prey_3:-0.001, prey_5:-0.001, predator_5:-0.001, prey_0:-0.001} | info_preview={}
2025-11-23 03:29:13,660 [DEBUG] PredPreyGrassEnv.env-99b9eef7: event=StepBegin | env_id=env-99b9eef7 | step=547 | incoming_actions=['prey_1', 'prey_3', 'prey_5', 'prey_0', 'prey_18', ...] | active_agents=24 | current_step=547
2025-11-23 03:29:13,664 [DEBUG] PredPreyGrassEnv.env-99b9eef7: event=StepSummary | env_id=env-99b9eef7 | step=547 | current_step=547 | terminated_agents=[] | truncated_agents=[] | remaining_agents=24 | reward_preview={prey_1:-0.001, prey_3:-0.001, prey_5:-0.001, predator_5:-0.001, prey_0:-0.001} | info_preview={}
2025-11-23 03:29:13,673 [DEBUG] PredPreyGrassEnv.env-99b9eef7: event=StepBegin | env_id=env-99b9eef7 | step=548 | incoming_actions=['prey_1', 'prey_3', 'prey_5', 'prey_0', 'prey_18', ...] | active_agents=24 | current_step=548
2025-11-23 03:29:13,677 [DEBUG] PredPreyGrassEnv.env-99b9eef7: event=StepSummary | env_id=env-99b9eef7 | step=548 | current_step=548 | terminated_agents=[] | truncated_agents=[] | remaining_agents=24 | reward_preview={prey_1:-0.001, prey_3:-0.001, prey_5:-0.001, predator_5:-0.001, prey_0:-0.001} | info_preview={}
2025-11-23 03:29:13,686 [DEBUG] PredPreyGrassEnv.env-99b9eef7: event=StepBegin | env_id=env-99b9eef7 | step=549 | incoming_actions=['prey_1', 'prey_3', 'prey_5', 'prey_0', 'prey_18', ...] | active_agents=24 | current_step=549
2025-11-23 03:29:13,690 [DEBUG] PredPreyGrassEnv.env-99b9eef7: event=StepSummary | env_id=env-99b9eef7 | step=549 | current_step=549 | terminated_agents=[] | truncated_agents=[] | remaining_agents=24 | reward_preview={prey_1:-0.001, prey_3:-0.001, prey_5:-0.001, predator_5:-0.001, prey_0:-0.001} | info_preview={}
2025-11-23 03:29:13,699 [DEBUG] PredPreyGrassEnv.env-99b9eef7: event=StepBegin | env_id=env-99b9eef7 | step=550 | incoming_actions=['prey_1', 'prey_3', 'prey_5', 'prey_0', 'prey_18', ...] | active_agents=24 | current_step=550
2025-11-23 03:29:13,703 [DEBUG] PredPreyGrassEnv.env-99b9eef7: event=StepSummary | env_id=env-99b9eef7 | step=550 | current_step=550 | terminated_agents=[] | truncated_agents=[] | remaining_agents=24 | reward_preview={prey_1:-0.001, prey_3:-0.001, prey_5:-0.001, predator_5:-0.001, prey_0:-0.001} | info_preview={}
2025-11-23 03:29:13,712 [DEBUG] PredPreyGrassEnv.env-99b9eef7: event=StepBegin | env_id=env-99b9eef7 | step=551 | incoming_actions=['prey_1', 'prey_3', 'prey_5', 'prey_0', 'prey_18', ...] | active_agents=24 | current_step=551
2025-11-23 03:29:13,716 [DEBUG] PredPreyGrassEnv.env-99b9eef7: event=StepSummary | env_id=env-99b9eef7 | step=551 | current_step=551 | terminated_agents=[] | truncated_agents=[] | remaining_agents=24 | reward_preview={prey_1:-0.001, prey_3:-0.001, prey_5:-0.001, predator_5:-0.001, prey_0:-0.001} | info_preview={}
2025-11-23 03:29:13,725 [DEBUG] PredPreyGrassEnv.env-99b9eef7: event=StepBegin | env_id=env-99b9eef7 | step=552 | incoming_actions=['prey_1', 'prey_3', 'prey_5', 'prey_0', 'prey_18', ...] | active_agents=24 | current_step=552
2025-11-23 03:29:13,728 [DEBUG] PredPreyGrassEnv.env-99b9eef7: event=StepSummary | env_id=env-99b9eef7 | step=552 | current_step=552 | terminated_agents=[] | truncated_agents=[] | remaining_agents=24 | reward_preview={prey_1:-0.001, prey_3:-0.001, prey_5:-0.001, predator_5:-0.001, prey_0:-0.001} | info_preview={}
2025-11-23 03:29:13,737 [DEBUG] PredPreyGrassEnv.env-99b9eef7: event=StepBegin | env_id=env-99b9eef7 | step=553 | incoming_actions=['prey_1', 'prey_3', 'prey_5', 'prey_0', 'prey_18', ...] | active_agents=24 | current_step=553
2025-11-23 03:29:13,741 [DEBUG] PredPreyGrassEnv.env-99b9eef7: event=StepSummary | env_id=env-99b9eef7 | step=553 | current_step=553 | terminated_agents=[] | truncated_agents=[] | remaining_agents=24 | reward_preview={prey_1:-0.001, prey_3:-0.001, prey_5:-0.001, predator_5:-0.001, prey_0:-0.001} | info_preview={}
2025-11-23 03:29:13,750 [DEBUG] PredPreyGrassEnv.env-99b9eef7: event=StepBegin | env_id=env-99b9eef7 | step=554 | incoming_actions=['prey_1', 'prey_3', 'prey_5', 'prey_0', 'prey_18', ...] | active_agents=24 | current_step=554
2025-11-23 03:29:13,753 [DEBUG] PredPreyGrassEnv.env-99b9eef7: event=OffspringCreated | env_id=env-99b9eef7 | step=554 | parent_a='predator_2' | parent_b='predator_4' | offspring='predator_6' | distance=78.50088598874022
2025-11-23 03:29:13,753 [DEBUG] PredPreyGrassEnv.env-99b9eef7: event=StepSummary | env_id=env-99b9eef7 | step=554 | current_step=554 | terminated_agents=[] | truncated_agents=[] | remaining_agents=25 | reward_preview={prey_1:-0.001, prey_3:-0.001, predator_6:0.0, prey_5:-0.001, predator_5:-0.001} | info_preview={}
2025-11-23 03:29:13,763 [DEBUG] PredPreyGrassEnv.env-99b9eef7: event=StepBegin | env_id=env-99b9eef7 | step=555 | incoming_actions=['prey_1', 'prey_3', 'prey_5', 'prey_0', 'prey_18', ...] | active_agents=25 | current_step=555
2025-11-23 03:29:13,767 [DEBUG] PredPreyGrassEnv.env-99b9eef7: event=StepSummary | env_id=env-99b9eef7 | step=555 | current_step=555 | terminated_agents=[] | truncated_agents=[] | remaining_agents=25 | reward_preview={prey_1:-0.001, prey_3:-0.001, predator_6:-0.001, prey_5:-0.001, predator_5:-0.001} | info_preview={}
2025-11-23 03:29:13,776 [DEBUG] PredPreyGrassEnv.env-99b9eef7: event=StepBegin | env_id=env-99b9eef7 | step=556 | incoming_actions=['prey_1', 'prey_3', 'prey_5', 'prey_0', 'prey_18', ...] | active_agents=25 | current_step=556
2025-11-23 03:29:13,780 [DEBUG] PredPreyGrassEnv.env-99b9eef7: event=StepSummary | env_id=env-99b9eef7 | step=556 | current_step=556 | terminated_agents=[] | truncated_agents=[] | remaining_agents=25 | reward_preview={prey_1:-0.001, prey_3:-0.001, predator_6:-0.001, prey_5:-0.001, predator_5:-0.001} | info_preview={}
2025-11-23 03:29:13,789 [DEBUG] PredPreyGrassEnv.env-99b9eef7: event=StepBegin | env_id=env-99b9eef7 | step=557 | incoming_actions=['prey_1', 'prey_3', 'prey_5', 'prey_0', 'prey_18', ...] | active_agents=25 | current_step=557
2025-11-23 03:29:13,793 [DEBUG] PredPreyGrassEnv.env-99b9eef7: event=StepSummary | env_id=env-99b9eef7 | step=557 | current_step=557 | terminated_agents=[] | truncated_agents=[] | remaining_agents=25 | reward_preview={prey_1:-0.001, prey_3:-0.001, predator_6:-0.001, prey_5:-0.001, predator_5:-0.001} | info_preview={}
2025-11-23 03:29:13,802 [DEBUG] PredPreyGrassEnv.env-99b9eef7: event=StepBegin | env_id=env-99b9eef7 | step=558 | incoming_actions=['prey_1', 'prey_3', 'prey_5', 'prey_0', 'prey_18', ...] | active_agents=25 | current_step=558
2025-11-23 03:29:13,806 [DEBUG] PredPreyGrassEnv.env-99b9eef7: event=StepSummary | env_id=env-99b9eef7 | step=558 | current_step=558 | terminated_agents=[] | truncated_agents=[] | remaining_agents=25 | reward_preview={prey_1:-0.001, prey_3:-0.001, predator_6:-0.001, prey_5:-0.001, predator_5:-0.001} | info_preview={}
2025-11-23 03:29:13,815 [DEBUG] PredPreyGrassEnv.env-99b9eef7: event=StepBegin | env_id=env-99b9eef7 | step=559 | incoming_actions=['prey_1', 'prey_3', 'prey_5', 'prey_0', 'prey_18', ...] | active_agents=25 | current_step=559
2025-11-23 03:29:13,819 [DEBUG] PredPreyGrassEnv.env-99b9eef7: event=StepSummary | env_id=env-99b9eef7 | step=559 | current_step=559 | terminated_agents=[] | truncated_agents=[] | remaining_agents=25 | reward_preview={prey_1:-0.001, prey_3:-0.001, predator_6:-0.001, prey_5:-0.001, predator_5:-0.001} | info_preview={}
2025-11-23 03:29:13,828 [DEBUG] PredPreyGrassEnv.env-99b9eef7: event=StepBegin | env_id=env-99b9eef7 | step=560 | incoming_actions=['prey_1', 'prey_3', 'prey_5', 'prey_0', 'prey_18', ...] | active_agents=25 | current_step=560
2025-11-23 03:29:13,831 [DEBUG] PredPreyGrassEnv.env-99b9eef7: event=PreyAteGrass | env_id=env-99b9eef7 | step=560 | prey='prey_19' | grass='grass_68' | prey_position=[51.66663755330932, 64.2790603140292] | grass_energy=10.0 | energy_gained=9.0 | prey_energy=98.31840520809061
2025-11-23 03:29:13,832 [DEBUG] PredPreyGrassEnv.env-99b9eef7: event=StepSummary | env_id=env-99b9eef7 | step=560 | current_step=560 | terminated_agents=[] | truncated_agents=[] | remaining_agents=25 | reward_preview={prey_1:-0.001, prey_3:-0.001, predator_6:-0.001, prey_5:-0.001, predator_5:-0.001} | info_preview={}
2025-11-23 03:29:13,841 [DEBUG] PredPreyGrassEnv.env-99b9eef7: event=StepBegin | env_id=env-99b9eef7 | step=561 | incoming_actions=['prey_1', 'prey_3', 'prey_5', 'prey_0', 'prey_18', ...] | active_agents=25 | current_step=561
2025-11-23 03:29:13,845 [DEBUG] PredPreyGrassEnv.env-99b9eef7: event=StepSummary | env_id=env-99b9eef7 | step=561 | current_step=561 | terminated_agents=[] | truncated_agents=[] | remaining_agents=25 | reward_preview={prey_1:-0.001, prey_3:-0.001, predator_6:-0.001, prey_5:-0.001, predator_5:-0.001} | info_preview={}
2025-11-23 03:29:13,854 [DEBUG] PredPreyGrassEnv.env-99b9eef7: event=StepBegin | env_id=env-99b9eef7 | step=562 | incoming_actions=['prey_1', 'prey_3', 'prey_5', 'prey_0', 'prey_18', ...] | active_agents=25 | current_step=562
2025-11-23 03:29:13,858 [DEBUG] PredPreyGrassEnv.env-99b9eef7: event=StepSummary | env_id=env-99b9eef7 | step=562 | current_step=562 | terminated_agents=[] | truncated_agents=[] | remaining_agents=25 | reward_preview={prey_1:-0.001, prey_3:-0.001, predator_6:-0.001, prey_5:-0.001, predator_5:-0.001} | info_preview={}
2025-11-23 03:29:13,867 [DEBUG] PredPreyGrassEnv.env-99b9eef7: event=StepBegin | env_id=env-99b9eef7 | step=563 | incoming_actions=['prey_1', 'prey_3', 'prey_5', 'prey_0', 'prey_18', ...] | active_agents=25 | current_step=563
2025-11-23 03:29:13,871 [DEBUG] PredPreyGrassEnv.env-99b9eef7: event=StepSummary | env_id=env-99b9eef7 | step=563 | current_step=563 | terminated_agents=[] | truncated_agents=[] | remaining_agents=25 | reward_preview={prey_1:-0.001, prey_3:-0.001, predator_6:-0.001, prey_5:-0.001, predator_5:-0.001} | info_preview={}
2025-11-23 03:29:13,880 [DEBUG] PredPreyGrassEnv.env-99b9eef7: event=StepBegin | env_id=env-99b9eef7 | step=564 | incoming_actions=['prey_1', 'prey_3', 'prey_5', 'prey_0', 'prey_18', ...] | active_agents=25 | current_step=564
2025-11-23 03:29:13,884 [DEBUG] PredPreyGrassEnv.env-99b9eef7: event=StepSummary | env_id=env-99b9eef7 | step=564 | current_step=564 | terminated_agents=[] | truncated_agents=[] | remaining_agents=25 | reward_preview={prey_1:-0.001, prey_3:-0.001, predator_6:-0.001, prey_5:-0.001, predator_5:-0.001} | info_preview={}
2025-11-23 03:29:13,893 [DEBUG] PredPreyGrassEnv.env-99b9eef7: event=StepBegin | env_id=env-99b9eef7 | step=565 | incoming_actions=['prey_1', 'prey_3', 'prey_5', 'prey_0', 'prey_18', ...] | active_agents=25 | current_step=565
2025-11-23 03:29:13,897 [DEBUG] PredPreyGrassEnv.env-99b9eef7: event=StepSummary | env_id=env-99b9eef7 | step=565 | current_step=565 | terminated_agents=[] | truncated_agents=[] | remaining_agents=25 | reward_preview={prey_1:-0.001, prey_3:-0.001, predator_6:-0.001, prey_5:-0.001, predator_5:-0.001} | info_preview={}
2025-11-23 03:29:13,906 [DEBUG] PredPreyGrassEnv.env-99b9eef7: event=StepBegin | env_id=env-99b9eef7 | step=566 | incoming_actions=['prey_1', 'prey_3', 'prey_5', 'prey_0', 'prey_18', ...] | active_agents=25 | current_step=566
2025-11-23 03:29:13,908 [DEBUG] PredPreyGrassEnv.env-99b9eef7: event=PreyAteGrass | env_id=env-99b9eef7 | step=566 | prey='prey_15' | grass='grass_45' | prey_position=[685.715401862624, 60.31181327248472] | grass_energy=10.0 | energy_gained=9.0 | prey_energy=101.80139539074702
2025-11-23 03:29:13,910 [DEBUG] PredPreyGrassEnv.env-99b9eef7: event=StepSummary | env_id=env-99b9eef7 | step=566 | current_step=566 | terminated_agents=[] | truncated_agents=[] | remaining_agents=25 | reward_preview={prey_1:-0.001, prey_3:-0.001, predator_6:-0.001, prey_5:-0.001, predator_5:-0.001} | info_preview={}
2025-11-23 03:29:13,918 [DEBUG] PredPreyGrassEnv.env-99b9eef7: event=StepBegin | env_id=env-99b9eef7 | step=567 | incoming_actions=['prey_1', 'prey_3', 'prey_5', 'prey_0', 'prey_18', ...] | active_agents=25 | current_step=567
2025-11-23 03:29:13,922 [DEBUG] PredPreyGrassEnv.env-99b9eef7: event=StepSummary | env_id=env-99b9eef7 | step=567 | current_step=567 | terminated_agents=[] | truncated_agents=[] | remaining_agents=25 | reward_preview={prey_1:-0.001, prey_3:-0.001, predator_6:-0.001, prey_5:-0.001, predator_5:-0.001} | info_preview={}
2025-11-23 03:29:13,931 [DEBUG] PredPreyGrassEnv.env-99b9eef7: event=StepBegin | env_id=env-99b9eef7 | step=568 | incoming_actions=['prey_1', 'prey_3', 'prey_5', 'prey_0', 'prey_18', ...] | active_agents=25 | current_step=568
2025-11-23 03:29:13,935 [DEBUG] PredPreyGrassEnv.env-99b9eef7: event=PreyAteGrass | env_id=env-99b9eef7 | step=568 | prey='prey_3' | grass='grass_17' | prey_position=[574.9223678188554, 749.2753800814874] | grass_energy=10.0 | energy_gained=9.0 | prey_energy=82.12315871045223
2025-11-23 03:29:13,935 [DEBUG] PredPreyGrassEnv.env-99b9eef7: event=PreyAteGrass | env_id=env-99b9eef7 | step=568 | prey='prey_6' | grass='grass_82' | prey_position=[148.05751393709025, 621.788855133382] | grass_energy=10.0 | energy_gained=9.0 | prey_energy=80.83917936752763
2025-11-23 03:29:13,936 [DEBUG] PredPreyGrassEnv.env-99b9eef7: event=StepSummary | env_id=env-99b9eef7 | step=568 | current_step=568 | terminated_agents=[] | truncated_agents=[] | remaining_agents=25 | reward_preview={prey_1:-0.001, prey_3:1.0, predator_6:-0.001, prey_5:-0.001, predator_5:-0.001} | info_preview={}
2025-11-23 03:29:13,945 [DEBUG] PredPreyGrassEnv.env-99b9eef7: event=StepBegin | env_id=env-99b9eef7 | step=569 | incoming_actions=['prey_1', 'prey_3', 'prey_5', 'prey_0', 'prey_18', ...] | active_agents=25 | current_step=569
2025-11-23 03:29:13,949 [DEBUG] PredPreyGrassEnv.env-99b9eef7: event=StepSummary | env_id=env-99b9eef7 | step=569 | current_step=569 | terminated_agents=[] | truncated_agents=[] | remaining_agents=25 | reward_preview={prey_1:-0.001, prey_3:-0.001, predator_6:-0.001, prey_5:-0.001, predator_5:-0.001} | info_preview={}
2025-11-23 03:29:13,958 [DEBUG] PredPreyGrassEnv.env-99b9eef7: event=StepBegin | env_id=env-99b9eef7 | step=570 | incoming_actions=['prey_1', 'prey_3', 'prey_5', 'prey_0', 'prey_18', ...] | active_agents=25 | current_step=570
2025-11-23 03:29:13,962 [DEBUG] PredPreyGrassEnv.env-99b9eef7: event=StepSummary | env_id=env-99b9eef7 | step=570 | current_step=570 | terminated_agents=[] | truncated_agents=[] | remaining_agents=25 | reward_preview={prey_1:-0.001, prey_3:-0.001, predator_6:-0.001, prey_5:-0.001, predator_5:-0.001} | info_preview={}
2025-11-23 03:29:13,971 [DEBUG] PredPreyGrassEnv.env-99b9eef7: event=StepBegin | env_id=env-99b9eef7 | step=571 | incoming_actions=['prey_1', 'prey_3', 'prey_5', 'prey_0', 'prey_18', ...] | active_agents=25 | current_step=571
2025-11-23 03:29:13,975 [DEBUG] PredPreyGrassEnv.env-99b9eef7: event=StepSummary | env_id=env-99b9eef7 | step=571 | current_step=571 | terminated_agents=[] | truncated_agents=[] | remaining_agents=25 | reward_preview={prey_1:-0.001, prey_3:-0.001, predator_6:-0.001, prey_5:-0.001, predator_5:-0.001} | info_preview={}
2025-11-23 03:29:13,984 [DEBUG] PredPreyGrassEnv.env-99b9eef7: event=StepBegin | env_id=env-99b9eef7 | step=572 | incoming_actions=['prey_1', 'prey_3', 'prey_5', 'prey_0', 'prey_18', ...] | active_agents=25 | current_step=572
2025-11-23 03:29:13,988 [DEBUG] PredPreyGrassEnv.env-99b9eef7: event=StepSummary | env_id=env-99b9eef7 | step=572 | current_step=572 | terminated_agents=[] | truncated_agents=[] | remaining_agents=25 | reward_preview={prey_1:-0.001, prey_3:-0.001, predator_6:-0.001, prey_5:-0.001, predator_5:-0.001} | info_preview={}
2025-11-23 03:29:13,997 [DEBUG] PredPreyGrassEnv.env-99b9eef7: event=StepBegin | env_id=env-99b9eef7 | step=573 | incoming_actions=['prey_1', 'prey_3', 'prey_5', 'prey_0', 'prey_18', ...] | active_agents=25 | current_step=573
2025-11-23 03:29:14,001 [DEBUG] PredPreyGrassEnv.env-99b9eef7: event=StepSummary | env_id=env-99b9eef7 | step=573 | current_step=573 | terminated_agents=[] | truncated_agents=[] | remaining_agents=25 | reward_preview={prey_1:-0.001, prey_3:-0.001, predator_6:-0.001, prey_5:-0.001, predator_5:-0.001} | info_preview={}
2025-11-23 03:29:14,022 [DEBUG] PredPreyGrassEnv.env-99b9eef7: event=StepBegin | env_id=env-99b9eef7 | step=574 | incoming_actions=['prey_1', 'prey_3', 'prey_5', 'prey_0', 'prey_18', ...] | active_agents=25 | current_step=574
2025-11-23 03:29:14,031 [DEBUG] PredPreyGrassEnv.env-99b9eef7: event=StepSummary | env_id=env-99b9eef7 | step=574 | current_step=574 | terminated_agents=[] | truncated_agents=[] | remaining_agents=25 | reward_preview={prey_1:-0.001, prey_3:-0.001, predator_6:-0.001, prey_5:-0.001, predator_5:-0.001} | info_preview={}
2025-11-23 03:29:14,051 [DEBUG] PredPreyGrassEnv.env-99b9eef7: event=StepBegin | env_id=env-99b9eef7 | step=575 | incoming_actions=['prey_1', 'prey_3', 'prey_5', 'prey_0', 'prey_18', ...] | active_agents=25 | current_step=575
2025-11-23 03:29:14,054 [DEBUG] PredPreyGrassEnv.env-99b9eef7: event=StepSummary | env_id=env-99b9eef7 | step=575 | current_step=575 | terminated_agents=[] | truncated_agents=[] | remaining_agents=25 | reward_preview={prey_1:-0.001, prey_3:-0.001, predator_6:-0.001, prey_5:-0.001, predator_5:-0.001} | info_preview={}
2025-11-23 03:29:14,072 [DEBUG] PredPreyGrassEnv.env-99b9eef7: event=StepBegin | env_id=env-99b9eef7 | step=576 | incoming_actions=['prey_1', 'prey_3', 'prey_5', 'prey_0', 'prey_18', ...] | active_agents=25 | current_step=576
2025-11-23 03:29:14,081 [DEBUG] PredPreyGrassEnv.env-99b9eef7: event=StepSummary | env_id=env-99b9eef7 | step=576 | current_step=576 | terminated_agents=[] | truncated_agents=[] | remaining_agents=25 | reward_preview={prey_1:-0.001, prey_3:-0.001, predator_6:-0.001, prey_5:-0.001, predator_5:-0.001} | info_preview={}
2025-11-23 03:29:14,098 [DEBUG] PredPreyGrassEnv.env-99b9eef7: event=StepBegin | env_id=env-99b9eef7 | step=577 | incoming_actions=['prey_1', 'prey_3', 'prey_5', 'prey_0', 'prey_18', ...] | active_agents=25 | current_step=577
2025-11-23 03:29:14,106 [DEBUG] PredPreyGrassEnv.env-99b9eef7: event=StepSummary | env_id=env-99b9eef7 | step=577 | current_step=577 | terminated_agents=[] | truncated_agents=[] | remaining_agents=25 | reward_preview={prey_1:-0.001, prey_3:-0.001, predator_6:-0.001, prey_5:-0.001, predator_5:-0.001} | info_preview={}
2025-11-23 03:29:14,116 [DEBUG] PredPreyGrassEnv.env-99b9eef7: event=StepBegin | env_id=env-99b9eef7 | step=578 | incoming_actions=['prey_1', 'prey_3', 'prey_5', 'prey_0', 'prey_18', ...] | active_agents=25 | current_step=578
2025-11-23 03:29:14,120 [DEBUG] PredPreyGrassEnv.env-99b9eef7: event=StepSummary | env_id=env-99b9eef7 | step=578 | current_step=578 | terminated_agents=[] | truncated_agents=[] | remaining_agents=25 | reward_preview={prey_1:-0.001, prey_3:-0.001, predator_6:-0.001, prey_5:-0.001, predator_5:-0.001} | info_preview={}
2025-11-23 03:29:14,129 [DEBUG] PredPreyGrassEnv.env-99b9eef7: event=StepBegin | env_id=env-99b9eef7 | step=579 | incoming_actions=['prey_1', 'prey_3', 'prey_5', 'prey_0', 'prey_18', ...] | active_agents=25 | current_step=579
2025-11-23 03:29:14,133 [DEBUG] PredPreyGrassEnv.env-99b9eef7: event=StepSummary | env_id=env-99b9eef7 | step=579 | current_step=579 | terminated_agents=[] | truncated_agents=[] | remaining_agents=25 | reward_preview={prey_1:-0.001, prey_3:-0.001, predator_6:-0.001, prey_5:-0.001, predator_5:-0.001} | info_preview={}
2025-11-23 03:29:14,142 [DEBUG] PredPreyGrassEnv.env-99b9eef7: event=StepBegin | env_id=env-99b9eef7 | step=580 | incoming_actions=['prey_1', 'prey_3', 'prey_5', 'prey_0', 'prey_18', ...] | active_agents=25 | current_step=580
2025-11-23 03:29:14,142 [DEBUG] PredPreyGrassEnv.env-99b9eef7: event=CollisionBatch | env_id=env-99b9eef7 | step=580 | collisions=[['prey_eat_grass', 'prey_18', 'grass_75']]
2025-11-23 03:29:14,146 [DEBUG] PredPreyGrassEnv.env-99b9eef7: event=StepSummary | env_id=env-99b9eef7 | step=580 | current_step=580 | terminated_agents=[] | truncated_agents=[] | remaining_agents=25 | reward_preview={prey_1:-0.001, prey_3:-0.001, predator_6:-0.001, prey_5:-0.001, predator_5:-0.001} | info_preview={}
2025-11-23 03:29:14,154 [DEBUG] PredPreyGrassEnv.env-99b9eef7: event=StepBegin | env_id=env-99b9eef7 | step=581 | incoming_actions=['prey_1', 'prey_3', 'prey_5', 'prey_0', 'prey_18', ...] | active_agents=25 | current_step=581
2025-11-23 03:29:14,156 [DEBUG] PredPreyGrassEnv.env-99b9eef7: event=PreyAteGrass | env_id=env-99b9eef7 | step=581 | prey='prey_0' | grass='grass_61' | prey_position=[26.609852821318967, 140.93297154506922] | grass_energy=10.0 | energy_gained=9.0 | prey_energy=65.41595634277826
2025-11-23 03:29:14,158 [DEBUG] PredPreyGrassEnv.env-99b9eef7: event=StepSummary | env_id=env-99b9eef7 | step=581 | current_step=581 | terminated_agents=[] | truncated_agents=[] | remaining_agents=25 | reward_preview={prey_1:-0.001, prey_3:-0.001, predator_6:-0.001, prey_5:-0.001, predator_5:-0.001} | info_preview={}
2025-11-23 03:29:14,167 [DEBUG] PredPreyGrassEnv.env-99b9eef7: event=StepBegin | env_id=env-99b9eef7 | step=582 | incoming_actions=['prey_1', 'prey_3', 'prey_5', 'prey_0', 'prey_18', ...] | active_agents=25 | current_step=582
2025-11-23 03:29:14,171 [DEBUG] PredPreyGrassEnv.env-99b9eef7: event=StepSummary | env_id=env-99b9eef7 | step=582 | current_step=582 | terminated_agents=[] | truncated_agents=[] | remaining_agents=25 | reward_preview={prey_1:-0.001, prey_3:-0.001, predator_6:-0.001, prey_5:-0.001, predator_5:-0.001} | info_preview={}
2025-11-23 03:29:14,181 [DEBUG] PredPreyGrassEnv.env-99b9eef7: event=StepBegin | env_id=env-99b9eef7 | step=583 | incoming_actions=['prey_1', 'prey_3', 'prey_5', 'prey_0', 'prey_18', ...] | active_agents=25 | current_step=583
2025-11-23 03:29:14,184 [DEBUG] PredPreyGrassEnv.env-99b9eef7: event=StepSummary | env_id=env-99b9eef7 | step=583 | current_step=583 | terminated_agents=[] | truncated_agents=[] | remaining_agents=25 | reward_preview={prey_1:-0.001, prey_3:-0.001, predator_6:-0.001, prey_5:-0.001, predator_5:-0.001} | info_preview={}
2025-11-23 03:29:14,193 [DEBUG] PredPreyGrassEnv.env-99b9eef7: event=StepBegin | env_id=env-99b9eef7 | step=584 | incoming_actions=['prey_1', 'prey_3', 'prey_5', 'prey_0', 'prey_18', ...] | active_agents=25 | current_step=584
2025-11-23 03:29:14,197 [DEBUG] PredPreyGrassEnv.env-99b9eef7: event=StepSummary | env_id=env-99b9eef7 | step=584 | current_step=584 | terminated_agents=[] | truncated_agents=[] | remaining_agents=25 | reward_preview={prey_1:-0.001, prey_3:-0.001, predator_6:-0.001, prey_5:-0.001, predator_5:-0.001} | info_preview={}
2025-11-23 03:29:14,206 [DEBUG] PredPreyGrassEnv.env-99b9eef7: event=StepBegin | env_id=env-99b9eef7 | step=585 | incoming_actions=['prey_1', 'prey_3', 'prey_5', 'prey_0', 'prey_18', ...] | active_agents=25 | current_step=585
2025-11-23 03:29:14,210 [DEBUG] PredPreyGrassEnv.env-99b9eef7: event=StepSummary | env_id=env-99b9eef7 | step=585 | current_step=585 | terminated_agents=[] | truncated_agents=[] | remaining_agents=25 | reward_preview={prey_1:-0.001, prey_3:-0.001, predator_6:-0.001, prey_5:-0.001, predator_5:-0.001} | info_preview={}
2025-11-23 03:29:14,218 [DEBUG] PredPreyGrassEnv.env-99b9eef7: event=StepBegin | env_id=env-99b9eef7 | step=586 | incoming_actions=['prey_1', 'prey_3', 'prey_5', 'prey_0', 'prey_18', ...] | active_agents=25 | current_step=586
2025-11-23 03:29:14,222 [DEBUG] PredPreyGrassEnv.env-99b9eef7: event=StepSummary | env_id=env-99b9eef7 | step=586 | current_step=586 | terminated_agents=[] | truncated_agents=[] | remaining_agents=25 | reward_preview={prey_1:-0.001, prey_3:-0.001, predator_6:-0.001, prey_5:-0.001, predator_5:-0.001} | info_preview={}
2025-11-23 03:29:14,231 [DEBUG] PredPreyGrassEnv.env-99b9eef7: event=StepBegin | env_id=env-99b9eef7 | step=587 | incoming_actions=['prey_1', 'prey_3', 'prey_5', 'prey_0', 'prey_18', ...] | active_agents=25 | current_step=587
2025-11-23 03:29:14,234 [DEBUG] PredPreyGrassEnv.env-99b9eef7: event=PreyAteGrass | env_id=env-99b9eef7 | step=587 | prey='prey_6' | grass='grass_30' | prey_position=[161.00161491166753, 638.771931653467] | grass_energy=10.0 | energy_gained=9.0 | prey_energy=86.96889334933614
2025-11-23 03:29:14,234 [DEBUG] PredPreyGrassEnv.env-99b9eef7: event=StepSummary | env_id=env-99b9eef7 | step=587 | current_step=587 | terminated_agents=[] | truncated_agents=[] | remaining_agents=25 | reward_preview={prey_1:-0.001, prey_3:-0.001, predator_6:-0.001, prey_5:-0.001, predator_5:-0.001} | info_preview={}
2025-11-23 03:29:14,243 [DEBUG] PredPreyGrassEnv.env-99b9eef7: event=StepBegin | env_id=env-99b9eef7 | step=588 | incoming_actions=['prey_1', 'prey_3', 'prey_5', 'prey_0', 'prey_18', ...] | active_agents=25 | current_step=588
2025-11-23 03:29:14,247 [DEBUG] PredPreyGrassEnv.env-99b9eef7: event=StepSummary | env_id=env-99b9eef7 | step=588 | current_step=588 | terminated_agents=[] | truncated_agents=[] | remaining_agents=25 | reward_preview={prey_1:-0.001, prey_3:-0.001, predator_6:-0.001, prey_5:-0.001, predator_5:-0.001} | info_preview={}
2025-11-23 03:29:14,257 [DEBUG] PredPreyGrassEnv.env-99b9eef7: event=StepBegin | env_id=env-99b9eef7 | step=589 | incoming_actions=['prey_1', 'prey_3', 'prey_5', 'prey_0', 'prey_18', ...] | active_agents=25 | current_step=589
2025-11-23 03:29:14,260 [DEBUG] PredPreyGrassEnv.env-99b9eef7: event=StepSummary | env_id=env-99b9eef7 | step=589 | current_step=589 | terminated_agents=[] | truncated_agents=[] | remaining_agents=25 | reward_preview={prey_1:-0.001, prey_3:-0.001, predator_6:-0.001, prey_5:-0.001, predator_5:-0.001} | info_preview={}
2025-11-23 03:29:14,269 [DEBUG] PredPreyGrassEnv.env-99b9eef7: event=StepBegin | env_id=env-99b9eef7 | step=590 | incoming_actions=['prey_1', 'prey_3', 'prey_5', 'prey_0', 'prey_18', ...] | active_agents=25 | current_step=590
2025-11-23 03:29:14,273 [DEBUG] PredPreyGrassEnv.env-99b9eef7: event=StepSummary | env_id=env-99b9eef7 | step=590 | current_step=590 | terminated_agents=[] | truncated_agents=[] | remaining_agents=25 | reward_preview={prey_1:-0.001, prey_3:-0.001, predator_6:-0.001, prey_5:-0.001, predator_5:-0.001} | info_preview={}
2025-11-23 03:29:14,282 [DEBUG] PredPreyGrassEnv.env-99b9eef7: event=StepBegin | env_id=env-99b9eef7 | step=591 | incoming_actions=['prey_1', 'prey_3', 'prey_5', 'prey_0', 'prey_18', ...] | active_agents=25 | current_step=591
2025-11-23 03:29:14,286 [DEBUG] PredPreyGrassEnv.env-99b9eef7: event=StepSummary | env_id=env-99b9eef7 | step=591 | current_step=591 | terminated_agents=[] | truncated_agents=[] | remaining_agents=25 | reward_preview={prey_1:-0.001, prey_3:-0.001, predator_6:-0.001, prey_5:-0.001, predator_5:-0.001} | info_preview={}
2025-11-23 03:29:14,295 [DEBUG] PredPreyGrassEnv.env-99b9eef7: event=StepBegin | env_id=env-99b9eef7 | step=592 | incoming_actions=['prey_1', 'prey_3', 'prey_5', 'prey_0', 'prey_18', ...] | active_agents=25 | current_step=592
2025-11-23 03:29:14,299 [DEBUG] PredPreyGrassEnv.env-99b9eef7: event=StepSummary | env_id=env-99b9eef7 | step=592 | current_step=592 | terminated_agents=[] | truncated_agents=[] | remaining_agents=25 | reward_preview={prey_1:-0.001, prey_3:-0.001, predator_6:-0.001, prey_5:-0.001, predator_5:-0.001} | info_preview={}
2025-11-23 03:29:14,308 [DEBUG] PredPreyGrassEnv.env-99b9eef7: event=StepBegin | env_id=env-99b9eef7 | step=593 | incoming_actions=['prey_1', 'prey_3', 'prey_5', 'prey_0', 'prey_18', ...] | active_agents=25 | current_step=593
2025-11-23 03:29:14,312 [DEBUG] PredPreyGrassEnv.env-99b9eef7: event=StepSummary | env_id=env-99b9eef7 | step=593 | current_step=593 | terminated_agents=[] | truncated_agents=[] | remaining_agents=25 | reward_preview={prey_1:-0.001, prey_3:-0.001, predator_6:-0.001, prey_5:-0.001, predator_5:-0.001} | info_preview={}
2025-11-23 03:29:14,321 [DEBUG] PredPreyGrassEnv.env-99b9eef7: event=StepBegin | env_id=env-99b9eef7 | step=594 | incoming_actions=['prey_1', 'prey_3', 'prey_5', 'prey_0', 'prey_18', ...] | active_agents=25 | current_step=594
2025-11-23 03:29:14,325 [DEBUG] PredPreyGrassEnv.env-99b9eef7: event=StepSummary | env_id=env-99b9eef7 | step=594 | current_step=594 | terminated_agents=[] | truncated_agents=[] | remaining_agents=25 | reward_preview={prey_1:-0.001, prey_3:-0.001, predator_6:-0.001, prey_5:-0.001, predator_5:-0.001} | info_preview={}
2025-11-23 03:29:14,334 [DEBUG] PredPreyGrassEnv.env-99b9eef7: event=StepBegin | env_id=env-99b9eef7 | step=595 | incoming_actions=['prey_1', 'prey_3', 'prey_5', 'prey_0', 'prey_18', ...] | active_agents=25 | current_step=595
2025-11-23 03:29:14,338 [DEBUG] PredPreyGrassEnv.env-99b9eef7: event=StepSummary | env_id=env-99b9eef7 | step=595 | current_step=595 | terminated_agents=[] | truncated_agents=[] | remaining_agents=25 | reward_preview={prey_1:-0.001, prey_3:-0.001, predator_6:-0.001, prey_5:-0.001, predator_5:-0.001} | info_preview={}
2025-11-23 03:29:14,347 [DEBUG] PredPreyGrassEnv.env-99b9eef7: event=StepBegin | env_id=env-99b9eef7 | step=596 | incoming_actions=['prey_1', 'prey_3', 'prey_5', 'prey_0', 'prey_18', ...] | active_agents=25 | current_step=596
2025-11-23 03:29:14,351 [DEBUG] PredPreyGrassEnv.env-99b9eef7: event=StepSummary | env_id=env-99b9eef7 | step=596 | current_step=596 | terminated_agents=[] | truncated_agents=[] | remaining_agents=25 | reward_preview={prey_1:-0.001, prey_3:-0.001, predator_6:-0.001, prey_5:-0.001, predator_5:-0.001} | info_preview={}
2025-11-23 03:29:14,360 [DEBUG] PredPreyGrassEnv.env-99b9eef7: event=StepBegin | env_id=env-99b9eef7 | step=597 | incoming_actions=['prey_1', 'prey_3', 'prey_5', 'prey_0', 'prey_18', ...] | active_agents=25 | current_step=597
2025-11-23 03:29:14,362 [DEBUG] PredPreyGrassEnv.env-99b9eef7: event=PreyAteGrass | env_id=env-99b9eef7 | step=597 | prey='prey_14' | grass='grass_65' | prey_position=[544.207748983856, 772.6987188854099] | grass_energy=10.0 | energy_gained=9.0 | prey_energy=68.80568784556384
2025-11-23 03:29:14,364 [DEBUG] PredPreyGrassEnv.env-99b9eef7: event=StepSummary | env_id=env-99b9eef7 | step=597 | current_step=597 | terminated_agents=[] | truncated_agents=[] | remaining_agents=25 | reward_preview={prey_1:-0.001, prey_3:-0.001, predator_6:-0.001, prey_5:-0.001, predator_5:-0.001} | info_preview={}
2025-11-23 03:29:14,372 [DEBUG] PredPreyGrassEnv.env-99b9eef7: event=StepBegin | env_id=env-99b9eef7 | step=598 | incoming_actions=['prey_1', 'prey_3', 'prey_5', 'prey_0', 'prey_18', ...] | active_agents=25 | current_step=598
2025-11-23 03:29:14,377 [DEBUG] PredPreyGrassEnv.env-99b9eef7: event=StepSummary | env_id=env-99b9eef7 | step=598 | current_step=598 | terminated_agents=[] | truncated_agents=[] | remaining_agents=25 | reward_preview={prey_1:-0.001, prey_3:-0.001, predator_6:-0.001, prey_5:-0.001, predator_5:-0.001} | info_preview={}
2025-11-23 03:29:14,390 [DEBUG] PredPreyGrassEnv.env-99b9eef7: event=StepBegin | env_id=env-99b9eef7 | step=599 | incoming_actions=['prey_1', 'prey_3', 'prey_5', 'prey_0', 'prey_18', ...] | active_agents=25 | current_step=599
2025-11-23 03:29:14,394 [DEBUG] PredPreyGrassEnv.env-99b9eef7: event=StepSummary | env_id=env-99b9eef7 | step=599 | current_step=599 | terminated_agents=[] | truncated_agents=[] | remaining_agents=25 | reward_preview={prey_1:-0.001, prey_3:-0.001, predator_6:-0.001, prey_5:-0.001, predator_5:-0.001} | info_preview={}
2025-11-23 03:29:14,404 [DEBUG] PredPreyGrassEnv.env-99b9eef7: event=StepBegin | env_id=env-99b9eef7 | step=600 | incoming_actions=['prey_1', 'prey_3', 'prey_5', 'prey_0', 'prey_18', ...] | active_agents=25 | current_step=600
2025-11-23 03:29:14,408 [DEBUG] PredPreyGrassEnv.env-99b9eef7: event=StepSummary | env_id=env-99b9eef7 | step=600 | current_step=600 | terminated_agents=[] | truncated_agents=[] | remaining_agents=25 | reward_preview={prey_1:-0.001, prey_3:-0.001, predator_6:-0.001, prey_5:-0.001, predator_5:-0.001} | info_preview={}
2025-11-23 03:29:14,418 [DEBUG] PredPreyGrassEnv.env-99b9eef7: event=StepBegin | env_id=env-99b9eef7 | step=601 | incoming_actions=['prey_1', 'prey_3', 'prey_5', 'prey_0', 'prey_18', ...] | active_agents=25 | current_step=601
2025-11-23 03:29:14,423 [DEBUG] PredPreyGrassEnv.env-99b9eef7: event=StepSummary | env_id=env-99b9eef7 | step=601 | current_step=601 | terminated_agents=[] | truncated_agents=[] | remaining_agents=25 | reward_preview={prey_1:-0.001, prey_3:-0.001, predator_6:-0.001, prey_5:-0.001, predator_5:-0.001} | info_preview={}
2025-11-23 03:29:14,433 [DEBUG] PredPreyGrassEnv.env-99b9eef7: event=StepBegin | env_id=env-99b9eef7 | step=602 | incoming_actions=['prey_1', 'prey_3', 'prey_5', 'prey_0', 'prey_18', ...] | active_agents=25 | current_step=602
2025-11-23 03:29:14,437 [DEBUG] PredPreyGrassEnv.env-99b9eef7: event=StepSummary | env_id=env-99b9eef7 | step=602 | current_step=602 | terminated_agents=[] | truncated_agents=[] | remaining_agents=25 | reward_preview={prey_1:-0.001, prey_3:-0.001, predator_6:-0.001, prey_5:-0.001, predator_5:-0.001} | info_preview={}
2025-11-23 03:29:14,446 [DEBUG] PredPreyGrassEnv.env-99b9eef7: event=StepBegin | env_id=env-99b9eef7 | step=603 | incoming_actions=['prey_1', 'prey_3', 'prey_5', 'prey_0', 'prey_18', ...] | active_agents=25 | current_step=603
2025-11-23 03:29:14,448 [DEBUG] PredPreyGrassEnv.env-99b9eef7: event=PreyAteGrass | env_id=env-99b9eef7 | step=603 | prey='prey_14' | grass='grass_66' | prey_position=[557.268820368651, 780.7839299547275] | grass_energy=10.0 | energy_gained=9.0 | prey_energy=75.48994429929836
2025-11-23 03:29:14,450 [DEBUG] PredPreyGrassEnv.env-99b9eef7: event=StepSummary | env_id=env-99b9eef7 | step=603 | current_step=603 | terminated_agents=[] | truncated_agents=[] | remaining_agents=25 | reward_preview={prey_1:-0.001, prey_3:-0.001, predator_6:-0.001, prey_5:-0.001, predator_5:-0.001} | info_preview={}
2025-11-23 03:29:14,459 [DEBUG] PredPreyGrassEnv.env-99b9eef7: event=StepBegin | env_id=env-99b9eef7 | step=604 | incoming_actions=['prey_1', 'prey_3', 'prey_5', 'prey_0', 'prey_18', ...] | active_agents=25 | current_step=604
2025-11-23 03:29:14,463 [DEBUG] PredPreyGrassEnv.env-99b9eef7: event=StepSummary | env_id=env-99b9eef7 | step=604 | current_step=604 | terminated_agents=[] | truncated_agents=[] | remaining_agents=25 | reward_preview={prey_1:-0.001, prey_3:-0.001, predator_6:-0.001, prey_5:-0.001, predator_5:-0.001} | info_preview={}
2025-11-23 03:29:14,472 [DEBUG] PredPreyGrassEnv.env-99b9eef7: event=StepBegin | env_id=env-99b9eef7 | step=605 | incoming_actions=['prey_1', 'prey_3', 'prey_5', 'prey_0', 'prey_18', ...] | active_agents=25 | current_step=605
2025-11-23 03:29:14,477 [DEBUG] PredPreyGrassEnv.env-99b9eef7: event=StepSummary | env_id=env-99b9eef7 | step=605 | current_step=605 | terminated_agents=[] | truncated_agents=[] | remaining_agents=25 | reward_preview={prey_1:-0.001, prey_3:-0.001, predator_6:-0.001, prey_5:-0.001, predator_5:-0.001} | info_preview={}
2025-11-23 03:29:14,486 [DEBUG] PredPreyGrassEnv.env-99b9eef7: event=StepBegin | env_id=env-99b9eef7 | step=606 | incoming_actions=['prey_1', 'prey_3', 'prey_5', 'prey_0', 'prey_18', ...] | active_agents=25 | current_step=606
2025-11-23 03:29:14,490 [DEBUG] PredPreyGrassEnv.env-99b9eef7: event=StepSummary | env_id=env-99b9eef7 | step=606 | current_step=606 | terminated_agents=[] | truncated_agents=[] | remaining_agents=25 | reward_preview={prey_1:-0.001, prey_3:-0.001, predator_6:-0.001, prey_5:-0.001, predator_5:-0.001} | info_preview={}
2025-11-23 03:29:14,499 [DEBUG] PredPreyGrassEnv.env-99b9eef7: event=StepBegin | env_id=env-99b9eef7 | step=607 | incoming_actions=['prey_1', 'prey_3', 'prey_5', 'prey_0', 'prey_18', ...] | active_agents=25 | current_step=607
2025-11-23 03:29:14,501 [DEBUG] PredPreyGrassEnv.env-99b9eef7: event=PreyAteGrass | env_id=env-99b9eef7 | step=607 | prey='prey_15' | grass='grass_89' | prey_position=[681.0457169489731, 102.19511699687617] | grass_energy=10.0 | energy_gained=9.0 | prey_energy=104.62515944846832
2025-11-23 03:29:14,503 [DEBUG] PredPreyGrassEnv.env-99b9eef7: event=StepSummary | env_id=env-99b9eef7 | step=607 | current_step=607 | terminated_agents=[] | truncated_agents=[] | remaining_agents=25 | reward_preview={prey_1:-0.001, prey_3:-0.001, predator_6:-0.001, prey_5:-0.001, predator_5:-0.001} | info_preview={}
2025-11-23 03:29:14,513 [DEBUG] PredPreyGrassEnv.env-99b9eef7: event=StepBegin | env_id=env-99b9eef7 | step=608 | incoming_actions=['prey_1', 'prey_3', 'prey_5', 'prey_0', 'prey_18', ...] | active_agents=25 | current_step=608
2025-11-23 03:29:14,517 [DEBUG] PredPreyGrassEnv.env-99b9eef7: event=StepSummary | env_id=env-99b9eef7 | step=608 | current_step=608 | terminated_agents=[] | truncated_agents=[] | remaining_agents=25 | reward_preview={prey_1:-0.001, prey_3:-0.001, predator_6:-0.001, prey_5:-0.001, predator_5:-0.001} | info_preview={}
2025-11-23 03:29:14,526 [DEBUG] PredPreyGrassEnv.env-99b9eef7: event=StepBegin | env_id=env-99b9eef7 | step=609 | incoming_actions=['prey_1', 'prey_3', 'prey_5', 'prey_0', 'prey_18', ...] | active_agents=25 | current_step=609
2025-11-23 03:29:14,530 [DEBUG] PredPreyGrassEnv.env-99b9eef7: event=StepSummary | env_id=env-99b9eef7 | step=609 | current_step=609 | terminated_agents=[] | truncated_agents=[] | remaining_agents=25 | reward_preview={prey_1:-0.001, prey_3:-0.001, predator_6:-0.001, prey_5:-0.001, predator_5:-0.001} | info_preview={}
2025-11-23 03:29:14,539 [DEBUG] PredPreyGrassEnv.env-99b9eef7: event=StepBegin | env_id=env-99b9eef7 | step=610 | incoming_actions=['prey_1', 'prey_3', 'prey_5', 'prey_0', 'prey_18', ...] | active_agents=25 | current_step=610
2025-11-23 03:29:14,544 [DEBUG] PredPreyGrassEnv.env-99b9eef7: event=StepSummary | env_id=env-99b9eef7 | step=610 | current_step=610 | terminated_agents=[] | truncated_agents=[] | remaining_agents=25 | reward_preview={prey_1:-0.001, prey_3:-0.001, predator_6:-0.001, prey_5:-0.001, predator_5:-0.001} | info_preview={}
2025-11-23 03:29:14,553 [DEBUG] PredPreyGrassEnv.env-99b9eef7: event=StepBegin | env_id=env-99b9eef7 | step=611 | incoming_actions=['prey_1', 'prey_3', 'prey_5', 'prey_0', 'prey_18', ...] | active_agents=25 | current_step=611
2025-11-23 03:29:14,558 [DEBUG] PredPreyGrassEnv.env-99b9eef7: event=StepSummary | env_id=env-99b9eef7 | step=611 | current_step=611 | terminated_agents=[] | truncated_agents=[] | remaining_agents=25 | reward_preview={prey_1:-0.001, prey_3:-0.001, predator_6:-0.001, prey_5:-0.001, predator_5:-0.001} | info_preview={}
2025-11-23 03:29:14,567 [DEBUG] PredPreyGrassEnv.env-99b9eef7: event=StepBegin | env_id=env-99b9eef7 | step=612 | incoming_actions=['prey_1', 'prey_3', 'prey_5', 'prey_0', 'prey_18', ...] | active_agents=25 | current_step=612
2025-11-23 03:29:14,571 [DEBUG] PredPreyGrassEnv.env-99b9eef7: event=StepSummary | env_id=env-99b9eef7 | step=612 | current_step=612 | terminated_agents=[] | truncated_agents=[] | remaining_agents=25 | reward_preview={prey_1:-0.001, prey_3:-0.001, predator_6:-0.001, prey_5:-0.001, predator_5:-0.001} | info_preview={}
2025-11-23 03:29:14,581 [DEBUG] PredPreyGrassEnv.env-99b9eef7: event=StepBegin | env_id=env-99b9eef7 | step=613 | incoming_actions=['prey_1', 'prey_3', 'prey_5', 'prey_0', 'prey_18', ...] | active_agents=25 | current_step=613
2025-11-23 03:29:14,585 [DEBUG] PredPreyGrassEnv.env-99b9eef7: event=StepSummary | env_id=env-99b9eef7 | step=613 | current_step=613 | terminated_agents=[] | truncated_agents=[] | remaining_agents=25 | reward_preview={prey_1:-0.001, prey_3:-0.001, predator_6:-0.001, prey_5:-0.001, predator_5:-0.001} | info_preview={}
2025-11-23 03:29:14,594 [DEBUG] PredPreyGrassEnv.env-99b9eef7: event=StepBegin | env_id=env-99b9eef7 | step=614 | incoming_actions=['prey_1', 'prey_3', 'prey_5', 'prey_0', 'prey_18', ...] | active_agents=25 | current_step=614
2025-11-23 03:29:14,598 [DEBUG] PredPreyGrassEnv.env-99b9eef7: event=StepSummary | env_id=env-99b9eef7 | step=614 | current_step=614 | terminated_agents=[] | truncated_agents=[] | remaining_agents=25 | reward_preview={prey_1:-0.001, prey_3:-0.001, predator_6:-0.001, prey_5:-0.001, predator_5:-0.001} | info_preview={}
2025-11-23 03:29:14,607 [DEBUG] PredPreyGrassEnv.env-99b9eef7: event=StepBegin | env_id=env-99b9eef7 | step=615 | incoming_actions=['prey_1', 'prey_3', 'prey_5', 'prey_0', 'prey_18', ...] | active_agents=25 | current_step=615
2025-11-23 03:29:14,611 [DEBUG] PredPreyGrassEnv.env-99b9eef7: event=StepSummary | env_id=env-99b9eef7 | step=615 | current_step=615 | terminated_agents=[] | truncated_agents=[] | remaining_agents=25 | reward_preview={prey_1:-0.001, prey_3:-0.001, predator_6:-0.001, prey_5:-0.001, predator_5:-0.001} | info_preview={}
2025-11-23 03:29:14,621 [DEBUG] PredPreyGrassEnv.env-99b9eef7: event=StepBegin | env_id=env-99b9eef7 | step=616 | incoming_actions=['prey_1', 'prey_3', 'prey_5', 'prey_0', 'prey_18', ...] | active_agents=25 | current_step=616
2025-11-23 03:29:14,625 [DEBUG] PredPreyGrassEnv.env-99b9eef7: event=StepSummary | env_id=env-99b9eef7 | step=616 | current_step=616 | terminated_agents=[] | truncated_agents=[] | remaining_agents=25 | reward_preview={prey_1:-0.001, prey_3:-0.001, predator_6:-0.001, prey_5:-0.001, predator_5:-0.001} | info_preview={}
2025-11-23 03:29:14,634 [DEBUG] PredPreyGrassEnv.env-99b9eef7: event=StepBegin | env_id=env-99b9eef7 | step=617 | incoming_actions=['prey_1', 'prey_3', 'prey_5', 'prey_0', 'prey_18', ...] | active_agents=25 | current_step=617
2025-11-23 03:29:14,638 [DEBUG] PredPreyGrassEnv.env-99b9eef7: event=StepSummary | env_id=env-99b9eef7 | step=617 | current_step=617 | terminated_agents=[] | truncated_agents=[] | remaining_agents=25 | reward_preview={prey_1:-0.001, prey_3:-0.001, predator_6:-0.001, prey_5:-0.001, predator_5:-0.001} | info_preview={}
2025-11-23 03:29:14,647 [DEBUG] PredPreyGrassEnv.env-99b9eef7: event=StepBegin | env_id=env-99b9eef7 | step=618 | incoming_actions=['prey_1', 'prey_3', 'prey_5', 'prey_0', 'prey_18', ...] | active_agents=25 | current_step=618
2025-11-23 03:29:14,651 [DEBUG] PredPreyGrassEnv.env-99b9eef7: event=StepSummary | env_id=env-99b9eef7 | step=618 | current_step=618 | terminated_agents=[] | truncated_agents=[] | remaining_agents=25 | reward_preview={prey_1:-0.001, prey_3:-0.001, predator_6:-0.001, prey_5:-0.001, predator_5:-0.001} | info_preview={}
2025-11-23 03:29:14,660 [DEBUG] PredPreyGrassEnv.env-99b9eef7: event=StepBegin | env_id=env-99b9eef7 | step=619 | incoming_actions=['prey_1', 'prey_3', 'prey_5', 'prey_0', 'prey_18', ...] | active_agents=25 | current_step=619
2025-11-23 03:29:14,665 [DEBUG] PredPreyGrassEnv.env-99b9eef7: event=StepSummary | env_id=env-99b9eef7 | step=619 | current_step=619 | terminated_agents=[] | truncated_agents=[] | remaining_agents=25 | reward_preview={prey_1:-0.001, prey_3:-0.001, predator_6:-0.001, prey_5:-0.001, predator_5:-0.001} | info_preview={}
2025-11-23 03:29:14,674 [DEBUG] PredPreyGrassEnv.env-99b9eef7: event=StepBegin | env_id=env-99b9eef7 | step=620 | incoming_actions=['prey_1', 'prey_3', 'prey_5', 'prey_0', 'prey_18', ...] | active_agents=25 | current_step=620
2025-11-23 03:29:14,678 [DEBUG] PredPreyGrassEnv.env-99b9eef7: event=StepSummary | env_id=env-99b9eef7 | step=620 | current_step=620 | terminated_agents=[] | truncated_agents=[] | remaining_agents=25 | reward_preview={prey_1:-0.001, prey_3:-0.001, predator_6:-0.001, prey_5:-0.001, predator_5:-0.001} | info_preview={}
2025-11-23 03:29:14,687 [DEBUG] PredPreyGrassEnv.env-99b9eef7: event=StepBegin | env_id=env-99b9eef7 | step=621 | incoming_actions=['prey_1', 'prey_3', 'prey_5', 'prey_0', 'prey_18', ...] | active_agents=25 | current_step=621
2025-11-23 03:29:14,691 [DEBUG] PredPreyGrassEnv.env-99b9eef7: event=StepSummary | env_id=env-99b9eef7 | step=621 | current_step=621 | terminated_agents=[] | truncated_agents=[] | remaining_agents=25 | reward_preview={prey_1:-0.001, prey_3:-0.001, predator_6:-0.001, prey_5:-0.001, predator_5:-0.001} | info_preview={}
2025-11-23 03:29:14,700 [DEBUG] PredPreyGrassEnv.env-99b9eef7: event=StepBegin | env_id=env-99b9eef7 | step=622 | incoming_actions=['prey_1', 'prey_3', 'prey_5', 'prey_0', 'prey_18', ...] | active_agents=25 | current_step=622
2025-11-23 03:29:14,704 [DEBUG] PredPreyGrassEnv.env-99b9eef7: event=StepSummary | env_id=env-99b9eef7 | step=622 | current_step=622 | terminated_agents=[] | truncated_agents=[] | remaining_agents=25 | reward_preview={prey_1:-0.001, prey_3:-0.001, predator_6:-0.001, prey_5:-0.001, predator_5:-0.001} | info_preview={}
2025-11-23 03:29:14,713 [DEBUG] PredPreyGrassEnv.env-99b9eef7: event=StepBegin | env_id=env-99b9eef7 | step=623 | incoming_actions=['prey_1', 'prey_3', 'prey_5', 'prey_0', 'prey_18', ...] | active_agents=25 | current_step=623
2025-11-23 03:29:14,717 [DEBUG] PredPreyGrassEnv.env-99b9eef7: event=StepSummary | env_id=env-99b9eef7 | step=623 | current_step=623 | terminated_agents=[] | truncated_agents=[] | remaining_agents=25 | reward_preview={prey_1:-0.001, prey_3:-0.001, predator_6:-0.001, prey_5:-0.001, predator_5:-0.001} | info_preview={}
2025-11-23 03:29:14,725 [DEBUG] PredPreyGrassEnv.env-99b9eef7: event=StepBegin | env_id=env-99b9eef7 | step=624 | incoming_actions=['prey_1', 'prey_3', 'prey_5', 'prey_0', 'prey_18', ...] | active_agents=25 | current_step=624
2025-11-23 03:29:14,729 [DEBUG] PredPreyGrassEnv.env-99b9eef7: event=PreyAteGrass | env_id=env-99b9eef7 | step=624 | prey='prey_6' | grass='grass_83' | prey_position=[186.14060039791113, 679.7244389997072] | grass_energy=10.0 | energy_gained=9.0 | prey_energy=89.57177935011207
2025-11-23 03:29:14,729 [DEBUG] PredPreyGrassEnv.env-99b9eef7: event=StepSummary | env_id=env-99b9eef7 | step=624 | current_step=624 | terminated_agents=[] | truncated_agents=[] | remaining_agents=25 | reward_preview={prey_1:-0.001, prey_3:-0.001, predator_6:-0.001, prey_5:-0.001, predator_5:-0.001} | info_preview={}
2025-11-23 03:29:14,738 [DEBUG] PredPreyGrassEnv.env-99b9eef7: event=StepBegin | env_id=env-99b9eef7 | step=625 | incoming_actions=['prey_1', 'prey_3', 'prey_5', 'prey_0', 'prey_18', ...] | active_agents=25 | current_step=625
2025-11-23 03:29:14,743 [DEBUG] PredPreyGrassEnv.env-99b9eef7: event=StepSummary | env_id=env-99b9eef7 | step=625 | current_step=625 | terminated_agents=[] | truncated_agents=[] | remaining_agents=25 | reward_preview={prey_1:-0.001, prey_3:-0.001, predator_6:-0.001, prey_5:-0.001, predator_5:-0.001} | info_preview={}
2025-11-23 03:29:14,752 [DEBUG] PredPreyGrassEnv.env-99b9eef7: event=StepBegin | env_id=env-99b9eef7 | step=626 | incoming_actions=['prey_1', 'prey_3', 'prey_5', 'prey_0', 'prey_18', ...] | active_agents=25 | current_step=626
2025-11-23 03:29:14,756 [DEBUG] PredPreyGrassEnv.env-99b9eef7: event=StepSummary | env_id=env-99b9eef7 | step=626 | current_step=626 | terminated_agents=[] | truncated_agents=[] | remaining_agents=25 | reward_preview={prey_1:-0.001, prey_3:-0.001, predator_6:-0.001, prey_5:-0.001, predator_5:-0.001} | info_preview={}
2025-11-23 03:29:14,765 [DEBUG] PredPreyGrassEnv.env-99b9eef7: event=StepBegin | env_id=env-99b9eef7 | step=627 | incoming_actions=['prey_1', 'prey_3', 'prey_5', 'prey_0', 'prey_18', ...] | active_agents=25 | current_step=627
2025-11-23 03:29:14,769 [DEBUG] PredPreyGrassEnv.env-99b9eef7: event=StepSummary | env_id=env-99b9eef7 | step=627 | current_step=627 | terminated_agents=[] | truncated_agents=[] | remaining_agents=25 | reward_preview={prey_1:-0.001, prey_3:-0.001, predator_6:-0.001, prey_5:-0.001, predator_5:-0.001} | info_preview={}
2025-11-23 03:29:14,778 [DEBUG] PredPreyGrassEnv.env-99b9eef7: event=StepBegin | env_id=env-99b9eef7 | step=628 | incoming_actions=['prey_1', 'prey_3', 'prey_5', 'prey_0', 'prey_18', ...] | active_agents=25 | current_step=628
2025-11-23 03:29:14,782 [DEBUG] PredPreyGrassEnv.env-99b9eef7: event=StepSummary | env_id=env-99b9eef7 | step=628 | current_step=628 | terminated_agents=[] | truncated_agents=[] | remaining_agents=25 | reward_preview={prey_1:-0.001, prey_3:-0.001, predator_6:-0.001, prey_5:-0.001, predator_5:-0.001} | info_preview={}
2025-11-23 03:29:14,791 [DEBUG] PredPreyGrassEnv.env-99b9eef7: event=StepBegin | env_id=env-99b9eef7 | step=629 | incoming_actions=['prey_1', 'prey_3', 'prey_5', 'prey_0', 'prey_18', ...] | active_agents=25 | current_step=629
2025-11-23 03:29:14,795 [DEBUG] PredPreyGrassEnv.env-99b9eef7: event=StepSummary | env_id=env-99b9eef7 | step=629 | current_step=629 | terminated_agents=[] | truncated_agents=[] | remaining_agents=25 | reward_preview={prey_1:-0.001, prey_3:-0.001, predator_6:-0.001, prey_5:-0.001, predator_5:-0.001} | info_preview={}
2025-11-23 03:29:14,804 [DEBUG] PredPreyGrassEnv.env-99b9eef7: event=StepBegin | env_id=env-99b9eef7 | step=630 | incoming_actions=['prey_1', 'prey_3', 'prey_5', 'prey_0', 'prey_18', ...] | active_agents=25 | current_step=630
2025-11-23 03:29:14,809 [DEBUG] PredPreyGrassEnv.env-99b9eef7: event=StepSummary | env_id=env-99b9eef7 | step=630 | current_step=630 | terminated_agents=[] | truncated_agents=[] | remaining_agents=25 | reward_preview={prey_1:-0.001, prey_3:-0.001, predator_6:-0.001, prey_5:-0.001, predator_5:-0.001} | info_preview={}
2025-11-23 03:29:14,818 [DEBUG] PredPreyGrassEnv.env-99b9eef7: event=StepBegin | env_id=env-99b9eef7 | step=631 | incoming_actions=['prey_1', 'prey_3', 'prey_5', 'prey_0', 'prey_18', ...] | active_agents=25 | current_step=631
2025-11-23 03:29:14,821 [DEBUG] PredPreyGrassEnv.env-99b9eef7: event=StepSummary | env_id=env-99b9eef7 | step=631 | current_step=631 | terminated_agents=[] | truncated_agents=[] | remaining_agents=25 | reward_preview={prey_1:-0.001, prey_3:-0.001, predator_6:-0.001, prey_5:-0.001, predator_5:-0.001} | info_preview={}
2025-11-23 03:29:14,830 [DEBUG] PredPreyGrassEnv.env-99b9eef7: event=StepBegin | env_id=env-99b9eef7 | step=632 | incoming_actions=['prey_1', 'prey_3', 'prey_5', 'prey_0', 'prey_18', ...] | active_agents=25 | current_step=632
2025-11-23 03:29:14,834 [DEBUG] PredPreyGrassEnv.env-99b9eef7: event=StepSummary | env_id=env-99b9eef7 | step=632 | current_step=632 | terminated_agents=[] | truncated_agents=[] | remaining_agents=25 | reward_preview={prey_1:-0.001, prey_3:-0.001, predator_6:-0.001, prey_5:-0.001, predator_5:-0.001} | info_preview={}
2025-11-23 03:29:14,843 [DEBUG] PredPreyGrassEnv.env-99b9eef7: event=StepBegin | env_id=env-99b9eef7 | step=633 | incoming_actions=['prey_1', 'prey_3', 'prey_5', 'prey_0', 'prey_18', ...] | active_agents=25 | current_step=633
2025-11-23 03:29:14,847 [DEBUG] PredPreyGrassEnv.env-99b9eef7: event=StepSummary | env_id=env-99b9eef7 | step=633 | current_step=633 | terminated_agents=[] | truncated_agents=[] | remaining_agents=25 | reward_preview={prey_1:-0.001, prey_3:-0.001, predator_6:-0.001, prey_5:-0.001, predator_5:-0.001} | info_preview={}
2025-11-23 03:29:14,856 [DEBUG] PredPreyGrassEnv.env-99b9eef7: event=StepBegin | env_id=env-99b9eef7 | step=634 | incoming_actions=['prey_1', 'prey_3', 'prey_5', 'prey_0', 'prey_18', ...] | active_agents=25 | current_step=634
2025-11-23 03:29:14,860 [DEBUG] PredPreyGrassEnv.env-99b9eef7: event=StepSummary | env_id=env-99b9eef7 | step=634 | current_step=634 | terminated_agents=[] | truncated_agents=[] | remaining_agents=25 | reward_preview={prey_1:-0.001, prey_3:-0.001, predator_6:-0.001, prey_5:-0.001, predator_5:-0.001} | info_preview={}
2025-11-23 03:29:14,869 [DEBUG] PredPreyGrassEnv.env-99b9eef7: event=StepBegin | env_id=env-99b9eef7 | step=635 | incoming_actions=['prey_1', 'prey_3', 'prey_5', 'prey_0', 'prey_18', ...] | active_agents=25 | current_step=635
2025-11-23 03:29:14,873 [DEBUG] PredPreyGrassEnv.env-99b9eef7: event=StepSummary | env_id=env-99b9eef7 | step=635 | current_step=635 | terminated_agents=[] | truncated_agents=[] | remaining_agents=25 | reward_preview={prey_1:-0.001, prey_3:-0.001, predator_6:-0.001, prey_5:-0.001, predator_5:-0.001} | info_preview={}
2025-11-23 03:29:14,882 [DEBUG] PredPreyGrassEnv.env-99b9eef7: event=StepBegin | env_id=env-99b9eef7 | step=636 | incoming_actions=['prey_1', 'prey_3', 'prey_5', 'prey_0', 'prey_18', ...] | active_agents=25 | current_step=636
2025-11-23 03:29:14,886 [DEBUG] PredPreyGrassEnv.env-99b9eef7: event=StepSummary | env_id=env-99b9eef7 | step=636 | current_step=636 | terminated_agents=[] | truncated_agents=[] | remaining_agents=25 | reward_preview={prey_1:-0.001, prey_3:-0.001, predator_6:-0.001, prey_5:-0.001, predator_5:-0.001} | info_preview={}
2025-11-23 03:29:14,896 [DEBUG] PredPreyGrassEnv.env-99b9eef7: event=StepBegin | env_id=env-99b9eef7 | step=637 | incoming_actions=['prey_1', 'prey_3', 'prey_5', 'prey_0', 'prey_18', ...] | active_agents=25 | current_step=637
2025-11-23 03:29:14,900 [DEBUG] PredPreyGrassEnv.env-99b9eef7: event=StepSummary | env_id=env-99b9eef7 | step=637 | current_step=637 | terminated_agents=[] | truncated_agents=[] | remaining_agents=25 | reward_preview={prey_1:-0.001, prey_3:-0.001, predator_6:-0.001, prey_5:-0.001, predator_5:-0.001} | info_preview={}
2025-11-23 03:29:14,912 [DEBUG] PredPreyGrassEnv.env-99b9eef7: event=StepBegin | env_id=env-99b9eef7 | step=638 | incoming_actions=['prey_1', 'prey_3', 'prey_5', 'prey_0', 'prey_18', ...] | active_agents=25 | current_step=638
2025-11-23 03:29:14,916 [DEBUG] PredPreyGrassEnv.env-99b9eef7: event=StepSummary | env_id=env-99b9eef7 | step=638 | current_step=638 | terminated_agents=[] | truncated_agents=[] | remaining_agents=25 | reward_preview={prey_1:-0.001, prey_3:-0.001, predator_6:-0.001, prey_5:-0.001, predator_5:-0.001} | info_preview={}
2025-11-23 03:29:14,934 [DEBUG] PredPreyGrassEnv.env-99b9eef7: event=StepBegin | env_id=env-99b9eef7 | step=639 | incoming_actions=['prey_1', 'prey_3', 'prey_5', 'prey_0', 'prey_18', ...] | active_agents=25 | current_step=639
2025-11-23 03:29:14,938 [DEBUG] PredPreyGrassEnv.env-99b9eef7: event=StepSummary | env_id=env-99b9eef7 | step=639 | current_step=639 | terminated_agents=[] | truncated_agents=[] | remaining_agents=25 | reward_preview={prey_1:-0.001, prey_3:-0.001, predator_6:-0.001, prey_5:-0.001, predator_5:-0.001} | info_preview={}
2025-11-23 03:29:14,947 [DEBUG] PredPreyGrassEnv.env-99b9eef7: event=StepBegin | env_id=env-99b9eef7 | step=640 | incoming_actions=['prey_1', 'prey_3', 'prey_5', 'prey_0', 'prey_18', ...] | active_agents=25 | current_step=640
2025-11-23 03:29:14,951 [DEBUG] PredPreyGrassEnv.env-99b9eef7: event=StepSummary | env_id=env-99b9eef7 | step=640 | current_step=640 | terminated_agents=[] | truncated_agents=[] | remaining_agents=25 | reward_preview={prey_1:-0.001, prey_3:-0.001, predator_6:-0.001, prey_5:-0.001, predator_5:-0.001} | info_preview={}
2025-11-23 03:29:14,965 [DEBUG] PredPreyGrassEnv.env-99b9eef7: event=StepBegin | env_id=env-99b9eef7 | step=641 | incoming_actions=['prey_1', 'prey_3', 'prey_5', 'prey_0', 'prey_18', ...] | active_agents=25 | current_step=641
2025-11-23 03:29:14,969 [DEBUG] PredPreyGrassEnv.env-99b9eef7: event=StepSummary | env_id=env-99b9eef7 | step=641 | current_step=641 | terminated_agents=[] | truncated_agents=[] | remaining_agents=25 | reward_preview={prey_1:-0.001, prey_3:-0.001, predator_6:-0.001, prey_5:-0.001, predator_5:-0.001} | info_preview={}
2025-11-23 03:29:14,980 [DEBUG] PredPreyGrassEnv.env-99b9eef7: event=StepBegin | env_id=env-99b9eef7 | step=642 | incoming_actions=['prey_1', 'prey_3', 'prey_5', 'prey_0', 'prey_18', ...] | active_agents=25 | current_step=642
2025-11-23 03:29:14,988 [DEBUG] PredPreyGrassEnv.env-99b9eef7: event=StepSummary | env_id=env-99b9eef7 | step=642 | current_step=642 | terminated_agents=[] | truncated_agents=[] | remaining_agents=25 | reward_preview={prey_1:-0.001, prey_3:-0.001, predator_6:-0.001, prey_5:-0.001, predator_5:-0.001} | info_preview={}
2025-11-23 03:29:14,997 [DEBUG] PredPreyGrassEnv.env-99b9eef7: event=StepBegin | env_id=env-99b9eef7 | step=643 | incoming_actions=['prey_1', 'prey_3', 'prey_5', 'prey_0', 'prey_18', ...] | active_agents=25 | current_step=643
2025-11-23 03:29:15,002 [DEBUG] PredPreyGrassEnv.env-99b9eef7: event=StepSummary | env_id=env-99b9eef7 | step=643 | current_step=643 | terminated_agents=[] | truncated_agents=[] | remaining_agents=25 | reward_preview={prey_1:-0.001, prey_3:-0.001, predator_6:-0.001, prey_5:-0.001, predator_5:-0.001} | info_preview={}
2025-11-23 03:29:15,011 [DEBUG] PredPreyGrassEnv.env-99b9eef7: event=StepBegin | env_id=env-99b9eef7 | step=644 | incoming_actions=['prey_1', 'prey_3', 'prey_5', 'prey_0', 'prey_18', ...] | active_agents=25 | current_step=644
2025-11-23 03:29:15,015 [DEBUG] PredPreyGrassEnv.env-99b9eef7: event=StepSummary | env_id=env-99b9eef7 | step=644 | current_step=644 | terminated_agents=[] | truncated_agents=[] | remaining_agents=25 | reward_preview={prey_1:-0.001, prey_3:-0.001, predator_6:-0.001, prey_5:-0.001, predator_5:-0.001} | info_preview={}
2025-11-23 03:29:15,024 [DEBUG] PredPreyGrassEnv.env-99b9eef7: event=StepBegin | env_id=env-99b9eef7 | step=645 | incoming_actions=['prey_1', 'prey_3', 'prey_5', 'prey_0', 'prey_18', ...] | active_agents=25 | current_step=645
2025-11-23 03:29:15,033 [DEBUG] PredPreyGrassEnv.env-99b9eef7: event=StepSummary | env_id=env-99b9eef7 | step=645 | current_step=645 | terminated_agents=[] | truncated_agents=[] | remaining_agents=25 | reward_preview={prey_1:-0.001, prey_3:-0.001, predator_6:-0.001, prey_5:-0.001, predator_5:-0.001} | info_preview={}
2025-11-23 03:29:15,055 [DEBUG] PredPreyGrassEnv.env-99b9eef7: event=StepBegin | env_id=env-99b9eef7 | step=646 | incoming_actions=['prey_1', 'prey_3', 'prey_5', 'prey_0', 'prey_18', ...] | active_agents=25 | current_step=646
2025-11-23 03:29:15,064 [DEBUG] PredPreyGrassEnv.env-99b9eef7: event=StepSummary | env_id=env-99b9eef7 | step=646 | current_step=646 | terminated_agents=[] | truncated_agents=[] | remaining_agents=25 | reward_preview={prey_1:-0.001, prey_3:-0.001, predator_6:-0.001, prey_5:-0.001, predator_5:-0.001} | info_preview={}
2025-11-23 03:29:15,082 [DEBUG] PredPreyGrassEnv.env-99b9eef7: event=StepBegin | env_id=env-99b9eef7 | step=647 | incoming_actions=['prey_1', 'prey_3', 'prey_5', 'prey_0', 'prey_18', ...] | active_agents=25 | current_step=647
2025-11-23 03:29:15,091 [DEBUG] PredPreyGrassEnv.env-99b9eef7: event=StepSummary | env_id=env-99b9eef7 | step=647 | current_step=647 | terminated_agents=[] | truncated_agents=[] | remaining_agents=25 | reward_preview={prey_1:-0.001, prey_3:-0.001, predator_6:-0.001, prey_5:-0.001, predator_5:-0.001} | info_preview={}
2025-11-23 03:29:15,111 [DEBUG] PredPreyGrassEnv.env-99b9eef7: event=StepBegin | env_id=env-99b9eef7 | step=648 | incoming_actions=['prey_1', 'prey_3', 'prey_5', 'prey_0', 'prey_18', ...] | active_agents=25 | current_step=648
2025-11-23 03:29:15,117 [DEBUG] PredPreyGrassEnv.env-99b9eef7: event=StepSummary | env_id=env-99b9eef7 | step=648 | current_step=648 | terminated_agents=[] | truncated_agents=[] | remaining_agents=25 | reward_preview={prey_1:-0.001, prey_3:-0.001, predator_6:-0.001, prey_5:-0.001, predator_5:-0.001} | info_preview={}
2025-11-23 03:29:15,138 [DEBUG] PredPreyGrassEnv.env-99b9eef7: event=StepBegin | env_id=env-99b9eef7 | step=649 | incoming_actions=['prey_1', 'prey_3', 'prey_5', 'prey_0', 'prey_18', ...] | active_agents=25 | current_step=649
2025-11-23 03:29:15,147 [DEBUG] PredPreyGrassEnv.env-99b9eef7: event=StepSummary | env_id=env-99b9eef7 | step=649 | current_step=649 | terminated_agents=[] | truncated_agents=[] | remaining_agents=25 | reward_preview={prey_1:-0.001, prey_3:-0.001, predator_6:-0.001, prey_5:-0.001, predator_5:-0.001} | info_preview={}
2025-11-23 03:29:15,169 [DEBUG] PredPreyGrassEnv.env-99b9eef7: event=StepBegin | env_id=env-99b9eef7 | step=650 | incoming_actions=['prey_1', 'prey_3', 'prey_5', 'prey_0', 'prey_18', ...] | active_agents=25 | current_step=650
2025-11-23 03:29:15,178 [DEBUG] PredPreyGrassEnv.env-99b9eef7: event=StepSummary | env_id=env-99b9eef7 | step=650 | current_step=650 | terminated_agents=[] | truncated_agents=[] | remaining_agents=25 | reward_preview={prey_1:-0.001, prey_3:-0.001, predator_6:-0.001, prey_5:-0.001, predator_5:-0.001} | info_preview={}
2025-11-23 03:29:15,190 [DEBUG] PredPreyGrassEnv.env-99b9eef7: event=StepBegin | env_id=env-99b9eef7 | step=651 | incoming_actions=['prey_1', 'prey_3', 'prey_5', 'prey_0', 'prey_18', ...] | active_agents=25 | current_step=651
2025-11-23 03:29:15,194 [DEBUG] PredPreyGrassEnv.env-99b9eef7: event=StepSummary | env_id=env-99b9eef7 | step=651 | current_step=651 | terminated_agents=[] | truncated_agents=[] | remaining_agents=25 | reward_preview={prey_1:-0.001, prey_3:-0.001, predator_6:-0.001, prey_5:-0.001, predator_5:-0.001} | info_preview={}
2025-11-23 03:29:15,203 [DEBUG] PredPreyGrassEnv.env-99b9eef7: event=StepBegin | env_id=env-99b9eef7 | step=652 | incoming_actions=['prey_1', 'prey_3', 'prey_5', 'prey_0', 'prey_18', ...] | active_agents=25 | current_step=652
2025-11-23 03:29:15,207 [DEBUG] PredPreyGrassEnv.env-99b9eef7: event=StepSummary | env_id=env-99b9eef7 | step=652 | current_step=652 | terminated_agents=[] | truncated_agents=[] | remaining_agents=25 | reward_preview={prey_1:-0.001, prey_3:-0.001, predator_6:-0.001, prey_5:-0.001, predator_5:-0.001} | info_preview={}
2025-11-23 03:29:15,216 [DEBUG] PredPreyGrassEnv.env-99b9eef7: event=StepBegin | env_id=env-99b9eef7 | step=653 | incoming_actions=['prey_1', 'prey_3', 'prey_5', 'prey_0', 'prey_18', ...] | active_agents=25 | current_step=653
2025-11-23 03:29:15,219 [DEBUG] PredPreyGrassEnv.env-99b9eef7: event=StepSummary | env_id=env-99b9eef7 | step=653 | current_step=653 | terminated_agents=[] | truncated_agents=[] | remaining_agents=25 | reward_preview={prey_1:-0.001, prey_3:-0.001, predator_6:-0.001, prey_5:-0.001, predator_5:-0.001} | info_preview={}
2025-11-23 03:29:15,229 [DEBUG] PredPreyGrassEnv.env-99b9eef7: event=StepBegin | env_id=env-99b9eef7 | step=654 | incoming_actions=['prey_1', 'prey_3', 'prey_5', 'prey_0', 'prey_18', ...] | active_agents=25 | current_step=654
2025-11-23 03:29:15,233 [DEBUG] PredPreyGrassEnv.env-99b9eef7: event=StepSummary | env_id=env-99b9eef7 | step=654 | current_step=654 | terminated_agents=[] | truncated_agents=[] | remaining_agents=25 | reward_preview={prey_1:-0.001, prey_3:-0.001, predator_6:-0.001, prey_5:-0.001, predator_5:-0.001} | info_preview={}
2025-11-23 03:29:15,242 [DEBUG] PredPreyGrassEnv.env-99b9eef7: event=StepBegin | env_id=env-99b9eef7 | step=655 | incoming_actions=['prey_1', 'prey_3', 'prey_5', 'prey_0', 'prey_18', ...] | active_agents=25 | current_step=655
2025-11-23 03:29:15,247 [DEBUG] PredPreyGrassEnv.env-99b9eef7: event=StepSummary | env_id=env-99b9eef7 | step=655 | current_step=655 | terminated_agents=[] | truncated_agents=[] | remaining_agents=25 | reward_preview={prey_1:-0.001, prey_3:-0.001, predator_6:-0.001, prey_5:-0.001, predator_5:-0.001} | info_preview={}
2025-11-23 03:29:15,256 [DEBUG] PredPreyGrassEnv.env-99b9eef7: event=StepBegin | env_id=env-99b9eef7 | step=656 | incoming_actions=['prey_1', 'prey_3', 'prey_5', 'prey_0', 'prey_18', ...] | active_agents=25 | current_step=656
2025-11-23 03:29:15,261 [DEBUG] PredPreyGrassEnv.env-99b9eef7: event=StepSummary | env_id=env-99b9eef7 | step=656 | current_step=656 | terminated_agents=[] | truncated_agents=[] | remaining_agents=25 | reward_preview={prey_1:-0.001, prey_3:-0.001, predator_6:-0.001, prey_5:-0.001, predator_5:-0.001} | info_preview={}
2025-11-23 03:29:15,270 [DEBUG] PredPreyGrassEnv.env-99b9eef7: event=StepBegin | env_id=env-99b9eef7 | step=657 | incoming_actions=['prey_1', 'prey_3', 'prey_5', 'prey_0', 'prey_18', ...] | active_agents=25 | current_step=657
2025-11-23 03:29:15,274 [DEBUG] PredPreyGrassEnv.env-99b9eef7: event=StepSummary | env_id=env-99b9eef7 | step=657 | current_step=657 | terminated_agents=[] | truncated_agents=[] | remaining_agents=25 | reward_preview={prey_1:-0.001, prey_3:-0.001, predator_6:-0.001, prey_5:-0.001, predator_5:-0.001} | info_preview={}
2025-11-23 03:29:15,283 [DEBUG] PredPreyGrassEnv.env-99b9eef7: event=StepBegin | env_id=env-99b9eef7 | step=658 | incoming_actions=['prey_1', 'prey_3', 'prey_5', 'prey_0', 'prey_18', ...] | active_agents=25 | current_step=658
2025-11-23 03:29:15,287 [DEBUG] PredPreyGrassEnv.env-99b9eef7: event=StepSummary | env_id=env-99b9eef7 | step=658 | current_step=658 | terminated_agents=[] | truncated_agents=[] | remaining_agents=25 | reward_preview={prey_1:-0.001, prey_3:-0.001, predator_6:-0.001, prey_5:-0.001, predator_5:-0.001} | info_preview={}
2025-11-23 03:29:15,296 [DEBUG] PredPreyGrassEnv.env-99b9eef7: event=StepBegin | env_id=env-99b9eef7 | step=659 | incoming_actions=['prey_1', 'prey_3', 'prey_5', 'prey_0', 'prey_18', ...] | active_agents=25 | current_step=659
2025-11-23 03:29:15,301 [DEBUG] PredPreyGrassEnv.env-99b9eef7: event=StepSummary | env_id=env-99b9eef7 | step=659 | current_step=659 | terminated_agents=[] | truncated_agents=[] | remaining_agents=25 | reward_preview={prey_1:-0.001, prey_3:-0.001, predator_6:-0.001, prey_5:-0.001, predator_5:-0.001} | info_preview={}
2025-11-23 03:29:15,310 [DEBUG] PredPreyGrassEnv.env-99b9eef7: event=StepBegin | env_id=env-99b9eef7 | step=660 | incoming_actions=['prey_1', 'prey_3', 'prey_5', 'prey_0', 'prey_18', ...] | active_agents=25 | current_step=660
2025-11-23 03:29:15,316 [DEBUG] PredPreyGrassEnv.env-99b9eef7: event=StepSummary | env_id=env-99b9eef7 | step=660 | current_step=660 | terminated_agents=[] | truncated_agents=[] | remaining_agents=25 | reward_preview={prey_1:-0.001, prey_3:-0.001, predator_6:-0.001, prey_5:-0.001, predator_5:-0.001} | info_preview={}
2025-11-23 03:29:15,338 [DEBUG] PredPreyGrassEnv.env-99b9eef7: event=StepBegin | env_id=env-99b9eef7 | step=661 | incoming_actions=['prey_1', 'prey_3', 'prey_5', 'prey_0', 'prey_18', ...] | active_agents=25 | current_step=661
2025-11-23 03:29:15,343 [DEBUG] PredPreyGrassEnv.env-99b9eef7: event=PreyAteGrass | env_id=env-99b9eef7 | step=661 | prey='prey_14' | grass='grass_36' | prey_position=[685.4786052208195, 718.1606112521691] | grass_energy=10.0 | energy_gained=9.0 | prey_energy=66.3656447304405
2025-11-23 03:29:15,347 [DEBUG] PredPreyGrassEnv.env-99b9eef7: event=StepSummary | env_id=env-99b9eef7 | step=661 | current_step=661 | terminated_agents=[] | truncated_agents=[] | remaining_agents=25 | reward_preview={prey_1:-0.001, prey_3:-0.001, predator_6:-0.001, prey_5:-0.001, predator_5:-0.001} | info_preview={}
2025-11-23 03:29:15,369 [DEBUG] PredPreyGrassEnv.env-99b9eef7: event=StepBegin | env_id=env-99b9eef7 | step=662 | incoming_actions=['prey_1', 'prey_3', 'prey_5', 'prey_0', 'prey_18', ...] | active_agents=25 | current_step=662
2025-11-23 03:29:15,378 [DEBUG] PredPreyGrassEnv.env-99b9eef7: event=StepSummary | env_id=env-99b9eef7 | step=662 | current_step=662 | terminated_agents=[] | truncated_agents=[] | remaining_agents=25 | reward_preview={prey_1:-0.001, prey_3:-0.001, predator_6:-0.001, prey_5:-0.001, predator_5:-0.001} | info_preview={}
2025-11-23 03:29:15,400 [DEBUG] PredPreyGrassEnv.env-99b9eef7: event=StepBegin | env_id=env-99b9eef7 | step=663 | incoming_actions=['prey_1', 'prey_3', 'prey_5', 'prey_0', 'prey_18', ...] | active_agents=25 | current_step=663
2025-11-23 03:29:15,409 [DEBUG] PredPreyGrassEnv.env-99b9eef7: event=StepSummary | env_id=env-99b9eef7 | step=663 | current_step=663 | terminated_agents=[] | truncated_agents=[] | remaining_agents=25 | reward_preview={prey_1:-0.001, prey_3:-0.001, predator_6:-0.001, prey_5:-0.001, predator_5:-0.001} | info_preview={}
2025-11-23 03:29:15,431 [DEBUG] PredPreyGrassEnv.env-99b9eef7: event=StepBegin | env_id=env-99b9eef7 | step=664 | incoming_actions=['prey_1', 'prey_3', 'prey_5', 'prey_0', 'prey_18', ...] | active_agents=25 | current_step=664
2025-11-23 03:29:15,439 [DEBUG] PredPreyGrassEnv.env-99b9eef7: event=StepSummary | env_id=env-99b9eef7 | step=664 | current_step=664 | terminated_agents=[] | truncated_agents=[] | remaining_agents=25 | reward_preview={prey_1:-0.001, prey_3:-0.001, predator_6:-0.001, prey_5:-0.001, predator_5:-0.001} | info_preview={}
2025-11-23 03:29:15,462 [DEBUG] PredPreyGrassEnv.env-99b9eef7: event=StepBegin | env_id=env-99b9eef7 | step=665 | incoming_actions=['prey_1', 'prey_3', 'prey_5', 'prey_0', 'prey_18', ...] | active_agents=25 | current_step=665
2025-11-23 03:29:15,470 [DEBUG] PredPreyGrassEnv.env-99b9eef7: event=StepSummary | env_id=env-99b9eef7 | step=665 | current_step=665 | terminated_agents=[] | truncated_agents=[] | remaining_agents=25 | reward_preview={prey_1:-0.001, prey_3:-0.001, predator_6:-0.001, prey_5:-0.001, predator_5:-0.001} | info_preview={}
2025-11-23 03:29:15,493 [DEBUG] PredPreyGrassEnv.env-99b9eef7: event=StepBegin | env_id=env-99b9eef7 | step=666 | incoming_actions=['prey_1', 'prey_3', 'prey_5', 'prey_0', 'prey_18', ...] | active_agents=25 | current_step=666
2025-11-23 03:29:15,501 [DEBUG] PredPreyGrassEnv.env-99b9eef7: event=StepSummary | env_id=env-99b9eef7 | step=666 | current_step=666 | terminated_agents=[] | truncated_agents=[] | remaining_agents=25 | reward_preview={prey_1:-0.001, prey_3:-0.001, predator_6:-0.001, prey_5:-0.001, predator_5:-0.001} | info_preview={}
2025-11-23 03:29:15,523 [DEBUG] PredPreyGrassEnv.env-99b9eef7: event=StepBegin | env_id=env-99b9eef7 | step=667 | incoming_actions=['prey_1', 'prey_3', 'prey_5', 'prey_0', 'prey_18', ...] | active_agents=25 | current_step=667
2025-11-23 03:29:15,532 [DEBUG] PredPreyGrassEnv.env-99b9eef7: event=StepSummary | env_id=env-99b9eef7 | step=667 | current_step=667 | terminated_agents=[] | truncated_agents=[] | remaining_agents=25 | reward_preview={prey_1:-0.001, prey_3:-0.001, predator_6:-0.001, prey_5:-0.001, predator_5:-0.001} | info_preview={}
2025-11-23 03:29:15,554 [DEBUG] PredPreyGrassEnv.env-99b9eef7: event=StepBegin | env_id=env-99b9eef7 | step=668 | incoming_actions=['prey_1', 'prey_3', 'prey_5', 'prey_0', 'prey_18', ...] | active_agents=25 | current_step=668
2025-11-23 03:29:15,563 [DEBUG] PredPreyGrassEnv.env-99b9eef7: event=StepSummary | env_id=env-99b9eef7 | step=668 | current_step=668 | terminated_agents=[] | truncated_agents=[] | remaining_agents=25 | reward_preview={prey_1:-0.001, prey_3:-0.001, predator_6:-0.001, prey_5:-0.001, predator_5:-0.001} | info_preview={}
2025-11-23 03:29:15,585 [DEBUG] PredPreyGrassEnv.env-99b9eef7: event=StepBegin | env_id=env-99b9eef7 | step=669 | incoming_actions=['prey_1', 'prey_3', 'prey_5', 'prey_0', 'prey_18', ...] | active_agents=25 | current_step=669
2025-11-23 03:29:15,594 [DEBUG] PredPreyGrassEnv.env-99b9eef7: event=StepSummary | env_id=env-99b9eef7 | step=669 | current_step=669 | terminated_agents=[] | truncated_agents=[] | remaining_agents=25 | reward_preview={prey_1:-0.001, prey_3:-0.001, predator_6:-0.001, prey_5:-0.001, predator_5:-0.001} | info_preview={}
2025-11-23 03:29:15,616 [DEBUG] PredPreyGrassEnv.env-99b9eef7: event=StepBegin | env_id=env-99b9eef7 | step=670 | incoming_actions=['prey_1', 'prey_3', 'prey_5', 'prey_0', 'prey_18', ...] | active_agents=25 | current_step=670
2025-11-23 03:29:15,625 [DEBUG] PredPreyGrassEnv.env-99b9eef7: event=StepSummary | env_id=env-99b9eef7 | step=670 | current_step=670 | terminated_agents=[] | truncated_agents=[] | remaining_agents=25 | reward_preview={prey_1:-0.001, prey_3:-0.001, predator_6:-0.001, prey_5:-0.001, predator_5:-0.001} | info_preview={}
2025-11-23 03:29:15,647 [DEBUG] PredPreyGrassEnv.env-99b9eef7: event=StepBegin | env_id=env-99b9eef7 | step=671 | incoming_actions=['prey_1', 'prey_3', 'prey_5', 'prey_0', 'prey_18', ...] | active_agents=25 | current_step=671
2025-11-23 03:29:15,656 [DEBUG] PredPreyGrassEnv.env-99b9eef7: event=StepSummary | env_id=env-99b9eef7 | step=671 | current_step=671 | terminated_agents=[] | truncated_agents=[] | remaining_agents=25 | reward_preview={prey_1:-0.001, prey_3:-0.001, predator_6:-0.001, prey_5:-0.001, predator_5:-0.001} | info_preview={}
2025-11-23 03:29:15,679 [DEBUG] PredPreyGrassEnv.env-99b9eef7: event=StepBegin | env_id=env-99b9eef7 | step=672 | incoming_actions=['prey_1', 'prey_3', 'prey_5', 'prey_0', 'prey_18', ...] | active_agents=25 | current_step=672
2025-11-23 03:29:15,687 [DEBUG] PredPreyGrassEnv.env-99b9eef7: event=StepSummary | env_id=env-99b9eef7 | step=672 | current_step=672 | terminated_agents=[] | truncated_agents=[] | remaining_agents=25 | reward_preview={prey_1:-0.001, prey_3:-0.001, predator_6:-0.001, prey_5:-0.001, predator_5:-0.001} | info_preview={}
2025-11-23 03:29:15,709 [DEBUG] PredPreyGrassEnv.env-99b9eef7: event=StepBegin | env_id=env-99b9eef7 | step=673 | incoming_actions=['prey_1', 'prey_3', 'prey_5', 'prey_0', 'prey_18', ...] | active_agents=25 | current_step=673
2025-11-23 03:29:15,718 [DEBUG] PredPreyGrassEnv.env-99b9eef7: event=StepSummary | env_id=env-99b9eef7 | step=673 | current_step=673 | terminated_agents=[] | truncated_agents=[] | remaining_agents=25 | reward_preview={prey_1:-0.001, prey_3:-0.001, predator_6:-0.001, prey_5:-0.001, predator_5:-0.001} | info_preview={}
2025-11-23 03:29:15,740 [DEBUG] PredPreyGrassEnv.env-99b9eef7: event=StepBegin | env_id=env-99b9eef7 | step=674 | incoming_actions=['prey_1', 'prey_3', 'prey_5', 'prey_0', 'prey_18', ...] | active_agents=25 | current_step=674
2025-11-23 03:29:15,749 [DEBUG] PredPreyGrassEnv.env-99b9eef7: event=StepSummary | env_id=env-99b9eef7 | step=674 | current_step=674 | terminated_agents=[] | truncated_agents=[] | remaining_agents=25 | reward_preview={prey_1:-0.001, prey_3:-0.001, predator_6:-0.001, prey_5:-0.001, predator_5:-0.001} | info_preview={}
2025-11-23 03:29:15,771 [DEBUG] PredPreyGrassEnv.env-99b9eef7: event=StepBegin | env_id=env-99b9eef7 | step=675 | incoming_actions=['prey_1', 'prey_3', 'prey_5', 'prey_0', 'prey_18', ...] | active_agents=25 | current_step=675
2025-11-23 03:29:15,780 [DEBUG] PredPreyGrassEnv.env-99b9eef7: event=StepSummary | env_id=env-99b9eef7 | step=675 | current_step=675 | terminated_agents=[] | truncated_agents=[] | remaining_agents=25 | reward_preview={prey_1:-0.001, prey_3:-0.001, predator_6:-0.001, prey_5:-0.001, predator_5:-0.001} | info_preview={}
2025-11-23 03:29:15,802 [DEBUG] PredPreyGrassEnv.env-99b9eef7: event=StepBegin | env_id=env-99b9eef7 | step=676 | incoming_actions=['prey_1', 'prey_3', 'prey_5', 'prey_0', 'prey_18', ...] | active_agents=25 | current_step=676
2025-11-23 03:29:15,811 [DEBUG] PredPreyGrassEnv.env-99b9eef7: event=StepSummary | env_id=env-99b9eef7 | step=676 | current_step=676 | terminated_agents=[] | truncated_agents=[] | remaining_agents=25 | reward_preview={prey_1:-0.001, prey_3:-0.001, predator_6:-0.001, prey_5:-0.001, predator_5:-0.001} | info_preview={}
2025-11-23 03:29:15,833 [DEBUG] PredPreyGrassEnv.env-99b9eef7: event=StepBegin | env_id=env-99b9eef7 | step=677 | incoming_actions=['prey_1', 'prey_3', 'prey_5', 'prey_0', 'prey_18', ...] | active_agents=25 | current_step=677
2025-11-23 03:29:15,842 [DEBUG] PredPreyGrassEnv.env-99b9eef7: event=StepSummary | env_id=env-99b9eef7 | step=677 | current_step=677 | terminated_agents=[] | truncated_agents=[] | remaining_agents=25 | reward_preview={prey_1:-0.001, prey_3:-0.001, predator_6:-0.001, prey_5:-0.001, predator_5:-0.001} | info_preview={}
2025-11-23 03:29:15,865 [DEBUG] PredPreyGrassEnv.env-99b9eef7: event=StepBegin | env_id=env-99b9eef7 | step=678 | incoming_actions=['prey_1', 'prey_3', 'prey_5', 'prey_0', 'prey_18', ...] | active_agents=25 | current_step=678
2025-11-23 03:29:15,874 [DEBUG] PredPreyGrassEnv.env-99b9eef7: event=StepSummary | env_id=env-99b9eef7 | step=678 | current_step=678 | terminated_agents=[] | truncated_agents=[] | remaining_agents=25 | reward_preview={prey_1:-0.001, prey_3:-0.001, predator_6:-0.001, prey_5:-0.001, predator_5:-0.001} | info_preview={}
2025-11-23 03:29:15,896 [DEBUG] PredPreyGrassEnv.env-99b9eef7: event=StepBegin | env_id=env-99b9eef7 | step=679 | incoming_actions=['prey_1', 'prey_3', 'prey_5', 'prey_0', 'prey_18', ...] | active_agents=25 | current_step=679
2025-11-23 03:29:15,905 [DEBUG] PredPreyGrassEnv.env-99b9eef7: event=StepSummary | env_id=env-99b9eef7 | step=679 | current_step=679 | terminated_agents=[] | truncated_agents=[] | remaining_agents=25 | reward_preview={prey_1:-0.001, prey_3:-0.001, predator_6:-0.001, prey_5:-0.001, predator_5:-0.001} | info_preview={}
2025-11-23 03:29:15,927 [DEBUG] PredPreyGrassEnv.env-99b9eef7: event=StepBegin | env_id=env-99b9eef7 | step=680 | incoming_actions=['prey_1', 'prey_3', 'prey_5', 'prey_0', 'prey_18', ...] | active_agents=25 | current_step=680
2025-11-23 03:29:15,931 [DEBUG] PredPreyGrassEnv.env-99b9eef7: event=PreyAteGrass | env_id=env-99b9eef7 | step=680 | prey='prey_1' | grass='grass_46' | prey_position=[217.34366375002585, 187.04238478858866] | grass_energy=10.0 | energy_gained=9.0 | prey_energy=83.63624803232885
2025-11-23 03:29:15,936 [DEBUG] PredPreyGrassEnv.env-99b9eef7: event=StepSummary | env_id=env-99b9eef7 | step=680 | current_step=680 | terminated_agents=[] | truncated_agents=[] | remaining_agents=25 | reward_preview={prey_1:1.0, prey_3:-0.001, predator_6:-0.001, prey_5:-0.001, predator_5:-0.001} | info_preview={}
2025-11-23 03:29:15,959 [DEBUG] PredPreyGrassEnv.env-99b9eef7: event=StepBegin | env_id=env-99b9eef7 | step=681 | incoming_actions=['prey_1', 'prey_3', 'prey_5', 'prey_0', 'prey_18', ...] | active_agents=25 | current_step=681
2025-11-23 03:29:15,960 [DEBUG] PredPreyGrassEnv.env-99b9eef7: event=CollisionBatch | env_id=env-99b9eef7 | step=681 | collisions=[['prey_eat_grass', 'prey_0', 'grass_61']]
2025-11-23 03:29:15,968 [DEBUG] PredPreyGrassEnv.env-99b9eef7: event=StepSummary | env_id=env-99b9eef7 | step=681 | current_step=681 | terminated_agents=[] | truncated_agents=[] | remaining_agents=25 | reward_preview={prey_1:-0.001, prey_3:-0.001, predator_6:-0.001, prey_5:-0.001, predator_5:-0.001} | info_preview={}
2025-11-23 03:29:15,991 [DEBUG] PredPreyGrassEnv.env-99b9eef7: event=StepBegin | env_id=env-99b9eef7 | step=682 | incoming_actions=['prey_1', 'prey_3', 'prey_5', 'prey_0', 'prey_18', ...] | active_agents=25 | current_step=682
2025-11-23 03:29:15,999 [DEBUG] PredPreyGrassEnv.env-99b9eef7: event=StepSummary | env_id=env-99b9eef7 | step=682 | current_step=682 | terminated_agents=[] | truncated_agents=[] | remaining_agents=25 | reward_preview={prey_1:-0.001, prey_3:-0.001, predator_6:-0.001, prey_5:-0.001, predator_5:-0.001} | info_preview={}
2025-11-23 03:29:16,022 [DEBUG] PredPreyGrassEnv.env-99b9eef7: event=StepBegin | env_id=env-99b9eef7 | step=683 | incoming_actions=['prey_1', 'prey_3', 'prey_5', 'prey_0', 'prey_18', ...] | active_agents=25 | current_step=683
2025-11-23 03:29:16,031 [DEBUG] PredPreyGrassEnv.env-99b9eef7: event=StepSummary | env_id=env-99b9eef7 | step=683 | current_step=683 | terminated_agents=[] | truncated_agents=[] | remaining_agents=25 | reward_preview={prey_1:-0.001, prey_3:-0.001, predator_6:-0.001, prey_5:-0.001, predator_5:-0.001} | info_preview={}
2025-11-23 03:29:16,053 [DEBUG] PredPreyGrassEnv.env-99b9eef7: event=StepBegin | env_id=env-99b9eef7 | step=684 | incoming_actions=['prey_1', 'prey_3', 'prey_5', 'prey_0', 'prey_18', ...] | active_agents=25 | current_step=684
2025-11-23 03:29:16,062 [DEBUG] PredPreyGrassEnv.env-99b9eef7: event=StepSummary | env_id=env-99b9eef7 | step=684 | current_step=684 | terminated_agents=[] | truncated_agents=[] | remaining_agents=25 | reward_preview={prey_1:-0.001, prey_3:-0.001, predator_6:-0.001, prey_5:-0.001, predator_5:-0.001} | info_preview={}
2025-11-23 03:29:16,084 [DEBUG] PredPreyGrassEnv.env-99b9eef7: event=StepBegin | env_id=env-99b9eef7 | step=685 | incoming_actions=['prey_1', 'prey_3', 'prey_5', 'prey_0', 'prey_18', ...] | active_agents=25 | current_step=685
2025-11-23 03:29:16,094 [DEBUG] PredPreyGrassEnv.env-99b9eef7: event=StepSummary | env_id=env-99b9eef7 | step=685 | current_step=685 | terminated_agents=[] | truncated_agents=[] | remaining_agents=25 | reward_preview={prey_1:-0.001, prey_3:-0.001, predator_6:-0.001, prey_5:-0.001, predator_5:-0.001} | info_preview={}
2025-11-23 03:29:16,116 [DEBUG] PredPreyGrassEnv.env-99b9eef7: event=StepBegin | env_id=env-99b9eef7 | step=686 | incoming_actions=['prey_1', 'prey_3', 'prey_5', 'prey_0', 'prey_18', ...] | active_agents=25 | current_step=686
2025-11-23 03:29:16,125 [DEBUG] PredPreyGrassEnv.env-99b9eef7: event=StepSummary | env_id=env-99b9eef7 | step=686 | current_step=686 | terminated_agents=[] | truncated_agents=[] | remaining_agents=25 | reward_preview={prey_1:-0.001, prey_3:-0.001, predator_6:-0.001, prey_5:-0.001, predator_5:-0.001} | info_preview={}
2025-11-23 03:29:16,147 [DEBUG] PredPreyGrassEnv.env-99b9eef7: event=StepBegin | env_id=env-99b9eef7 | step=687 | incoming_actions=['prey_1', 'prey_3', 'prey_5', 'prey_0', 'prey_18', ...] | active_agents=25 | current_step=687
2025-11-23 03:29:16,156 [DEBUG] PredPreyGrassEnv.env-99b9eef7: event=StepSummary | env_id=env-99b9eef7 | step=687 | current_step=687 | terminated_agents=[] | truncated_agents=[] | remaining_agents=25 | reward_preview={prey_1:-0.001, prey_3:-0.001, predator_6:-0.001, prey_5:-0.001, predator_5:-0.001} | info_preview={}
2025-11-23 03:29:16,178 [DEBUG] PredPreyGrassEnv.env-99b9eef7: event=StepBegin | env_id=env-99b9eef7 | step=688 | incoming_actions=['prey_1', 'prey_3', 'prey_5', 'prey_0', 'prey_18', ...] | active_agents=25 | current_step=688
2025-11-23 03:29:16,187 [DEBUG] PredPreyGrassEnv.env-99b9eef7: event=StepSummary | env_id=env-99b9eef7 | step=688 | current_step=688 | terminated_agents=[] | truncated_agents=[] | remaining_agents=25 | reward_preview={prey_1:-0.001, prey_3:-0.001, predator_6:-0.001, prey_5:-0.001, predator_5:-0.001} | info_preview={}
2025-11-23 03:29:16,209 [DEBUG] PredPreyGrassEnv.env-99b9eef7: event=StepBegin | env_id=env-99b9eef7 | step=689 | incoming_actions=['prey_1', 'prey_3', 'prey_5', 'prey_0', 'prey_18', ...] | active_agents=25 | current_step=689
2025-11-23 03:29:16,218 [DEBUG] PredPreyGrassEnv.env-99b9eef7: event=StepSummary | env_id=env-99b9eef7 | step=689 | current_step=689 | terminated_agents=[] | truncated_agents=[] | remaining_agents=25 | reward_preview={prey_1:-0.001, prey_3:-0.001, predator_6:-0.001, prey_5:-0.001, predator_5:-0.001} | info_preview={}
2025-11-23 03:29:16,241 [DEBUG] PredPreyGrassEnv.env-99b9eef7: event=StepBegin | env_id=env-99b9eef7 | step=690 | incoming_actions=['prey_1', 'prey_3', 'prey_5', 'prey_0', 'prey_18', ...] | active_agents=25 | current_step=690
2025-11-23 03:29:16,249 [DEBUG] PredPreyGrassEnv.env-99b9eef7: event=StepSummary | env_id=env-99b9eef7 | step=690 | current_step=690 | terminated_agents=[] | truncated_agents=[] | remaining_agents=25 | reward_preview={prey_1:-0.001, prey_3:-0.001, predator_6:-0.001, prey_5:-0.001, predator_5:-0.001} | info_preview={}
2025-11-23 03:29:16,272 [DEBUG] PredPreyGrassEnv.env-99b9eef7: event=StepBegin | env_id=env-99b9eef7 | step=691 | incoming_actions=['prey_1', 'prey_3', 'prey_5', 'prey_0', 'prey_18', ...] | active_agents=25 | current_step=691
2025-11-23 03:29:16,280 [DEBUG] PredPreyGrassEnv.env-99b9eef7: event=StepSummary | env_id=env-99b9eef7 | step=691 | current_step=691 | terminated_agents=[] | truncated_agents=[] | remaining_agents=25 | reward_preview={prey_1:-0.001, prey_3:-0.001, predator_6:-0.001, prey_5:-0.001, predator_5:-0.001} | info_preview={}
2025-11-23 03:29:16,303 [DEBUG] PredPreyGrassEnv.env-99b9eef7: event=StepBegin | env_id=env-99b9eef7 | step=692 | incoming_actions=['prey_1', 'prey_3', 'prey_5', 'prey_0', 'prey_18', ...] | active_agents=25 | current_step=692
2025-11-23 03:29:16,311 [DEBUG] PredPreyGrassEnv.env-99b9eef7: event=StepSummary | env_id=env-99b9eef7 | step=692 | current_step=692 | terminated_agents=[] | truncated_agents=[] | remaining_agents=25 | reward_preview={prey_1:-0.001, prey_3:-0.001, predator_6:-0.001, prey_5:-0.001, predator_5:-0.001} | info_preview={}
2025-11-23 03:29:16,334 [DEBUG] PredPreyGrassEnv.env-99b9eef7: event=StepBegin | env_id=env-99b9eef7 | step=693 | incoming_actions=['prey_1', 'prey_3', 'prey_5', 'prey_0', 'prey_18', ...] | active_agents=25 | current_step=693
2025-11-23 03:29:16,343 [DEBUG] PredPreyGrassEnv.env-99b9eef7: event=PreyAteGrass | env_id=env-99b9eef7 | step=693 | prey='prey_8' | grass='grass_47' | prey_position=[199.98184692998186, 384.92504875863585] | grass_energy=10.0 | energy_gained=9.0 | prey_energy=44.89338163454481
2025-11-23 03:29:16,343 [DEBUG] PredPreyGrassEnv.env-99b9eef7: event=StepSummary | env_id=env-99b9eef7 | step=693 | current_step=693 | terminated_agents=[] | truncated_agents=[] | remaining_agents=25 | reward_preview={prey_1:-0.001, prey_3:-0.001, predator_6:-0.001, prey_5:-0.001, predator_5:-0.001} | info_preview={}
2025-11-23 03:29:16,365 [DEBUG] PredPreyGrassEnv.env-99b9eef7: event=StepBegin | env_id=env-99b9eef7 | step=694 | incoming_actions=['prey_1', 'prey_3', 'prey_5', 'prey_0', 'prey_18', ...] | active_agents=25 | current_step=694
2025-11-23 03:29:16,374 [DEBUG] PredPreyGrassEnv.env-99b9eef7: event=StepSummary | env_id=env-99b9eef7 | step=694 | current_step=694 | terminated_agents=[] | truncated_agents=[] | remaining_agents=25 | reward_preview={prey_1:-0.001, prey_3:-0.001, predator_6:-0.001, prey_5:-0.001, predator_5:-0.001} | info_preview={}
2025-11-23 03:29:16,397 [DEBUG] PredPreyGrassEnv.env-99b9eef7: event=StepBegin | env_id=env-99b9eef7 | step=695 | incoming_actions=['prey_1', 'prey_3', 'prey_5', 'prey_0', 'prey_18', ...] | active_agents=25 | current_step=695
2025-11-23 03:29:16,406 [DEBUG] PredPreyGrassEnv.env-99b9eef7: event=StepSummary | env_id=env-99b9eef7 | step=695 | current_step=695 | terminated_agents=[] | truncated_agents=[] | remaining_agents=25 | reward_preview={prey_1:-0.001, prey_3:-0.001, predator_6:-0.001, prey_5:-0.001, predator_5:-0.001} | info_preview={}
2025-11-23 03:29:16,428 [DEBUG] PredPreyGrassEnv.env-99b9eef7: event=StepBegin | env_id=env-99b9eef7 | step=696 | incoming_actions=['prey_1', 'prey_3', 'prey_5', 'prey_0', 'prey_18', ...] | active_agents=25 | current_step=696
2025-11-23 03:29:16,436 [DEBUG] PredPreyGrassEnv.env-99b9eef7: event=StepSummary | env_id=env-99b9eef7 | step=696 | current_step=696 | terminated_agents=[] | truncated_agents=[] | remaining_agents=25 | reward_preview={prey_1:-0.001, prey_3:-0.001, predator_6:-0.001, prey_5:-0.001, predator_5:-0.001} | info_preview={}
2025-11-23 03:29:16,458 [DEBUG] PredPreyGrassEnv.env-99b9eef7: event=StepBegin | env_id=env-99b9eef7 | step=697 | incoming_actions=['prey_1', 'prey_3', 'prey_5', 'prey_0', 'prey_18', ...] | active_agents=25 | current_step=697
2025-11-23 03:29:16,467 [DEBUG] PredPreyGrassEnv.env-99b9eef7: event=StepSummary | env_id=env-99b9eef7 | step=697 | current_step=697 | terminated_agents=[] | truncated_agents=[] | remaining_agents=25 | reward_preview={prey_1:-0.001, prey_3:-0.001, predator_6:-0.001, prey_5:-0.001, predator_5:-0.001} | info_preview={}
2025-11-23 03:29:16,489 [DEBUG] PredPreyGrassEnv.env-99b9eef7: event=StepBegin | env_id=env-99b9eef7 | step=698 | incoming_actions=['prey_1', 'prey_3', 'prey_5', 'prey_0', 'prey_18', ...] | active_agents=25 | current_step=698
2025-11-23 03:29:16,494 [DEBUG] PredPreyGrassEnv.env-99b9eef7: event=PreyAteGrass | env_id=env-99b9eef7 | step=698 | prey='prey_16' | grass='grass_52' | prey_position=[169.27944723625583, 281.48472783361825] | grass_energy=10.0 | energy_gained=9.0 | prey_energy=60.22285554774035
2025-11-23 03:29:16,498 [DEBUG] PredPreyGrassEnv.env-99b9eef7: event=OffspringCreated | env_id=env-99b9eef7 | step=698 | parent_a='predator_1' | parent_b='predator_5' | offspring='predator_7' | distance=79.35044313430673
2025-11-23 03:29:16,499 [DEBUG] PredPreyGrassEnv.env-99b9eef7: event=StepSummary | env_id=env-99b9eef7 | step=698 | current_step=698 | terminated_agents=[] | truncated_agents=[] | remaining_agents=26 | reward_preview={prey_1:-0.001, prey_3:-0.001, predator_6:-0.001, prey_5:-0.001, predator_5:0.999} | info_preview={}
2025-11-23 03:29:16,521 [DEBUG] PredPreyGrassEnv.env-99b9eef7: event=StepBegin | env_id=env-99b9eef7 | step=699 | incoming_actions=['prey_1', 'prey_3', 'prey_5', 'prey_0', 'prey_18', ...] | active_agents=26 | current_step=699
2025-11-23 03:29:16,530 [DEBUG] PredPreyGrassEnv.env-99b9eef7: event=StepSummary | env_id=env-99b9eef7 | step=699 | current_step=699 | terminated_agents=[] | truncated_agents=[] | remaining_agents=26 | reward_preview={prey_1:-0.001, prey_3:-0.001, predator_6:-0.001, prey_5:-0.001, predator_5:-0.001} | info_preview={}
2025-11-23 03:29:16,553 [DEBUG] PredPreyGrassEnv.env-99b9eef7: event=StepBegin | env_id=env-99b9eef7 | step=700 | incoming_actions=['prey_1', 'prey_3', 'prey_5', 'prey_0', 'prey_18', ...] | active_agents=26 | current_step=700
2025-11-23 03:29:16,562 [DEBUG] PredPreyGrassEnv.env-99b9eef7: event=StepSummary | env_id=env-99b9eef7 | step=700 | current_step=700 | terminated_agents=[] | truncated_agents=[] | remaining_agents=26 | reward_preview={prey_1:-0.001, prey_3:-0.001, predator_6:-0.001, prey_5:-0.001, predator_5:-0.001} | info_preview={}
2025-11-23 03:29:16,585 [DEBUG] PredPreyGrassEnv.env-99b9eef7: event=StepBegin | env_id=env-99b9eef7 | step=701 | incoming_actions=['prey_1', 'prey_3', 'prey_5', 'prey_0', 'prey_18', ...] | active_agents=26 | current_step=701
2025-11-23 03:29:16,594 [DEBUG] PredPreyGrassEnv.env-99b9eef7: event=StepSummary | env_id=env-99b9eef7 | step=701 | current_step=701 | terminated_agents=[] | truncated_agents=[] | remaining_agents=26 | reward_preview={prey_1:-0.001, prey_3:-0.001, predator_6:-0.001, prey_5:-0.001, predator_5:-0.001} | info_preview={}
2025-11-23 03:29:16,613 [DEBUG] PredPreyGrassEnv.env-99b9eef7: event=StepBegin | env_id=env-99b9eef7 | step=702 | incoming_actions=['prey_1', 'prey_3', 'prey_5', 'prey_0', 'prey_18', ...] | active_agents=26 | current_step=702
2025-11-23 03:29:16,617 [DEBUG] PredPreyGrassEnv.env-99b9eef7: event=StepSummary | env_id=env-99b9eef7 | step=702 | current_step=702 | terminated_agents=[] | truncated_agents=[] | remaining_agents=26 | reward_preview={prey_1:-0.001, prey_3:-0.001, predator_6:-0.001, prey_5:-0.001, predator_5:-0.001} | info_preview={}
2025-11-23 03:29:16,626 [DEBUG] PredPreyGrassEnv.env-99b9eef7: event=StepBegin | env_id=env-99b9eef7 | step=703 | incoming_actions=['prey_1', 'prey_3', 'prey_5', 'prey_0', 'prey_18', ...] | active_agents=26 | current_step=703
2025-11-23 03:29:16,630 [DEBUG] PredPreyGrassEnv.env-99b9eef7: event=StepSummary | env_id=env-99b9eef7 | step=703 | current_step=703 | terminated_agents=[] | truncated_agents=[] | remaining_agents=26 | reward_preview={prey_1:-0.001, prey_3:-0.001, predator_6:-0.001, prey_5:-0.001, predator_5:-0.001} | info_preview={}
2025-11-23 03:29:16,640 [DEBUG] PredPreyGrassEnv.env-99b9eef7: event=StepBegin | env_id=env-99b9eef7 | step=704 | incoming_actions=['prey_1', 'prey_3', 'prey_5', 'prey_0', 'prey_18', ...] | active_agents=26 | current_step=704
2025-11-23 03:29:16,644 [DEBUG] PredPreyGrassEnv.env-99b9eef7: event=StepSummary | env_id=env-99b9eef7 | step=704 | current_step=704 | terminated_agents=[] | truncated_agents=[] | remaining_agents=26 | reward_preview={prey_1:-0.001, prey_3:-0.001, predator_6:-0.001, prey_5:-0.001, predator_5:-0.001} | info_preview={}
2025-11-23 03:29:16,653 [DEBUG] PredPreyGrassEnv.env-99b9eef7: event=StepBegin | env_id=env-99b9eef7 | step=705 | incoming_actions=['prey_1', 'prey_3', 'prey_5', 'prey_0', 'prey_18', ...] | active_agents=26 | current_step=705
2025-11-23 03:29:16,657 [DEBUG] PredPreyGrassEnv.env-99b9eef7: event=StepSummary | env_id=env-99b9eef7 | step=705 | current_step=705 | terminated_agents=[] | truncated_agents=[] | remaining_agents=26 | reward_preview={prey_1:-0.001, prey_3:-0.001, predator_6:-0.001, prey_5:-0.001, predator_5:-0.001} | info_preview={}
2025-11-23 03:29:16,666 [DEBUG] PredPreyGrassEnv.env-99b9eef7: event=StepBegin | env_id=env-99b9eef7 | step=706 | incoming_actions=['prey_1', 'prey_3', 'prey_5', 'prey_0', 'prey_18', ...] | active_agents=26 | current_step=706
2025-11-23 03:29:16,670 [DEBUG] PredPreyGrassEnv.env-99b9eef7: event=StepSummary | env_id=env-99b9eef7 | step=706 | current_step=706 | terminated_agents=[] | truncated_agents=[] | remaining_agents=26 | reward_preview={prey_1:-0.001, prey_3:-0.001, predator_6:-0.001, prey_5:-0.001, predator_5:-0.001} | info_preview={}
2025-11-23 03:29:16,679 [DEBUG] PredPreyGrassEnv.env-99b9eef7: event=StepBegin | env_id=env-99b9eef7 | step=707 | incoming_actions=['prey_1', 'prey_3', 'prey_5', 'prey_0', 'prey_18', ...] | active_agents=26 | current_step=707
2025-11-23 03:29:16,683 [DEBUG] PredPreyGrassEnv.env-99b9eef7: event=StepSummary | env_id=env-99b9eef7 | step=707 | current_step=707 | terminated_agents=[] | truncated_agents=[] | remaining_agents=26 | reward_preview={prey_1:-0.001, prey_3:-0.001, predator_6:-0.001, prey_5:-0.001, predator_5:-0.001} | info_preview={}
2025-11-23 03:29:16,692 [DEBUG] PredPreyGrassEnv.env-99b9eef7: event=StepBegin | env_id=env-99b9eef7 | step=708 | incoming_actions=['prey_1', 'prey_3', 'prey_5', 'prey_0', 'prey_18', ...] | active_agents=26 | current_step=708
2025-11-23 03:29:16,696 [DEBUG] PredPreyGrassEnv.env-99b9eef7: event=StepSummary | env_id=env-99b9eef7 | step=708 | current_step=708 | terminated_agents=[] | truncated_agents=[] | remaining_agents=26 | reward_preview={prey_1:-0.001, prey_3:-0.001, predator_6:-0.001, prey_5:-0.001, predator_5:-0.001} | info_preview={}
2025-11-23 03:29:16,705 [DEBUG] PredPreyGrassEnv.env-99b9eef7: event=StepBegin | env_id=env-99b9eef7 | step=709 | incoming_actions=['prey_1', 'prey_3', 'prey_5', 'prey_0', 'prey_18', ...] | active_agents=26 | current_step=709
2025-11-23 03:29:16,709 [DEBUG] PredPreyGrassEnv.env-99b9eef7: event=StepSummary | env_id=env-99b9eef7 | step=709 | current_step=709 | terminated_agents=[] | truncated_agents=[] | remaining_agents=26 | reward_preview={prey_1:-0.001, prey_3:-0.001, predator_6:-0.001, prey_5:-0.001, predator_5:-0.001} | info_preview={}
2025-11-23 03:29:16,720 [DEBUG] PredPreyGrassEnv.env-99b9eef7: event=StepBegin | env_id=env-99b9eef7 | step=710 | incoming_actions=['prey_1', 'prey_3', 'prey_5', 'prey_0', 'prey_18', ...] | active_agents=26 | current_step=710
2025-11-23 03:29:16,725 [DEBUG] PredPreyGrassEnv.env-99b9eef7: event=StepSummary | env_id=env-99b9eef7 | step=710 | current_step=710 | terminated_agents=[] | truncated_agents=[] | remaining_agents=26 | reward_preview={prey_1:-0.001, prey_3:-0.001, predator_6:-0.001, prey_5:-0.001, predator_5:-0.001} | info_preview={}
2025-11-23 03:29:16,737 [DEBUG] PredPreyGrassEnv.env-99b9eef7: event=StepBegin | env_id=env-99b9eef7 | step=711 | incoming_actions=['prey_1', 'prey_3', 'prey_5', 'prey_0', 'prey_18', ...] | active_agents=26 | current_step=711
2025-11-23 03:29:16,742 [DEBUG] PredPreyGrassEnv.env-99b9eef7: event=StepSummary | env_id=env-99b9eef7 | step=711 | current_step=711 | terminated_agents=[] | truncated_agents=[] | remaining_agents=26 | reward_preview={prey_1:-0.001, prey_3:-0.001, predator_6:-0.001, prey_5:-0.001, predator_5:-0.001} | info_preview={}
2025-11-23 03:29:16,755 [DEBUG] PredPreyGrassEnv.env-99b9eef7: event=StepBegin | env_id=env-99b9eef7 | step=712 | incoming_actions=['prey_1', 'prey_3', 'prey_5', 'prey_0', 'prey_18', ...] | active_agents=26 | current_step=712
2025-11-23 03:29:16,761 [DEBUG] PredPreyGrassEnv.env-99b9eef7: event=StepSummary | env_id=env-99b9eef7 | step=712 | current_step=712 | terminated_agents=[] | truncated_agents=[] | remaining_agents=26 | reward_preview={prey_1:-0.001, prey_3:-0.001, predator_6:-0.001, prey_5:-0.001, predator_5:-0.001} | info_preview={}
2025-11-23 03:29:16,770 [DEBUG] PredPreyGrassEnv.env-99b9eef7: event=StepBegin | env_id=env-99b9eef7 | step=713 | incoming_actions=['prey_1', 'prey_3', 'prey_5', 'prey_0', 'prey_18', ...] | active_agents=26 | current_step=713
2025-11-23 03:29:16,774 [DEBUG] PredPreyGrassEnv.env-99b9eef7: event=StepSummary | env_id=env-99b9eef7 | step=713 | current_step=713 | terminated_agents=[] | truncated_agents=[] | remaining_agents=26 | reward_preview={prey_1:-0.001, prey_3:-0.001, predator_6:-0.001, prey_5:-0.001, predator_5:-0.001} | info_preview={}
2025-11-23 03:29:16,784 [DEBUG] PredPreyGrassEnv.env-99b9eef7: event=StepBegin | env_id=env-99b9eef7 | step=714 | incoming_actions=['prey_1', 'prey_3', 'prey_5', 'prey_0', 'prey_18', ...] | active_agents=26 | current_step=714
2025-11-23 03:29:16,788 [DEBUG] PredPreyGrassEnv.env-99b9eef7: event=StepSummary | env_id=env-99b9eef7 | step=714 | current_step=714 | terminated_agents=[] | truncated_agents=[] | remaining_agents=26 | reward_preview={prey_1:-0.001, prey_3:-0.001, predator_6:-0.001, prey_5:-0.001, predator_5:-0.001} | info_preview={}
2025-11-23 03:29:16,797 [DEBUG] PredPreyGrassEnv.env-99b9eef7: event=StepBegin | env_id=env-99b9eef7 | step=715 | incoming_actions=['prey_1', 'prey_3', 'prey_5', 'prey_0', 'prey_18', ...] | active_agents=26 | current_step=715
2025-11-23 03:29:16,801 [DEBUG] PredPreyGrassEnv.env-99b9eef7: event=StepSummary | env_id=env-99b9eef7 | step=715 | current_step=715 | terminated_agents=[] | truncated_agents=[] | remaining_agents=26 | reward_preview={prey_1:-0.001, prey_3:-0.001, predator_6:-0.001, prey_5:-0.001, predator_5:-0.001} | info_preview={}
2025-11-23 03:29:16,810 [DEBUG] PredPreyGrassEnv.env-99b9eef7: event=StepBegin | env_id=env-99b9eef7 | step=716 | incoming_actions=['prey_1', 'prey_3', 'prey_5', 'prey_0', 'prey_18', ...] | active_agents=26 | current_step=716
2025-11-23 03:29:16,812 [DEBUG] PredPreyGrassEnv.env-99b9eef7: event=PreyAteGrass | env_id=env-99b9eef7 | step=716 | prey='prey_10' | grass='grass_2' | prey_position=[690.3902725567611, 292.2870454463734] | grass_energy=10.0 | energy_gained=9.0 | prey_energy=33.06910658177662
2025-11-23 03:29:16,812 [DEBUG] PredPreyGrassEnv.env-99b9eef7: event=PreyAteGrass | env_id=env-99b9eef7 | step=716 | prey='prey_12' | grass='grass_77' | prey_position=[586.8474035650246, 50.70514449045391] | grass_energy=10.0 | energy_gained=9.0 | prey_energy=47.917167093671665
2025-11-23 03:29:16,814 [DEBUG] PredPreyGrassEnv.env-99b9eef7: event=StepSummary | env_id=env-99b9eef7 | step=716 | current_step=716 | terminated_agents=[] | truncated_agents=[] | remaining_agents=26 | reward_preview={prey_1:-0.001, prey_3:-0.001, predator_6:-0.001, prey_5:-0.001, predator_5:-0.001} | info_preview={}
2025-11-23 03:29:16,823 [DEBUG] PredPreyGrassEnv.env-99b9eef7: event=StepBegin | env_id=env-99b9eef7 | step=717 | incoming_actions=['prey_1', 'prey_3', 'prey_5', 'prey_0', 'prey_18', ...] | active_agents=26 | current_step=717
2025-11-23 03:29:16,827 [DEBUG] PredPreyGrassEnv.env-99b9eef7: event=StepSummary | env_id=env-99b9eef7 | step=717 | current_step=717 | terminated_agents=[] | truncated_agents=[] | remaining_agents=26 | reward_preview={prey_1:-0.001, prey_3:-0.001, predator_6:-0.001, prey_5:-0.001, predator_5:-0.001} | info_preview={}
2025-11-23 03:29:16,836 [DEBUG] PredPreyGrassEnv.env-99b9eef7: event=StepBegin | env_id=env-99b9eef7 | step=718 | incoming_actions=['prey_1', 'prey_3', 'prey_5', 'prey_0', 'prey_18', ...] | active_agents=26 | current_step=718
2025-11-23 03:29:16,840 [DEBUG] PredPreyGrassEnv.env-99b9eef7: event=StepSummary | env_id=env-99b9eef7 | step=718 | current_step=718 | terminated_agents=[] | truncated_agents=[] | remaining_agents=26 | reward_preview={prey_1:-0.001, prey_3:-0.001, predator_6:-0.001, prey_5:-0.001, predator_5:-0.001} | info_preview={}
2025-11-23 03:29:16,849 [DEBUG] PredPreyGrassEnv.env-99b9eef7: event=StepBegin | env_id=env-99b9eef7 | step=719 | incoming_actions=['prey_1', 'prey_3', 'prey_5', 'prey_0', 'prey_18', ...] | active_agents=26 | current_step=719
2025-11-23 03:29:16,853 [DEBUG] PredPreyGrassEnv.env-99b9eef7: event=StepSummary | env_id=env-99b9eef7 | step=719 | current_step=719 | terminated_agents=[] | truncated_agents=[] | remaining_agents=26 | reward_preview={prey_1:-0.001, prey_3:-0.001, predator_6:-0.001, prey_5:-0.001, predator_5:-0.001} | info_preview={}
2025-11-23 03:29:16,863 [DEBUG] PredPreyGrassEnv.env-99b9eef7: event=StepBegin | env_id=env-99b9eef7 | step=720 | incoming_actions=['prey_1', 'prey_3', 'prey_5', 'prey_0', 'prey_18', ...] | active_agents=26 | current_step=720
2025-11-23 03:29:16,867 [DEBUG] PredPreyGrassEnv.env-99b9eef7: event=StepSummary | env_id=env-99b9eef7 | step=720 | current_step=720 | terminated_agents=[] | truncated_agents=[] | remaining_agents=26 | reward_preview={prey_1:-0.001, prey_3:-0.001, predator_6:-0.001, prey_5:-0.001, predator_5:-0.001} | info_preview={}
2025-11-23 03:29:16,876 [DEBUG] PredPreyGrassEnv.env-99b9eef7: event=StepBegin | env_id=env-99b9eef7 | step=721 | incoming_actions=['prey_1', 'prey_3', 'prey_5', 'prey_0', 'prey_18', ...] | active_agents=26 | current_step=721
2025-11-23 03:29:16,879 [DEBUG] PredPreyGrassEnv.env-99b9eef7: event=PreyAteGrass | env_id=env-99b9eef7 | step=721 | prey='prey_3' | grass='grass_94' | prey_position=[610.1351894839926, 638.9377099645826] | grass_energy=10.0 | energy_gained=9.0 | prey_energy=66.87275975948144
2025-11-23 03:29:16,880 [DEBUG] PredPreyGrassEnv.env-99b9eef7: event=StepSummary | env_id=env-99b9eef7 | step=721 | current_step=721 | terminated_agents=[] | truncated_agents=[] | remaining_agents=26 | reward_preview={prey_1:-0.001, prey_3:1.0, predator_6:-0.001, prey_5:-0.001, predator_5:-0.001} | info_preview={}
2025-11-23 03:29:16,889 [DEBUG] PredPreyGrassEnv.env-99b9eef7: event=StepBegin | env_id=env-99b9eef7 | step=722 | incoming_actions=['prey_1', 'prey_3', 'prey_5', 'prey_0', 'prey_18', ...] | active_agents=26 | current_step=722
2025-11-23 03:29:16,893 [DEBUG] PredPreyGrassEnv.env-99b9eef7: event=StepSummary | env_id=env-99b9eef7 | step=722 | current_step=722 | terminated_agents=[] | truncated_agents=[] | remaining_agents=26 | reward_preview={prey_1:-0.001, prey_3:-0.001, predator_6:-0.001, prey_5:-0.001, predator_5:-0.001} | info_preview={}
2025-11-23 03:29:16,902 [DEBUG] PredPreyGrassEnv.env-99b9eef7: event=StepBegin | env_id=env-99b9eef7 | step=723 | incoming_actions=['prey_1', 'prey_3', 'prey_5', 'prey_0', 'prey_18', ...] | active_agents=26 | current_step=723
2025-11-23 03:29:16,906 [DEBUG] PredPreyGrassEnv.env-99b9eef7: event=StepSummary | env_id=env-99b9eef7 | step=723 | current_step=723 | terminated_agents=[] | truncated_agents=[] | remaining_agents=26 | reward_preview={prey_1:-0.001, prey_3:-0.001, predator_6:-0.001, prey_5:-0.001, predator_5:-0.001} | info_preview={}
2025-11-23 03:29:16,915 [DEBUG] PredPreyGrassEnv.env-99b9eef7: event=StepBegin | env_id=env-99b9eef7 | step=724 | incoming_actions=['prey_1', 'prey_3', 'prey_5', 'prey_0', 'prey_18', ...] | active_agents=26 | current_step=724
2025-11-23 03:29:16,919 [DEBUG] PredPreyGrassEnv.env-99b9eef7: event=StepSummary | env_id=env-99b9eef7 | step=724 | current_step=724 | terminated_agents=[] | truncated_agents=[] | remaining_agents=26 | reward_preview={prey_1:-0.001, prey_3:-0.001, predator_6:-0.001, prey_5:-0.001, predator_5:-0.001} | info_preview={}
2025-11-23 03:29:16,929 [DEBUG] PredPreyGrassEnv.env-99b9eef7: event=StepBegin | env_id=env-99b9eef7 | step=725 | incoming_actions=['prey_1', 'prey_3', 'prey_5', 'prey_0', 'prey_18', ...] | active_agents=26 | current_step=725
2025-11-23 03:29:16,933 [DEBUG] PredPreyGrassEnv.env-99b9eef7: event=StepSummary | env_id=env-99b9eef7 | step=725 | current_step=725 | terminated_agents=[] | truncated_agents=[] | remaining_agents=26 | reward_preview={prey_1:-0.001, prey_3:-0.001, predator_6:-0.001, prey_5:-0.001, predator_5:-0.001} | info_preview={}
2025-11-23 03:29:16,942 [DEBUG] PredPreyGrassEnv.env-99b9eef7: event=StepBegin | env_id=env-99b9eef7 | step=726 | incoming_actions=['prey_1', 'prey_3', 'prey_5', 'prey_0', 'prey_18', ...] | active_agents=26 | current_step=726
2025-11-23 03:29:16,946 [DEBUG] PredPreyGrassEnv.env-99b9eef7: event=StepSummary | env_id=env-99b9eef7 | step=726 | current_step=726 | terminated_agents=[] | truncated_agents=[] | remaining_agents=26 | reward_preview={prey_1:-0.001, prey_3:-0.001, predator_6:-0.001, prey_5:-0.001, predator_5:-0.001} | info_preview={}
2025-11-23 03:29:16,956 [DEBUG] PredPreyGrassEnv.env-99b9eef7: event=StepBegin | env_id=env-99b9eef7 | step=727 | incoming_actions=['prey_1', 'prey_3', 'prey_5', 'prey_0', 'prey_18', ...] | active_agents=26 | current_step=727
2025-11-23 03:29:16,958 [DEBUG] PredPreyGrassEnv.env-99b9eef7: event=PreyAteGrass | env_id=env-99b9eef7 | step=727 | prey='prey_16' | grass='grass_99' | prey_position=[225.6058407395084, 317.7558112551324] | grass_energy=10.0 | energy_gained=9.0 | prey_energy=60.820071744543974
2025-11-23 03:29:16,960 [DEBUG] PredPreyGrassEnv.env-99b9eef7: event=StepSummary | env_id=env-99b9eef7 | step=727 | current_step=727 | terminated_agents=[] | truncated_agents=[] | remaining_agents=26 | reward_preview={prey_1:-0.001, prey_3:-0.001, predator_6:-0.001, prey_5:-0.001, predator_5:-0.001} | info_preview={}
2025-11-23 03:29:16,970 [DEBUG] PredPreyGrassEnv.env-99b9eef7: event=StepBegin | env_id=env-99b9eef7 | step=728 | incoming_actions=['prey_1', 'prey_3', 'prey_5', 'prey_0', 'prey_18', ...] | active_agents=26 | current_step=728
2025-11-23 03:29:16,972 [DEBUG] PredPreyGrassEnv.env-99b9eef7: event=PreyAteGrass | env_id=env-99b9eef7 | step=728 | prey='prey_11' | grass='grass_3' | prey_position=[539.4203563477516, 303.0926485768154] | grass_energy=10.0 | energy_gained=9.0 | prey_energy=49.40492122988543
2025-11-23 03:29:16,974 [DEBUG] PredPreyGrassEnv.env-99b9eef7: event=StepSummary | env_id=env-99b9eef7 | step=728 | current_step=728 | terminated_agents=[] | truncated_agents=[] | remaining_agents=26 | reward_preview={prey_1:-0.001, prey_3:-0.001, predator_6:-0.001, prey_5:-0.001, predator_5:-0.001} | info_preview={}
2025-11-23 03:29:16,983 [DEBUG] PredPreyGrassEnv.env-99b9eef7: event=StepBegin | env_id=env-99b9eef7 | step=729 | incoming_actions=['prey_1', 'prey_3', 'prey_5', 'prey_0', 'prey_18', ...] | active_agents=26 | current_step=729
2025-11-23 03:29:16,987 [DEBUG] PredPreyGrassEnv.env-99b9eef7: event=StepSummary | env_id=env-99b9eef7 | step=729 | current_step=729 | terminated_agents=[] | truncated_agents=[] | remaining_agents=26 | reward_preview={prey_1:-0.001, prey_3:-0.001, predator_6:-0.001, prey_5:-0.001, predator_5:-0.001} | info_preview={}
2025-11-23 03:29:16,997 [DEBUG] PredPreyGrassEnv.env-99b9eef7: event=StepBegin | env_id=env-99b9eef7 | step=730 | incoming_actions=['prey_1', 'prey_3', 'prey_5', 'prey_0', 'prey_18', ...] | active_agents=26 | current_step=730
2025-11-23 03:29:17,001 [DEBUG] PredPreyGrassEnv.env-99b9eef7: event=StepSummary | env_id=env-99b9eef7 | step=730 | current_step=730 | terminated_agents=[] | truncated_agents=[] | remaining_agents=26 | reward_preview={prey_1:-0.001, prey_3:-0.001, predator_6:-0.001, prey_5:-0.001, predator_5:-0.001} | info_preview={}
2025-11-23 03:29:17,010 [DEBUG] PredPreyGrassEnv.env-99b9eef7: event=StepBegin | env_id=env-99b9eef7 | step=731 | incoming_actions=['prey_1', 'prey_3', 'prey_5', 'prey_0', 'prey_18', ...] | active_agents=26 | current_step=731
2025-11-23 03:29:17,012 [DEBUG] PredPreyGrassEnv.env-99b9eef7: event=PreyAteGrass | env_id=env-99b9eef7 | step=731 | prey='prey_11' | grass='grass_44' | prey_position=[535.4355348585451, 302.72892594899145] | grass_energy=10.0 | energy_gained=9.0 | prey_energy=57.90141795745449
2025-11-23 03:29:17,015 [DEBUG] PredPreyGrassEnv.env-99b9eef7: event=StepSummary | env_id=env-99b9eef7 | step=731 | current_step=731 | terminated_agents=[] | truncated_agents=[] | remaining_agents=26 | reward_preview={prey_1:-0.001, prey_3:-0.001, predator_6:-0.001, prey_5:-0.001, predator_5:-0.001} | info_preview={}
2025-11-23 03:29:17,024 [DEBUG] PredPreyGrassEnv.env-99b9eef7: event=StepBegin | env_id=env-99b9eef7 | step=732 | incoming_actions=['prey_1', 'prey_3', 'prey_5', 'prey_0', 'prey_18', ...] | active_agents=26 | current_step=732
2025-11-23 03:29:17,028 [DEBUG] PredPreyGrassEnv.env-99b9eef7: event=StepSummary | env_id=env-99b9eef7 | step=732 | current_step=732 | terminated_agents=[] | truncated_agents=[] | remaining_agents=26 | reward_preview={prey_1:-0.001, prey_3:-0.001, predator_6:-0.001, prey_5:-0.001, predator_5:-0.001} | info_preview={}
2025-11-23 03:29:17,037 [DEBUG] PredPreyGrassEnv.env-99b9eef7: event=StepBegin | env_id=env-99b9eef7 | step=733 | incoming_actions=['prey_1', 'prey_3', 'prey_5', 'prey_0', 'prey_18', ...] | active_agents=26 | current_step=733
2025-11-23 03:29:17,041 [DEBUG] PredPreyGrassEnv.env-99b9eef7: event=StepSummary | env_id=env-99b9eef7 | step=733 | current_step=733 | terminated_agents=[] | truncated_agents=[] | remaining_agents=26 | reward_preview={prey_1:-0.001, prey_3:-0.001, predator_6:-0.001, prey_5:-0.001, predator_5:-0.001} | info_preview={}
2025-11-23 03:29:17,051 [DEBUG] PredPreyGrassEnv.env-99b9eef7: event=StepBegin | env_id=env-99b9eef7 | step=734 | incoming_actions=['prey_1', 'prey_3', 'prey_5', 'prey_0', 'prey_18', ...] | active_agents=26 | current_step=734
2025-11-23 03:29:17,055 [DEBUG] PredPreyGrassEnv.env-99b9eef7: event=StepSummary | env_id=env-99b9eef7 | step=734 | current_step=734 | terminated_agents=[] | truncated_agents=[] | remaining_agents=26 | reward_preview={prey_1:-0.001, prey_3:-0.001, predator_6:-0.001, prey_5:-0.001, predator_5:-0.001} | info_preview={}
2025-11-23 03:29:17,064 [DEBUG] PredPreyGrassEnv.env-99b9eef7: event=StepBegin | env_id=env-99b9eef7 | step=735 | incoming_actions=['prey_1', 'prey_3', 'prey_5', 'prey_0', 'prey_18', ...] | active_agents=26 | current_step=735
2025-11-23 03:29:17,068 [DEBUG] PredPreyGrassEnv.env-99b9eef7: event=StepSummary | env_id=env-99b9eef7 | step=735 | current_step=735 | terminated_agents=[] | truncated_agents=[] | remaining_agents=26 | reward_preview={prey_1:-0.001, prey_3:-0.001, predator_6:-0.001, prey_5:-0.001, predator_5:-0.001} | info_preview={}
2025-11-23 03:29:17,079 [DEBUG] PredPreyGrassEnv.env-99b9eef7: event=StepBegin | env_id=env-99b9eef7 | step=736 | incoming_actions=['prey_1', 'prey_3', 'prey_5', 'prey_0', 'prey_18', ...] | active_agents=26 | current_step=736
2025-11-23 03:29:17,083 [DEBUG] PredPreyGrassEnv.env-99b9eef7: event=StepSummary | env_id=env-99b9eef7 | step=736 | current_step=736 | terminated_agents=[] | truncated_agents=[] | remaining_agents=26 | reward_preview={prey_1:-0.001, prey_3:-0.001, predator_6:-0.001, prey_5:-0.001, predator_5:-0.001} | info_preview={}
2025-11-23 03:29:17,098 [DEBUG] PredPreyGrassEnv.env-99b9eef7: event=StepBegin | env_id=env-99b9eef7 | step=737 | incoming_actions=['prey_1', 'prey_3', 'prey_5', 'prey_0', 'prey_18', ...] | active_agents=26 | current_step=737
2025-11-23 03:29:17,099 [DEBUG] PredPreyGrassEnv.env-99b9eef7: event=CollisionBatch | env_id=env-99b9eef7 | step=737 | collisions=[['predator_catch_prey', 'predator_0', 'prey_19']]
2025-11-23 03:29:17,104 [DEBUG] PredPreyGrassEnv.env-99b9eef7: event=AgentEnergyDepleted | env_id=env-99b9eef7 | step=737 | agent='prey_19' | position=[19.3171836497312, 171.45440947092771] | energy=0
2025-11-23 03:29:17,105 [DEBUG] PredPreyGrassEnv.env-99b9eef7: event=PreyAteGrass | env_id=env-99b9eef7 | step=737 | prey='prey_4' | grass='grass_34' | prey_position=[48.51775908626715, 424.3983253316928] | grass_energy=10.0 | energy_gained=9.0 | prey_energy=31.021003566483703
2025-11-23 03:29:17,107 [DEBUG] PredPreyGrassEnv.env-99b9eef7: event=AgentRemovedFromActiveList | env_id=env-99b9eef7 | step=737 | agent='prey_19' | remaining_agents=25
2025-11-23 03:29:17,107 [DEBUG] PredPreyGrassEnv.env-99b9eef7: event=StepSummary | env_id=env-99b9eef7 | step=737 | current_step=737 | terminated_agents=['prey_19'] | truncated_agents=[] | remaining_agents=25 | reward_preview={prey_1:-0.001, prey_3:-0.001, predator_6:-0.001, prey_5:-0.001, predator_5:-0.001} | info_preview={}
2025-11-23 03:29:17,119 [DEBUG] PredPreyGrassEnv.env-99b9eef7: event=StepBegin | env_id=env-99b9eef7 | step=738 | incoming_actions=['prey_1', 'prey_3', 'prey_5', 'prey_0', 'prey_18', ...] | active_agents=25 | current_step=738
2025-11-23 03:29:17,125 [DEBUG] PredPreyGrassEnv.env-99b9eef7: event=StepSummary | env_id=env-99b9eef7 | step=738 | current_step=738 | terminated_agents=[] | truncated_agents=[] | remaining_agents=25 | reward_preview={prey_1:-0.001, prey_3:-0.001, predator_6:-0.001, prey_5:-0.001, predator_5:-0.001} | info_preview={}
2025-11-23 03:29:17,148 [DEBUG] PredPreyGrassEnv.env-99b9eef7: event=StepBegin | env_id=env-99b9eef7 | step=739 | incoming_actions=['prey_1', 'prey_3', 'prey_5', 'prey_0', 'prey_18', ...] | active_agents=25 | current_step=739
2025-11-23 03:29:17,156 [DEBUG] PredPreyGrassEnv.env-99b9eef7: event=StepSummary | env_id=env-99b9eef7 | step=739 | current_step=739 | terminated_agents=[] | truncated_agents=[] | remaining_agents=25 | reward_preview={prey_1:-0.001, prey_3:-0.001, predator_6:-0.001, prey_5:-0.001, predator_5:-0.001} | info_preview={}
2025-11-23 03:29:17,179 [DEBUG] PredPreyGrassEnv.env-99b9eef7: event=StepBegin | env_id=env-99b9eef7 | step=740 | incoming_actions=['prey_1', 'prey_3', 'prey_5', 'prey_0', 'prey_18', ...] | active_agents=25 | current_step=740
2025-11-23 03:29:17,187 [DEBUG] PredPreyGrassEnv.env-99b9eef7: event=StepSummary | env_id=env-99b9eef7 | step=740 | current_step=740 | terminated_agents=[] | truncated_agents=[] | remaining_agents=25 | reward_preview={prey_1:-0.001, prey_3:-0.001, predator_6:-0.001, prey_5:-0.001, predator_5:-0.001} | info_preview={}
2025-11-23 03:29:17,210 [DEBUG] PredPreyGrassEnv.env-99b9eef7: event=StepBegin | env_id=env-99b9eef7 | step=741 | incoming_actions=['prey_1', 'prey_3', 'prey_5', 'prey_0', 'prey_18', ...] | active_agents=25 | current_step=741
2025-11-23 03:29:17,219 [DEBUG] PredPreyGrassEnv.env-99b9eef7: event=StepSummary | env_id=env-99b9eef7 | step=741 | current_step=741 | terminated_agents=[] | truncated_agents=[] | remaining_agents=25 | reward_preview={prey_1:-0.001, prey_3:-0.001, predator_6:-0.001, prey_5:-0.001, predator_5:-0.001} | info_preview={}
2025-11-23 03:29:17,241 [DEBUG] PredPreyGrassEnv.env-99b9eef7: event=StepBegin | env_id=env-99b9eef7 | step=742 | incoming_actions=['prey_1', 'prey_3', 'prey_5', 'prey_0', 'prey_18', ...] | active_agents=25 | current_step=742
2025-11-23 03:29:17,249 [DEBUG] PredPreyGrassEnv.env-99b9eef7: event=StepSummary | env_id=env-99b9eef7 | step=742 | current_step=742 | terminated_agents=[] | truncated_agents=[] | remaining_agents=25 | reward_preview={prey_1:-0.001, prey_3:-0.001, predator_6:-0.001, prey_5:-0.001, predator_5:-0.001} | info_preview={}
2025-11-23 03:29:17,260 [DEBUG] PredPreyGrassEnv.env-99b9eef7: event=StepBegin | env_id=env-99b9eef7 | step=743 | incoming_actions=['prey_1', 'prey_3', 'prey_5', 'prey_0', 'prey_18', ...] | active_agents=25 | current_step=743
2025-11-23 03:29:17,264 [DEBUG] PredPreyGrassEnv.env-99b9eef7: event=StepSummary | env_id=env-99b9eef7 | step=743 | current_step=743 | terminated_agents=[] | truncated_agents=[] | remaining_agents=25 | reward_preview={prey_1:-0.001, prey_3:-0.001, predator_6:-0.001, prey_5:-0.001, predator_5:-0.001} | info_preview={}
2025-11-23 03:29:17,273 [DEBUG] PredPreyGrassEnv.env-99b9eef7: event=StepBegin | env_id=env-99b9eef7 | step=744 | incoming_actions=['prey_1', 'prey_3', 'prey_5', 'prey_0', 'prey_18', ...] | active_agents=25 | current_step=744
2025-11-23 03:29:17,277 [DEBUG] PredPreyGrassEnv.env-99b9eef7: event=StepSummary | env_id=env-99b9eef7 | step=744 | current_step=744 | terminated_agents=[] | truncated_agents=[] | remaining_agents=25 | reward_preview={prey_1:-0.001, prey_3:-0.001, predator_6:-0.001, prey_5:-0.001, predator_5:-0.001} | info_preview={}
2025-11-23 03:29:17,286 [DEBUG] PredPreyGrassEnv.env-99b9eef7: event=StepBegin | env_id=env-99b9eef7 | step=745 | incoming_actions=['prey_1', 'prey_3', 'prey_5', 'prey_0', 'prey_18', ...] | active_agents=25 | current_step=745
2025-11-23 03:29:17,290 [DEBUG] PredPreyGrassEnv.env-99b9eef7: event=StepSummary | env_id=env-99b9eef7 | step=745 | current_step=745 | terminated_agents=[] | truncated_agents=[] | remaining_agents=25 | reward_preview={prey_1:-0.001, prey_3:-0.001, predator_6:-0.001, prey_5:-0.001, predator_5:-0.001} | info_preview={}
2025-11-23 03:29:17,299 [DEBUG] PredPreyGrassEnv.env-99b9eef7: event=StepBegin | env_id=env-99b9eef7 | step=746 | incoming_actions=['prey_1', 'prey_3', 'prey_5', 'prey_0', 'prey_18', ...] | active_agents=25 | current_step=746
2025-11-23 03:29:17,303 [DEBUG] PredPreyGrassEnv.env-99b9eef7: event=StepSummary | env_id=env-99b9eef7 | step=746 | current_step=746 | terminated_agents=[] | truncated_agents=[] | remaining_agents=25 | reward_preview={prey_1:-0.001, prey_3:-0.001, predator_6:-0.001, prey_5:-0.001, predator_5:-0.001} | info_preview={}
2025-11-23 03:29:17,313 [DEBUG] PredPreyGrassEnv.env-99b9eef7: event=StepBegin | env_id=env-99b9eef7 | step=747 | incoming_actions=['prey_1', 'prey_3', 'prey_5', 'prey_0', 'prey_18', ...] | active_agents=25 | current_step=747
2025-11-23 03:29:17,316 [DEBUG] PredPreyGrassEnv.env-99b9eef7: event=StepSummary | env_id=env-99b9eef7 | step=747 | current_step=747 | terminated_agents=[] | truncated_agents=[] | remaining_agents=25 | reward_preview={prey_1:-0.001, prey_3:-0.001, predator_6:-0.001, prey_5:-0.001, predator_5:-0.001} | info_preview={}
2025-11-23 03:29:17,329 [DEBUG] PredPreyGrassEnv.env-99b9eef7: event=StepBegin | env_id=env-99b9eef7 | step=748 | incoming_actions=['prey_1', 'prey_3', 'prey_5', 'prey_0', 'prey_18', ...] | active_agents=25 | current_step=748
2025-11-23 03:29:17,332 [DEBUG] PredPreyGrassEnv.env-99b9eef7: event=StepSummary | env_id=env-99b9eef7 | step=748 | current_step=748 | terminated_agents=[] | truncated_agents=[] | remaining_agents=25 | reward_preview={prey_1:-0.001, prey_3:-0.001, predator_6:-0.001, prey_5:-0.001, predator_5:-0.001} | info_preview={}
2025-11-23 03:29:17,342 [DEBUG] PredPreyGrassEnv.env-99b9eef7: event=StepBegin | env_id=env-99b9eef7 | step=749 | incoming_actions=['prey_1', 'prey_3', 'prey_5', 'prey_0', 'prey_18', ...] | active_agents=25 | current_step=749
2025-11-23 03:29:17,346 [DEBUG] PredPreyGrassEnv.env-99b9eef7: event=StepSummary | env_id=env-99b9eef7 | step=749 | current_step=749 | terminated_agents=[] | truncated_agents=[] | remaining_agents=25 | reward_preview={prey_1:-0.001, prey_3:-0.001, predator_6:-0.001, prey_5:-0.001, predator_5:-0.001} | info_preview={}
2025-11-23 03:29:17,357 [DEBUG] PredPreyGrassEnv.env-99b9eef7: event=StepBegin | env_id=env-99b9eef7 | step=750 | incoming_actions=['prey_1', 'prey_3', 'prey_5', 'prey_0', 'prey_18', ...] | active_agents=25 | current_step=750
2025-11-23 03:29:17,361 [DEBUG] PredPreyGrassEnv.env-99b9eef7: event=StepSummary | env_id=env-99b9eef7 | step=750 | current_step=750 | terminated_agents=[] | truncated_agents=[] | remaining_agents=25 | reward_preview={prey_1:-0.001, prey_3:-0.001, predator_6:-0.001, prey_5:-0.001, predator_5:-0.001} | info_preview={}
2025-11-23 03:29:17,370 [DEBUG] PredPreyGrassEnv.env-99b9eef7: event=StepBegin | env_id=env-99b9eef7 | step=751 | incoming_actions=['prey_1', 'prey_3', 'prey_5', 'prey_0', 'prey_18', ...] | active_agents=25 | current_step=751
2025-11-23 03:29:17,374 [DEBUG] PredPreyGrassEnv.env-99b9eef7: event=StepSummary | env_id=env-99b9eef7 | step=751 | current_step=751 | terminated_agents=[] | truncated_agents=[] | remaining_agents=25 | reward_preview={prey_1:-0.001, prey_3:-0.001, predator_6:-0.001, prey_5:-0.001, predator_5:-0.001} | info_preview={}
2025-11-23 03:29:17,383 [DEBUG] PredPreyGrassEnv.env-99b9eef7: event=StepBegin | env_id=env-99b9eef7 | step=752 | incoming_actions=['prey_1', 'prey_3', 'prey_5', 'prey_0', 'prey_18', ...] | active_agents=25 | current_step=752
2025-11-23 03:29:17,385 [DEBUG] PredPreyGrassEnv.env-99b9eef7: event=PreyAteGrass | env_id=env-99b9eef7 | step=752 | prey='prey_15' | grass='grass_56' | prey_position=[640.5752578048607, 95.76397311135831] | grass_energy=10.0 | energy_gained=9.0 | prey_energy=100.0153780914256
2025-11-23 03:29:17,386 [DEBUG] PredPreyGrassEnv.env-99b9eef7: event=PreyAteGrass | env_id=env-99b9eef7 | step=752 | prey='prey_3' | grass='grass_38' | prey_position=[636.2249609265901, 602.6514948202515] | grass_energy=10.0 | energy_gained=9.0 | prey_energy=70.02188698291383
2025-11-23 03:29:17,387 [DEBUG] PredPreyGrassEnv.env-99b9eef7: event=StepSummary | env_id=env-99b9eef7 | step=752 | current_step=752 | terminated_agents=[] | truncated_agents=[] | remaining_agents=25 | reward_preview={prey_1:-0.001, prey_3:1.0, predator_6:-0.001, prey_5:-0.001, predator_5:-0.001} | info_preview={}
2025-11-23 03:29:17,397 [DEBUG] PredPreyGrassEnv.env-99b9eef7: event=StepBegin | env_id=env-99b9eef7 | step=753 | incoming_actions=['prey_1', 'prey_3', 'prey_5', 'prey_0', 'prey_18', ...] | active_agents=25 | current_step=753
2025-11-23 03:29:17,400 [DEBUG] PredPreyGrassEnv.env-99b9eef7: event=StepSummary | env_id=env-99b9eef7 | step=753 | current_step=753 | terminated_agents=[] | truncated_agents=[] | remaining_agents=25 | reward_preview={prey_1:-0.001, prey_3:-0.001, predator_6:-0.001, prey_5:-0.001, predator_5:-0.001} | info_preview={}
2025-11-23 03:29:17,410 [DEBUG] PredPreyGrassEnv.env-99b9eef7: event=StepBegin | env_id=env-99b9eef7 | step=754 | incoming_actions=['prey_1', 'prey_3', 'prey_5', 'prey_0', 'prey_18', ...] | active_agents=25 | current_step=754
2025-11-23 03:29:17,413 [DEBUG] PredPreyGrassEnv.env-99b9eef7: event=OffspringCreated | env_id=env-99b9eef7 | step=754 | parent_a='predator_3' | parent_b='predator_4' | offspring='predator_8' | distance=64.33247335684443
2025-11-23 03:29:17,413 [DEBUG] PredPreyGrassEnv.env-99b9eef7: event=StepSummary | env_id=env-99b9eef7 | step=754 | current_step=754 | terminated_agents=[] | truncated_agents=[] | remaining_agents=26 | reward_preview={prey_1:-0.001, prey_3:-0.001, predator_6:-0.001, prey_5:-0.001, predator_5:-0.001} | info_preview={}
2025-11-23 03:29:17,423 [DEBUG] PredPreyGrassEnv.env-99b9eef7: event=StepBegin | env_id=env-99b9eef7 | step=755 | incoming_actions=['prey_1', 'prey_3', 'prey_5', 'prey_0', 'prey_18', ...] | active_agents=26 | current_step=755
2025-11-23 03:29:17,426 [DEBUG] PredPreyGrassEnv.env-99b9eef7: event=StepSummary | env_id=env-99b9eef7 | step=755 | current_step=755 | terminated_agents=[] | truncated_agents=[] | remaining_agents=26 | reward_preview={prey_1:-0.001, prey_3:-0.001, predator_6:-0.001, prey_5:-0.001, predator_5:-0.001} | info_preview={}
2025-11-23 03:29:17,436 [DEBUG] PredPreyGrassEnv.env-99b9eef7: event=StepBegin | env_id=env-99b9eef7 | step=756 | incoming_actions=['prey_1', 'prey_3', 'prey_5', 'prey_0', 'prey_18', ...] | active_agents=26 | current_step=756
2025-11-23 03:29:17,439 [DEBUG] PredPreyGrassEnv.env-99b9eef7: event=StepSummary | env_id=env-99b9eef7 | step=756 | current_step=756 | terminated_agents=[] | truncated_agents=[] | remaining_agents=26 | reward_preview={prey_1:-0.001, prey_3:-0.001, predator_6:-0.001, prey_5:-0.001, predator_5:-0.001} | info_preview={}
2025-11-23 03:29:17,449 [DEBUG] PredPreyGrassEnv.env-99b9eef7: event=StepBegin | env_id=env-99b9eef7 | step=757 | incoming_actions=['prey_1', 'prey_3', 'prey_5', 'prey_0', 'prey_18', ...] | active_agents=26 | current_step=757
2025-11-23 03:29:17,452 [DEBUG] PredPreyGrassEnv.env-99b9eef7: event=StepSummary | env_id=env-99b9eef7 | step=757 | current_step=757 | terminated_agents=[] | truncated_agents=[] | remaining_agents=26 | reward_preview={prey_1:-0.001, prey_3:-0.001, predator_6:-0.001, prey_5:-0.001, predator_5:-0.001} | info_preview={}
2025-11-23 03:29:17,461 [DEBUG] PredPreyGrassEnv.env-99b9eef7: event=StepBegin | env_id=env-99b9eef7 | step=758 | incoming_actions=['prey_1', 'prey_3', 'prey_5', 'prey_0', 'prey_18', ...] | active_agents=26 | current_step=758
2025-11-23 03:29:17,465 [DEBUG] PredPreyGrassEnv.env-99b9eef7: event=StepSummary | env_id=env-99b9eef7 | step=758 | current_step=758 | terminated_agents=[] | truncated_agents=[] | remaining_agents=26 | reward_preview={prey_1:-0.001, prey_3:-0.001, predator_6:-0.001, prey_5:-0.001, predator_5:-0.001} | info_preview={}
2025-11-23 03:29:17,475 [DEBUG] PredPreyGrassEnv.env-99b9eef7: event=StepBegin | env_id=env-99b9eef7 | step=759 | incoming_actions=['prey_1', 'prey_3', 'prey_5', 'prey_0', 'prey_18', ...] | active_agents=26 | current_step=759
2025-11-23 03:29:17,478 [DEBUG] PredPreyGrassEnv.env-99b9eef7: event=StepSummary | env_id=env-99b9eef7 | step=759 | current_step=759 | terminated_agents=[] | truncated_agents=[] | remaining_agents=26 | reward_preview={prey_1:-0.001, prey_3:-0.001, predator_6:-0.001, prey_5:-0.001, predator_5:-0.001} | info_preview={}
2025-11-23 03:29:17,488 [DEBUG] PredPreyGrassEnv.env-99b9eef7: event=StepBegin | env_id=env-99b9eef7 | step=760 | incoming_actions=['prey_1', 'prey_3', 'prey_5', 'prey_0', 'prey_18', ...] | active_agents=26 | current_step=760
2025-11-23 03:29:17,492 [DEBUG] PredPreyGrassEnv.env-99b9eef7: event=StepSummary | env_id=env-99b9eef7 | step=760 | current_step=760 | terminated_agents=[] | truncated_agents=[] | remaining_agents=26 | reward_preview={prey_1:-0.001, prey_3:-0.001, predator_6:-0.001, prey_5:-0.001, predator_5:-0.001} | info_preview={}
2025-11-23 03:29:17,501 [DEBUG] PredPreyGrassEnv.env-99b9eef7: event=StepBegin | env_id=env-99b9eef7 | step=761 | incoming_actions=['prey_1', 'prey_3', 'prey_5', 'prey_0', 'prey_18', ...] | active_agents=26 | current_step=761
2025-11-23 03:29:17,505 [DEBUG] PredPreyGrassEnv.env-99b9eef7: event=StepSummary | env_id=env-99b9eef7 | step=761 | current_step=761 | terminated_agents=[] | truncated_agents=[] | remaining_agents=26 | reward_preview={prey_1:-0.001, prey_3:-0.001, predator_6:-0.001, prey_5:-0.001, predator_5:-0.001} | info_preview={}
2025-11-23 03:29:17,514 [DEBUG] PredPreyGrassEnv.env-99b9eef7: event=StepBegin | env_id=env-99b9eef7 | step=762 | incoming_actions=['prey_1', 'prey_3', 'prey_5', 'prey_0', 'prey_18', ...] | active_agents=26 | current_step=762
2025-11-23 03:29:17,518 [DEBUG] PredPreyGrassEnv.env-99b9eef7: event=StepSummary | env_id=env-99b9eef7 | step=762 | current_step=762 | terminated_agents=[] | truncated_agents=[] | remaining_agents=26 | reward_preview={prey_1:-0.001, prey_3:-0.001, predator_6:-0.001, prey_5:-0.001, predator_5:-0.001} | info_preview={}
2025-11-23 03:29:17,527 [DEBUG] PredPreyGrassEnv.env-99b9eef7: event=StepBegin | env_id=env-99b9eef7 | step=763 | incoming_actions=['prey_1', 'prey_3', 'prey_5', 'prey_0', 'prey_18', ...] | active_agents=26 | current_step=763
2025-11-23 03:29:17,531 [DEBUG] PredPreyGrassEnv.env-99b9eef7: event=StepSummary | env_id=env-99b9eef7 | step=763 | current_step=763 | terminated_agents=[] | truncated_agents=[] | remaining_agents=26 | reward_preview={prey_1:-0.001, prey_3:-0.001, predator_6:-0.001, prey_5:-0.001, predator_5:-0.001} | info_preview={}
2025-11-23 03:29:17,541 [DEBUG] PredPreyGrassEnv.env-99b9eef7: event=StepBegin | env_id=env-99b9eef7 | step=764 | incoming_actions=['prey_1', 'prey_3', 'prey_5', 'prey_0', 'prey_18', ...] | active_agents=26 | current_step=764
2025-11-23 03:29:17,545 [DEBUG] PredPreyGrassEnv.env-99b9eef7: event=StepSummary | env_id=env-99b9eef7 | step=764 | current_step=764 | terminated_agents=[] | truncated_agents=[] | remaining_agents=26 | reward_preview={prey_1:-0.001, prey_3:-0.001, predator_6:-0.001, prey_5:-0.001, predator_5:-0.001} | info_preview={}
2025-11-23 03:29:17,554 [DEBUG] PredPreyGrassEnv.env-99b9eef7: event=StepBegin | env_id=env-99b9eef7 | step=765 | incoming_actions=['prey_1', 'prey_3', 'prey_5', 'prey_0', 'prey_18', ...] | active_agents=26 | current_step=765
2025-11-23 03:29:17,558 [DEBUG] PredPreyGrassEnv.env-99b9eef7: event=StepSummary | env_id=env-99b9eef7 | step=765 | current_step=765 | terminated_agents=[] | truncated_agents=[] | remaining_agents=26 | reward_preview={prey_1:-0.001, prey_3:-0.001, predator_6:-0.001, prey_5:-0.001, predator_5:-0.001} | info_preview={}
2025-11-23 03:29:17,567 [DEBUG] PredPreyGrassEnv.env-99b9eef7: event=StepBegin | env_id=env-99b9eef7 | step=766 | incoming_actions=['prey_1', 'prey_3', 'prey_5', 'prey_0', 'prey_18', ...] | active_agents=26 | current_step=766
2025-11-23 03:29:17,571 [DEBUG] PredPreyGrassEnv.env-99b9eef7: event=StepSummary | env_id=env-99b9eef7 | step=766 | current_step=766 | terminated_agents=[] | truncated_agents=[] | remaining_agents=26 | reward_preview={prey_1:-0.001, prey_3:-0.001, predator_6:-0.001, prey_5:-0.001, predator_5:-0.001} | info_preview={}
2025-11-23 03:29:17,580 [DEBUG] PredPreyGrassEnv.env-99b9eef7: event=StepBegin | env_id=env-99b9eef7 | step=767 | incoming_actions=['prey_1', 'prey_3', 'prey_5', 'prey_0', 'prey_18', ...] | active_agents=26 | current_step=767
2025-11-23 03:29:17,584 [DEBUG] PredPreyGrassEnv.env-99b9eef7: event=StepSummary | env_id=env-99b9eef7 | step=767 | current_step=767 | terminated_agents=[] | truncated_agents=[] | remaining_agents=26 | reward_preview={prey_1:-0.001, prey_3:-0.001, predator_6:-0.001, prey_5:-0.001, predator_5:-0.001} | info_preview={}
2025-11-23 03:29:17,593 [DEBUG] PredPreyGrassEnv.env-99b9eef7: event=StepBegin | env_id=env-99b9eef7 | step=768 | incoming_actions=['prey_1', 'prey_3', 'prey_5', 'prey_0', 'prey_18', ...] | active_agents=26 | current_step=768
2025-11-23 03:29:17,597 [DEBUG] PredPreyGrassEnv.env-99b9eef7: event=StepSummary | env_id=env-99b9eef7 | step=768 | current_step=768 | terminated_agents=[] | truncated_agents=[] | remaining_agents=26 | reward_preview={prey_1:-0.001, prey_3:-0.001, predator_6:-0.001, prey_5:-0.001, predator_5:-0.001} | info_preview={}
2025-11-23 03:29:17,607 [DEBUG] PredPreyGrassEnv.env-99b9eef7: event=StepBegin | env_id=env-99b9eef7 | step=769 | incoming_actions=['prey_1', 'prey_3', 'prey_5', 'prey_0', 'prey_18', ...] | active_agents=26 | current_step=769
2025-11-23 03:29:17,610 [DEBUG] PredPreyGrassEnv.env-99b9eef7: event=StepSummary | env_id=env-99b9eef7 | step=769 | current_step=769 | terminated_agents=[] | truncated_agents=[] | remaining_agents=26 | reward_preview={prey_1:-0.001, prey_3:-0.001, predator_6:-0.001, prey_5:-0.001, predator_5:-0.001} | info_preview={}
2025-11-23 03:29:17,620 [DEBUG] PredPreyGrassEnv.env-99b9eef7: event=StepBegin | env_id=env-99b9eef7 | step=770 | incoming_actions=['prey_1', 'prey_3', 'prey_5', 'prey_0', 'prey_18', ...] | active_agents=26 | current_step=770
2025-11-23 03:29:17,624 [DEBUG] PredPreyGrassEnv.env-99b9eef7: event=StepSummary | env_id=env-99b9eef7 | step=770 | current_step=770 | terminated_agents=[] | truncated_agents=[] | remaining_agents=26 | reward_preview={prey_1:-0.001, prey_3:-0.001, predator_6:-0.001, prey_5:-0.001, predator_5:-0.001} | info_preview={}
2025-11-23 03:29:17,633 [DEBUG] PredPreyGrassEnv.env-99b9eef7: event=StepBegin | env_id=env-99b9eef7 | step=771 | incoming_actions=['prey_1', 'prey_3', 'prey_5', 'prey_0', 'prey_18', ...] | active_agents=26 | current_step=771
2025-11-23 03:29:17,637 [DEBUG] PredPreyGrassEnv.env-99b9eef7: event=StepSummary | env_id=env-99b9eef7 | step=771 | current_step=771 | terminated_agents=[] | truncated_agents=[] | remaining_agents=26 | reward_preview={prey_1:-0.001, prey_3:-0.001, predator_6:-0.001, prey_5:-0.001, predator_5:-0.001} | info_preview={}
2025-11-23 03:29:17,647 [DEBUG] PredPreyGrassEnv.env-99b9eef7: event=StepBegin | env_id=env-99b9eef7 | step=772 | incoming_actions=['prey_1', 'prey_3', 'prey_5', 'prey_0', 'prey_18', ...] | active_agents=26 | current_step=772
2025-11-23 03:29:17,651 [DEBUG] PredPreyGrassEnv.env-99b9eef7: event=StepSummary | env_id=env-99b9eef7 | step=772 | current_step=772 | terminated_agents=[] | truncated_agents=[] | remaining_agents=26 | reward_preview={prey_1:-0.001, prey_3:-0.001, predator_6:-0.001, prey_5:-0.001, predator_5:-0.001} | info_preview={}
2025-11-23 03:29:17,661 [DEBUG] PredPreyGrassEnv.env-99b9eef7: event=StepBegin | env_id=env-99b9eef7 | step=773 | incoming_actions=['prey_1', 'prey_3', 'prey_5', 'prey_0', 'prey_18', ...] | active_agents=26 | current_step=773
2025-11-23 03:29:17,665 [DEBUG] PredPreyGrassEnv.env-99b9eef7: event=StepSummary | env_id=env-99b9eef7 | step=773 | current_step=773 | terminated_agents=[] | truncated_agents=[] | remaining_agents=26 | reward_preview={prey_1:-0.001, prey_3:-0.001, predator_6:-0.001, prey_5:-0.001, predator_5:-0.001} | info_preview={}
2025-11-23 03:29:17,674 [DEBUG] PredPreyGrassEnv.env-99b9eef7: event=StepBegin | env_id=env-99b9eef7 | step=774 | incoming_actions=['prey_1', 'prey_3', 'prey_5', 'prey_0', 'prey_18', ...] | active_agents=26 | current_step=774
2025-11-23 03:29:17,678 [DEBUG] PredPreyGrassEnv.env-99b9eef7: event=StepSummary | env_id=env-99b9eef7 | step=774 | current_step=774 | terminated_agents=[] | truncated_agents=[] | remaining_agents=26 | reward_preview={prey_1:-0.001, prey_3:-0.001, predator_6:-0.001, prey_5:-0.001, predator_5:-0.001} | info_preview={}
2025-11-23 03:29:17,688 [DEBUG] PredPreyGrassEnv.env-99b9eef7: event=StepBegin | env_id=env-99b9eef7 | step=775 | incoming_actions=['prey_1', 'prey_3', 'prey_5', 'prey_0', 'prey_18', ...] | active_agents=26 | current_step=775
2025-11-23 03:29:17,692 [DEBUG] PredPreyGrassEnv.env-99b9eef7: event=StepSummary | env_id=env-99b9eef7 | step=775 | current_step=775 | terminated_agents=[] | truncated_agents=[] | remaining_agents=26 | reward_preview={prey_1:-0.001, prey_3:-0.001, predator_6:-0.001, prey_5:-0.001, predator_5:-0.001} | info_preview={}
2025-11-23 03:29:17,701 [DEBUG] PredPreyGrassEnv.env-99b9eef7: event=StepBegin | env_id=env-99b9eef7 | step=776 | incoming_actions=['prey_1', 'prey_3', 'prey_5', 'prey_0', 'prey_18', ...] | active_agents=26 | current_step=776
2025-11-23 03:29:17,702 [DEBUG] PredPreyGrassEnv.env-99b9eef7: event=CollisionBatch | env_id=env-99b9eef7 | step=776 | collisions=[['predator_catch_prey', 'predator_0', 'prey_0']]
2025-11-23 03:29:17,703 [DEBUG] PredPreyGrassEnv.env-99b9eef7: event=AgentEnergyDepleted | env_id=env-99b9eef7 | step=776 | agent='prey_0' | position=[34.10768102177398, 95.16277906113193] | energy=0
2025-11-23 03:29:17,706 [DEBUG] PredPreyGrassEnv.env-99b9eef7: event=AgentRemovedFromActiveList | env_id=env-99b9eef7 | step=776 | agent='prey_0' | remaining_agents=25
2025-11-23 03:29:17,706 [DEBUG] PredPreyGrassEnv.env-99b9eef7: event=StepSummary | env_id=env-99b9eef7 | step=776 | current_step=776 | terminated_agents=['prey_0'] | truncated_agents=[] | remaining_agents=25 | reward_preview={prey_1:-0.001, prey_3:-0.001, predator_6:-0.001, prey_5:-0.001, predator_5:-0.001} | info_preview={}
2025-11-23 03:29:17,716 [DEBUG] PredPreyGrassEnv.env-99b9eef7: event=StepBegin | env_id=env-99b9eef7 | step=777 | incoming_actions=['prey_1', 'prey_3', 'prey_5', 'prey_18', 'prey_16', ...] | active_agents=25 | current_step=777
2025-11-23 03:29:17,720 [DEBUG] PredPreyGrassEnv.env-99b9eef7: event=StepSummary | env_id=env-99b9eef7 | step=777 | current_step=777 | terminated_agents=[] | truncated_agents=[] | remaining_agents=25 | reward_preview={prey_1:-0.001, prey_3:-0.001, predator_6:-0.001, prey_5:-0.001, predator_5:-0.001} | info_preview={}
2025-11-23 03:29:17,730 [DEBUG] PredPreyGrassEnv.env-99b9eef7: event=StepBegin | env_id=env-99b9eef7 | step=778 | incoming_actions=['prey_1', 'prey_3', 'prey_5', 'prey_18', 'prey_16', ...] | active_agents=25 | current_step=778
2025-11-23 03:29:17,731 [DEBUG] PredPreyGrassEnv.env-99b9eef7: event=PreyAteGrass | env_id=env-99b9eef7 | step=778 | prey='prey_1' | grass='grass_62' | prey_position=[371.6139706955243, 354.2761021220274] | grass_energy=10.0 | energy_gained=9.0 | prey_energy=63.68704991786675
2025-11-23 03:29:17,734 [DEBUG] PredPreyGrassEnv.env-99b9eef7: event=StepSummary | env_id=env-99b9eef7 | step=778 | current_step=778 | terminated_agents=[] | truncated_agents=[] | remaining_agents=25 | reward_preview={prey_1:1.0, prey_3:-0.001, predator_6:-0.001, prey_5:-0.001, predator_5:-0.001} | info_preview={}
2025-11-23 03:29:17,743 [DEBUG] PredPreyGrassEnv.env-99b9eef7: event=StepBegin | env_id=env-99b9eef7 | step=779 | incoming_actions=['prey_1', 'prey_3', 'prey_5', 'prey_18', 'prey_16', ...] | active_agents=25 | current_step=779
2025-11-23 03:29:17,747 [DEBUG] PredPreyGrassEnv.env-99b9eef7: event=StepSummary | env_id=env-99b9eef7 | step=779 | current_step=779 | terminated_agents=[] | truncated_agents=[] | remaining_agents=25 | reward_preview={prey_1:-0.001, prey_3:-0.001, predator_6:-0.001, prey_5:-0.001, predator_5:-0.001} | info_preview={}
2025-11-23 03:29:17,756 [DEBUG] PredPreyGrassEnv.env-99b9eef7: event=StepBegin | env_id=env-99b9eef7 | step=780 | incoming_actions=['prey_1', 'prey_3', 'prey_5', 'prey_18', 'prey_16', ...] | active_agents=25 | current_step=780
2025-11-23 03:29:17,760 [DEBUG] PredPreyGrassEnv.env-99b9eef7: event=StepSummary | env_id=env-99b9eef7 | step=780 | current_step=780 | terminated_agents=[] | truncated_agents=[] | remaining_agents=25 | reward_preview={prey_1:-0.001, prey_3:-0.001, predator_6:-0.001, prey_5:-0.001, predator_5:-0.001} | info_preview={}
2025-11-23 03:29:17,769 [DEBUG] PredPreyGrassEnv.env-99b9eef7: event=StepBegin | env_id=env-99b9eef7 | step=781 | incoming_actions=['prey_1', 'prey_3', 'prey_5', 'prey_18', 'prey_16', ...] | active_agents=25 | current_step=781
2025-11-23 03:29:17,773 [DEBUG] PredPreyGrassEnv.env-99b9eef7: event=StepSummary | env_id=env-99b9eef7 | step=781 | current_step=781 | terminated_agents=[] | truncated_agents=[] | remaining_agents=25 | reward_preview={prey_1:-0.001, prey_3:-0.001, predator_6:-0.001, prey_5:-0.001, predator_5:-0.001} | info_preview={}
2025-11-23 03:29:17,782 [DEBUG] PredPreyGrassEnv.env-99b9eef7: event=StepBegin | env_id=env-99b9eef7 | step=782 | incoming_actions=['prey_1', 'prey_3', 'prey_5', 'prey_18', 'prey_16', ...] | active_agents=25 | current_step=782
2025-11-23 03:29:17,786 [DEBUG] PredPreyGrassEnv.env-99b9eef7: event=StepSummary | env_id=env-99b9eef7 | step=782 | current_step=782 | terminated_agents=[] | truncated_agents=[] | remaining_agents=25 | reward_preview={prey_1:-0.001, prey_3:-0.001, predator_6:-0.001, prey_5:-0.001, predator_5:-0.001} | info_preview={}
2025-11-23 03:29:17,795 [DEBUG] PredPreyGrassEnv.env-99b9eef7: event=StepBegin | env_id=env-99b9eef7 | step=783 | incoming_actions=['prey_1', 'prey_3', 'prey_5', 'prey_18', 'prey_16', ...] | active_agents=25 | current_step=783
2025-11-23 03:29:17,799 [DEBUG] PredPreyGrassEnv.env-99b9eef7: event=StepSummary | env_id=env-99b9eef7 | step=783 | current_step=783 | terminated_agents=[] | truncated_agents=[] | remaining_agents=25 | reward_preview={prey_1:-0.001, prey_3:-0.001, predator_6:-0.001, prey_5:-0.001, predator_5:-0.001} | info_preview={}
2025-11-23 03:29:17,808 [DEBUG] PredPreyGrassEnv.env-99b9eef7: event=StepBegin | env_id=env-99b9eef7 | step=784 | incoming_actions=['prey_1', 'prey_3', 'prey_5', 'prey_18', 'prey_16', ...] | active_agents=25 | current_step=784
2025-11-23 03:29:17,812 [DEBUG] PredPreyGrassEnv.env-99b9eef7: event=StepSummary | env_id=env-99b9eef7 | step=784 | current_step=784 | terminated_agents=[] | truncated_agents=[] | remaining_agents=25 | reward_preview={prey_1:-0.001, prey_3:-0.001, predator_6:-0.001, prey_5:-0.001, predator_5:-0.001} | info_preview={}
2025-11-23 03:29:17,821 [DEBUG] PredPreyGrassEnv.env-99b9eef7: event=StepBegin | env_id=env-99b9eef7 | step=785 | incoming_actions=['prey_1', 'prey_3', 'prey_5', 'prey_18', 'prey_16', ...] | active_agents=25 | current_step=785
2025-11-23 03:29:17,823 [DEBUG] PredPreyGrassEnv.env-99b9eef7: event=PreyAteGrass | env_id=env-99b9eef7 | step=785 | prey='prey_16' | grass='grass_74' | prey_position=[356.04787767817277, 415.4840271822587] | grass_energy=10.0 | energy_gained=9.0 | prey_energy=49.25408069357096
2025-11-23 03:29:17,825 [DEBUG] PredPreyGrassEnv.env-99b9eef7: event=StepSummary | env_id=env-99b9eef7 | step=785 | current_step=785 | terminated_agents=[] | truncated_agents=[] | remaining_agents=25 | reward_preview={prey_1:-0.001, prey_3:-0.001, predator_6:-0.001, prey_5:-0.001, predator_5:-0.001} | info_preview={}
2025-11-23 03:29:17,834 [DEBUG] PredPreyGrassEnv.env-99b9eef7: event=StepBegin | env_id=env-99b9eef7 | step=786 | incoming_actions=['prey_1', 'prey_3', 'prey_5', 'prey_18', 'prey_16', ...] | active_agents=25 | current_step=786
2025-11-23 03:29:17,838 [DEBUG] PredPreyGrassEnv.env-99b9eef7: event=StepSummary | env_id=env-99b9eef7 | step=786 | current_step=786 | terminated_agents=[] | truncated_agents=[] | remaining_agents=25 | reward_preview={prey_1:-0.001, prey_3:-0.001, predator_6:-0.001, prey_5:-0.001, predator_5:-0.001} | info_preview={}
2025-11-23 03:29:17,847 [DEBUG] PredPreyGrassEnv.env-99b9eef7: event=StepBegin | env_id=env-99b9eef7 | step=787 | incoming_actions=['prey_1', 'prey_3', 'prey_5', 'prey_18', 'prey_16', ...] | active_agents=25 | current_step=787
2025-11-23 03:29:17,850 [DEBUG] PredPreyGrassEnv.env-99b9eef7: event=StepSummary | env_id=env-99b9eef7 | step=787 | current_step=787 | terminated_agents=[] | truncated_agents=[] | remaining_agents=25 | reward_preview={prey_1:-0.001, prey_3:-0.001, predator_6:-0.001, prey_5:-0.001, predator_5:-0.001} | info_preview={}
2025-11-23 03:29:17,860 [DEBUG] PredPreyGrassEnv.env-99b9eef7: event=StepBegin | env_id=env-99b9eef7 | step=788 | incoming_actions=['prey_1', 'prey_3', 'prey_5', 'prey_18', 'prey_16', ...] | active_agents=25 | current_step=788
2025-11-23 03:29:17,863 [DEBUG] PredPreyGrassEnv.env-99b9eef7: event=StepSummary | env_id=env-99b9eef7 | step=788 | current_step=788 | terminated_agents=[] | truncated_agents=[] | remaining_agents=25 | reward_preview={prey_1:-0.001, prey_3:-0.001, predator_6:-0.001, prey_5:-0.001, predator_5:-0.001} | info_preview={}
2025-11-23 03:29:17,873 [DEBUG] PredPreyGrassEnv.env-99b9eef7: event=StepBegin | env_id=env-99b9eef7 | step=789 | incoming_actions=['prey_1', 'prey_3', 'prey_5', 'prey_18', 'prey_16', ...] | active_agents=25 | current_step=789
2025-11-23 03:29:17,876 [DEBUG] PredPreyGrassEnv.env-99b9eef7: event=StepSummary | env_id=env-99b9eef7 | step=789 | current_step=789 | terminated_agents=[] | truncated_agents=[] | remaining_agents=25 | reward_preview={prey_1:-0.001, prey_3:-0.001, predator_6:-0.001, prey_5:-0.001, predator_5:-0.001} | info_preview={}
2025-11-23 03:29:17,885 [DEBUG] PredPreyGrassEnv.env-99b9eef7: event=StepBegin | env_id=env-99b9eef7 | step=790 | incoming_actions=['prey_1', 'prey_3', 'prey_5', 'prey_18', 'prey_16', ...] | active_agents=25 | current_step=790
2025-11-23 03:29:17,889 [DEBUG] PredPreyGrassEnv.env-99b9eef7: event=StepSummary | env_id=env-99b9eef7 | step=790 | current_step=790 | terminated_agents=[] | truncated_agents=[] | remaining_agents=25 | reward_preview={prey_1:-0.001, prey_3:-0.001, predator_6:-0.001, prey_5:-0.001, predator_5:-0.001} | info_preview={}
2025-11-23 03:29:17,898 [DEBUG] PredPreyGrassEnv.env-99b9eef7: event=StepBegin | env_id=env-99b9eef7 | step=791 | incoming_actions=['prey_1', 'prey_3', 'prey_5', 'prey_18', 'prey_16', ...] | active_agents=25 | current_step=791
2025-11-23 03:29:17,902 [DEBUG] PredPreyGrassEnv.env-99b9eef7: event=StepSummary | env_id=env-99b9eef7 | step=791 | current_step=791 | terminated_agents=[] | truncated_agents=[] | remaining_agents=25 | reward_preview={prey_1:-0.001, prey_3:-0.001, predator_6:-0.001, prey_5:-0.001, predator_5:-0.001} | info_preview={}
2025-11-23 03:29:17,912 [DEBUG] PredPreyGrassEnv.env-99b9eef7: event=StepBegin | env_id=env-99b9eef7 | step=792 | incoming_actions=['prey_1', 'prey_3', 'prey_5', 'prey_18', 'prey_16', ...] | active_agents=25 | current_step=792
2025-11-23 03:29:17,915 [DEBUG] PredPreyGrassEnv.env-99b9eef7: event=StepSummary | env_id=env-99b9eef7 | step=792 | current_step=792 | terminated_agents=[] | truncated_agents=[] | remaining_agents=25 | reward_preview={prey_1:-0.001, prey_3:-0.001, predator_6:-0.001, prey_5:-0.001, predator_5:-0.001} | info_preview={}
2025-11-23 03:29:17,925 [DEBUG] PredPreyGrassEnv.env-99b9eef7: event=StepBegin | env_id=env-99b9eef7 | step=793 | incoming_actions=['prey_1', 'prey_3', 'prey_5', 'prey_18', 'prey_16', ...] | active_agents=25 | current_step=793
2025-11-23 03:29:17,929 [DEBUG] PredPreyGrassEnv.env-99b9eef7: event=StepSummary | env_id=env-99b9eef7 | step=793 | current_step=793 | terminated_agents=[] | truncated_agents=[] | remaining_agents=25 | reward_preview={prey_1:-0.001, prey_3:-0.001, predator_6:-0.001, prey_5:-0.001, predator_5:-0.001} | info_preview={}
2025-11-23 03:29:17,938 [DEBUG] PredPreyGrassEnv.env-99b9eef7: event=StepBegin | env_id=env-99b9eef7 | step=794 | incoming_actions=['prey_1', 'prey_3', 'prey_5', 'prey_18', 'prey_16', ...] | active_agents=25 | current_step=794
2025-11-23 03:29:17,942 [DEBUG] PredPreyGrassEnv.env-99b9eef7: event=StepSummary | env_id=env-99b9eef7 | step=794 | current_step=794 | terminated_agents=[] | truncated_agents=[] | remaining_agents=25 | reward_preview={prey_1:-0.001, prey_3:-0.001, predator_6:-0.001, prey_5:-0.001, predator_5:-0.001} | info_preview={}
2025-11-23 03:29:17,952 [DEBUG] PredPreyGrassEnv.env-99b9eef7: event=StepBegin | env_id=env-99b9eef7 | step=795 | incoming_actions=['prey_1', 'prey_3', 'prey_5', 'prey_18', 'prey_16', ...] | active_agents=25 | current_step=795
2025-11-23 03:29:17,956 [DEBUG] PredPreyGrassEnv.env-99b9eef7: event=StepSummary | env_id=env-99b9eef7 | step=795 | current_step=795 | terminated_agents=[] | truncated_agents=[] | remaining_agents=25 | reward_preview={prey_1:-0.001, prey_3:-0.001, predator_6:-0.001, prey_5:-0.001, predator_5:-0.001} | info_preview={}
2025-11-23 03:29:17,966 [DEBUG] PredPreyGrassEnv.env-99b9eef7: event=StepBegin | env_id=env-99b9eef7 | step=796 | incoming_actions=['prey_1', 'prey_3', 'prey_5', 'prey_18', 'prey_16', ...] | active_agents=25 | current_step=796
2025-11-23 03:29:17,970 [DEBUG] PredPreyGrassEnv.env-99b9eef7: event=StepSummary | env_id=env-99b9eef7 | step=796 | current_step=796 | terminated_agents=[] | truncated_agents=[] | remaining_agents=25 | reward_preview={prey_1:-0.001, prey_3:-0.001, predator_6:-0.001, prey_5:-0.001, predator_5:-0.001} | info_preview={}
2025-11-23 03:29:17,980 [DEBUG] PredPreyGrassEnv.env-99b9eef7: event=StepBegin | env_id=env-99b9eef7 | step=797 | incoming_actions=['prey_1', 'prey_3', 'prey_5', 'prey_18', 'prey_16', ...] | active_agents=25 | current_step=797
2025-11-23 03:29:17,985 [DEBUG] PredPreyGrassEnv.env-99b9eef7: event=StepSummary | env_id=env-99b9eef7 | step=797 | current_step=797 | terminated_agents=[] | truncated_agents=[] | remaining_agents=25 | reward_preview={prey_1:-0.001, prey_3:-0.001, predator_6:-0.001, prey_5:-0.001, predator_5:-0.001} | info_preview={}
2025-11-23 03:29:18,001 [DEBUG] PredPreyGrassEnv.env-99b9eef7: event=StepBegin | env_id=env-99b9eef7 | step=798 | incoming_actions=['prey_1', 'prey_3', 'prey_5', 'prey_18', 'prey_16', ...] | active_agents=25 | current_step=798
2025-11-23 03:29:18,007 [DEBUG] PredPreyGrassEnv.env-99b9eef7: event=StepSummary | env_id=env-99b9eef7 | step=798 | current_step=798 | terminated_agents=[] | truncated_agents=[] | remaining_agents=25 | reward_preview={prey_1:-0.001, prey_3:-0.001, predator_6:-0.001, prey_5:-0.001, predator_5:-0.001} | info_preview={}
2025-11-23 03:29:18,018 [DEBUG] PredPreyGrassEnv.env-99b9eef7: event=StepBegin | env_id=env-99b9eef7 | step=799 | incoming_actions=['prey_1', 'prey_3', 'prey_5', 'prey_18', 'prey_16', ...] | active_agents=25 | current_step=799
2025-11-23 03:29:18,023 [DEBUG] PredPreyGrassEnv.env-99b9eef7: event=StepSummary | env_id=env-99b9eef7 | step=799 | current_step=799 | terminated_agents=[] | truncated_agents=[] | remaining_agents=25 | reward_preview={prey_1:-0.001, prey_3:-0.001, predator_6:-0.001, prey_5:-0.001, predator_5:-0.001} | info_preview={}
2025-11-23 03:29:18,086 [DEBUG] PredPreyGrassEnv.env-99b9eef7: event=StepBegin | env_id=env-99b9eef7 | step=800 | incoming_actions=['prey_1', 'prey_3', 'prey_5', 'prey_18', 'prey_16', ...] | active_agents=25 | current_step=800
2025-11-23 03:29:18,086 [INFO] PredPreyGrassEnv.env-99b9eef7: event=MaxStepsReached | env_id=env-99b9eef7 | step=800 | current_step=800 | max_steps=800 | active_agents=25
2025-11-23 03:29:19,387 [INFO] PredPreyGrassEnv.env-99b9eef7: event=ResetBegin | env_id=env-99b9eef7 | step=800 | seed=None | options=None | enable_continuous_space=True | n_possible_predators=20000 | n_possible_prey=20000
2025-11-23 03:29:19,392 [DEBUG] PredPreyGrassEnv.env-99b9eef7: event=ResetPositionsGenerated | env_id=env-99b9eef7 | step=0 | predator_samples=[[370.5058546745683, 625.8751842670149], [280.769747918879, 229.92634649056234], [171.19430657801647, 93.3164653695108]] | prey_samples=[[169.97652673295323, 614.110132822339], [94.06393522815299, 223.6143080331396], [162.8679494437469, 380.72851659630044]] | grass_samples=[[181.44345176034886, 705.4686296415836], [51.46067759246469, 305.8635752335423], [733.6904340573918, 174.71166369509436]] | total_entities=125
2025-11-23 03:29:19,397 [INFO] PredPreyGrassEnv.env-99b9eef7: event=ResetComplete | env_id=env-99b9eef7 | step=0 | predator_count=5 | prey_count=20 | grass_count=100 | predator_samples=[['predator_0', [370.5058546745683, 625.8751842670149]], ['predator_1', [280.769747918879, 229.92634649056234]], ['predator_2', [171.19430657801647, 93.3164653695108]]] | prey_samples=[['prey_1', [94.06393522815299, 223.6143080331396]], ['prey_2', [162.8679494437469, 380.72851659630044]], ['prey_3', [12.013166639880222, 591.534604061111]]] | grass_samples=[['grass_0', [181.44345176034886, 705.4686296415836]], ['grass_1', [51.46067759246469, 305.8635752335423]], ['grass_2', [733.6904340573918, 174.71166369509436]]]
2025-11-23 03:29:19,416 [DEBUG] PredPreyGrassEnv.env-99b9eef7: event=StepBegin | env_id=env-99b9eef7 | step=0 | incoming_actions=['predator_0', 'predator_1', 'predator_2', 'predator_3', 'predator_4', ...] | active_agents=25 | current_step=0
2025-11-23 03:29:19,420 [DEBUG] PredPreyGrassEnv.env-99b9eef7: event=StepSummary | env_id=env-99b9eef7 | step=0 | current_step=0 | terminated_agents=[] | truncated_agents=[] | remaining_agents=25 | reward_preview={prey_1:-0.001, prey_3:-0.001, prey_5:-0.001, prey_0:-0.001, predator_4:-0.001} | info_preview={}
