2025-11-23 03:28:59,554 [INFO] PredPreyGrassEnv.env-7d764eb7: event=logger_initialised | env_id=env-7d764eb7 | log_path=logs/run_20251123_032851/envs/predpreygrass_env_1358084_env-7d764eb7.log | level=DEBUG
2025-11-23 03:28:59,564 [INFO] PredPreyGrassEnv.env-7d764eb7: event=InitComplete | env_id=env-7d764eb7 | step=NA | enable_continuous_space=True | world_size=[800, 800] | grid_size=10 | possible_agents=40000 | initial_agents=25 | max_steps=800 | action_space_type='continuous' | log_path='logs/run_20251123_032851/envs/predpreygrass_env_1358084_env-7d764eb7.log'
2025-11-23 03:29:02,028 [INFO] PredPreyGrassEnv.env-7d764eb7: event=ResetBegin | env_id=env-7d764eb7 | step=NA | seed=None | options=None | enable_continuous_space=True | n_possible_predators=20000 | n_possible_prey=20000
2025-11-23 03:29:02,037 [DEBUG] PredPreyGrassEnv.env-7d764eb7: event=ResetPositionsGenerated | env_id=env-7d764eb7 | step=0 | predator_samples=[[45.58357652702543, 734.542385366178], [370.9525522114211, 31.26170401228151], [695.9369810552977, 162.64406310370958]] | prey_samples=[[211.07487817247676, 409.45351494145234], [725.9240211427248, 559.029511679317], [472.1019028704149, 548.7586674195886]] | grass_samples=[[53.57534319942491, 70.4151335640887], [30.33732152804678, 680.322761233392], [630.6346169455312, 750.1139562190768]] | total_entities=125
2025-11-23 03:29:02,044 [INFO] PredPreyGrassEnv.env-7d764eb7: event=ResetComplete | env_id=env-7d764eb7 | step=0 | predator_count=5 | prey_count=20 | grass_count=100 | predator_samples=[['predator_0', [45.58357652702543, 734.542385366178]], ['predator_1', [370.9525522114211, 31.26170401228151]], ['predator_2', [695.9369810552977, 162.64406310370958]]] | prey_samples=[['prey_0', [211.07487817247676, 409.45351494145234]], ['prey_1', [725.9240211427248, 559.029511679317]], ['prey_2', [472.1019028704149, 548.7586674195886]]] | grass_samples=[['grass_0', [53.57534319942491, 70.4151335640887]], ['grass_1', [30.33732152804678, 680.322761233392]], ['grass_2', [630.6346169455312, 750.1139562190768]]]
2025-11-23 03:29:02,074 [DEBUG] PredPreyGrassEnv.env-7d764eb7: event=StepBegin | env_id=env-7d764eb7 | step=0 | incoming_actions=['predator_0', 'predator_1', 'predator_2', 'predator_3', 'predator_4', ...] | active_agents=25 | current_step=0
2025-11-23 03:29:02,079 [DEBUG] PredPreyGrassEnv.env-7d764eb7: event=StepSummary | env_id=env-7d764eb7 | step=0 | current_step=0 | terminated_agents=[] | truncated_agents=[] | remaining_agents=25 | reward_preview={prey_1:-0.001, prey_3:-0.001, prey_5:-0.001, prey_0:-0.001, predator_4:-0.001} | info_preview={}
2025-11-23 03:29:02,103 [DEBUG] PredPreyGrassEnv.env-7d764eb7: event=StepBegin | env_id=env-7d764eb7 | step=1 | incoming_actions=['prey_1', 'prey_3', 'prey_5', 'prey_0', 'prey_18', ...] | active_agents=25 | current_step=1
2025-11-23 03:29:02,112 [DEBUG] PredPreyGrassEnv.env-7d764eb7: event=StepSummary | env_id=env-7d764eb7 | step=1 | current_step=1 | terminated_agents=[] | truncated_agents=[] | remaining_agents=25 | reward_preview={prey_1:-0.001, prey_3:-0.001, prey_5:-0.001, prey_0:-0.001, predator_4:-0.001} | info_preview={}
2025-11-23 03:29:02,140 [DEBUG] PredPreyGrassEnv.env-7d764eb7: event=StepBegin | env_id=env-7d764eb7 | step=2 | incoming_actions=['prey_1', 'prey_3', 'prey_5', 'prey_0', 'prey_18', ...] | active_agents=25 | current_step=2
2025-11-23 03:29:02,149 [DEBUG] PredPreyGrassEnv.env-7d764eb7: event=StepSummary | env_id=env-7d764eb7 | step=2 | current_step=2 | terminated_agents=[] | truncated_agents=[] | remaining_agents=25 | reward_preview={prey_1:-0.001, prey_3:-0.001, prey_5:-0.001, prey_0:-0.001, predator_4:-0.001} | info_preview={}
2025-11-23 03:29:02,176 [DEBUG] PredPreyGrassEnv.env-7d764eb7: event=StepBegin | env_id=env-7d764eb7 | step=3 | incoming_actions=['prey_1', 'prey_3', 'prey_5', 'prey_0', 'prey_18', ...] | active_agents=25 | current_step=3
2025-11-23 03:29:02,178 [DEBUG] PredPreyGrassEnv.env-7d764eb7: event=PreyAteGrass | env_id=env-7d764eb7 | step=3 | prey='prey_1' | grass='grass_62' | prey_position=[724.8209150724227, 558.7611325505447] | grass_energy=10.0 | energy_gained=9.0 | prey_energy=148.83350564717054
2025-11-23 03:29:02,181 [DEBUG] PredPreyGrassEnv.env-7d764eb7: event=StepSummary | env_id=env-7d764eb7 | step=3 | current_step=3 | terminated_agents=[] | truncated_agents=[] | remaining_agents=25 | reward_preview={prey_1:1.0, prey_3:-0.001, prey_5:-0.001, prey_0:-0.001, predator_4:-0.001} | info_preview={}
2025-11-23 03:29:02,192 [DEBUG] PredPreyGrassEnv.env-7d764eb7: event=StepBegin | env_id=env-7d764eb7 | step=4 | incoming_actions=['prey_1', 'prey_3', 'prey_5', 'prey_0', 'prey_18', ...] | active_agents=25 | current_step=4
2025-11-23 03:29:02,195 [DEBUG] PredPreyGrassEnv.env-7d764eb7: event=StepSummary | env_id=env-7d764eb7 | step=4 | current_step=4 | terminated_agents=[] | truncated_agents=[] | remaining_agents=25 | reward_preview={prey_1:-0.001, prey_3:-0.001, prey_5:-0.001, prey_0:-0.001, predator_4:-0.001} | info_preview={}
2025-11-23 03:29:02,216 [DEBUG] PredPreyGrassEnv.env-7d764eb7: event=StepBegin | env_id=env-7d764eb7 | step=5 | incoming_actions=['prey_1', 'prey_3', 'prey_5', 'prey_0', 'prey_18', ...] | active_agents=25 | current_step=5
2025-11-23 03:29:02,219 [DEBUG] PredPreyGrassEnv.env-7d764eb7: event=StepSummary | env_id=env-7d764eb7 | step=5 | current_step=5 | terminated_agents=[] | truncated_agents=[] | remaining_agents=25 | reward_preview={prey_1:-0.001, prey_3:-0.001, prey_5:-0.001, prey_0:-0.001, predator_4:-0.001} | info_preview={}
2025-11-23 03:29:02,230 [DEBUG] PredPreyGrassEnv.env-7d764eb7: event=StepBegin | env_id=env-7d764eb7 | step=6 | incoming_actions=['prey_1', 'prey_3', 'prey_5', 'prey_0', 'prey_18', ...] | active_agents=25 | current_step=6
2025-11-23 03:29:02,234 [DEBUG] PredPreyGrassEnv.env-7d764eb7: event=StepSummary | env_id=env-7d764eb7 | step=6 | current_step=6 | terminated_agents=[] | truncated_agents=[] | remaining_agents=25 | reward_preview={prey_1:-0.001, prey_3:-0.001, prey_5:-0.001, prey_0:-0.001, predator_4:-0.001} | info_preview={}
2025-11-23 03:29:02,244 [DEBUG] PredPreyGrassEnv.env-7d764eb7: event=StepBegin | env_id=env-7d764eb7 | step=7 | incoming_actions=['prey_1', 'prey_3', 'prey_5', 'prey_0', 'prey_18', ...] | active_agents=25 | current_step=7
2025-11-23 03:29:02,248 [DEBUG] PredPreyGrassEnv.env-7d764eb7: event=StepSummary | env_id=env-7d764eb7 | step=7 | current_step=7 | terminated_agents=[] | truncated_agents=[] | remaining_agents=25 | reward_preview={prey_1:-0.001, prey_3:-0.001, prey_5:-0.001, prey_0:-0.001, predator_4:-0.001} | info_preview={}
2025-11-23 03:29:02,259 [DEBUG] PredPreyGrassEnv.env-7d764eb7: event=StepBegin | env_id=env-7d764eb7 | step=8 | incoming_actions=['prey_1', 'prey_3', 'prey_5', 'prey_0', 'prey_18', ...] | active_agents=25 | current_step=8
2025-11-23 03:29:02,263 [DEBUG] PredPreyGrassEnv.env-7d764eb7: event=StepSummary | env_id=env-7d764eb7 | step=8 | current_step=8 | terminated_agents=[] | truncated_agents=[] | remaining_agents=25 | reward_preview={prey_1:-0.001, prey_3:-0.001, prey_5:-0.001, prey_0:-0.001, predator_4:-0.001} | info_preview={}
2025-11-23 03:29:02,274 [DEBUG] PredPreyGrassEnv.env-7d764eb7: event=StepBegin | env_id=env-7d764eb7 | step=9 | incoming_actions=['prey_1', 'prey_3', 'prey_5', 'prey_0', 'prey_18', ...] | active_agents=25 | current_step=9
2025-11-23 03:29:02,278 [DEBUG] PredPreyGrassEnv.env-7d764eb7: event=StepSummary | env_id=env-7d764eb7 | step=9 | current_step=9 | terminated_agents=[] | truncated_agents=[] | remaining_agents=25 | reward_preview={prey_1:-0.001, prey_3:-0.001, prey_5:-0.001, prey_0:-0.001, predator_4:-0.001} | info_preview={}
2025-11-23 03:29:02,288 [DEBUG] PredPreyGrassEnv.env-7d764eb7: event=StepBegin | env_id=env-7d764eb7 | step=10 | incoming_actions=['prey_1', 'prey_3', 'prey_5', 'prey_0', 'prey_18', ...] | active_agents=25 | current_step=10
2025-11-23 03:29:02,292 [DEBUG] PredPreyGrassEnv.env-7d764eb7: event=StepSummary | env_id=env-7d764eb7 | step=10 | current_step=10 | terminated_agents=[] | truncated_agents=[] | remaining_agents=25 | reward_preview={prey_1:-0.001, prey_3:-0.001, prey_5:-0.001, prey_0:-0.001, predator_4:-0.001} | info_preview={}
2025-11-23 03:29:02,303 [DEBUG] PredPreyGrassEnv.env-7d764eb7: event=StepBegin | env_id=env-7d764eb7 | step=11 | incoming_actions=['prey_1', 'prey_3', 'prey_5', 'prey_0', 'prey_18', ...] | active_agents=25 | current_step=11
2025-11-23 03:29:02,307 [DEBUG] PredPreyGrassEnv.env-7d764eb7: event=StepSummary | env_id=env-7d764eb7 | step=11 | current_step=11 | terminated_agents=[] | truncated_agents=[] | remaining_agents=25 | reward_preview={prey_1:-0.001, prey_3:-0.001, prey_5:-0.001, prey_0:-0.001, predator_4:-0.001} | info_preview={}
2025-11-23 03:29:02,318 [DEBUG] PredPreyGrassEnv.env-7d764eb7: event=StepBegin | env_id=env-7d764eb7 | step=12 | incoming_actions=['prey_1', 'prey_3', 'prey_5', 'prey_0', 'prey_18', ...] | active_agents=25 | current_step=12
2025-11-23 03:29:02,322 [DEBUG] PredPreyGrassEnv.env-7d764eb7: event=StepSummary | env_id=env-7d764eb7 | step=12 | current_step=12 | terminated_agents=[] | truncated_agents=[] | remaining_agents=25 | reward_preview={prey_1:-0.001, prey_3:-0.001, prey_5:-0.001, prey_0:-0.001, predator_4:-0.001} | info_preview={}
2025-11-23 03:29:02,333 [DEBUG] PredPreyGrassEnv.env-7d764eb7: event=StepBegin | env_id=env-7d764eb7 | step=13 | incoming_actions=['prey_1', 'prey_3', 'prey_5', 'prey_0', 'prey_18', ...] | active_agents=25 | current_step=13
2025-11-23 03:29:02,337 [DEBUG] PredPreyGrassEnv.env-7d764eb7: event=StepSummary | env_id=env-7d764eb7 | step=13 | current_step=13 | terminated_agents=[] | truncated_agents=[] | remaining_agents=25 | reward_preview={prey_1:-0.001, prey_3:-0.001, prey_5:-0.001, prey_0:-0.001, predator_4:-0.001} | info_preview={}
2025-11-23 03:29:02,347 [DEBUG] PredPreyGrassEnv.env-7d764eb7: event=StepBegin | env_id=env-7d764eb7 | step=14 | incoming_actions=['prey_1', 'prey_3', 'prey_5', 'prey_0', 'prey_18', ...] | active_agents=25 | current_step=14
2025-11-23 03:29:02,351 [DEBUG] PredPreyGrassEnv.env-7d764eb7: event=StepSummary | env_id=env-7d764eb7 | step=14 | current_step=14 | terminated_agents=[] | truncated_agents=[] | remaining_agents=25 | reward_preview={prey_1:-0.001, prey_3:-0.001, prey_5:-0.001, prey_0:-0.001, predator_4:-0.001} | info_preview={}
2025-11-23 03:29:02,362 [DEBUG] PredPreyGrassEnv.env-7d764eb7: event=StepBegin | env_id=env-7d764eb7 | step=15 | incoming_actions=['prey_1', 'prey_3', 'prey_5', 'prey_0', 'prey_18', ...] | active_agents=25 | current_step=15
2025-11-23 03:29:02,366 [DEBUG] PredPreyGrassEnv.env-7d764eb7: event=StepSummary | env_id=env-7d764eb7 | step=15 | current_step=15 | terminated_agents=[] | truncated_agents=[] | remaining_agents=25 | reward_preview={prey_1:-0.001, prey_3:-0.001, prey_5:-0.001, prey_0:-0.001, predator_4:-0.001} | info_preview={}
2025-11-23 03:29:02,377 [DEBUG] PredPreyGrassEnv.env-7d764eb7: event=StepBegin | env_id=env-7d764eb7 | step=16 | incoming_actions=['prey_1', 'prey_3', 'prey_5', 'prey_0', 'prey_18', ...] | active_agents=25 | current_step=16
2025-11-23 03:29:02,381 [DEBUG] PredPreyGrassEnv.env-7d764eb7: event=StepSummary | env_id=env-7d764eb7 | step=16 | current_step=16 | terminated_agents=[] | truncated_agents=[] | remaining_agents=25 | reward_preview={prey_1:-0.001, prey_3:-0.001, prey_5:-0.001, prey_0:-0.001, predator_4:-0.001} | info_preview={}
2025-11-23 03:29:02,393 [DEBUG] PredPreyGrassEnv.env-7d764eb7: event=StepBegin | env_id=env-7d764eb7 | step=17 | incoming_actions=['prey_1', 'prey_3', 'prey_5', 'prey_0', 'prey_18', ...] | active_agents=25 | current_step=17
2025-11-23 03:29:02,397 [DEBUG] PredPreyGrassEnv.env-7d764eb7: event=StepSummary | env_id=env-7d764eb7 | step=17 | current_step=17 | terminated_agents=[] | truncated_agents=[] | remaining_agents=25 | reward_preview={prey_1:-0.001, prey_3:-0.001, prey_5:-0.001, prey_0:-0.001, predator_4:-0.001} | info_preview={}
2025-11-23 03:29:02,408 [DEBUG] PredPreyGrassEnv.env-7d764eb7: event=StepBegin | env_id=env-7d764eb7 | step=18 | incoming_actions=['prey_1', 'prey_3', 'prey_5', 'prey_0', 'prey_18', ...] | active_agents=25 | current_step=18
2025-11-23 03:29:02,413 [DEBUG] PredPreyGrassEnv.env-7d764eb7: event=StepSummary | env_id=env-7d764eb7 | step=18 | current_step=18 | terminated_agents=[] | truncated_agents=[] | remaining_agents=25 | reward_preview={prey_1:-0.001, prey_3:-0.001, prey_5:-0.001, prey_0:-0.001, predator_4:-0.001} | info_preview={}
2025-11-23 03:29:02,424 [DEBUG] PredPreyGrassEnv.env-7d764eb7: event=StepBegin | env_id=env-7d764eb7 | step=19 | incoming_actions=['prey_1', 'prey_3', 'prey_5', 'prey_0', 'prey_18', ...] | active_agents=25 | current_step=19
2025-11-23 03:29:02,426 [DEBUG] PredPreyGrassEnv.env-7d764eb7: event=PreyAteGrass | env_id=env-7d764eb7 | step=19 | prey='prey_14' | grass='grass_42' | prey_position=[705.651777080449, 710.787135865851] | grass_energy=10.0 | energy_gained=9.0 | prey_energy=147.85894933009797
2025-11-23 03:29:02,428 [DEBUG] PredPreyGrassEnv.env-7d764eb7: event=StepSummary | env_id=env-7d764eb7 | step=19 | current_step=19 | terminated_agents=[] | truncated_agents=[] | remaining_agents=25 | reward_preview={prey_1:-0.001, prey_3:-0.001, prey_5:-0.001, prey_0:-0.001, predator_4:-0.001} | info_preview={}
2025-11-23 03:29:02,440 [DEBUG] PredPreyGrassEnv.env-7d764eb7: event=StepBegin | env_id=env-7d764eb7 | step=20 | incoming_actions=['prey_1', 'prey_3', 'prey_5', 'prey_0', 'prey_18', ...] | active_agents=25 | current_step=20
2025-11-23 03:29:02,444 [DEBUG] PredPreyGrassEnv.env-7d764eb7: event=StepSummary | env_id=env-7d764eb7 | step=20 | current_step=20 | terminated_agents=[] | truncated_agents=[] | remaining_agents=25 | reward_preview={prey_1:-0.001, prey_3:-0.001, prey_5:-0.001, prey_0:-0.001, predator_4:-0.001} | info_preview={}
2025-11-23 03:29:02,456 [DEBUG] PredPreyGrassEnv.env-7d764eb7: event=StepBegin | env_id=env-7d764eb7 | step=21 | incoming_actions=['prey_1', 'prey_3', 'prey_5', 'prey_0', 'prey_18', ...] | active_agents=25 | current_step=21
2025-11-23 03:29:02,461 [DEBUG] PredPreyGrassEnv.env-7d764eb7: event=StepSummary | env_id=env-7d764eb7 | step=21 | current_step=21 | terminated_agents=[] | truncated_agents=[] | remaining_agents=25 | reward_preview={prey_1:-0.001, prey_3:-0.001, prey_5:-0.001, prey_0:-0.001, predator_4:-0.001} | info_preview={}
2025-11-23 03:29:02,475 [DEBUG] PredPreyGrassEnv.env-7d764eb7: event=StepBegin | env_id=env-7d764eb7 | step=22 | incoming_actions=['prey_1', 'prey_3', 'prey_5', 'prey_0', 'prey_18', ...] | active_agents=25 | current_step=22
2025-11-23 03:29:02,476 [DEBUG] PredPreyGrassEnv.env-7d764eb7: event=PreyAteGrass | env_id=env-7d764eb7 | step=22 | prey='prey_1' | grass='grass_53' | prey_position=[711.1099926513078, 551.1363972871121] | grass_energy=10.0 | energy_gained=9.0 | prey_energy=155.71215792863063
2025-11-23 03:29:02,480 [DEBUG] PredPreyGrassEnv.env-7d764eb7: event=StepSummary | env_id=env-7d764eb7 | step=22 | current_step=22 | terminated_agents=[] | truncated_agents=[] | remaining_agents=25 | reward_preview={prey_1:1.0, prey_3:-0.001, prey_5:-0.001, prey_0:-0.001, predator_4:-0.001} | info_preview={}
2025-11-23 03:29:02,496 [DEBUG] PredPreyGrassEnv.env-7d764eb7: event=StepBegin | env_id=env-7d764eb7 | step=23 | incoming_actions=['prey_1', 'prey_3', 'prey_5', 'prey_0', 'prey_18', ...] | active_agents=25 | current_step=23
2025-11-23 03:29:02,501 [DEBUG] PredPreyGrassEnv.env-7d764eb7: event=StepSummary | env_id=env-7d764eb7 | step=23 | current_step=23 | terminated_agents=[] | truncated_agents=[] | remaining_agents=25 | reward_preview={prey_1:-0.001, prey_3:-0.001, prey_5:-0.001, prey_0:-0.001, predator_4:-0.001} | info_preview={}
2025-11-23 03:29:02,513 [DEBUG] PredPreyGrassEnv.env-7d764eb7: event=StepBegin | env_id=env-7d764eb7 | step=24 | incoming_actions=['prey_1', 'prey_3', 'prey_5', 'prey_0', 'prey_18', ...] | active_agents=25 | current_step=24
2025-11-23 03:29:02,519 [DEBUG] PredPreyGrassEnv.env-7d764eb7: event=StepSummary | env_id=env-7d764eb7 | step=24 | current_step=24 | terminated_agents=[] | truncated_agents=[] | remaining_agents=25 | reward_preview={prey_1:-0.001, prey_3:-0.001, prey_5:-0.001, prey_0:-0.001, predator_4:-0.001} | info_preview={}
2025-11-23 03:29:02,536 [DEBUG] PredPreyGrassEnv.env-7d764eb7: event=StepBegin | env_id=env-7d764eb7 | step=25 | incoming_actions=['prey_1', 'prey_3', 'prey_5', 'prey_0', 'prey_18', ...] | active_agents=25 | current_step=25
2025-11-23 03:29:02,542 [DEBUG] PredPreyGrassEnv.env-7d764eb7: event=StepSummary | env_id=env-7d764eb7 | step=25 | current_step=25 | terminated_agents=[] | truncated_agents=[] | remaining_agents=25 | reward_preview={prey_1:-0.001, prey_3:-0.001, prey_5:-0.001, prey_0:-0.001, predator_4:-0.001} | info_preview={}
2025-11-23 03:29:02,554 [DEBUG] PredPreyGrassEnv.env-7d764eb7: event=StepBegin | env_id=env-7d764eb7 | step=26 | incoming_actions=['prey_1', 'prey_3', 'prey_5', 'prey_0', 'prey_18', ...] | active_agents=25 | current_step=26
2025-11-23 03:29:02,558 [DEBUG] PredPreyGrassEnv.env-7d764eb7: event=StepSummary | env_id=env-7d764eb7 | step=26 | current_step=26 | terminated_agents=[] | truncated_agents=[] | remaining_agents=25 | reward_preview={prey_1:-0.001, prey_3:-0.001, prey_5:-0.001, prey_0:-0.001, predator_4:-0.001} | info_preview={}
2025-11-23 03:29:02,570 [DEBUG] PredPreyGrassEnv.env-7d764eb7: event=StepBegin | env_id=env-7d764eb7 | step=27 | incoming_actions=['prey_1', 'prey_3', 'prey_5', 'prey_0', 'prey_18', ...] | active_agents=25 | current_step=27
2025-11-23 03:29:02,574 [DEBUG] PredPreyGrassEnv.env-7d764eb7: event=StepSummary | env_id=env-7d764eb7 | step=27 | current_step=27 | terminated_agents=[] | truncated_agents=[] | remaining_agents=25 | reward_preview={prey_1:-0.001, prey_3:-0.001, prey_5:-0.001, prey_0:-0.001, predator_4:-0.001} | info_preview={}
2025-11-23 03:29:02,586 [DEBUG] PredPreyGrassEnv.env-7d764eb7: event=StepBegin | env_id=env-7d764eb7 | step=28 | incoming_actions=['prey_1', 'prey_3', 'prey_5', 'prey_0', 'prey_18', ...] | active_agents=25 | current_step=28
2025-11-23 03:29:02,590 [DEBUG] PredPreyGrassEnv.env-7d764eb7: event=StepSummary | env_id=env-7d764eb7 | step=28 | current_step=28 | terminated_agents=[] | truncated_agents=[] | remaining_agents=25 | reward_preview={prey_1:-0.001, prey_3:-0.001, prey_5:-0.001, prey_0:-0.001, predator_4:-0.001} | info_preview={}
2025-11-23 03:29:02,602 [DEBUG] PredPreyGrassEnv.env-7d764eb7: event=StepBegin | env_id=env-7d764eb7 | step=29 | incoming_actions=['prey_1', 'prey_3', 'prey_5', 'prey_0', 'prey_18', ...] | active_agents=25 | current_step=29
2025-11-23 03:29:02,607 [DEBUG] PredPreyGrassEnv.env-7d764eb7: event=StepSummary | env_id=env-7d764eb7 | step=29 | current_step=29 | terminated_agents=[] | truncated_agents=[] | remaining_agents=25 | reward_preview={prey_1:-0.001, prey_3:-0.001, prey_5:-0.001, prey_0:-0.001, predator_4:-0.001} | info_preview={}
2025-11-23 03:29:02,620 [DEBUG] PredPreyGrassEnv.env-7d764eb7: event=StepBegin | env_id=env-7d764eb7 | step=30 | incoming_actions=['prey_1', 'prey_3', 'prey_5', 'prey_0', 'prey_18', ...] | active_agents=25 | current_step=30
2025-11-23 03:29:02,625 [DEBUG] PredPreyGrassEnv.env-7d764eb7: event=StepSummary | env_id=env-7d764eb7 | step=30 | current_step=30 | terminated_agents=[] | truncated_agents=[] | remaining_agents=25 | reward_preview={prey_1:-0.001, prey_3:-0.001, prey_5:-0.001, prey_0:-0.001, predator_4:-0.001} | info_preview={}
2025-11-23 03:29:02,636 [DEBUG] PredPreyGrassEnv.env-7d764eb7: event=StepBegin | env_id=env-7d764eb7 | step=31 | incoming_actions=['prey_1', 'prey_3', 'prey_5', 'prey_0', 'prey_18', ...] | active_agents=25 | current_step=31
2025-11-23 03:29:02,641 [DEBUG] PredPreyGrassEnv.env-7d764eb7: event=StepSummary | env_id=env-7d764eb7 | step=31 | current_step=31 | terminated_agents=[] | truncated_agents=[] | remaining_agents=25 | reward_preview={prey_1:-0.001, prey_3:-0.001, prey_5:-0.001, prey_0:-0.001, predator_4:-0.001} | info_preview={}
2025-11-23 03:29:02,653 [DEBUG] PredPreyGrassEnv.env-7d764eb7: event=StepBegin | env_id=env-7d764eb7 | step=32 | incoming_actions=['prey_1', 'prey_3', 'prey_5', 'prey_0', 'prey_18', ...] | active_agents=25 | current_step=32
2025-11-23 03:29:02,658 [DEBUG] PredPreyGrassEnv.env-7d764eb7: event=StepSummary | env_id=env-7d764eb7 | step=32 | current_step=32 | terminated_agents=[] | truncated_agents=[] | remaining_agents=25 | reward_preview={prey_1:-0.001, prey_3:-0.001, prey_5:-0.001, prey_0:-0.001, predator_4:-0.001} | info_preview={}
2025-11-23 03:29:02,687 [DEBUG] PredPreyGrassEnv.env-7d764eb7: event=StepBegin | env_id=env-7d764eb7 | step=33 | incoming_actions=['prey_1', 'prey_3', 'prey_5', 'prey_0', 'prey_18', ...] | active_agents=25 | current_step=33
2025-11-23 03:29:02,696 [DEBUG] PredPreyGrassEnv.env-7d764eb7: event=StepSummary | env_id=env-7d764eb7 | step=33 | current_step=33 | terminated_agents=[] | truncated_agents=[] | remaining_agents=25 | reward_preview={prey_1:-0.001, prey_3:-0.001, prey_5:-0.001, prey_0:-0.001, predator_4:-0.001} | info_preview={}
2025-11-23 03:29:02,723 [DEBUG] PredPreyGrassEnv.env-7d764eb7: event=StepBegin | env_id=env-7d764eb7 | step=34 | incoming_actions=['prey_1', 'prey_3', 'prey_5', 'prey_0', 'prey_18', ...] | active_agents=25 | current_step=34
2025-11-23 03:29:02,732 [DEBUG] PredPreyGrassEnv.env-7d764eb7: event=StepSummary | env_id=env-7d764eb7 | step=34 | current_step=34 | terminated_agents=[] | truncated_agents=[] | remaining_agents=25 | reward_preview={prey_1:-0.001, prey_3:-0.001, prey_5:-0.001, prey_0:-0.001, predator_4:-0.001} | info_preview={}
2025-11-23 03:29:02,759 [DEBUG] PredPreyGrassEnv.env-7d764eb7: event=StepBegin | env_id=env-7d764eb7 | step=35 | incoming_actions=['prey_1', 'prey_3', 'prey_5', 'prey_0', 'prey_18', ...] | active_agents=25 | current_step=35
2025-11-23 03:29:02,769 [DEBUG] PredPreyGrassEnv.env-7d764eb7: event=StepSummary | env_id=env-7d764eb7 | step=35 | current_step=35 | terminated_agents=[] | truncated_agents=[] | remaining_agents=25 | reward_preview={prey_1:-0.001, prey_3:-0.001, prey_5:-0.001, prey_0:-0.001, predator_4:-0.001} | info_preview={}
2025-11-23 03:29:02,798 [DEBUG] PredPreyGrassEnv.env-7d764eb7: event=StepBegin | env_id=env-7d764eb7 | step=36 | incoming_actions=['prey_1', 'prey_3', 'prey_5', 'prey_0', 'prey_18', ...] | active_agents=25 | current_step=36
2025-11-23 03:29:02,808 [DEBUG] PredPreyGrassEnv.env-7d764eb7: event=StepSummary | env_id=env-7d764eb7 | step=36 | current_step=36 | terminated_agents=[] | truncated_agents=[] | remaining_agents=25 | reward_preview={prey_1:-0.001, prey_3:-0.001, prey_5:-0.001, prey_0:-0.001, predator_4:-0.001} | info_preview={}
2025-11-23 03:29:02,836 [DEBUG] PredPreyGrassEnv.env-7d764eb7: event=StepBegin | env_id=env-7d764eb7 | step=37 | incoming_actions=['prey_1', 'prey_3', 'prey_5', 'prey_0', 'prey_18', ...] | active_agents=25 | current_step=37
2025-11-23 03:29:02,847 [DEBUG] PredPreyGrassEnv.env-7d764eb7: event=StepSummary | env_id=env-7d764eb7 | step=37 | current_step=37 | terminated_agents=[] | truncated_agents=[] | remaining_agents=25 | reward_preview={prey_1:-0.001, prey_3:-0.001, prey_5:-0.001, prey_0:-0.001, predator_4:-0.001} | info_preview={}
2025-11-23 03:29:02,876 [DEBUG] PredPreyGrassEnv.env-7d764eb7: event=StepBegin | env_id=env-7d764eb7 | step=38 | incoming_actions=['prey_1', 'prey_3', 'prey_5', 'prey_0', 'prey_18', ...] | active_agents=25 | current_step=38
2025-11-23 03:29:02,885 [DEBUG] PredPreyGrassEnv.env-7d764eb7: event=StepSummary | env_id=env-7d764eb7 | step=38 | current_step=38 | terminated_agents=[] | truncated_agents=[] | remaining_agents=25 | reward_preview={prey_1:-0.001, prey_3:-0.001, prey_5:-0.001, prey_0:-0.001, predator_4:-0.001} | info_preview={}
2025-11-23 03:29:02,900 [DEBUG] PredPreyGrassEnv.env-7d764eb7: event=StepBegin | env_id=env-7d764eb7 | step=39 | incoming_actions=['prey_1', 'prey_3', 'prey_5', 'prey_0', 'prey_18', ...] | active_agents=25 | current_step=39
2025-11-23 03:29:02,904 [DEBUG] PredPreyGrassEnv.env-7d764eb7: event=StepSummary | env_id=env-7d764eb7 | step=39 | current_step=39 | terminated_agents=[] | truncated_agents=[] | remaining_agents=25 | reward_preview={prey_1:-0.001, prey_3:-0.001, prey_5:-0.001, prey_0:-0.001, predator_4:-0.001} | info_preview={}
2025-11-23 03:29:02,920 [DEBUG] PredPreyGrassEnv.env-7d764eb7: event=StepBegin | env_id=env-7d764eb7 | step=40 | incoming_actions=['prey_1', 'prey_3', 'prey_5', 'prey_0', 'prey_18', ...] | active_agents=25 | current_step=40
2025-11-23 03:29:02,930 [DEBUG] PredPreyGrassEnv.env-7d764eb7: event=StepSummary | env_id=env-7d764eb7 | step=40 | current_step=40 | terminated_agents=[] | truncated_agents=[] | remaining_agents=25 | reward_preview={prey_1:-0.001, prey_3:-0.001, prey_5:-0.001, prey_0:-0.001, predator_4:-0.001} | info_preview={}
2025-11-23 03:29:02,946 [DEBUG] PredPreyGrassEnv.env-7d764eb7: event=StepBegin | env_id=env-7d764eb7 | step=41 | incoming_actions=['prey_1', 'prey_3', 'prey_5', 'prey_0', 'prey_18', ...] | active_agents=25 | current_step=41
2025-11-23 03:29:02,956 [DEBUG] PredPreyGrassEnv.env-7d764eb7: event=StepSummary | env_id=env-7d764eb7 | step=41 | current_step=41 | terminated_agents=[] | truncated_agents=[] | remaining_agents=25 | reward_preview={prey_1:-0.001, prey_3:-0.001, prey_5:-0.001, prey_0:-0.001, predator_4:-0.001} | info_preview={}
2025-11-23 03:29:02,983 [DEBUG] PredPreyGrassEnv.env-7d764eb7: event=StepBegin | env_id=env-7d764eb7 | step=42 | incoming_actions=['prey_1', 'prey_3', 'prey_5', 'prey_0', 'prey_18', ...] | active_agents=25 | current_step=42
2025-11-23 03:29:02,993 [DEBUG] PredPreyGrassEnv.env-7d764eb7: event=StepSummary | env_id=env-7d764eb7 | step=42 | current_step=42 | terminated_agents=[] | truncated_agents=[] | remaining_agents=25 | reward_preview={prey_1:-0.001, prey_3:-0.001, prey_5:-0.001, prey_0:-0.001, predator_4:-0.001} | info_preview={}
2025-11-23 03:29:03,022 [DEBUG] PredPreyGrassEnv.env-7d764eb7: event=StepBegin | env_id=env-7d764eb7 | step=43 | incoming_actions=['prey_1', 'prey_3', 'prey_5', 'prey_0', 'prey_18', ...] | active_agents=25 | current_step=43
2025-11-23 03:29:03,031 [DEBUG] PredPreyGrassEnv.env-7d764eb7: event=StepSummary | env_id=env-7d764eb7 | step=43 | current_step=43 | terminated_agents=[] | truncated_agents=[] | remaining_agents=25 | reward_preview={prey_1:-0.001, prey_3:-0.001, prey_5:-0.001, prey_0:-0.001, predator_4:-0.001} | info_preview={}
2025-11-23 03:29:03,047 [DEBUG] PredPreyGrassEnv.env-7d764eb7: event=StepBegin | env_id=env-7d764eb7 | step=44 | incoming_actions=['prey_1', 'prey_3', 'prey_5', 'prey_0', 'prey_18', ...] | active_agents=25 | current_step=44
2025-11-23 03:29:03,061 [DEBUG] PredPreyGrassEnv.env-7d764eb7: event=StepSummary | env_id=env-7d764eb7 | step=44 | current_step=44 | terminated_agents=[] | truncated_agents=[] | remaining_agents=25 | reward_preview={prey_1:-0.001, prey_3:-0.001, prey_5:-0.001, prey_0:-0.001, predator_4:-0.001} | info_preview={}
2025-11-23 03:29:03,091 [DEBUG] PredPreyGrassEnv.env-7d764eb7: event=StepBegin | env_id=env-7d764eb7 | step=45 | incoming_actions=['prey_1', 'prey_3', 'prey_5', 'prey_0', 'prey_18', ...] | active_agents=25 | current_step=45
2025-11-23 03:29:03,100 [DEBUG] PredPreyGrassEnv.env-7d764eb7: event=StepSummary | env_id=env-7d764eb7 | step=45 | current_step=45 | terminated_agents=[] | truncated_agents=[] | remaining_agents=25 | reward_preview={prey_1:-0.001, prey_3:-0.001, prey_5:-0.001, prey_0:-0.001, predator_4:-0.001} | info_preview={}
2025-11-23 03:29:03,127 [DEBUG] PredPreyGrassEnv.env-7d764eb7: event=StepBegin | env_id=env-7d764eb7 | step=46 | incoming_actions=['prey_1', 'prey_3', 'prey_5', 'prey_0', 'prey_18', ...] | active_agents=25 | current_step=46
2025-11-23 03:29:03,136 [DEBUG] PredPreyGrassEnv.env-7d764eb7: event=PreyAteGrass | env_id=env-7d764eb7 | step=46 | prey='prey_7' | grass='grass_61' | prey_position=[517.5057587343244, 249.1590546341888] | grass_energy=10.0 | energy_gained=9.0 | prey_energy=145.6366832356299
2025-11-23 03:29:03,137 [DEBUG] PredPreyGrassEnv.env-7d764eb7: event=StepSummary | env_id=env-7d764eb7 | step=46 | current_step=46 | terminated_agents=[] | truncated_agents=[] | remaining_agents=25 | reward_preview={prey_1:-0.001, prey_3:-0.001, prey_5:-0.001, prey_0:-0.001, predator_4:-0.001} | info_preview={}
2025-11-23 03:29:03,164 [DEBUG] PredPreyGrassEnv.env-7d764eb7: event=StepBegin | env_id=env-7d764eb7 | step=47 | incoming_actions=['prey_1', 'prey_3', 'prey_5', 'prey_0', 'prey_18', ...] | active_agents=25 | current_step=47
2025-11-23 03:29:03,173 [DEBUG] PredPreyGrassEnv.env-7d764eb7: event=StepSummary | env_id=env-7d764eb7 | step=47 | current_step=47 | terminated_agents=[] | truncated_agents=[] | remaining_agents=25 | reward_preview={prey_1:-0.001, prey_3:-0.001, prey_5:-0.001, prey_0:-0.001, predator_4:-0.001} | info_preview={}
2025-11-23 03:29:03,200 [DEBUG] PredPreyGrassEnv.env-7d764eb7: event=StepBegin | env_id=env-7d764eb7 | step=48 | incoming_actions=['prey_1', 'prey_3', 'prey_5', 'prey_0', 'prey_18', ...] | active_agents=25 | current_step=48
2025-11-23 03:29:03,209 [DEBUG] PredPreyGrassEnv.env-7d764eb7: event=StepSummary | env_id=env-7d764eb7 | step=48 | current_step=48 | terminated_agents=[] | truncated_agents=[] | remaining_agents=25 | reward_preview={prey_1:-0.001, prey_3:-0.001, prey_5:-0.001, prey_0:-0.001, predator_4:-0.001} | info_preview={}
2025-11-23 03:29:03,236 [DEBUG] PredPreyGrassEnv.env-7d764eb7: event=StepBegin | env_id=env-7d764eb7 | step=49 | incoming_actions=['prey_1', 'prey_3', 'prey_5', 'prey_0', 'prey_18', ...] | active_agents=25 | current_step=49
2025-11-23 03:29:03,245 [DEBUG] PredPreyGrassEnv.env-7d764eb7: event=StepSummary | env_id=env-7d764eb7 | step=49 | current_step=49 | terminated_agents=[] | truncated_agents=[] | remaining_agents=25 | reward_preview={prey_1:-0.001, prey_3:-0.001, prey_5:-0.001, prey_0:-0.001, predator_4:-0.001} | info_preview={}
2025-11-23 03:29:03,272 [DEBUG] PredPreyGrassEnv.env-7d764eb7: event=StepBegin | env_id=env-7d764eb7 | step=50 | incoming_actions=['prey_1', 'prey_3', 'prey_5', 'prey_0', 'prey_18', ...] | active_agents=25 | current_step=50
2025-11-23 03:29:03,281 [DEBUG] PredPreyGrassEnv.env-7d764eb7: event=StepSummary | env_id=env-7d764eb7 | step=50 | current_step=50 | terminated_agents=[] | truncated_agents=[] | remaining_agents=25 | reward_preview={prey_1:-0.001, prey_3:-0.001, prey_5:-0.001, prey_0:-0.001, predator_4:-0.001} | info_preview={}
2025-11-23 03:29:03,308 [DEBUG] PredPreyGrassEnv.env-7d764eb7: event=StepBegin | env_id=env-7d764eb7 | step=51 | incoming_actions=['prey_1', 'prey_3', 'prey_5', 'prey_0', 'prey_18', ...] | active_agents=25 | current_step=51
2025-11-23 03:29:03,309 [DEBUG] PredPreyGrassEnv.env-7d764eb7: event=CollisionBatch | env_id=env-7d764eb7 | step=51 | collisions=[['predator_catch_prey', 'predator_4', 'prey_7']]
2025-11-23 03:29:03,317 [DEBUG] PredPreyGrassEnv.env-7d764eb7: event=AgentEnergyDepleted | env_id=env-7d764eb7 | step=51 | agent='prey_7' | position=[518.50763239989, 249.94690793381287] | energy=0
2025-11-23 03:29:03,318 [DEBUG] PredPreyGrassEnv.env-7d764eb7: event=AgentRemovedFromActiveList | env_id=env-7d764eb7 | step=51 | agent='prey_7' | remaining_agents=24
2025-11-23 03:29:03,318 [DEBUG] PredPreyGrassEnv.env-7d764eb7: event=StepSummary | env_id=env-7d764eb7 | step=51 | current_step=51 | terminated_agents=['prey_7'] | truncated_agents=[] | remaining_agents=24 | reward_preview={prey_1:-0.001, prey_3:-0.001, prey_5:-0.001, prey_0:-0.001, predator_4:-0.001} | info_preview={}
2025-11-23 03:29:03,345 [DEBUG] PredPreyGrassEnv.env-7d764eb7: event=StepBegin | env_id=env-7d764eb7 | step=52 | incoming_actions=['prey_1', 'prey_3', 'prey_5', 'prey_0', 'prey_18', ...] | active_agents=24 | current_step=52
2025-11-23 03:29:03,354 [DEBUG] PredPreyGrassEnv.env-7d764eb7: event=StepSummary | env_id=env-7d764eb7 | step=52 | current_step=52 | terminated_agents=[] | truncated_agents=[] | remaining_agents=24 | reward_preview={prey_1:-0.001, prey_3:-0.001, prey_5:-0.001, prey_0:-0.001, predator_4:-0.001} | info_preview={}
2025-11-23 03:29:03,381 [DEBUG] PredPreyGrassEnv.env-7d764eb7: event=StepBegin | env_id=env-7d764eb7 | step=53 | incoming_actions=['prey_1', 'prey_3', 'prey_5', 'prey_0', 'prey_18', ...] | active_agents=24 | current_step=53
2025-11-23 03:29:03,391 [DEBUG] PredPreyGrassEnv.env-7d764eb7: event=StepSummary | env_id=env-7d764eb7 | step=53 | current_step=53 | terminated_agents=[] | truncated_agents=[] | remaining_agents=24 | reward_preview={prey_1:-0.001, prey_3:-0.001, prey_5:-0.001, prey_0:-0.001, predator_4:-0.001} | info_preview={}
2025-11-23 03:29:03,417 [DEBUG] PredPreyGrassEnv.env-7d764eb7: event=StepBegin | env_id=env-7d764eb7 | step=54 | incoming_actions=['prey_1', 'prey_3', 'prey_5', 'prey_0', 'prey_18', ...] | active_agents=24 | current_step=54
2025-11-23 03:29:03,426 [DEBUG] PredPreyGrassEnv.env-7d764eb7: event=StepSummary | env_id=env-7d764eb7 | step=54 | current_step=54 | terminated_agents=[] | truncated_agents=[] | remaining_agents=24 | reward_preview={prey_1:-0.001, prey_3:-0.001, prey_5:-0.001, prey_0:-0.001, predator_4:-0.001} | info_preview={}
2025-11-23 03:29:03,453 [DEBUG] PredPreyGrassEnv.env-7d764eb7: event=StepBegin | env_id=env-7d764eb7 | step=55 | incoming_actions=['prey_1', 'prey_3', 'prey_5', 'prey_0', 'prey_18', ...] | active_agents=24 | current_step=55
2025-11-23 03:29:03,462 [DEBUG] PredPreyGrassEnv.env-7d764eb7: event=StepSummary | env_id=env-7d764eb7 | step=55 | current_step=55 | terminated_agents=[] | truncated_agents=[] | remaining_agents=24 | reward_preview={prey_1:-0.001, prey_3:-0.001, prey_5:-0.001, prey_0:-0.001, predator_4:-0.001} | info_preview={}
2025-11-23 03:29:03,489 [DEBUG] PredPreyGrassEnv.env-7d764eb7: event=StepBegin | env_id=env-7d764eb7 | step=56 | incoming_actions=['prey_1', 'prey_3', 'prey_5', 'prey_0', 'prey_18', ...] | active_agents=24 | current_step=56
2025-11-23 03:29:03,498 [DEBUG] PredPreyGrassEnv.env-7d764eb7: event=StepSummary | env_id=env-7d764eb7 | step=56 | current_step=56 | terminated_agents=[] | truncated_agents=[] | remaining_agents=24 | reward_preview={prey_1:-0.001, prey_3:-0.001, prey_5:-0.001, prey_0:-0.001, predator_4:-0.001} | info_preview={}
2025-11-23 03:29:03,524 [DEBUG] PredPreyGrassEnv.env-7d764eb7: event=StepBegin | env_id=env-7d764eb7 | step=57 | incoming_actions=['prey_1', 'prey_3', 'prey_5', 'prey_0', 'prey_18', ...] | active_agents=24 | current_step=57
2025-11-23 03:29:03,533 [DEBUG] PredPreyGrassEnv.env-7d764eb7: event=StepSummary | env_id=env-7d764eb7 | step=57 | current_step=57 | terminated_agents=[] | truncated_agents=[] | remaining_agents=24 | reward_preview={prey_1:-0.001, prey_3:-0.001, prey_5:-0.001, prey_0:-0.001, predator_4:-0.001} | info_preview={}
2025-11-23 03:29:03,561 [DEBUG] PredPreyGrassEnv.env-7d764eb7: event=StepBegin | env_id=env-7d764eb7 | step=58 | incoming_actions=['prey_1', 'prey_3', 'prey_5', 'prey_0', 'prey_18', ...] | active_agents=24 | current_step=58
2025-11-23 03:29:03,564 [DEBUG] PredPreyGrassEnv.env-7d764eb7: event=PreyAteGrass | env_id=env-7d764eb7 | step=58 | prey='prey_1' | grass='grass_72' | prey_position=[678.6841461152997, 554.7717524942674] | grass_energy=10.0 | energy_gained=9.0 | prey_energy=160.1070781844624
2025-11-23 03:29:03,570 [DEBUG] PredPreyGrassEnv.env-7d764eb7: event=StepSummary | env_id=env-7d764eb7 | step=58 | current_step=58 | terminated_agents=[] | truncated_agents=[] | remaining_agents=24 | reward_preview={prey_1:1.0, prey_3:-0.001, prey_5:-0.001, prey_0:-0.001, predator_4:-0.001} | info_preview={}
2025-11-23 03:29:03,597 [DEBUG] PredPreyGrassEnv.env-7d764eb7: event=StepBegin | env_id=env-7d764eb7 | step=59 | incoming_actions=['prey_1', 'prey_3', 'prey_5', 'prey_0', 'prey_18', ...] | active_agents=24 | current_step=59
2025-11-23 03:29:03,606 [DEBUG] PredPreyGrassEnv.env-7d764eb7: event=StepSummary | env_id=env-7d764eb7 | step=59 | current_step=59 | terminated_agents=[] | truncated_agents=[] | remaining_agents=24 | reward_preview={prey_1:-0.001, prey_3:-0.001, prey_5:-0.001, prey_0:-0.001, predator_4:-0.001} | info_preview={}
2025-11-23 03:29:03,629 [DEBUG] PredPreyGrassEnv.env-7d764eb7: event=StepBegin | env_id=env-7d764eb7 | step=60 | incoming_actions=['prey_1', 'prey_3', 'prey_5', 'prey_0', 'prey_18', ...] | active_agents=24 | current_step=60
2025-11-23 03:29:03,633 [DEBUG] PredPreyGrassEnv.env-7d764eb7: event=StepSummary | env_id=env-7d764eb7 | step=60 | current_step=60 | terminated_agents=[] | truncated_agents=[] | remaining_agents=24 | reward_preview={prey_1:-0.001, prey_3:-0.001, prey_5:-0.001, prey_0:-0.001, predator_4:-0.001} | info_preview={}
2025-11-23 03:29:03,648 [DEBUG] PredPreyGrassEnv.env-7d764eb7: event=StepBegin | env_id=env-7d764eb7 | step=61 | incoming_actions=['prey_1', 'prey_3', 'prey_5', 'prey_0', 'prey_18', ...] | active_agents=24 | current_step=61
2025-11-23 03:29:03,654 [DEBUG] PredPreyGrassEnv.env-7d764eb7: event=StepSummary | env_id=env-7d764eb7 | step=61 | current_step=61 | terminated_agents=[] | truncated_agents=[] | remaining_agents=24 | reward_preview={prey_1:-0.001, prey_3:-0.001, prey_5:-0.001, prey_0:-0.001, predator_4:-0.001} | info_preview={}
2025-11-23 03:29:03,669 [DEBUG] PredPreyGrassEnv.env-7d764eb7: event=StepBegin | env_id=env-7d764eb7 | step=62 | incoming_actions=['prey_1', 'prey_3', 'prey_5', 'prey_0', 'prey_18', ...] | active_agents=24 | current_step=62
2025-11-23 03:29:03,673 [DEBUG] PredPreyGrassEnv.env-7d764eb7: event=StepSummary | env_id=env-7d764eb7 | step=62 | current_step=62 | terminated_agents=[] | truncated_agents=[] | remaining_agents=24 | reward_preview={prey_1:-0.001, prey_3:-0.001, prey_5:-0.001, prey_0:-0.001, predator_4:-0.001} | info_preview={}
2025-11-23 03:29:03,686 [DEBUG] PredPreyGrassEnv.env-7d764eb7: event=StepBegin | env_id=env-7d764eb7 | step=63 | incoming_actions=['prey_1', 'prey_3', 'prey_5', 'prey_0', 'prey_18', ...] | active_agents=24 | current_step=63
2025-11-23 03:29:03,690 [DEBUG] PredPreyGrassEnv.env-7d764eb7: event=StepSummary | env_id=env-7d764eb7 | step=63 | current_step=63 | terminated_agents=[] | truncated_agents=[] | remaining_agents=24 | reward_preview={prey_1:-0.001, prey_3:-0.001, prey_5:-0.001, prey_0:-0.001, predator_4:-0.001} | info_preview={}
2025-11-23 03:29:03,706 [DEBUG] PredPreyGrassEnv.env-7d764eb7: event=StepBegin | env_id=env-7d764eb7 | step=64 | incoming_actions=['prey_1', 'prey_3', 'prey_5', 'prey_0', 'prey_18', ...] | active_agents=24 | current_step=64
2025-11-23 03:29:03,711 [DEBUG] PredPreyGrassEnv.env-7d764eb7: event=StepSummary | env_id=env-7d764eb7 | step=64 | current_step=64 | terminated_agents=[] | truncated_agents=[] | remaining_agents=24 | reward_preview={prey_1:-0.001, prey_3:-0.001, prey_5:-0.001, prey_0:-0.001, predator_4:-0.001} | info_preview={}
2025-11-23 03:29:03,725 [DEBUG] PredPreyGrassEnv.env-7d764eb7: event=StepBegin | env_id=env-7d764eb7 | step=65 | incoming_actions=['prey_1', 'prey_3', 'prey_5', 'prey_0', 'prey_18', ...] | active_agents=24 | current_step=65
2025-11-23 03:29:03,730 [DEBUG] PredPreyGrassEnv.env-7d764eb7: event=StepSummary | env_id=env-7d764eb7 | step=65 | current_step=65 | terminated_agents=[] | truncated_agents=[] | remaining_agents=24 | reward_preview={prey_1:-0.001, prey_3:-0.001, prey_5:-0.001, prey_0:-0.001, predator_4:-0.001} | info_preview={}
2025-11-23 03:29:03,742 [DEBUG] PredPreyGrassEnv.env-7d764eb7: event=StepBegin | env_id=env-7d764eb7 | step=66 | incoming_actions=['prey_1', 'prey_3', 'prey_5', 'prey_0', 'prey_18', ...] | active_agents=24 | current_step=66
2025-11-23 03:29:03,746 [DEBUG] PredPreyGrassEnv.env-7d764eb7: event=StepSummary | env_id=env-7d764eb7 | step=66 | current_step=66 | terminated_agents=[] | truncated_agents=[] | remaining_agents=24 | reward_preview={prey_1:-0.001, prey_3:-0.001, prey_5:-0.001, prey_0:-0.001, predator_4:-0.001} | info_preview={}
2025-11-23 03:29:03,761 [DEBUG] PredPreyGrassEnv.env-7d764eb7: event=StepBegin | env_id=env-7d764eb7 | step=67 | incoming_actions=['prey_1', 'prey_3', 'prey_5', 'prey_0', 'prey_18', ...] | active_agents=24 | current_step=67
2025-11-23 03:29:03,766 [DEBUG] PredPreyGrassEnv.env-7d764eb7: event=StepSummary | env_id=env-7d764eb7 | step=67 | current_step=67 | terminated_agents=[] | truncated_agents=[] | remaining_agents=24 | reward_preview={prey_1:-0.001, prey_3:-0.001, prey_5:-0.001, prey_0:-0.001, predator_4:-0.001} | info_preview={}
2025-11-23 03:29:03,781 [DEBUG] PredPreyGrassEnv.env-7d764eb7: event=StepBegin | env_id=env-7d764eb7 | step=68 | incoming_actions=['prey_1', 'prey_3', 'prey_5', 'prey_0', 'prey_18', ...] | active_agents=24 | current_step=68
2025-11-23 03:29:03,786 [DEBUG] PredPreyGrassEnv.env-7d764eb7: event=StepSummary | env_id=env-7d764eb7 | step=68 | current_step=68 | terminated_agents=[] | truncated_agents=[] | remaining_agents=24 | reward_preview={prey_1:-0.001, prey_3:-0.001, prey_5:-0.001, prey_0:-0.001, predator_4:-0.001} | info_preview={}
2025-11-23 03:29:03,799 [DEBUG] PredPreyGrassEnv.env-7d764eb7: event=StepBegin | env_id=env-7d764eb7 | step=69 | incoming_actions=['prey_1', 'prey_3', 'prey_5', 'prey_0', 'prey_18', ...] | active_agents=24 | current_step=69
2025-11-23 03:29:03,803 [DEBUG] PredPreyGrassEnv.env-7d764eb7: event=StepSummary | env_id=env-7d764eb7 | step=69 | current_step=69 | terminated_agents=[] | truncated_agents=[] | remaining_agents=24 | reward_preview={prey_1:-0.001, prey_3:-0.001, prey_5:-0.001, prey_0:-0.001, predator_4:-0.001} | info_preview={}
2025-11-23 03:29:03,817 [DEBUG] PredPreyGrassEnv.env-7d764eb7: event=StepBegin | env_id=env-7d764eb7 | step=70 | incoming_actions=['prey_1', 'prey_3', 'prey_5', 'prey_0', 'prey_18', ...] | active_agents=24 | current_step=70
2025-11-23 03:29:03,822 [DEBUG] PredPreyGrassEnv.env-7d764eb7: event=StepSummary | env_id=env-7d764eb7 | step=70 | current_step=70 | terminated_agents=[] | truncated_agents=[] | remaining_agents=24 | reward_preview={prey_1:-0.001, prey_3:-0.001, prey_5:-0.001, prey_0:-0.001, predator_4:-0.001} | info_preview={}
2025-11-23 03:29:03,833 [DEBUG] PredPreyGrassEnv.env-7d764eb7: event=StepBegin | env_id=env-7d764eb7 | step=71 | incoming_actions=['prey_1', 'prey_3', 'prey_5', 'prey_0', 'prey_18', ...] | active_agents=24 | current_step=71
2025-11-23 03:29:03,838 [DEBUG] PredPreyGrassEnv.env-7d764eb7: event=StepSummary | env_id=env-7d764eb7 | step=71 | current_step=71 | terminated_agents=[] | truncated_agents=[] | remaining_agents=24 | reward_preview={prey_1:-0.001, prey_3:-0.001, prey_5:-0.001, prey_0:-0.001, predator_4:-0.001} | info_preview={}
2025-11-23 03:29:03,863 [DEBUG] PredPreyGrassEnv.env-7d764eb7: event=StepBegin | env_id=env-7d764eb7 | step=72 | incoming_actions=['prey_1', 'prey_3', 'prey_5', 'prey_0', 'prey_18', ...] | active_agents=24 | current_step=72
2025-11-23 03:29:03,866 [DEBUG] PredPreyGrassEnv.env-7d764eb7: event=PreyAteGrass | env_id=env-7d764eb7 | step=72 | prey='prey_1' | grass='grass_89' | prey_position=[665.5050412500668, 561.5711322184142] | grass_energy=10.0 | energy_gained=9.0 | prey_energy=167.13978859759786
2025-11-23 03:29:03,872 [DEBUG] PredPreyGrassEnv.env-7d764eb7: event=StepSummary | env_id=env-7d764eb7 | step=72 | current_step=72 | terminated_agents=[] | truncated_agents=[] | remaining_agents=24 | reward_preview={prey_1:1.0, prey_3:-0.001, prey_5:-0.001, prey_0:-0.001, predator_4:-0.001} | info_preview={}
2025-11-23 03:29:03,900 [DEBUG] PredPreyGrassEnv.env-7d764eb7: event=StepBegin | env_id=env-7d764eb7 | step=73 | incoming_actions=['prey_1', 'prey_3', 'prey_5', 'prey_0', 'prey_18', ...] | active_agents=24 | current_step=73
2025-11-23 03:29:03,909 [DEBUG] PredPreyGrassEnv.env-7d764eb7: event=StepSummary | env_id=env-7d764eb7 | step=73 | current_step=73 | terminated_agents=[] | truncated_agents=[] | remaining_agents=24 | reward_preview={prey_1:-0.001, prey_3:-0.001, prey_5:-0.001, prey_0:-0.001, predator_4:-0.001} | info_preview={}
2025-11-23 03:29:03,936 [DEBUG] PredPreyGrassEnv.env-7d764eb7: event=StepBegin | env_id=env-7d764eb7 | step=74 | incoming_actions=['prey_1', 'prey_3', 'prey_5', 'prey_0', 'prey_18', ...] | active_agents=24 | current_step=74
2025-11-23 03:29:03,945 [DEBUG] PredPreyGrassEnv.env-7d764eb7: event=StepSummary | env_id=env-7d764eb7 | step=74 | current_step=74 | terminated_agents=[] | truncated_agents=[] | remaining_agents=24 | reward_preview={prey_1:-0.001, prey_3:-0.001, prey_5:-0.001, prey_0:-0.001, predator_4:-0.001} | info_preview={}
2025-11-23 03:29:03,963 [DEBUG] PredPreyGrassEnv.env-7d764eb7: event=StepBegin | env_id=env-7d764eb7 | step=75 | incoming_actions=['prey_1', 'prey_3', 'prey_5', 'prey_0', 'prey_18', ...] | active_agents=24 | current_step=75
2025-11-23 03:29:03,968 [DEBUG] PredPreyGrassEnv.env-7d764eb7: event=StepSummary | env_id=env-7d764eb7 | step=75 | current_step=75 | terminated_agents=[] | truncated_agents=[] | remaining_agents=24 | reward_preview={prey_1:-0.001, prey_3:-0.001, prey_5:-0.001, prey_0:-0.001, predator_4:-0.001} | info_preview={}
2025-11-23 03:29:03,983 [DEBUG] PredPreyGrassEnv.env-7d764eb7: event=StepBegin | env_id=env-7d764eb7 | step=76 | incoming_actions=['prey_1', 'prey_3', 'prey_5', 'prey_0', 'prey_18', ...] | active_agents=24 | current_step=76
2025-11-23 03:29:03,989 [DEBUG] PredPreyGrassEnv.env-7d764eb7: event=StepSummary | env_id=env-7d764eb7 | step=76 | current_step=76 | terminated_agents=[] | truncated_agents=[] | remaining_agents=24 | reward_preview={prey_1:-0.001, prey_3:-0.001, prey_5:-0.001, prey_0:-0.001, predator_4:-0.001} | info_preview={}
2025-11-23 03:29:04,000 [DEBUG] PredPreyGrassEnv.env-7d764eb7: event=StepBegin | env_id=env-7d764eb7 | step=77 | incoming_actions=['prey_1', 'prey_3', 'prey_5', 'prey_0', 'prey_18', ...] | active_agents=24 | current_step=77
2025-11-23 03:29:04,005 [DEBUG] PredPreyGrassEnv.env-7d764eb7: event=StepSummary | env_id=env-7d764eb7 | step=77 | current_step=77 | terminated_agents=[] | truncated_agents=[] | remaining_agents=24 | reward_preview={prey_1:-0.001, prey_3:-0.001, prey_5:-0.001, prey_0:-0.001, predator_4:-0.001} | info_preview={}
2025-11-23 03:29:04,021 [DEBUG] PredPreyGrassEnv.env-7d764eb7: event=StepBegin | env_id=env-7d764eb7 | step=78 | incoming_actions=['prey_1', 'prey_3', 'prey_5', 'prey_0', 'prey_18', ...] | active_agents=24 | current_step=78
2025-11-23 03:29:04,026 [DEBUG] PredPreyGrassEnv.env-7d764eb7: event=StepSummary | env_id=env-7d764eb7 | step=78 | current_step=78 | terminated_agents=[] | truncated_agents=[] | remaining_agents=24 | reward_preview={prey_1:-0.001, prey_3:-0.001, prey_5:-0.001, prey_0:-0.001, predator_4:-0.001} | info_preview={}
2025-11-23 03:29:04,041 [DEBUG] PredPreyGrassEnv.env-7d764eb7: event=StepBegin | env_id=env-7d764eb7 | step=79 | incoming_actions=['prey_1', 'prey_3', 'prey_5', 'prey_0', 'prey_18', ...] | active_agents=24 | current_step=79
2025-11-23 03:29:04,046 [DEBUG] PredPreyGrassEnv.env-7d764eb7: event=StepSummary | env_id=env-7d764eb7 | step=79 | current_step=79 | terminated_agents=[] | truncated_agents=[] | remaining_agents=24 | reward_preview={prey_1:-0.001, prey_3:-0.001, prey_5:-0.001, prey_0:-0.001, predator_4:-0.001} | info_preview={}
2025-11-23 03:29:04,057 [DEBUG] PredPreyGrassEnv.env-7d764eb7: event=StepBegin | env_id=env-7d764eb7 | step=80 | incoming_actions=['prey_1', 'prey_3', 'prey_5', 'prey_0', 'prey_18', ...] | active_agents=24 | current_step=80
2025-11-23 03:29:04,061 [DEBUG] PredPreyGrassEnv.env-7d764eb7: event=StepSummary | env_id=env-7d764eb7 | step=80 | current_step=80 | terminated_agents=[] | truncated_agents=[] | remaining_agents=24 | reward_preview={prey_1:-0.001, prey_3:-0.001, prey_5:-0.001, prey_0:-0.001, predator_4:-0.001} | info_preview={}
2025-11-23 03:29:04,076 [DEBUG] PredPreyGrassEnv.env-7d764eb7: event=StepBegin | env_id=env-7d764eb7 | step=81 | incoming_actions=['prey_1', 'prey_3', 'prey_5', 'prey_0', 'prey_18', ...] | active_agents=24 | current_step=81
2025-11-23 03:29:04,082 [DEBUG] PredPreyGrassEnv.env-7d764eb7: event=StepSummary | env_id=env-7d764eb7 | step=81 | current_step=81 | terminated_agents=[] | truncated_agents=[] | remaining_agents=24 | reward_preview={prey_1:-0.001, prey_3:-0.001, prey_5:-0.001, prey_0:-0.001, predator_4:-0.001} | info_preview={}
2025-11-23 03:29:04,096 [DEBUG] PredPreyGrassEnv.env-7d764eb7: event=StepBegin | env_id=env-7d764eb7 | step=82 | incoming_actions=['prey_1', 'prey_3', 'prey_5', 'prey_0', 'prey_18', ...] | active_agents=24 | current_step=82
2025-11-23 03:29:04,100 [DEBUG] PredPreyGrassEnv.env-7d764eb7: event=StepSummary | env_id=env-7d764eb7 | step=82 | current_step=82 | terminated_agents=[] | truncated_agents=[] | remaining_agents=24 | reward_preview={prey_1:-0.001, prey_3:-0.001, prey_5:-0.001, prey_0:-0.001, predator_4:-0.001} | info_preview={}
2025-11-23 03:29:04,114 [DEBUG] PredPreyGrassEnv.env-7d764eb7: event=StepBegin | env_id=env-7d764eb7 | step=83 | incoming_actions=['prey_1', 'prey_3', 'prey_5', 'prey_0', 'prey_18', ...] | active_agents=24 | current_step=83
2025-11-23 03:29:04,120 [DEBUG] PredPreyGrassEnv.env-7d764eb7: event=StepSummary | env_id=env-7d764eb7 | step=83 | current_step=83 | terminated_agents=[] | truncated_agents=[] | remaining_agents=24 | reward_preview={prey_1:-0.001, prey_3:-0.001, prey_5:-0.001, prey_0:-0.001, predator_4:-0.001} | info_preview={}
2025-11-23 03:29:04,135 [DEBUG] PredPreyGrassEnv.env-7d764eb7: event=StepBegin | env_id=env-7d764eb7 | step=84 | incoming_actions=['prey_1', 'prey_3', 'prey_5', 'prey_0', 'prey_18', ...] | active_agents=24 | current_step=84
2025-11-23 03:29:04,141 [DEBUG] PredPreyGrassEnv.env-7d764eb7: event=StepSummary | env_id=env-7d764eb7 | step=84 | current_step=84 | terminated_agents=[] | truncated_agents=[] | remaining_agents=24 | reward_preview={prey_1:-0.001, prey_3:-0.001, prey_5:-0.001, prey_0:-0.001, predator_4:-0.001} | info_preview={}
2025-11-23 03:29:04,156 [DEBUG] PredPreyGrassEnv.env-7d764eb7: event=StepBegin | env_id=env-7d764eb7 | step=85 | incoming_actions=['prey_1', 'prey_3', 'prey_5', 'prey_0', 'prey_18', ...] | active_agents=24 | current_step=85
2025-11-23 03:29:04,160 [DEBUG] PredPreyGrassEnv.env-7d764eb7: event=StepSummary | env_id=env-7d764eb7 | step=85 | current_step=85 | terminated_agents=[] | truncated_agents=[] | remaining_agents=24 | reward_preview={prey_1:-0.001, prey_3:-0.001, prey_5:-0.001, prey_0:-0.001, predator_4:-0.001} | info_preview={}
2025-11-23 03:29:04,172 [DEBUG] PredPreyGrassEnv.env-7d764eb7: event=StepBegin | env_id=env-7d764eb7 | step=86 | incoming_actions=['prey_1', 'prey_3', 'prey_5', 'prey_0', 'prey_18', ...] | active_agents=24 | current_step=86
2025-11-23 03:29:04,177 [DEBUG] PredPreyGrassEnv.env-7d764eb7: event=StepSummary | env_id=env-7d764eb7 | step=86 | current_step=86 | terminated_agents=[] | truncated_agents=[] | remaining_agents=24 | reward_preview={prey_1:-0.001, prey_3:-0.001, prey_5:-0.001, prey_0:-0.001, predator_4:-0.001} | info_preview={}
2025-11-23 03:29:04,191 [DEBUG] PredPreyGrassEnv.env-7d764eb7: event=StepBegin | env_id=env-7d764eb7 | step=87 | incoming_actions=['prey_1', 'prey_3', 'prey_5', 'prey_0', 'prey_18', ...] | active_agents=24 | current_step=87
2025-11-23 03:29:04,196 [DEBUG] PredPreyGrassEnv.env-7d764eb7: event=StepSummary | env_id=env-7d764eb7 | step=87 | current_step=87 | terminated_agents=[] | truncated_agents=[] | remaining_agents=24 | reward_preview={prey_1:-0.001, prey_3:-0.001, prey_5:-0.001, prey_0:-0.001, predator_4:-0.001} | info_preview={}
2025-11-23 03:29:04,211 [DEBUG] PredPreyGrassEnv.env-7d764eb7: event=StepBegin | env_id=env-7d764eb7 | step=88 | incoming_actions=['prey_1', 'prey_3', 'prey_5', 'prey_0', 'prey_18', ...] | active_agents=24 | current_step=88
2025-11-23 03:29:04,214 [DEBUG] PredPreyGrassEnv.env-7d764eb7: event=StepSummary | env_id=env-7d764eb7 | step=88 | current_step=88 | terminated_agents=[] | truncated_agents=[] | remaining_agents=24 | reward_preview={prey_1:-0.001, prey_3:-0.001, prey_5:-0.001, prey_0:-0.001, predator_4:-0.001} | info_preview={}
2025-11-23 03:29:04,227 [DEBUG] PredPreyGrassEnv.env-7d764eb7: event=StepBegin | env_id=env-7d764eb7 | step=89 | incoming_actions=['prey_1', 'prey_3', 'prey_5', 'prey_0', 'prey_18', ...] | active_agents=24 | current_step=89
2025-11-23 03:29:04,232 [DEBUG] PredPreyGrassEnv.env-7d764eb7: event=StepSummary | env_id=env-7d764eb7 | step=89 | current_step=89 | terminated_agents=[] | truncated_agents=[] | remaining_agents=24 | reward_preview={prey_1:-0.001, prey_3:-0.001, prey_5:-0.001, prey_0:-0.001, predator_4:-0.001} | info_preview={}
2025-11-23 03:29:04,245 [DEBUG] PredPreyGrassEnv.env-7d764eb7: event=StepBegin | env_id=env-7d764eb7 | step=90 | incoming_actions=['prey_1', 'prey_3', 'prey_5', 'prey_0', 'prey_18', ...] | active_agents=24 | current_step=90
2025-11-23 03:29:04,250 [DEBUG] PredPreyGrassEnv.env-7d764eb7: event=StepSummary | env_id=env-7d764eb7 | step=90 | current_step=90 | terminated_agents=[] | truncated_agents=[] | remaining_agents=24 | reward_preview={prey_1:-0.001, prey_3:-0.001, prey_5:-0.001, prey_0:-0.001, predator_4:-0.001} | info_preview={}
2025-11-23 03:29:04,264 [DEBUG] PredPreyGrassEnv.env-7d764eb7: event=StepBegin | env_id=env-7d764eb7 | step=91 | incoming_actions=['prey_1', 'prey_3', 'prey_5', 'prey_0', 'prey_18', ...] | active_agents=24 | current_step=91
2025-11-23 03:29:04,269 [DEBUG] PredPreyGrassEnv.env-7d764eb7: event=StepSummary | env_id=env-7d764eb7 | step=91 | current_step=91 | terminated_agents=[] | truncated_agents=[] | remaining_agents=24 | reward_preview={prey_1:-0.001, prey_3:-0.001, prey_5:-0.001, prey_0:-0.001, predator_4:-0.001} | info_preview={}
2025-11-23 03:29:04,282 [DEBUG] PredPreyGrassEnv.env-7d764eb7: event=StepBegin | env_id=env-7d764eb7 | step=92 | incoming_actions=['prey_1', 'prey_3', 'prey_5', 'prey_0', 'prey_18', ...] | active_agents=24 | current_step=92
2025-11-23 03:29:04,288 [DEBUG] PredPreyGrassEnv.env-7d764eb7: event=PreyAteGrass | env_id=env-7d764eb7 | step=92 | prey='prey_9' | grass='grass_71' | prey_position=[738.5233190975943, 569.9098766627422] | grass_energy=10.0 | energy_gained=9.0 | prey_energy=129.87037219231706
2025-11-23 03:29:04,288 [DEBUG] PredPreyGrassEnv.env-7d764eb7: event=StepSummary | env_id=env-7d764eb7 | step=92 | current_step=92 | terminated_agents=[] | truncated_agents=[] | remaining_agents=24 | reward_preview={prey_1:-0.001, prey_3:-0.001, prey_5:-0.001, prey_0:-0.001, predator_4:-0.001} | info_preview={}
2025-11-23 03:29:04,303 [DEBUG] PredPreyGrassEnv.env-7d764eb7: event=StepBegin | env_id=env-7d764eb7 | step=93 | incoming_actions=['prey_1', 'prey_3', 'prey_5', 'prey_0', 'prey_18', ...] | active_agents=24 | current_step=93
2025-11-23 03:29:04,308 [DEBUG] PredPreyGrassEnv.env-7d764eb7: event=StepSummary | env_id=env-7d764eb7 | step=93 | current_step=93 | terminated_agents=[] | truncated_agents=[] | remaining_agents=24 | reward_preview={prey_1:-0.001, prey_3:-0.001, prey_5:-0.001, prey_0:-0.001, predator_4:-0.001} | info_preview={}
2025-11-23 03:29:04,320 [DEBUG] PredPreyGrassEnv.env-7d764eb7: event=StepBegin | env_id=env-7d764eb7 | step=94 | incoming_actions=['prey_1', 'prey_3', 'prey_5', 'prey_0', 'prey_18', ...] | active_agents=24 | current_step=94
2025-11-23 03:29:04,325 [DEBUG] PredPreyGrassEnv.env-7d764eb7: event=StepSummary | env_id=env-7d764eb7 | step=94 | current_step=94 | terminated_agents=[] | truncated_agents=[] | remaining_agents=24 | reward_preview={prey_1:-0.001, prey_3:-0.001, prey_5:-0.001, prey_0:-0.001, predator_4:-0.001} | info_preview={}
2025-11-23 03:29:04,339 [DEBUG] PredPreyGrassEnv.env-7d764eb7: event=StepBegin | env_id=env-7d764eb7 | step=95 | incoming_actions=['prey_1', 'prey_3', 'prey_5', 'prey_0', 'prey_18', ...] | active_agents=24 | current_step=95
2025-11-23 03:29:04,344 [DEBUG] PredPreyGrassEnv.env-7d764eb7: event=StepSummary | env_id=env-7d764eb7 | step=95 | current_step=95 | terminated_agents=[] | truncated_agents=[] | remaining_agents=24 | reward_preview={prey_1:-0.001, prey_3:-0.001, prey_5:-0.001, prey_0:-0.001, predator_4:-0.001} | info_preview={}
2025-11-23 03:29:04,359 [DEBUG] PredPreyGrassEnv.env-7d764eb7: event=StepBegin | env_id=env-7d764eb7 | step=96 | incoming_actions=['prey_1', 'prey_3', 'prey_5', 'prey_0', 'prey_18', ...] | active_agents=24 | current_step=96
2025-11-23 03:29:04,364 [DEBUG] PredPreyGrassEnv.env-7d764eb7: event=StepSummary | env_id=env-7d764eb7 | step=96 | current_step=96 | terminated_agents=[] | truncated_agents=[] | remaining_agents=24 | reward_preview={prey_1:-0.001, prey_3:-0.001, prey_5:-0.001, prey_0:-0.001, predator_4:-0.001} | info_preview={}
2025-11-23 03:29:04,377 [DEBUG] PredPreyGrassEnv.env-7d764eb7: event=StepBegin | env_id=env-7d764eb7 | step=97 | incoming_actions=['prey_1', 'prey_3', 'prey_5', 'prey_0', 'prey_18', ...] | active_agents=24 | current_step=97
2025-11-23 03:29:04,382 [DEBUG] PredPreyGrassEnv.env-7d764eb7: event=StepSummary | env_id=env-7d764eb7 | step=97 | current_step=97 | terminated_agents=[] | truncated_agents=[] | remaining_agents=24 | reward_preview={prey_1:-0.001, prey_3:-0.001, prey_5:-0.001, prey_0:-0.001, predator_4:-0.001} | info_preview={}
2025-11-23 03:29:04,398 [DEBUG] PredPreyGrassEnv.env-7d764eb7: event=StepBegin | env_id=env-7d764eb7 | step=98 | incoming_actions=['prey_1', 'prey_3', 'prey_5', 'prey_0', 'prey_18', ...] | active_agents=24 | current_step=98
2025-11-23 03:29:04,403 [DEBUG] PredPreyGrassEnv.env-7d764eb7: event=StepSummary | env_id=env-7d764eb7 | step=98 | current_step=98 | terminated_agents=[] | truncated_agents=[] | remaining_agents=24 | reward_preview={prey_1:-0.001, prey_3:-0.001, prey_5:-0.001, prey_0:-0.001, predator_4:-0.001} | info_preview={}
2025-11-23 03:29:04,418 [DEBUG] PredPreyGrassEnv.env-7d764eb7: event=StepBegin | env_id=env-7d764eb7 | step=99 | incoming_actions=['prey_1', 'prey_3', 'prey_5', 'prey_0', 'prey_18', ...] | active_agents=24 | current_step=99
2025-11-23 03:29:04,423 [DEBUG] PredPreyGrassEnv.env-7d764eb7: event=StepSummary | env_id=env-7d764eb7 | step=99 | current_step=99 | terminated_agents=[] | truncated_agents=[] | remaining_agents=24 | reward_preview={prey_1:-0.001, prey_3:-0.001, prey_5:-0.001, prey_0:-0.001, predator_4:-0.001} | info_preview={}
2025-11-23 03:29:04,435 [DEBUG] PredPreyGrassEnv.env-7d764eb7: event=StepBegin | env_id=env-7d764eb7 | step=100 | incoming_actions=['prey_1', 'prey_3', 'prey_5', 'prey_0', 'prey_18', ...] | active_agents=24 | current_step=100
2025-11-23 03:29:04,440 [DEBUG] PredPreyGrassEnv.env-7d764eb7: event=StepSummary | env_id=env-7d764eb7 | step=100 | current_step=100 | terminated_agents=[] | truncated_agents=[] | remaining_agents=24 | reward_preview={prey_1:-0.001, prey_3:-0.001, prey_5:-0.001, prey_0:-0.001, predator_4:-0.001} | info_preview={}
2025-11-23 03:29:04,455 [DEBUG] PredPreyGrassEnv.env-7d764eb7: event=StepBegin | env_id=env-7d764eb7 | step=101 | incoming_actions=['prey_1', 'prey_3', 'prey_5', 'prey_0', 'prey_18', ...] | active_agents=24 | current_step=101
2025-11-23 03:29:04,461 [DEBUG] PredPreyGrassEnv.env-7d764eb7: event=StepSummary | env_id=env-7d764eb7 | step=101 | current_step=101 | terminated_agents=[] | truncated_agents=[] | remaining_agents=24 | reward_preview={prey_1:-0.001, prey_3:-0.001, prey_5:-0.001, prey_0:-0.001, predator_4:-0.001} | info_preview={}
2025-11-23 03:29:04,476 [DEBUG] PredPreyGrassEnv.env-7d764eb7: event=StepBegin | env_id=env-7d764eb7 | step=102 | incoming_actions=['prey_1', 'prey_3', 'prey_5', 'prey_0', 'prey_18', ...] | active_agents=24 | current_step=102
2025-11-23 03:29:04,480 [DEBUG] PredPreyGrassEnv.env-7d764eb7: event=StepSummary | env_id=env-7d764eb7 | step=102 | current_step=102 | terminated_agents=[] | truncated_agents=[] | remaining_agents=24 | reward_preview={prey_1:-0.001, prey_3:-0.001, prey_5:-0.001, prey_0:-0.001, predator_4:-0.001} | info_preview={}
2025-11-23 03:29:04,492 [DEBUG] PredPreyGrassEnv.env-7d764eb7: event=StepBegin | env_id=env-7d764eb7 | step=103 | incoming_actions=['prey_1', 'prey_3', 'prey_5', 'prey_0', 'prey_18', ...] | active_agents=24 | current_step=103
2025-11-23 03:29:04,498 [DEBUG] PredPreyGrassEnv.env-7d764eb7: event=StepSummary | env_id=env-7d764eb7 | step=103 | current_step=103 | terminated_agents=[] | truncated_agents=[] | remaining_agents=24 | reward_preview={prey_1:-0.001, prey_3:-0.001, prey_5:-0.001, prey_0:-0.001, predator_4:-0.001} | info_preview={}
2025-11-23 03:29:04,513 [DEBUG] PredPreyGrassEnv.env-7d764eb7: event=StepBegin | env_id=env-7d764eb7 | step=104 | incoming_actions=['prey_1', 'prey_3', 'prey_5', 'prey_0', 'prey_18', ...] | active_agents=24 | current_step=104
2025-11-23 03:29:04,518 [DEBUG] PredPreyGrassEnv.env-7d764eb7: event=StepSummary | env_id=env-7d764eb7 | step=104 | current_step=104 | terminated_agents=[] | truncated_agents=[] | remaining_agents=24 | reward_preview={prey_1:-0.001, prey_3:-0.001, prey_5:-0.001, prey_0:-0.001, predator_4:-0.001} | info_preview={}
2025-11-23 03:29:04,531 [DEBUG] PredPreyGrassEnv.env-7d764eb7: event=StepBegin | env_id=env-7d764eb7 | step=105 | incoming_actions=['prey_1', 'prey_3', 'prey_5', 'prey_0', 'prey_18', ...] | active_agents=24 | current_step=105
2025-11-23 03:29:04,535 [DEBUG] PredPreyGrassEnv.env-7d764eb7: event=StepSummary | env_id=env-7d764eb7 | step=105 | current_step=105 | terminated_agents=[] | truncated_agents=[] | remaining_agents=24 | reward_preview={prey_1:-0.001, prey_3:-0.001, prey_5:-0.001, prey_0:-0.001, predator_4:-0.001} | info_preview={}
2025-11-23 03:29:04,550 [DEBUG] PredPreyGrassEnv.env-7d764eb7: event=StepBegin | env_id=env-7d764eb7 | step=106 | incoming_actions=['prey_1', 'prey_3', 'prey_5', 'prey_0', 'prey_18', ...] | active_agents=24 | current_step=106
2025-11-23 03:29:04,556 [DEBUG] PredPreyGrassEnv.env-7d764eb7: event=StepSummary | env_id=env-7d764eb7 | step=106 | current_step=106 | terminated_agents=[] | truncated_agents=[] | remaining_agents=24 | reward_preview={prey_1:-0.001, prey_3:-0.001, prey_5:-0.001, prey_0:-0.001, predator_4:-0.001} | info_preview={}
2025-11-23 03:29:04,569 [DEBUG] PredPreyGrassEnv.env-7d764eb7: event=StepBegin | env_id=env-7d764eb7 | step=107 | incoming_actions=['prey_1', 'prey_3', 'prey_5', 'prey_0', 'prey_18', ...] | active_agents=24 | current_step=107
2025-11-23 03:29:04,574 [DEBUG] PredPreyGrassEnv.env-7d764eb7: event=StepSummary | env_id=env-7d764eb7 | step=107 | current_step=107 | terminated_agents=[] | truncated_agents=[] | remaining_agents=24 | reward_preview={prey_1:-0.001, prey_3:-0.001, prey_5:-0.001, prey_0:-0.001, predator_4:-0.001} | info_preview={}
2025-11-23 03:29:04,586 [DEBUG] PredPreyGrassEnv.env-7d764eb7: event=StepBegin | env_id=env-7d764eb7 | step=108 | incoming_actions=['prey_1', 'prey_3', 'prey_5', 'prey_0', 'prey_18', ...] | active_agents=24 | current_step=108
2025-11-23 03:29:04,590 [DEBUG] PredPreyGrassEnv.env-7d764eb7: event=StepSummary | env_id=env-7d764eb7 | step=108 | current_step=108 | terminated_agents=[] | truncated_agents=[] | remaining_agents=24 | reward_preview={prey_1:-0.001, prey_3:-0.001, prey_5:-0.001, prey_0:-0.001, predator_4:-0.001} | info_preview={}
2025-11-23 03:29:04,604 [DEBUG] PredPreyGrassEnv.env-7d764eb7: event=StepBegin | env_id=env-7d764eb7 | step=109 | incoming_actions=['prey_1', 'prey_3', 'prey_5', 'prey_0', 'prey_18', ...] | active_agents=24 | current_step=109
2025-11-23 03:29:04,610 [DEBUG] PredPreyGrassEnv.env-7d764eb7: event=StepSummary | env_id=env-7d764eb7 | step=109 | current_step=109 | terminated_agents=[] | truncated_agents=[] | remaining_agents=24 | reward_preview={prey_1:-0.001, prey_3:-0.001, prey_5:-0.001, prey_0:-0.001, predator_4:-0.001} | info_preview={}
2025-11-23 03:29:04,621 [DEBUG] PredPreyGrassEnv.env-7d764eb7: event=StepBegin | env_id=env-7d764eb7 | step=110 | incoming_actions=['prey_1', 'prey_3', 'prey_5', 'prey_0', 'prey_18', ...] | active_agents=24 | current_step=110
2025-11-23 03:29:04,626 [DEBUG] PredPreyGrassEnv.env-7d764eb7: event=StepSummary | env_id=env-7d764eb7 | step=110 | current_step=110 | terminated_agents=[] | truncated_agents=[] | remaining_agents=24 | reward_preview={prey_1:-0.001, prey_3:-0.001, prey_5:-0.001, prey_0:-0.001, predator_4:-0.001} | info_preview={}
2025-11-23 03:29:04,642 [DEBUG] PredPreyGrassEnv.env-7d764eb7: event=StepBegin | env_id=env-7d764eb7 | step=111 | incoming_actions=['prey_1', 'prey_3', 'prey_5', 'prey_0', 'prey_18', ...] | active_agents=24 | current_step=111
2025-11-23 03:29:04,646 [DEBUG] PredPreyGrassEnv.env-7d764eb7: event=StepSummary | env_id=env-7d764eb7 | step=111 | current_step=111 | terminated_agents=[] | truncated_agents=[] | remaining_agents=24 | reward_preview={prey_1:-0.001, prey_3:-0.001, prey_5:-0.001, prey_0:-0.001, predator_4:-0.001} | info_preview={}
2025-11-23 03:29:04,660 [DEBUG] PredPreyGrassEnv.env-7d764eb7: event=StepBegin | env_id=env-7d764eb7 | step=112 | incoming_actions=['prey_1', 'prey_3', 'prey_5', 'prey_0', 'prey_18', ...] | active_agents=24 | current_step=112
2025-11-23 03:29:04,664 [DEBUG] PredPreyGrassEnv.env-7d764eb7: event=StepSummary | env_id=env-7d764eb7 | step=112 | current_step=112 | terminated_agents=[] | truncated_agents=[] | remaining_agents=24 | reward_preview={prey_1:-0.001, prey_3:-0.001, prey_5:-0.001, prey_0:-0.001, predator_4:-0.001} | info_preview={}
2025-11-23 03:29:04,675 [DEBUG] PredPreyGrassEnv.env-7d764eb7: event=StepBegin | env_id=env-7d764eb7 | step=113 | incoming_actions=['prey_1', 'prey_3', 'prey_5', 'prey_0', 'prey_18', ...] | active_agents=24 | current_step=113
2025-11-23 03:29:04,680 [DEBUG] PredPreyGrassEnv.env-7d764eb7: event=StepSummary | env_id=env-7d764eb7 | step=113 | current_step=113 | terminated_agents=[] | truncated_agents=[] | remaining_agents=24 | reward_preview={prey_1:-0.001, prey_3:-0.001, prey_5:-0.001, prey_0:-0.001, predator_4:-0.001} | info_preview={}
2025-11-23 03:29:04,696 [DEBUG] PredPreyGrassEnv.env-7d764eb7: event=StepBegin | env_id=env-7d764eb7 | step=114 | incoming_actions=['prey_1', 'prey_3', 'prey_5', 'prey_0', 'prey_18', ...] | active_agents=24 | current_step=114
2025-11-23 03:29:04,701 [DEBUG] PredPreyGrassEnv.env-7d764eb7: event=StepSummary | env_id=env-7d764eb7 | step=114 | current_step=114 | terminated_agents=[] | truncated_agents=[] | remaining_agents=24 | reward_preview={prey_1:-0.001, prey_3:-0.001, prey_5:-0.001, prey_0:-0.001, predator_4:-0.001} | info_preview={}
2025-11-23 03:29:04,724 [DEBUG] PredPreyGrassEnv.env-7d764eb7: event=StepBegin | env_id=env-7d764eb7 | step=115 | incoming_actions=['prey_1', 'prey_3', 'prey_5', 'prey_0', 'prey_18', ...] | active_agents=24 | current_step=115
2025-11-23 03:29:04,730 [DEBUG] PredPreyGrassEnv.env-7d764eb7: event=StepSummary | env_id=env-7d764eb7 | step=115 | current_step=115 | terminated_agents=[] | truncated_agents=[] | remaining_agents=24 | reward_preview={prey_1:-0.001, prey_3:-0.001, prey_5:-0.001, prey_0:-0.001, predator_4:-0.001} | info_preview={}
2025-11-23 03:29:04,743 [DEBUG] PredPreyGrassEnv.env-7d764eb7: event=StepBegin | env_id=env-7d764eb7 | step=116 | incoming_actions=['prey_1', 'prey_3', 'prey_5', 'prey_0', 'prey_18', ...] | active_agents=24 | current_step=116
2025-11-23 03:29:04,748 [DEBUG] PredPreyGrassEnv.env-7d764eb7: event=StepSummary | env_id=env-7d764eb7 | step=116 | current_step=116 | terminated_agents=[] | truncated_agents=[] | remaining_agents=24 | reward_preview={prey_1:-0.001, prey_3:-0.001, prey_5:-0.001, prey_0:-0.001, predator_4:-0.001} | info_preview={}
2025-11-23 03:29:04,764 [DEBUG] PredPreyGrassEnv.env-7d764eb7: event=StepBegin | env_id=env-7d764eb7 | step=117 | incoming_actions=['prey_1', 'prey_3', 'prey_5', 'prey_0', 'prey_18', ...] | active_agents=24 | current_step=117
2025-11-23 03:29:04,769 [DEBUG] PredPreyGrassEnv.env-7d764eb7: event=StepSummary | env_id=env-7d764eb7 | step=117 | current_step=117 | terminated_agents=[] | truncated_agents=[] | remaining_agents=24 | reward_preview={prey_1:-0.001, prey_3:-0.001, prey_5:-0.001, prey_0:-0.001, predator_4:-0.001} | info_preview={}
2025-11-23 03:29:04,781 [DEBUG] PredPreyGrassEnv.env-7d764eb7: event=StepBegin | env_id=env-7d764eb7 | step=118 | incoming_actions=['prey_1', 'prey_3', 'prey_5', 'prey_0', 'prey_18', ...] | active_agents=24 | current_step=118
2025-11-23 03:29:04,785 [DEBUG] PredPreyGrassEnv.env-7d764eb7: event=StepSummary | env_id=env-7d764eb7 | step=118 | current_step=118 | terminated_agents=[] | truncated_agents=[] | remaining_agents=24 | reward_preview={prey_1:-0.001, prey_3:-0.001, prey_5:-0.001, prey_0:-0.001, predator_4:-0.001} | info_preview={}
2025-11-23 03:29:04,801 [DEBUG] PredPreyGrassEnv.env-7d764eb7: event=StepBegin | env_id=env-7d764eb7 | step=119 | incoming_actions=['prey_1', 'prey_3', 'prey_5', 'prey_0', 'prey_18', ...] | active_agents=24 | current_step=119
2025-11-23 03:29:04,810 [DEBUG] PredPreyGrassEnv.env-7d764eb7: event=StepSummary | env_id=env-7d764eb7 | step=119 | current_step=119 | terminated_agents=[] | truncated_agents=[] | remaining_agents=24 | reward_preview={prey_1:-0.001, prey_3:-0.001, prey_5:-0.001, prey_0:-0.001, predator_4:-0.001} | info_preview={}
2025-11-23 03:29:04,838 [DEBUG] PredPreyGrassEnv.env-7d764eb7: event=StepBegin | env_id=env-7d764eb7 | step=120 | incoming_actions=['prey_1', 'prey_3', 'prey_5', 'prey_0', 'prey_18', ...] | active_agents=24 | current_step=120
2025-11-23 03:29:04,847 [DEBUG] PredPreyGrassEnv.env-7d764eb7: event=StepSummary | env_id=env-7d764eb7 | step=120 | current_step=120 | terminated_agents=[] | truncated_agents=[] | remaining_agents=24 | reward_preview={prey_1:-0.001, prey_3:-0.001, prey_5:-0.001, prey_0:-0.001, predator_4:-0.001} | info_preview={}
2025-11-23 03:29:04,874 [DEBUG] PredPreyGrassEnv.env-7d764eb7: event=StepBegin | env_id=env-7d764eb7 | step=121 | incoming_actions=['prey_1', 'prey_3', 'prey_5', 'prey_0', 'prey_18', ...] | active_agents=24 | current_step=121
2025-11-23 03:29:04,883 [DEBUG] PredPreyGrassEnv.env-7d764eb7: event=StepSummary | env_id=env-7d764eb7 | step=121 | current_step=121 | terminated_agents=[] | truncated_agents=[] | remaining_agents=24 | reward_preview={prey_1:-0.001, prey_3:-0.001, prey_5:-0.001, prey_0:-0.001, predator_4:-0.001} | info_preview={}
2025-11-23 03:29:04,910 [DEBUG] PredPreyGrassEnv.env-7d764eb7: event=StepBegin | env_id=env-7d764eb7 | step=122 | incoming_actions=['prey_1', 'prey_3', 'prey_5', 'prey_0', 'prey_18', ...] | active_agents=24 | current_step=122
2025-11-23 03:29:04,919 [DEBUG] PredPreyGrassEnv.env-7d764eb7: event=StepSummary | env_id=env-7d764eb7 | step=122 | current_step=122 | terminated_agents=[] | truncated_agents=[] | remaining_agents=24 | reward_preview={prey_1:-0.001, prey_3:-0.001, prey_5:-0.001, prey_0:-0.001, predator_4:-0.001} | info_preview={}
2025-11-23 03:29:04,946 [DEBUG] PredPreyGrassEnv.env-7d764eb7: event=StepBegin | env_id=env-7d764eb7 | step=123 | incoming_actions=['prey_1', 'prey_3', 'prey_5', 'prey_0', 'prey_18', ...] | active_agents=24 | current_step=123
2025-11-23 03:29:04,955 [DEBUG] PredPreyGrassEnv.env-7d764eb7: event=StepSummary | env_id=env-7d764eb7 | step=123 | current_step=123 | terminated_agents=[] | truncated_agents=[] | remaining_agents=24 | reward_preview={prey_1:-0.001, prey_3:-0.001, prey_5:-0.001, prey_0:-0.001, predator_4:-0.001} | info_preview={}
2025-11-23 03:29:04,981 [DEBUG] PredPreyGrassEnv.env-7d764eb7: event=StepBegin | env_id=env-7d764eb7 | step=124 | incoming_actions=['prey_1', 'prey_3', 'prey_5', 'prey_0', 'prey_18', ...] | active_agents=24 | current_step=124
2025-11-23 03:29:04,990 [DEBUG] PredPreyGrassEnv.env-7d764eb7: event=StepSummary | env_id=env-7d764eb7 | step=124 | current_step=124 | terminated_agents=[] | truncated_agents=[] | remaining_agents=24 | reward_preview={prey_1:-0.001, prey_3:-0.001, prey_5:-0.001, prey_0:-0.001, predator_4:-0.001} | info_preview={}
2025-11-23 03:29:05,018 [DEBUG] PredPreyGrassEnv.env-7d764eb7: event=StepBegin | env_id=env-7d764eb7 | step=125 | incoming_actions=['prey_1', 'prey_3', 'prey_5', 'prey_0', 'prey_18', ...] | active_agents=24 | current_step=125
2025-11-23 03:29:05,027 [DEBUG] PredPreyGrassEnv.env-7d764eb7: event=StepSummary | env_id=env-7d764eb7 | step=125 | current_step=125 | terminated_agents=[] | truncated_agents=[] | remaining_agents=24 | reward_preview={prey_1:-0.001, prey_3:-0.001, prey_5:-0.001, prey_0:-0.001, predator_4:-0.001} | info_preview={}
2025-11-23 03:29:05,053 [DEBUG] PredPreyGrassEnv.env-7d764eb7: event=StepBegin | env_id=env-7d764eb7 | step=126 | incoming_actions=['prey_1', 'prey_3', 'prey_5', 'prey_0', 'prey_18', ...] | active_agents=24 | current_step=126
2025-11-23 03:29:05,062 [DEBUG] PredPreyGrassEnv.env-7d764eb7: event=StepSummary | env_id=env-7d764eb7 | step=126 | current_step=126 | terminated_agents=[] | truncated_agents=[] | remaining_agents=24 | reward_preview={prey_1:-0.001, prey_3:-0.001, prey_5:-0.001, prey_0:-0.001, predator_4:-0.001} | info_preview={}
2025-11-23 03:29:05,088 [DEBUG] PredPreyGrassEnv.env-7d764eb7: event=StepBegin | env_id=env-7d764eb7 | step=127 | incoming_actions=['prey_1', 'prey_3', 'prey_5', 'prey_0', 'prey_18', ...] | active_agents=24 | current_step=127
2025-11-23 03:29:05,098 [DEBUG] PredPreyGrassEnv.env-7d764eb7: event=StepSummary | env_id=env-7d764eb7 | step=127 | current_step=127 | terminated_agents=[] | truncated_agents=[] | remaining_agents=24 | reward_preview={prey_1:-0.001, prey_3:-0.001, prey_5:-0.001, prey_0:-0.001, predator_4:-0.001} | info_preview={}
2025-11-23 03:29:05,124 [DEBUG] PredPreyGrassEnv.env-7d764eb7: event=StepBegin | env_id=env-7d764eb7 | step=128 | incoming_actions=['prey_1', 'prey_3', 'prey_5', 'prey_0', 'prey_18', ...] | active_agents=24 | current_step=128
2025-11-23 03:29:05,133 [DEBUG] PredPreyGrassEnv.env-7d764eb7: event=StepSummary | env_id=env-7d764eb7 | step=128 | current_step=128 | terminated_agents=[] | truncated_agents=[] | remaining_agents=24 | reward_preview={prey_1:-0.001, prey_3:-0.001, prey_5:-0.001, prey_0:-0.001, predator_4:-0.001} | info_preview={}
2025-11-23 03:29:05,158 [DEBUG] PredPreyGrassEnv.env-7d764eb7: event=StepBegin | env_id=env-7d764eb7 | step=129 | incoming_actions=['prey_1', 'prey_3', 'prey_5', 'prey_0', 'prey_18', ...] | active_agents=24 | current_step=129
2025-11-23 03:29:05,167 [DEBUG] PredPreyGrassEnv.env-7d764eb7: event=PreyAteGrass | env_id=env-7d764eb7 | step=129 | prey='prey_9' | grass='grass_33' | prey_position=[778.9367034083846, 483.6361256442188] | grass_energy=10.0 | energy_gained=9.0 | prey_energy=126.07195739324126
2025-11-23 03:29:05,168 [DEBUG] PredPreyGrassEnv.env-7d764eb7: event=StepSummary | env_id=env-7d764eb7 | step=129 | current_step=129 | terminated_agents=[] | truncated_agents=[] | remaining_agents=24 | reward_preview={prey_1:-0.001, prey_3:-0.001, prey_5:-0.001, prey_0:-0.001, predator_4:-0.001} | info_preview={}
2025-11-23 03:29:05,194 [DEBUG] PredPreyGrassEnv.env-7d764eb7: event=StepBegin | env_id=env-7d764eb7 | step=130 | incoming_actions=['prey_1', 'prey_3', 'prey_5', 'prey_0', 'prey_18', ...] | active_agents=24 | current_step=130
2025-11-23 03:29:05,203 [DEBUG] PredPreyGrassEnv.env-7d764eb7: event=StepSummary | env_id=env-7d764eb7 | step=130 | current_step=130 | terminated_agents=[] | truncated_agents=[] | remaining_agents=24 | reward_preview={prey_1:-0.001, prey_3:-0.001, prey_5:-0.001, prey_0:-0.001, predator_4:-0.001} | info_preview={}
2025-11-23 03:29:05,230 [DEBUG] PredPreyGrassEnv.env-7d764eb7: event=StepBegin | env_id=env-7d764eb7 | step=131 | incoming_actions=['prey_1', 'prey_3', 'prey_5', 'prey_0', 'prey_18', ...] | active_agents=24 | current_step=131
2025-11-23 03:29:05,239 [DEBUG] PredPreyGrassEnv.env-7d764eb7: event=StepSummary | env_id=env-7d764eb7 | step=131 | current_step=131 | terminated_agents=[] | truncated_agents=[] | remaining_agents=24 | reward_preview={prey_1:-0.001, prey_3:-0.001, prey_5:-0.001, prey_0:-0.001, predator_4:-0.001} | info_preview={}
2025-11-23 03:29:05,266 [DEBUG] PredPreyGrassEnv.env-7d764eb7: event=StepBegin | env_id=env-7d764eb7 | step=132 | incoming_actions=['prey_1', 'prey_3', 'prey_5', 'prey_0', 'prey_18', ...] | active_agents=24 | current_step=132
2025-11-23 03:29:05,275 [DEBUG] PredPreyGrassEnv.env-7d764eb7: event=StepSummary | env_id=env-7d764eb7 | step=132 | current_step=132 | terminated_agents=[] | truncated_agents=[] | remaining_agents=24 | reward_preview={prey_1:-0.001, prey_3:-0.001, prey_5:-0.001, prey_0:-0.001, predator_4:-0.001} | info_preview={}
2025-11-23 03:29:05,302 [DEBUG] PredPreyGrassEnv.env-7d764eb7: event=StepBegin | env_id=env-7d764eb7 | step=133 | incoming_actions=['prey_1', 'prey_3', 'prey_5', 'prey_0', 'prey_18', ...] | active_agents=24 | current_step=133
2025-11-23 03:29:05,311 [DEBUG] PredPreyGrassEnv.env-7d764eb7: event=StepSummary | env_id=env-7d764eb7 | step=133 | current_step=133 | terminated_agents=[] | truncated_agents=[] | remaining_agents=24 | reward_preview={prey_1:-0.001, prey_3:-0.001, prey_5:-0.001, prey_0:-0.001, predator_4:-0.001} | info_preview={}
2025-11-23 03:29:05,338 [DEBUG] PredPreyGrassEnv.env-7d764eb7: event=StepBegin | env_id=env-7d764eb7 | step=134 | incoming_actions=['prey_1', 'prey_3', 'prey_5', 'prey_0', 'prey_18', ...] | active_agents=24 | current_step=134
2025-11-23 03:29:05,347 [DEBUG] PredPreyGrassEnv.env-7d764eb7: event=StepSummary | env_id=env-7d764eb7 | step=134 | current_step=134 | terminated_agents=[] | truncated_agents=[] | remaining_agents=24 | reward_preview={prey_1:-0.001, prey_3:-0.001, prey_5:-0.001, prey_0:-0.001, predator_4:-0.001} | info_preview={}
2025-11-23 03:29:05,373 [DEBUG] PredPreyGrassEnv.env-7d764eb7: event=StepBegin | env_id=env-7d764eb7 | step=135 | incoming_actions=['prey_1', 'prey_3', 'prey_5', 'prey_0', 'prey_18', ...] | active_agents=24 | current_step=135
2025-11-23 03:29:05,383 [DEBUG] PredPreyGrassEnv.env-7d764eb7: event=StepSummary | env_id=env-7d764eb7 | step=135 | current_step=135 | terminated_agents=[] | truncated_agents=[] | remaining_agents=24 | reward_preview={prey_1:-0.001, prey_3:-0.001, prey_5:-0.001, prey_0:-0.001, predator_4:-0.001} | info_preview={}
2025-11-23 03:29:05,409 [DEBUG] PredPreyGrassEnv.env-7d764eb7: event=StepBegin | env_id=env-7d764eb7 | step=136 | incoming_actions=['prey_1', 'prey_3', 'prey_5', 'prey_0', 'prey_18', ...] | active_agents=24 | current_step=136
2025-11-23 03:29:05,418 [DEBUG] PredPreyGrassEnv.env-7d764eb7: event=StepSummary | env_id=env-7d764eb7 | step=136 | current_step=136 | terminated_agents=[] | truncated_agents=[] | remaining_agents=24 | reward_preview={prey_1:-0.001, prey_3:-0.001, prey_5:-0.001, prey_0:-0.001, predator_4:-0.001} | info_preview={}
2025-11-23 03:29:05,445 [DEBUG] PredPreyGrassEnv.env-7d764eb7: event=StepBegin | env_id=env-7d764eb7 | step=137 | incoming_actions=['prey_1', 'prey_3', 'prey_5', 'prey_0', 'prey_18', ...] | active_agents=24 | current_step=137
2025-11-23 03:29:05,449 [DEBUG] PredPreyGrassEnv.env-7d764eb7: event=PreyAteGrass | env_id=env-7d764eb7 | step=137 | prey='prey_12' | grass='grass_41' | prey_position=[377.80880930143314, 731.495739643994] | grass_energy=10.0 | energy_gained=9.0 | prey_energy=131.10583034199027
2025-11-23 03:29:05,454 [DEBUG] PredPreyGrassEnv.env-7d764eb7: event=StepSummary | env_id=env-7d764eb7 | step=137 | current_step=137 | terminated_agents=[] | truncated_agents=[] | remaining_agents=24 | reward_preview={prey_1:-0.001, prey_3:-0.001, prey_5:-0.001, prey_0:-0.001, predator_4:-0.001} | info_preview={}
2025-11-23 03:29:05,481 [DEBUG] PredPreyGrassEnv.env-7d764eb7: event=StepBegin | env_id=env-7d764eb7 | step=138 | incoming_actions=['prey_1', 'prey_3', 'prey_5', 'prey_0', 'prey_18', ...] | active_agents=24 | current_step=138
2025-11-23 03:29:05,491 [DEBUG] PredPreyGrassEnv.env-7d764eb7: event=StepSummary | env_id=env-7d764eb7 | step=138 | current_step=138 | terminated_agents=[] | truncated_agents=[] | remaining_agents=24 | reward_preview={prey_1:-0.001, prey_3:-0.001, prey_5:-0.001, prey_0:-0.001, predator_4:-0.001} | info_preview={}
2025-11-23 03:29:05,518 [DEBUG] PredPreyGrassEnv.env-7d764eb7: event=StepBegin | env_id=env-7d764eb7 | step=139 | incoming_actions=['prey_1', 'prey_3', 'prey_5', 'prey_0', 'prey_18', ...] | active_agents=24 | current_step=139
2025-11-23 03:29:05,528 [DEBUG] PredPreyGrassEnv.env-7d764eb7: event=StepSummary | env_id=env-7d764eb7 | step=139 | current_step=139 | terminated_agents=[] | truncated_agents=[] | remaining_agents=24 | reward_preview={prey_1:-0.001, prey_3:-0.001, prey_5:-0.001, prey_0:-0.001, predator_4:-0.001} | info_preview={}
2025-11-23 03:29:05,555 [DEBUG] PredPreyGrassEnv.env-7d764eb7: event=StepBegin | env_id=env-7d764eb7 | step=140 | incoming_actions=['prey_1', 'prey_3', 'prey_5', 'prey_0', 'prey_18', ...] | active_agents=24 | current_step=140
2025-11-23 03:29:05,565 [DEBUG] PredPreyGrassEnv.env-7d764eb7: event=StepSummary | env_id=env-7d764eb7 | step=140 | current_step=140 | terminated_agents=[] | truncated_agents=[] | remaining_agents=24 | reward_preview={prey_1:-0.001, prey_3:-0.001, prey_5:-0.001, prey_0:-0.001, predator_4:-0.001} | info_preview={}
2025-11-23 03:29:05,592 [DEBUG] PredPreyGrassEnv.env-7d764eb7: event=StepBegin | env_id=env-7d764eb7 | step=141 | incoming_actions=['prey_1', 'prey_3', 'prey_5', 'prey_0', 'prey_18', ...] | active_agents=24 | current_step=141
2025-11-23 03:29:05,602 [DEBUG] PredPreyGrassEnv.env-7d764eb7: event=StepSummary | env_id=env-7d764eb7 | step=141 | current_step=141 | terminated_agents=[] | truncated_agents=[] | remaining_agents=24 | reward_preview={prey_1:-0.001, prey_3:-0.001, prey_5:-0.001, prey_0:-0.001, predator_4:-0.001} | info_preview={}
2025-11-23 03:29:05,629 [DEBUG] PredPreyGrassEnv.env-7d764eb7: event=StepBegin | env_id=env-7d764eb7 | step=142 | incoming_actions=['prey_1', 'prey_3', 'prey_5', 'prey_0', 'prey_18', ...] | active_agents=24 | current_step=142
2025-11-23 03:29:05,638 [DEBUG] PredPreyGrassEnv.env-7d764eb7: event=StepSummary | env_id=env-7d764eb7 | step=142 | current_step=142 | terminated_agents=[] | truncated_agents=[] | remaining_agents=24 | reward_preview={prey_1:-0.001, prey_3:-0.001, prey_5:-0.001, prey_0:-0.001, predator_4:-0.001} | info_preview={}
2025-11-23 03:29:05,666 [DEBUG] PredPreyGrassEnv.env-7d764eb7: event=StepBegin | env_id=env-7d764eb7 | step=143 | incoming_actions=['prey_1', 'prey_3', 'prey_5', 'prey_0', 'prey_18', ...] | active_agents=24 | current_step=143
2025-11-23 03:29:05,675 [DEBUG] PredPreyGrassEnv.env-7d764eb7: event=StepSummary | env_id=env-7d764eb7 | step=143 | current_step=143 | terminated_agents=[] | truncated_agents=[] | remaining_agents=24 | reward_preview={prey_1:-0.001, prey_3:-0.001, prey_5:-0.001, prey_0:-0.001, predator_4:-0.001} | info_preview={}
2025-11-23 03:29:05,703 [DEBUG] PredPreyGrassEnv.env-7d764eb7: event=StepBegin | env_id=env-7d764eb7 | step=144 | incoming_actions=['prey_1', 'prey_3', 'prey_5', 'prey_0', 'prey_18', ...] | active_agents=24 | current_step=144
2025-11-23 03:29:05,712 [DEBUG] PredPreyGrassEnv.env-7d764eb7: event=StepSummary | env_id=env-7d764eb7 | step=144 | current_step=144 | terminated_agents=[] | truncated_agents=[] | remaining_agents=24 | reward_preview={prey_1:-0.001, prey_3:-0.001, prey_5:-0.001, prey_0:-0.001, predator_4:-0.001} | info_preview={}
2025-11-23 03:29:05,739 [DEBUG] PredPreyGrassEnv.env-7d764eb7: event=StepBegin | env_id=env-7d764eb7 | step=145 | incoming_actions=['prey_1', 'prey_3', 'prey_5', 'prey_0', 'prey_18', ...] | active_agents=24 | current_step=145
2025-11-23 03:29:05,747 [DEBUG] PredPreyGrassEnv.env-7d764eb7: event=PreyAteGrass | env_id=env-7d764eb7 | step=145 | prey='prey_4' | grass='grass_2' | prey_position=[625.6757114090099, 764.6831744648171] | grass_energy=10.0 | energy_gained=9.0 | prey_energy=130.72291662697467
2025-11-23 03:29:05,749 [DEBUG] PredPreyGrassEnv.env-7d764eb7: event=StepSummary | env_id=env-7d764eb7 | step=145 | current_step=145 | terminated_agents=[] | truncated_agents=[] | remaining_agents=24 | reward_preview={prey_1:-0.001, prey_3:-0.001, prey_5:-0.001, prey_0:-0.001, predator_4:-0.001} | info_preview={}
2025-11-23 03:29:05,777 [DEBUG] PredPreyGrassEnv.env-7d764eb7: event=StepBegin | env_id=env-7d764eb7 | step=146 | incoming_actions=['prey_1', 'prey_3', 'prey_5', 'prey_0', 'prey_18', ...] | active_agents=24 | current_step=146
2025-11-23 03:29:05,786 [DEBUG] PredPreyGrassEnv.env-7d764eb7: event=StepSummary | env_id=env-7d764eb7 | step=146 | current_step=146 | terminated_agents=[] | truncated_agents=[] | remaining_agents=24 | reward_preview={prey_1:-0.001, prey_3:-0.001, prey_5:-0.001, prey_0:-0.001, predator_4:-0.001} | info_preview={}
2025-11-23 03:29:05,814 [DEBUG] PredPreyGrassEnv.env-7d764eb7: event=StepBegin | env_id=env-7d764eb7 | step=147 | incoming_actions=['prey_1', 'prey_3', 'prey_5', 'prey_0', 'prey_18', ...] | active_agents=24 | current_step=147
2025-11-23 03:29:05,820 [DEBUG] PredPreyGrassEnv.env-7d764eb7: event=PreyAteGrass | env_id=env-7d764eb7 | step=147 | prey='prey_9' | grass='grass_22' | prey_position=[774.1646851165207, 444.1614038991482] | grass_energy=10.0 | energy_gained=9.0 | prey_energy=130.03718201706806
2025-11-23 03:29:05,820 [DEBUG] PredPreyGrassEnv.env-7d764eb7: event=StepSummary | env_id=env-7d764eb7 | step=147 | current_step=147 | terminated_agents=[] | truncated_agents=[] | remaining_agents=24 | reward_preview={prey_1:-0.001, prey_3:-0.001, prey_5:-0.001, prey_0:-0.001, predator_4:-0.001} | info_preview={}
2025-11-23 03:29:05,835 [DEBUG] PredPreyGrassEnv.env-7d764eb7: event=StepBegin | env_id=env-7d764eb7 | step=148 | incoming_actions=['prey_1', 'prey_3', 'prey_5', 'prey_0', 'prey_18', ...] | active_agents=24 | current_step=148
2025-11-23 03:29:05,838 [DEBUG] PredPreyGrassEnv.env-7d764eb7: event=PreyAteGrass | env_id=env-7d764eb7 | step=148 | prey='prey_16' | grass='grass_0' | prey_position=[68.60301513654093, 66.92993484949464] | grass_energy=10.0 | energy_gained=9.0 | prey_energy=137.23838447204517
2025-11-23 03:29:05,841 [DEBUG] PredPreyGrassEnv.env-7d764eb7: event=StepSummary | env_id=env-7d764eb7 | step=148 | current_step=148 | terminated_agents=[] | truncated_agents=[] | remaining_agents=24 | reward_preview={prey_1:-0.001, prey_3:-0.001, prey_5:-0.001, prey_0:-0.001, predator_4:-0.001} | info_preview={}
2025-11-23 03:29:05,856 [DEBUG] PredPreyGrassEnv.env-7d764eb7: event=StepBegin | env_id=env-7d764eb7 | step=149 | incoming_actions=['prey_1', 'prey_3', 'prey_5', 'prey_0', 'prey_18', ...] | active_agents=24 | current_step=149
2025-11-23 03:29:05,861 [DEBUG] PredPreyGrassEnv.env-7d764eb7: event=StepSummary | env_id=env-7d764eb7 | step=149 | current_step=149 | terminated_agents=[] | truncated_agents=[] | remaining_agents=24 | reward_preview={prey_1:-0.001, prey_3:-0.001, prey_5:-0.001, prey_0:-0.001, predator_4:-0.001} | info_preview={}
2025-11-23 03:29:05,872 [DEBUG] PredPreyGrassEnv.env-7d764eb7: event=StepBegin | env_id=env-7d764eb7 | step=150 | incoming_actions=['prey_1', 'prey_3', 'prey_5', 'prey_0', 'prey_18', ...] | active_agents=24 | current_step=150
2025-11-23 03:29:05,876 [DEBUG] PredPreyGrassEnv.env-7d764eb7: event=StepSummary | env_id=env-7d764eb7 | step=150 | current_step=150 | terminated_agents=[] | truncated_agents=[] | remaining_agents=24 | reward_preview={prey_1:-0.001, prey_3:-0.001, prey_5:-0.001, prey_0:-0.001, predator_4:-0.001} | info_preview={}
2025-11-23 03:29:05,888 [DEBUG] PredPreyGrassEnv.env-7d764eb7: event=StepBegin | env_id=env-7d764eb7 | step=151 | incoming_actions=['prey_1', 'prey_3', 'prey_5', 'prey_0', 'prey_18', ...] | active_agents=24 | current_step=151
2025-11-23 03:29:05,892 [DEBUG] PredPreyGrassEnv.env-7d764eb7: event=StepSummary | env_id=env-7d764eb7 | step=151 | current_step=151 | terminated_agents=[] | truncated_agents=[] | remaining_agents=24 | reward_preview={prey_1:-0.001, prey_3:-0.001, prey_5:-0.001, prey_0:-0.001, predator_4:-0.001} | info_preview={}
2025-11-23 03:29:05,902 [DEBUG] PredPreyGrassEnv.env-7d764eb7: event=StepBegin | env_id=env-7d764eb7 | step=152 | incoming_actions=['prey_1', 'prey_3', 'prey_5', 'prey_0', 'prey_18', ...] | active_agents=24 | current_step=152
2025-11-23 03:29:05,906 [DEBUG] PredPreyGrassEnv.env-7d764eb7: event=StepSummary | env_id=env-7d764eb7 | step=152 | current_step=152 | terminated_agents=[] | truncated_agents=[] | remaining_agents=24 | reward_preview={prey_1:-0.001, prey_3:-0.001, prey_5:-0.001, prey_0:-0.001, predator_4:-0.001} | info_preview={}
2025-11-23 03:29:05,916 [DEBUG] PredPreyGrassEnv.env-7d764eb7: event=StepBegin | env_id=env-7d764eb7 | step=153 | incoming_actions=['prey_1', 'prey_3', 'prey_5', 'prey_0', 'prey_18', ...] | active_agents=24 | current_step=153
2025-11-23 03:29:05,920 [DEBUG] PredPreyGrassEnv.env-7d764eb7: event=StepSummary | env_id=env-7d764eb7 | step=153 | current_step=153 | terminated_agents=[] | truncated_agents=[] | remaining_agents=24 | reward_preview={prey_1:-0.001, prey_3:-0.001, prey_5:-0.001, prey_0:-0.001, predator_4:-0.001} | info_preview={}
2025-11-23 03:29:05,930 [DEBUG] PredPreyGrassEnv.env-7d764eb7: event=StepBegin | env_id=env-7d764eb7 | step=154 | incoming_actions=['prey_1', 'prey_3', 'prey_5', 'prey_0', 'prey_18', ...] | active_agents=24 | current_step=154
2025-11-23 03:29:05,934 [DEBUG] PredPreyGrassEnv.env-7d764eb7: event=StepSummary | env_id=env-7d764eb7 | step=154 | current_step=154 | terminated_agents=[] | truncated_agents=[] | remaining_agents=24 | reward_preview={prey_1:-0.001, prey_3:-0.001, prey_5:-0.001, prey_0:-0.001, predator_4:-0.001} | info_preview={}
2025-11-23 03:29:05,945 [DEBUG] PredPreyGrassEnv.env-7d764eb7: event=StepBegin | env_id=env-7d764eb7 | step=155 | incoming_actions=['prey_1', 'prey_3', 'prey_5', 'prey_0', 'prey_18', ...] | active_agents=24 | current_step=155
2025-11-23 03:29:05,949 [DEBUG] PredPreyGrassEnv.env-7d764eb7: event=StepSummary | env_id=env-7d764eb7 | step=155 | current_step=155 | terminated_agents=[] | truncated_agents=[] | remaining_agents=24 | reward_preview={prey_1:-0.001, prey_3:-0.001, prey_5:-0.001, prey_0:-0.001, predator_4:-0.001} | info_preview={}
2025-11-23 03:29:05,960 [DEBUG] PredPreyGrassEnv.env-7d764eb7: event=StepBegin | env_id=env-7d764eb7 | step=156 | incoming_actions=['prey_1', 'prey_3', 'prey_5', 'prey_0', 'prey_18', ...] | active_agents=24 | current_step=156
2025-11-23 03:29:05,965 [DEBUG] PredPreyGrassEnv.env-7d764eb7: event=StepSummary | env_id=env-7d764eb7 | step=156 | current_step=156 | terminated_agents=[] | truncated_agents=[] | remaining_agents=24 | reward_preview={prey_1:-0.001, prey_3:-0.001, prey_5:-0.001, prey_0:-0.001, predator_4:-0.001} | info_preview={}
2025-11-23 03:29:05,981 [DEBUG] PredPreyGrassEnv.env-7d764eb7: event=StepBegin | env_id=env-7d764eb7 | step=157 | incoming_actions=['prey_1', 'prey_3', 'prey_5', 'prey_0', 'prey_18', ...] | active_agents=24 | current_step=157
2025-11-23 03:29:05,986 [DEBUG] PredPreyGrassEnv.env-7d764eb7: event=StepSummary | env_id=env-7d764eb7 | step=157 | current_step=157 | terminated_agents=[] | truncated_agents=[] | remaining_agents=24 | reward_preview={prey_1:-0.001, prey_3:-0.001, prey_5:-0.001, prey_0:-0.001, predator_4:-0.001} | info_preview={}
2025-11-23 03:29:06,002 [DEBUG] PredPreyGrassEnv.env-7d764eb7: event=StepBegin | env_id=env-7d764eb7 | step=158 | incoming_actions=['prey_1', 'prey_3', 'prey_5', 'prey_0', 'prey_18', ...] | active_agents=24 | current_step=158
2025-11-23 03:29:06,007 [DEBUG] PredPreyGrassEnv.env-7d764eb7: event=PreyAteGrass | env_id=env-7d764eb7 | step=158 | prey='prey_9' | grass='grass_32' | prey_position=[770.7200565377789, 418.22543696028305] | grass_energy=10.0 | energy_gained=9.0 | prey_energy=135.69610188197603
2025-11-23 03:29:06,007 [DEBUG] PredPreyGrassEnv.env-7d764eb7: event=StepSummary | env_id=env-7d764eb7 | step=158 | current_step=158 | terminated_agents=[] | truncated_agents=[] | remaining_agents=24 | reward_preview={prey_1:-0.001, prey_3:-0.001, prey_5:-0.001, prey_0:-0.001, predator_4:-0.001} | info_preview={}
2025-11-23 03:29:06,021 [DEBUG] PredPreyGrassEnv.env-7d764eb7: event=StepBegin | env_id=env-7d764eb7 | step=159 | incoming_actions=['prey_1', 'prey_3', 'prey_5', 'prey_0', 'prey_18', ...] | active_agents=24 | current_step=159
2025-11-23 03:29:06,026 [DEBUG] PredPreyGrassEnv.env-7d764eb7: event=StepSummary | env_id=env-7d764eb7 | step=159 | current_step=159 | terminated_agents=[] | truncated_agents=[] | remaining_agents=24 | reward_preview={prey_1:-0.001, prey_3:-0.001, prey_5:-0.001, prey_0:-0.001, predator_4:-0.001} | info_preview={}
2025-11-23 03:29:06,042 [DEBUG] PredPreyGrassEnv.env-7d764eb7: event=StepBegin | env_id=env-7d764eb7 | step=160 | incoming_actions=['prey_1', 'prey_3', 'prey_5', 'prey_0', 'prey_18', ...] | active_agents=24 | current_step=160
2025-11-23 03:29:06,047 [DEBUG] PredPreyGrassEnv.env-7d764eb7: event=StepSummary | env_id=env-7d764eb7 | step=160 | current_step=160 | terminated_agents=[] | truncated_agents=[] | remaining_agents=24 | reward_preview={prey_1:-0.001, prey_3:-0.001, prey_5:-0.001, prey_0:-0.001, predator_4:-0.001} | info_preview={}
2025-11-23 03:29:06,065 [DEBUG] PredPreyGrassEnv.env-7d764eb7: event=StepBegin | env_id=env-7d764eb7 | step=161 | incoming_actions=['prey_1', 'prey_3', 'prey_5', 'prey_0', 'prey_18', ...] | active_agents=24 | current_step=161
2025-11-23 03:29:06,068 [DEBUG] PredPreyGrassEnv.env-7d764eb7: event=PreyAteGrass | env_id=env-7d764eb7 | step=161 | prey='prey_12' | grass='grass_12' | prey_position=[362.7524270273211, 763.198199516501] | grass_energy=10.0 | energy_gained=9.0 | prey_energy=135.45607160210056
2025-11-23 03:29:06,071 [DEBUG] PredPreyGrassEnv.env-7d764eb7: event=StepSummary | env_id=env-7d764eb7 | step=161 | current_step=161 | terminated_agents=[] | truncated_agents=[] | remaining_agents=24 | reward_preview={prey_1:-0.001, prey_3:-0.001, prey_5:-0.001, prey_0:-0.001, predator_4:-0.001} | info_preview={}
2025-11-23 03:29:06,084 [DEBUG] PredPreyGrassEnv.env-7d764eb7: event=StepBegin | env_id=env-7d764eb7 | step=162 | incoming_actions=['prey_1', 'prey_3', 'prey_5', 'prey_0', 'prey_18', ...] | active_agents=24 | current_step=162
2025-11-23 03:29:06,089 [DEBUG] PredPreyGrassEnv.env-7d764eb7: event=StepSummary | env_id=env-7d764eb7 | step=162 | current_step=162 | terminated_agents=[] | truncated_agents=[] | remaining_agents=24 | reward_preview={prey_1:-0.001, prey_3:-0.001, prey_5:-0.001, prey_0:-0.001, predator_4:-0.001} | info_preview={}
2025-11-23 03:29:06,105 [DEBUG] PredPreyGrassEnv.env-7d764eb7: event=StepBegin | env_id=env-7d764eb7 | step=163 | incoming_actions=['prey_1', 'prey_3', 'prey_5', 'prey_0', 'prey_18', ...] | active_agents=24 | current_step=163
2025-11-23 03:29:06,111 [DEBUG] PredPreyGrassEnv.env-7d764eb7: event=StepSummary | env_id=env-7d764eb7 | step=163 | current_step=163 | terminated_agents=[] | truncated_agents=[] | remaining_agents=24 | reward_preview={prey_1:-0.001, prey_3:-0.001, prey_5:-0.001, prey_0:-0.001, predator_4:-0.001} | info_preview={}
2025-11-23 03:29:06,127 [DEBUG] PredPreyGrassEnv.env-7d764eb7: event=StepBegin | env_id=env-7d764eb7 | step=164 | incoming_actions=['prey_1', 'prey_3', 'prey_5', 'prey_0', 'prey_18', ...] | active_agents=24 | current_step=164
2025-11-23 03:29:06,132 [DEBUG] PredPreyGrassEnv.env-7d764eb7: event=StepSummary | env_id=env-7d764eb7 | step=164 | current_step=164 | terminated_agents=[] | truncated_agents=[] | remaining_agents=24 | reward_preview={prey_1:-0.001, prey_3:-0.001, prey_5:-0.001, prey_0:-0.001, predator_4:-0.001} | info_preview={}
2025-11-23 03:29:06,146 [DEBUG] PredPreyGrassEnv.env-7d764eb7: event=StepBegin | env_id=env-7d764eb7 | step=165 | incoming_actions=['prey_1', 'prey_3', 'prey_5', 'prey_0', 'prey_18', ...] | active_agents=24 | current_step=165
2025-11-23 03:29:06,147 [DEBUG] PredPreyGrassEnv.env-7d764eb7: event=PreyAteGrass | env_id=env-7d764eb7 | step=165 | prey='prey_12' | grass='grass_48' | prey_position=[361.90694226503473, 768.7913270851876] | grass_energy=10.0 | energy_gained=9.0 | prey_energy=143.70517019554526
2025-11-23 03:29:06,150 [DEBUG] PredPreyGrassEnv.env-7d764eb7: event=StepSummary | env_id=env-7d764eb7 | step=165 | current_step=165 | terminated_agents=[] | truncated_agents=[] | remaining_agents=24 | reward_preview={prey_1:-0.001, prey_3:-0.001, prey_5:-0.001, prey_0:-0.001, predator_4:-0.001} | info_preview={}
2025-11-23 03:29:06,165 [DEBUG] PredPreyGrassEnv.env-7d764eb7: event=StepBegin | env_id=env-7d764eb7 | step=166 | incoming_actions=['prey_1', 'prey_3', 'prey_5', 'prey_0', 'prey_18', ...] | active_agents=24 | current_step=166
2025-11-23 03:29:06,169 [DEBUG] PredPreyGrassEnv.env-7d764eb7: event=StepSummary | env_id=env-7d764eb7 | step=166 | current_step=166 | terminated_agents=[] | truncated_agents=[] | remaining_agents=24 | reward_preview={prey_1:-0.001, prey_3:-0.001, prey_5:-0.001, prey_0:-0.001, predator_4:-0.001} | info_preview={}
2025-11-23 03:29:06,184 [DEBUG] PredPreyGrassEnv.env-7d764eb7: event=StepBegin | env_id=env-7d764eb7 | step=167 | incoming_actions=['prey_1', 'prey_3', 'prey_5', 'prey_0', 'prey_18', ...] | active_agents=24 | current_step=167
2025-11-23 03:29:06,191 [DEBUG] PredPreyGrassEnv.env-7d764eb7: event=StepSummary | env_id=env-7d764eb7 | step=167 | current_step=167 | terminated_agents=[] | truncated_agents=[] | remaining_agents=24 | reward_preview={prey_1:-0.001, prey_3:-0.001, prey_5:-0.001, prey_0:-0.001, predator_4:-0.001} | info_preview={}
2025-11-23 03:29:06,209 [DEBUG] PredPreyGrassEnv.env-7d764eb7: event=StepBegin | env_id=env-7d764eb7 | step=168 | incoming_actions=['prey_1', 'prey_3', 'prey_5', 'prey_0', 'prey_18', ...] | active_agents=24 | current_step=168
2025-11-23 03:29:06,215 [DEBUG] PredPreyGrassEnv.env-7d764eb7: event=StepSummary | env_id=env-7d764eb7 | step=168 | current_step=168 | terminated_agents=[] | truncated_agents=[] | remaining_agents=24 | reward_preview={prey_1:-0.001, prey_3:-0.001, prey_5:-0.001, prey_0:-0.001, predator_4:-0.001} | info_preview={}
2025-11-23 03:29:06,227 [DEBUG] PredPreyGrassEnv.env-7d764eb7: event=StepBegin | env_id=env-7d764eb7 | step=169 | incoming_actions=['prey_1', 'prey_3', 'prey_5', 'prey_0', 'prey_18', ...] | active_agents=24 | current_step=169
2025-11-23 03:29:06,231 [DEBUG] PredPreyGrassEnv.env-7d764eb7: event=StepSummary | env_id=env-7d764eb7 | step=169 | current_step=169 | terminated_agents=[] | truncated_agents=[] | remaining_agents=24 | reward_preview={prey_1:-0.001, prey_3:-0.001, prey_5:-0.001, prey_0:-0.001, predator_4:-0.001} | info_preview={}
2025-11-23 03:29:06,247 [DEBUG] PredPreyGrassEnv.env-7d764eb7: event=StepBegin | env_id=env-7d764eb7 | step=170 | incoming_actions=['prey_1', 'prey_3', 'prey_5', 'prey_0', 'prey_18', ...] | active_agents=24 | current_step=170
2025-11-23 03:29:06,253 [DEBUG] PredPreyGrassEnv.env-7d764eb7: event=StepSummary | env_id=env-7d764eb7 | step=170 | current_step=170 | terminated_agents=[] | truncated_agents=[] | remaining_agents=24 | reward_preview={prey_1:-0.001, prey_3:-0.001, prey_5:-0.001, prey_0:-0.001, predator_4:-0.001} | info_preview={}
2025-11-23 03:29:06,266 [DEBUG] PredPreyGrassEnv.env-7d764eb7: event=StepBegin | env_id=env-7d764eb7 | step=171 | incoming_actions=['prey_1', 'prey_3', 'prey_5', 'prey_0', 'prey_18', ...] | active_agents=24 | current_step=171
2025-11-23 03:29:06,270 [DEBUG] PredPreyGrassEnv.env-7d764eb7: event=StepSummary | env_id=env-7d764eb7 | step=171 | current_step=171 | terminated_agents=[] | truncated_agents=[] | remaining_agents=24 | reward_preview={prey_1:-0.001, prey_3:-0.001, prey_5:-0.001, prey_0:-0.001, predator_4:-0.001} | info_preview={}
2025-11-23 03:29:06,298 [DEBUG] PredPreyGrassEnv.env-7d764eb7: event=StepBegin | env_id=env-7d764eb7 | step=172 | incoming_actions=['prey_1', 'prey_3', 'prey_5', 'prey_0', 'prey_18', ...] | active_agents=24 | current_step=172
2025-11-23 03:29:06,307 [DEBUG] PredPreyGrassEnv.env-7d764eb7: event=StepSummary | env_id=env-7d764eb7 | step=172 | current_step=172 | terminated_agents=[] | truncated_agents=[] | remaining_agents=24 | reward_preview={prey_1:-0.001, prey_3:-0.001, prey_5:-0.001, prey_0:-0.001, predator_4:-0.001} | info_preview={}
2025-11-23 03:29:06,334 [DEBUG] PredPreyGrassEnv.env-7d764eb7: event=StepBegin | env_id=env-7d764eb7 | step=173 | incoming_actions=['prey_1', 'prey_3', 'prey_5', 'prey_0', 'prey_18', ...] | active_agents=24 | current_step=173
2025-11-23 03:29:06,344 [DEBUG] PredPreyGrassEnv.env-7d764eb7: event=StepSummary | env_id=env-7d764eb7 | step=173 | current_step=173 | terminated_agents=[] | truncated_agents=[] | remaining_agents=24 | reward_preview={prey_1:-0.001, prey_3:-0.001, prey_5:-0.001, prey_0:-0.001, predator_4:-0.001} | info_preview={}
2025-11-23 03:29:06,370 [DEBUG] PredPreyGrassEnv.env-7d764eb7: event=StepBegin | env_id=env-7d764eb7 | step=174 | incoming_actions=['prey_1', 'prey_3', 'prey_5', 'prey_0', 'prey_18', ...] | active_agents=24 | current_step=174
2025-11-23 03:29:06,379 [DEBUG] PredPreyGrassEnv.env-7d764eb7: event=StepSummary | env_id=env-7d764eb7 | step=174 | current_step=174 | terminated_agents=[] | truncated_agents=[] | remaining_agents=24 | reward_preview={prey_1:-0.001, prey_3:-0.001, prey_5:-0.001, prey_0:-0.001, predator_4:-0.001} | info_preview={}
2025-11-23 03:29:06,408 [DEBUG] PredPreyGrassEnv.env-7d764eb7: event=StepBegin | env_id=env-7d764eb7 | step=175 | incoming_actions=['prey_1', 'prey_3', 'prey_5', 'prey_0', 'prey_18', ...] | active_agents=24 | current_step=175
2025-11-23 03:29:06,417 [DEBUG] PredPreyGrassEnv.env-7d764eb7: event=StepSummary | env_id=env-7d764eb7 | step=175 | current_step=175 | terminated_agents=[] | truncated_agents=[] | remaining_agents=24 | reward_preview={prey_1:-0.001, prey_3:-0.001, prey_5:-0.001, prey_0:-0.001, predator_4:-0.001} | info_preview={}
2025-11-23 03:29:06,443 [DEBUG] PredPreyGrassEnv.env-7d764eb7: event=StepBegin | env_id=env-7d764eb7 | step=176 | incoming_actions=['prey_1', 'prey_3', 'prey_5', 'prey_0', 'prey_18', ...] | active_agents=24 | current_step=176
2025-11-23 03:29:06,452 [DEBUG] PredPreyGrassEnv.env-7d764eb7: event=StepSummary | env_id=env-7d764eb7 | step=176 | current_step=176 | terminated_agents=[] | truncated_agents=[] | remaining_agents=24 | reward_preview={prey_1:-0.001, prey_3:-0.001, prey_5:-0.001, prey_0:-0.001, predator_4:-0.001} | info_preview={}
2025-11-23 03:29:06,479 [DEBUG] PredPreyGrassEnv.env-7d764eb7: event=StepBegin | env_id=env-7d764eb7 | step=177 | incoming_actions=['prey_1', 'prey_3', 'prey_5', 'prey_0', 'prey_18', ...] | active_agents=24 | current_step=177
2025-11-23 03:29:06,482 [DEBUG] PredPreyGrassEnv.env-7d764eb7: event=PreyAteGrass | env_id=env-7d764eb7 | step=177 | prey='prey_1' | grass='grass_64' | prey_position=[510.4720477883706, 567.6218055898448] | grass_energy=10.0 | energy_gained=9.0 | prey_energy=155.41758815204886
2025-11-23 03:29:06,488 [DEBUG] PredPreyGrassEnv.env-7d764eb7: event=StepSummary | env_id=env-7d764eb7 | step=177 | current_step=177 | terminated_agents=[] | truncated_agents=[] | remaining_agents=24 | reward_preview={prey_1:1.0, prey_3:-0.001, prey_5:-0.001, prey_0:-0.001, predator_4:-0.001} | info_preview={}
2025-11-23 03:29:06,507 [DEBUG] PredPreyGrassEnv.env-7d764eb7: event=StepBegin | env_id=env-7d764eb7 | step=178 | incoming_actions=['prey_1', 'prey_3', 'prey_5', 'prey_0', 'prey_18', ...] | active_agents=24 | current_step=178
2025-11-23 03:29:06,512 [DEBUG] PredPreyGrassEnv.env-7d764eb7: event=PreyAteGrass | env_id=env-7d764eb7 | step=178 | prey='prey_8' | grass='grass_39' | prey_position=[53.57896100560164, 490.80941480554] | grass_energy=10.0 | energy_gained=9.0 | prey_energy=127.63291339690407
2025-11-23 03:29:06,512 [DEBUG] PredPreyGrassEnv.env-7d764eb7: event=StepSummary | env_id=env-7d764eb7 | step=178 | current_step=178 | terminated_agents=[] | truncated_agents=[] | remaining_agents=24 | reward_preview={prey_1:-0.001, prey_3:-0.001, prey_5:-0.001, prey_0:-0.001, predator_4:-0.001} | info_preview={}
2025-11-23 03:29:06,523 [DEBUG] PredPreyGrassEnv.env-7d764eb7: event=StepBegin | env_id=env-7d764eb7 | step=179 | incoming_actions=['prey_1', 'prey_3', 'prey_5', 'prey_0', 'prey_18', ...] | active_agents=24 | current_step=179
2025-11-23 03:29:06,527 [DEBUG] PredPreyGrassEnv.env-7d764eb7: event=StepSummary | env_id=env-7d764eb7 | step=179 | current_step=179 | terminated_agents=[] | truncated_agents=[] | remaining_agents=24 | reward_preview={prey_1:-0.001, prey_3:-0.001, prey_5:-0.001, prey_0:-0.001, predator_4:-0.001} | info_preview={}
2025-11-23 03:29:06,537 [DEBUG] PredPreyGrassEnv.env-7d764eb7: event=StepBegin | env_id=env-7d764eb7 | step=180 | incoming_actions=['prey_1', 'prey_3', 'prey_5', 'prey_0', 'prey_18', ...] | active_agents=24 | current_step=180
2025-11-23 03:29:06,541 [DEBUG] PredPreyGrassEnv.env-7d764eb7: event=StepSummary | env_id=env-7d764eb7 | step=180 | current_step=180 | terminated_agents=[] | truncated_agents=[] | remaining_agents=24 | reward_preview={prey_1:-0.001, prey_3:-0.001, prey_5:-0.001, prey_0:-0.001, predator_4:-0.001} | info_preview={}
2025-11-23 03:29:06,553 [DEBUG] PredPreyGrassEnv.env-7d764eb7: event=StepBegin | env_id=env-7d764eb7 | step=181 | incoming_actions=['prey_1', 'prey_3', 'prey_5', 'prey_0', 'prey_18', ...] | active_agents=24 | current_step=181
2025-11-23 03:29:06,557 [DEBUG] PredPreyGrassEnv.env-7d764eb7: event=StepSummary | env_id=env-7d764eb7 | step=181 | current_step=181 | terminated_agents=[] | truncated_agents=[] | remaining_agents=24 | reward_preview={prey_1:-0.001, prey_3:-0.001, prey_5:-0.001, prey_0:-0.001, predator_4:-0.001} | info_preview={}
2025-11-23 03:29:06,571 [DEBUG] PredPreyGrassEnv.env-7d764eb7: event=StepBegin | env_id=env-7d764eb7 | step=182 | incoming_actions=['prey_1', 'prey_3', 'prey_5', 'prey_0', 'prey_18', ...] | active_agents=24 | current_step=182
2025-11-23 03:29:06,575 [DEBUG] PredPreyGrassEnv.env-7d764eb7: event=StepSummary | env_id=env-7d764eb7 | step=182 | current_step=182 | terminated_agents=[] | truncated_agents=[] | remaining_agents=24 | reward_preview={prey_1:-0.001, prey_3:-0.001, prey_5:-0.001, prey_0:-0.001, predator_4:-0.001} | info_preview={}
2025-11-23 03:29:06,586 [DEBUG] PredPreyGrassEnv.env-7d764eb7: event=StepBegin | env_id=env-7d764eb7 | step=183 | incoming_actions=['prey_1', 'prey_3', 'prey_5', 'prey_0', 'prey_18', ...] | active_agents=24 | current_step=183
2025-11-23 03:29:06,589 [DEBUG] PredPreyGrassEnv.env-7d764eb7: event=StepSummary | env_id=env-7d764eb7 | step=183 | current_step=183 | terminated_agents=[] | truncated_agents=[] | remaining_agents=24 | reward_preview={prey_1:-0.001, prey_3:-0.001, prey_5:-0.001, prey_0:-0.001, predator_4:-0.001} | info_preview={}
2025-11-23 03:29:06,600 [DEBUG] PredPreyGrassEnv.env-7d764eb7: event=StepBegin | env_id=env-7d764eb7 | step=184 | incoming_actions=['prey_1', 'prey_3', 'prey_5', 'prey_0', 'prey_18', ...] | active_agents=24 | current_step=184
2025-11-23 03:29:06,603 [DEBUG] PredPreyGrassEnv.env-7d764eb7: event=StepSummary | env_id=env-7d764eb7 | step=184 | current_step=184 | terminated_agents=[] | truncated_agents=[] | remaining_agents=24 | reward_preview={prey_1:-0.001, prey_3:-0.001, prey_5:-0.001, prey_0:-0.001, predator_4:-0.001} | info_preview={}
2025-11-23 03:29:06,614 [DEBUG] PredPreyGrassEnv.env-7d764eb7: event=StepBegin | env_id=env-7d764eb7 | step=185 | incoming_actions=['prey_1', 'prey_3', 'prey_5', 'prey_0', 'prey_18', ...] | active_agents=24 | current_step=185
2025-11-23 03:29:06,618 [DEBUG] PredPreyGrassEnv.env-7d764eb7: event=StepSummary | env_id=env-7d764eb7 | step=185 | current_step=185 | terminated_agents=[] | truncated_agents=[] | remaining_agents=24 | reward_preview={prey_1:-0.001, prey_3:-0.001, prey_5:-0.001, prey_0:-0.001, predator_4:-0.001} | info_preview={}
2025-11-23 03:29:06,628 [DEBUG] PredPreyGrassEnv.env-7d764eb7: event=StepBegin | env_id=env-7d764eb7 | step=186 | incoming_actions=['prey_1', 'prey_3', 'prey_5', 'prey_0', 'prey_18', ...] | active_agents=24 | current_step=186
2025-11-23 03:29:06,632 [DEBUG] PredPreyGrassEnv.env-7d764eb7: event=StepSummary | env_id=env-7d764eb7 | step=186 | current_step=186 | terminated_agents=[] | truncated_agents=[] | remaining_agents=24 | reward_preview={prey_1:-0.001, prey_3:-0.001, prey_5:-0.001, prey_0:-0.001, predator_4:-0.001} | info_preview={}
2025-11-23 03:29:06,642 [DEBUG] PredPreyGrassEnv.env-7d764eb7: event=StepBegin | env_id=env-7d764eb7 | step=187 | incoming_actions=['prey_1', 'prey_3', 'prey_5', 'prey_0', 'prey_18', ...] | active_agents=24 | current_step=187
2025-11-23 03:29:06,646 [DEBUG] PredPreyGrassEnv.env-7d764eb7: event=StepSummary | env_id=env-7d764eb7 | step=187 | current_step=187 | terminated_agents=[] | truncated_agents=[] | remaining_agents=24 | reward_preview={prey_1:-0.001, prey_3:-0.001, prey_5:-0.001, prey_0:-0.001, predator_4:-0.001} | info_preview={}
2025-11-23 03:29:06,656 [DEBUG] PredPreyGrassEnv.env-7d764eb7: event=StepBegin | env_id=env-7d764eb7 | step=188 | incoming_actions=['prey_1', 'prey_3', 'prey_5', 'prey_0', 'prey_18', ...] | active_agents=24 | current_step=188
2025-11-23 03:29:06,660 [DEBUG] PredPreyGrassEnv.env-7d764eb7: event=StepSummary | env_id=env-7d764eb7 | step=188 | current_step=188 | terminated_agents=[] | truncated_agents=[] | remaining_agents=24 | reward_preview={prey_1:-0.001, prey_3:-0.001, prey_5:-0.001, prey_0:-0.001, predator_4:-0.001} | info_preview={}
2025-11-23 03:29:06,671 [DEBUG] PredPreyGrassEnv.env-7d764eb7: event=StepBegin | env_id=env-7d764eb7 | step=189 | incoming_actions=['prey_1', 'prey_3', 'prey_5', 'prey_0', 'prey_18', ...] | active_agents=24 | current_step=189
2025-11-23 03:29:06,674 [DEBUG] PredPreyGrassEnv.env-7d764eb7: event=StepSummary | env_id=env-7d764eb7 | step=189 | current_step=189 | terminated_agents=[] | truncated_agents=[] | remaining_agents=24 | reward_preview={prey_1:-0.001, prey_3:-0.001, prey_5:-0.001, prey_0:-0.001, predator_4:-0.001} | info_preview={}
2025-11-23 03:29:06,685 [DEBUG] PredPreyGrassEnv.env-7d764eb7: event=StepBegin | env_id=env-7d764eb7 | step=190 | incoming_actions=['prey_1', 'prey_3', 'prey_5', 'prey_0', 'prey_18', ...] | active_agents=24 | current_step=190
2025-11-23 03:29:06,688 [DEBUG] PredPreyGrassEnv.env-7d764eb7: event=StepSummary | env_id=env-7d764eb7 | step=190 | current_step=190 | terminated_agents=[] | truncated_agents=[] | remaining_agents=24 | reward_preview={prey_1:-0.001, prey_3:-0.001, prey_5:-0.001, prey_0:-0.001, predator_4:-0.001} | info_preview={}
2025-11-23 03:29:06,699 [DEBUG] PredPreyGrassEnv.env-7d764eb7: event=StepBegin | env_id=env-7d764eb7 | step=191 | incoming_actions=['prey_1', 'prey_3', 'prey_5', 'prey_0', 'prey_18', ...] | active_agents=24 | current_step=191
2025-11-23 03:29:06,701 [DEBUG] PredPreyGrassEnv.env-7d764eb7: event=PreyAteGrass | env_id=env-7d764eb7 | step=191 | prey='prey_15' | grass='grass_49' | prey_position=[28.056584171038313, 548.6761462591232] | grass_energy=10.0 | energy_gained=9.0 | prey_energy=131.29521252991924
2025-11-23 03:29:06,703 [DEBUG] PredPreyGrassEnv.env-7d764eb7: event=StepSummary | env_id=env-7d764eb7 | step=191 | current_step=191 | terminated_agents=[] | truncated_agents=[] | remaining_agents=24 | reward_preview={prey_1:-0.001, prey_3:-0.001, prey_5:-0.001, prey_0:-0.001, predator_4:-0.001} | info_preview={}
2025-11-23 03:29:06,713 [DEBUG] PredPreyGrassEnv.env-7d764eb7: event=StepBegin | env_id=env-7d764eb7 | step=192 | incoming_actions=['prey_1', 'prey_3', 'prey_5', 'prey_0', 'prey_18', ...] | active_agents=24 | current_step=192
2025-11-23 03:29:06,717 [DEBUG] PredPreyGrassEnv.env-7d764eb7: event=StepSummary | env_id=env-7d764eb7 | step=192 | current_step=192 | terminated_agents=[] | truncated_agents=[] | remaining_agents=24 | reward_preview={prey_1:-0.001, prey_3:-0.001, prey_5:-0.001, prey_0:-0.001, predator_4:-0.001} | info_preview={}
2025-11-23 03:29:06,727 [DEBUG] PredPreyGrassEnv.env-7d764eb7: event=StepBegin | env_id=env-7d764eb7 | step=193 | incoming_actions=['prey_1', 'prey_3', 'prey_5', 'prey_0', 'prey_18', ...] | active_agents=24 | current_step=193
2025-11-23 03:29:06,731 [DEBUG] PredPreyGrassEnv.env-7d764eb7: event=StepSummary | env_id=env-7d764eb7 | step=193 | current_step=193 | terminated_agents=[] | truncated_agents=[] | remaining_agents=24 | reward_preview={prey_1:-0.001, prey_3:-0.001, prey_5:-0.001, prey_0:-0.001, predator_4:-0.001} | info_preview={}
2025-11-23 03:29:06,741 [DEBUG] PredPreyGrassEnv.env-7d764eb7: event=StepBegin | env_id=env-7d764eb7 | step=194 | incoming_actions=['prey_1', 'prey_3', 'prey_5', 'prey_0', 'prey_18', ...] | active_agents=24 | current_step=194
2025-11-23 03:29:06,745 [DEBUG] PredPreyGrassEnv.env-7d764eb7: event=StepSummary | env_id=env-7d764eb7 | step=194 | current_step=194 | terminated_agents=[] | truncated_agents=[] | remaining_agents=24 | reward_preview={prey_1:-0.001, prey_3:-0.001, prey_5:-0.001, prey_0:-0.001, predator_4:-0.001} | info_preview={}
2025-11-23 03:29:06,756 [DEBUG] PredPreyGrassEnv.env-7d764eb7: event=StepBegin | env_id=env-7d764eb7 | step=195 | incoming_actions=['prey_1', 'prey_3', 'prey_5', 'prey_0', 'prey_18', ...] | active_agents=24 | current_step=195
2025-11-23 03:29:06,759 [DEBUG] PredPreyGrassEnv.env-7d764eb7: event=StepSummary | env_id=env-7d764eb7 | step=195 | current_step=195 | terminated_agents=[] | truncated_agents=[] | remaining_agents=24 | reward_preview={prey_1:-0.001, prey_3:-0.001, prey_5:-0.001, prey_0:-0.001, predator_4:-0.001} | info_preview={}
2025-11-23 03:29:06,770 [DEBUG] PredPreyGrassEnv.env-7d764eb7: event=StepBegin | env_id=env-7d764eb7 | step=196 | incoming_actions=['prey_1', 'prey_3', 'prey_5', 'prey_0', 'prey_18', ...] | active_agents=24 | current_step=196
2025-11-23 03:29:06,774 [DEBUG] PredPreyGrassEnv.env-7d764eb7: event=StepSummary | env_id=env-7d764eb7 | step=196 | current_step=196 | terminated_agents=[] | truncated_agents=[] | remaining_agents=24 | reward_preview={prey_1:-0.001, prey_3:-0.001, prey_5:-0.001, prey_0:-0.001, predator_4:-0.001} | info_preview={}
2025-11-23 03:29:06,784 [DEBUG] PredPreyGrassEnv.env-7d764eb7: event=StepBegin | env_id=env-7d764eb7 | step=197 | incoming_actions=['prey_1', 'prey_3', 'prey_5', 'prey_0', 'prey_18', ...] | active_agents=24 | current_step=197
2025-11-23 03:29:06,788 [DEBUG] PredPreyGrassEnv.env-7d764eb7: event=StepSummary | env_id=env-7d764eb7 | step=197 | current_step=197 | terminated_agents=[] | truncated_agents=[] | remaining_agents=24 | reward_preview={prey_1:-0.001, prey_3:-0.001, prey_5:-0.001, prey_0:-0.001, predator_4:-0.001} | info_preview={}
2025-11-23 03:29:06,798 [DEBUG] PredPreyGrassEnv.env-7d764eb7: event=StepBegin | env_id=env-7d764eb7 | step=198 | incoming_actions=['prey_1', 'prey_3', 'prey_5', 'prey_0', 'prey_18', ...] | active_agents=24 | current_step=198
2025-11-23 03:29:06,802 [DEBUG] PredPreyGrassEnv.env-7d764eb7: event=StepSummary | env_id=env-7d764eb7 | step=198 | current_step=198 | terminated_agents=[] | truncated_agents=[] | remaining_agents=24 | reward_preview={prey_1:-0.001, prey_3:-0.001, prey_5:-0.001, prey_0:-0.001, predator_4:-0.001} | info_preview={}
2025-11-23 03:29:06,812 [DEBUG] PredPreyGrassEnv.env-7d764eb7: event=StepBegin | env_id=env-7d764eb7 | step=199 | incoming_actions=['prey_1', 'prey_3', 'prey_5', 'prey_0', 'prey_18', ...] | active_agents=24 | current_step=199
2025-11-23 03:29:06,816 [DEBUG] PredPreyGrassEnv.env-7d764eb7: event=StepSummary | env_id=env-7d764eb7 | step=199 | current_step=199 | terminated_agents=[] | truncated_agents=[] | remaining_agents=24 | reward_preview={prey_1:-0.001, prey_3:-0.001, prey_5:-0.001, prey_0:-0.001, predator_4:-0.001} | info_preview={}
2025-11-23 03:29:06,827 [DEBUG] PredPreyGrassEnv.env-7d764eb7: event=StepBegin | env_id=env-7d764eb7 | step=200 | incoming_actions=['prey_1', 'prey_3', 'prey_5', 'prey_0', 'prey_18', ...] | active_agents=24 | current_step=200
2025-11-23 03:29:06,830 [DEBUG] PredPreyGrassEnv.env-7d764eb7: event=StepSummary | env_id=env-7d764eb7 | step=200 | current_step=200 | terminated_agents=[] | truncated_agents=[] | remaining_agents=24 | reward_preview={prey_1:-0.001, prey_3:-0.001, prey_5:-0.001, prey_0:-0.001, predator_4:-0.001} | info_preview={}
2025-11-23 03:29:06,841 [DEBUG] PredPreyGrassEnv.env-7d764eb7: event=StepBegin | env_id=env-7d764eb7 | step=201 | incoming_actions=['prey_1', 'prey_3', 'prey_5', 'prey_0', 'prey_18', ...] | active_agents=24 | current_step=201
2025-11-23 03:29:06,845 [DEBUG] PredPreyGrassEnv.env-7d764eb7: event=StepSummary | env_id=env-7d764eb7 | step=201 | current_step=201 | terminated_agents=[] | truncated_agents=[] | remaining_agents=24 | reward_preview={prey_1:-0.001, prey_3:-0.001, prey_5:-0.001, prey_0:-0.001, predator_4:-0.001} | info_preview={}
2025-11-23 03:29:06,855 [DEBUG] PredPreyGrassEnv.env-7d764eb7: event=StepBegin | env_id=env-7d764eb7 | step=202 | incoming_actions=['prey_1', 'prey_3', 'prey_5', 'prey_0', 'prey_18', ...] | active_agents=24 | current_step=202
2025-11-23 03:29:06,859 [DEBUG] PredPreyGrassEnv.env-7d764eb7: event=StepSummary | env_id=env-7d764eb7 | step=202 | current_step=202 | terminated_agents=[] | truncated_agents=[] | remaining_agents=24 | reward_preview={prey_1:-0.001, prey_3:-0.001, prey_5:-0.001, prey_0:-0.001, predator_4:-0.001} | info_preview={}
2025-11-23 03:29:06,869 [DEBUG] PredPreyGrassEnv.env-7d764eb7: event=StepBegin | env_id=env-7d764eb7 | step=203 | incoming_actions=['prey_1', 'prey_3', 'prey_5', 'prey_0', 'prey_18', ...] | active_agents=24 | current_step=203
2025-11-23 03:29:06,873 [DEBUG] PredPreyGrassEnv.env-7d764eb7: event=StepSummary | env_id=env-7d764eb7 | step=203 | current_step=203 | terminated_agents=[] | truncated_agents=[] | remaining_agents=24 | reward_preview={prey_1:-0.001, prey_3:-0.001, prey_5:-0.001, prey_0:-0.001, predator_4:-0.001} | info_preview={}
2025-11-23 03:29:06,884 [DEBUG] PredPreyGrassEnv.env-7d764eb7: event=StepBegin | env_id=env-7d764eb7 | step=204 | incoming_actions=['prey_1', 'prey_3', 'prey_5', 'prey_0', 'prey_18', ...] | active_agents=24 | current_step=204
2025-11-23 03:29:06,887 [DEBUG] PredPreyGrassEnv.env-7d764eb7: event=PreyAteGrass | env_id=env-7d764eb7 | step=204 | prey='prey_8' | grass='grass_67' | prey_position=[74.46256788764833, 430.2802416293721] | grass_energy=10.0 | energy_gained=9.0 | prey_energy=128.61186647189015
2025-11-23 03:29:06,888 [DEBUG] PredPreyGrassEnv.env-7d764eb7: event=StepSummary | env_id=env-7d764eb7 | step=204 | current_step=204 | terminated_agents=[] | truncated_agents=[] | remaining_agents=24 | reward_preview={prey_1:-0.001, prey_3:-0.001, prey_5:-0.001, prey_0:-0.001, predator_4:-0.001} | info_preview={}
2025-11-23 03:29:06,898 [DEBUG] PredPreyGrassEnv.env-7d764eb7: event=StepBegin | env_id=env-7d764eb7 | step=205 | incoming_actions=['prey_1', 'prey_3', 'prey_5', 'prey_0', 'prey_18', ...] | active_agents=24 | current_step=205
2025-11-23 03:29:06,902 [DEBUG] PredPreyGrassEnv.env-7d764eb7: event=StepSummary | env_id=env-7d764eb7 | step=205 | current_step=205 | terminated_agents=[] | truncated_agents=[] | remaining_agents=24 | reward_preview={prey_1:-0.001, prey_3:-0.001, prey_5:-0.001, prey_0:-0.001, predator_4:-0.001} | info_preview={}
2025-11-23 03:29:06,912 [DEBUG] PredPreyGrassEnv.env-7d764eb7: event=StepBegin | env_id=env-7d764eb7 | step=206 | incoming_actions=['prey_1', 'prey_3', 'prey_5', 'prey_0', 'prey_18', ...] | active_agents=24 | current_step=206
2025-11-23 03:29:06,916 [DEBUG] PredPreyGrassEnv.env-7d764eb7: event=StepSummary | env_id=env-7d764eb7 | step=206 | current_step=206 | terminated_agents=[] | truncated_agents=[] | remaining_agents=24 | reward_preview={prey_1:-0.001, prey_3:-0.001, prey_5:-0.001, prey_0:-0.001, predator_4:-0.001} | info_preview={}
2025-11-23 03:29:06,927 [DEBUG] PredPreyGrassEnv.env-7d764eb7: event=StepBegin | env_id=env-7d764eb7 | step=207 | incoming_actions=['prey_1', 'prey_3', 'prey_5', 'prey_0', 'prey_18', ...] | active_agents=24 | current_step=207
2025-11-23 03:29:06,930 [DEBUG] PredPreyGrassEnv.env-7d764eb7: event=StepSummary | env_id=env-7d764eb7 | step=207 | current_step=207 | terminated_agents=[] | truncated_agents=[] | remaining_agents=24 | reward_preview={prey_1:-0.001, prey_3:-0.001, prey_5:-0.001, prey_0:-0.001, predator_4:-0.001} | info_preview={}
2025-11-23 03:29:06,941 [DEBUG] PredPreyGrassEnv.env-7d764eb7: event=StepBegin | env_id=env-7d764eb7 | step=208 | incoming_actions=['prey_1', 'prey_3', 'prey_5', 'prey_0', 'prey_18', ...] | active_agents=24 | current_step=208
2025-11-23 03:29:06,944 [DEBUG] PredPreyGrassEnv.env-7d764eb7: event=StepSummary | env_id=env-7d764eb7 | step=208 | current_step=208 | terminated_agents=[] | truncated_agents=[] | remaining_agents=24 | reward_preview={prey_1:-0.001, prey_3:-0.001, prey_5:-0.001, prey_0:-0.001, predator_4:-0.001} | info_preview={}
2025-11-23 03:29:06,955 [DEBUG] PredPreyGrassEnv.env-7d764eb7: event=StepBegin | env_id=env-7d764eb7 | step=209 | incoming_actions=['prey_1', 'prey_3', 'prey_5', 'prey_0', 'prey_18', ...] | active_agents=24 | current_step=209
2025-11-23 03:29:06,959 [DEBUG] PredPreyGrassEnv.env-7d764eb7: event=StepSummary | env_id=env-7d764eb7 | step=209 | current_step=209 | terminated_agents=[] | truncated_agents=[] | remaining_agents=24 | reward_preview={prey_1:-0.001, prey_3:-0.001, prey_5:-0.001, prey_0:-0.001, predator_4:-0.001} | info_preview={}
2025-11-23 03:29:06,969 [DEBUG] PredPreyGrassEnv.env-7d764eb7: event=StepBegin | env_id=env-7d764eb7 | step=210 | incoming_actions=['prey_1', 'prey_3', 'prey_5', 'prey_0', 'prey_18', ...] | active_agents=24 | current_step=210
2025-11-23 03:29:06,973 [DEBUG] PredPreyGrassEnv.env-7d764eb7: event=StepSummary | env_id=env-7d764eb7 | step=210 | current_step=210 | terminated_agents=[] | truncated_agents=[] | remaining_agents=24 | reward_preview={prey_1:-0.001, prey_3:-0.001, prey_5:-0.001, prey_0:-0.001, predator_4:-0.001} | info_preview={}
2025-11-23 03:29:06,983 [DEBUG] PredPreyGrassEnv.env-7d764eb7: event=StepBegin | env_id=env-7d764eb7 | step=211 | incoming_actions=['prey_1', 'prey_3', 'prey_5', 'prey_0', 'prey_18', ...] | active_agents=24 | current_step=211
2025-11-23 03:29:06,987 [DEBUG] PredPreyGrassEnv.env-7d764eb7: event=StepSummary | env_id=env-7d764eb7 | step=211 | current_step=211 | terminated_agents=[] | truncated_agents=[] | remaining_agents=24 | reward_preview={prey_1:-0.001, prey_3:-0.001, prey_5:-0.001, prey_0:-0.001, predator_4:-0.001} | info_preview={}
2025-11-23 03:29:06,997 [DEBUG] PredPreyGrassEnv.env-7d764eb7: event=StepBegin | env_id=env-7d764eb7 | step=212 | incoming_actions=['prey_1', 'prey_3', 'prey_5', 'prey_0', 'prey_18', ...] | active_agents=24 | current_step=212
2025-11-23 03:29:07,001 [DEBUG] PredPreyGrassEnv.env-7d764eb7: event=StepSummary | env_id=env-7d764eb7 | step=212 | current_step=212 | terminated_agents=[] | truncated_agents=[] | remaining_agents=24 | reward_preview={prey_1:-0.001, prey_3:-0.001, prey_5:-0.001, prey_0:-0.001, predator_4:-0.001} | info_preview={}
2025-11-23 03:29:07,011 [DEBUG] PredPreyGrassEnv.env-7d764eb7: event=StepBegin | env_id=env-7d764eb7 | step=213 | incoming_actions=['prey_1', 'prey_3', 'prey_5', 'prey_0', 'prey_18', ...] | active_agents=24 | current_step=213
2025-11-23 03:29:07,012 [DEBUG] PredPreyGrassEnv.env-7d764eb7: event=CollisionBatch | env_id=env-7d764eb7 | step=213 | collisions=[['predator_catch_prey', 'predator_0', 'prey_15']]
2025-11-23 03:29:07,013 [DEBUG] PredPreyGrassEnv.env-7d764eb7: event=AgentEnergyDepleted | env_id=env-7d764eb7 | step=213 | agent='prey_15' | position=[22.602205611793433, 547.9038537494091] | energy=0
2025-11-23 03:29:07,015 [DEBUG] PredPreyGrassEnv.env-7d764eb7: event=AgentRemovedFromActiveList | env_id=env-7d764eb7 | step=213 | agent='prey_15' | remaining_agents=23
2025-11-23 03:29:07,015 [DEBUG] PredPreyGrassEnv.env-7d764eb7: event=StepSummary | env_id=env-7d764eb7 | step=213 | current_step=213 | terminated_agents=['prey_15'] | truncated_agents=[] | remaining_agents=23 | reward_preview={prey_1:-0.001, prey_3:-0.001, prey_5:-0.001, prey_0:-0.001, predator_4:-0.001} | info_preview={}
2025-11-23 03:29:07,025 [DEBUG] PredPreyGrassEnv.env-7d764eb7: event=StepBegin | env_id=env-7d764eb7 | step=214 | incoming_actions=['prey_1', 'prey_3', 'prey_5', 'prey_0', 'prey_18', ...] | active_agents=23 | current_step=214
2025-11-23 03:29:07,029 [DEBUG] PredPreyGrassEnv.env-7d764eb7: event=StepSummary | env_id=env-7d764eb7 | step=214 | current_step=214 | terminated_agents=[] | truncated_agents=[] | remaining_agents=23 | reward_preview={prey_1:-0.001, prey_3:-0.001, prey_5:-0.001, prey_0:-0.001, predator_4:-0.001} | info_preview={}
2025-11-23 03:29:07,039 [DEBUG] PredPreyGrassEnv.env-7d764eb7: event=StepBegin | env_id=env-7d764eb7 | step=215 | incoming_actions=['prey_1', 'prey_3', 'prey_5', 'prey_0', 'prey_18', ...] | active_agents=23 | current_step=215
2025-11-23 03:29:07,043 [DEBUG] PredPreyGrassEnv.env-7d764eb7: event=StepSummary | env_id=env-7d764eb7 | step=215 | current_step=215 | terminated_agents=[] | truncated_agents=[] | remaining_agents=23 | reward_preview={prey_1:-0.001, prey_3:-0.001, prey_5:-0.001, prey_0:-0.001, predator_4:-0.001} | info_preview={}
2025-11-23 03:29:07,053 [DEBUG] PredPreyGrassEnv.env-7d764eb7: event=StepBegin | env_id=env-7d764eb7 | step=216 | incoming_actions=['prey_1', 'prey_3', 'prey_5', 'prey_0', 'prey_18', ...] | active_agents=23 | current_step=216
2025-11-23 03:29:07,056 [DEBUG] PredPreyGrassEnv.env-7d764eb7: event=StepSummary | env_id=env-7d764eb7 | step=216 | current_step=216 | terminated_agents=[] | truncated_agents=[] | remaining_agents=23 | reward_preview={prey_1:-0.001, prey_3:-0.001, prey_5:-0.001, prey_0:-0.001, predator_4:-0.001} | info_preview={}
2025-11-23 03:29:07,067 [DEBUG] PredPreyGrassEnv.env-7d764eb7: event=StepBegin | env_id=env-7d764eb7 | step=217 | incoming_actions=['prey_1', 'prey_3', 'prey_5', 'prey_0', 'prey_18', ...] | active_agents=23 | current_step=217
2025-11-23 03:29:07,071 [DEBUG] PredPreyGrassEnv.env-7d764eb7: event=StepSummary | env_id=env-7d764eb7 | step=217 | current_step=217 | terminated_agents=[] | truncated_agents=[] | remaining_agents=23 | reward_preview={prey_1:-0.001, prey_3:-0.001, prey_5:-0.001, prey_0:-0.001, predator_4:-0.001} | info_preview={}
2025-11-23 03:29:07,081 [DEBUG] PredPreyGrassEnv.env-7d764eb7: event=StepBegin | env_id=env-7d764eb7 | step=218 | incoming_actions=['prey_1', 'prey_3', 'prey_5', 'prey_0', 'prey_18', ...] | active_agents=23 | current_step=218
2025-11-23 03:29:07,085 [DEBUG] PredPreyGrassEnv.env-7d764eb7: event=StepSummary | env_id=env-7d764eb7 | step=218 | current_step=218 | terminated_agents=[] | truncated_agents=[] | remaining_agents=23 | reward_preview={prey_1:-0.001, prey_3:-0.001, prey_5:-0.001, prey_0:-0.001, predator_4:-0.001} | info_preview={}
2025-11-23 03:29:07,095 [DEBUG] PredPreyGrassEnv.env-7d764eb7: event=StepBegin | env_id=env-7d764eb7 | step=219 | incoming_actions=['prey_1', 'prey_3', 'prey_5', 'prey_0', 'prey_18', ...] | active_agents=23 | current_step=219
2025-11-23 03:29:07,099 [DEBUG] PredPreyGrassEnv.env-7d764eb7: event=StepSummary | env_id=env-7d764eb7 | step=219 | current_step=219 | terminated_agents=[] | truncated_agents=[] | remaining_agents=23 | reward_preview={prey_1:-0.001, prey_3:-0.001, prey_5:-0.001, prey_0:-0.001, predator_4:-0.001} | info_preview={}
2025-11-23 03:29:07,109 [DEBUG] PredPreyGrassEnv.env-7d764eb7: event=StepBegin | env_id=env-7d764eb7 | step=220 | incoming_actions=['prey_1', 'prey_3', 'prey_5', 'prey_0', 'prey_18', ...] | active_agents=23 | current_step=220
2025-11-23 03:29:07,113 [DEBUG] PredPreyGrassEnv.env-7d764eb7: event=StepSummary | env_id=env-7d764eb7 | step=220 | current_step=220 | terminated_agents=[] | truncated_agents=[] | remaining_agents=23 | reward_preview={prey_1:-0.001, prey_3:-0.001, prey_5:-0.001, prey_0:-0.001, predator_4:-0.001} | info_preview={}
2025-11-23 03:29:07,124 [DEBUG] PredPreyGrassEnv.env-7d764eb7: event=StepBegin | env_id=env-7d764eb7 | step=221 | incoming_actions=['prey_1', 'prey_3', 'prey_5', 'prey_0', 'prey_18', ...] | active_agents=23 | current_step=221
2025-11-23 03:29:07,127 [DEBUG] PredPreyGrassEnv.env-7d764eb7: event=StepSummary | env_id=env-7d764eb7 | step=221 | current_step=221 | terminated_agents=[] | truncated_agents=[] | remaining_agents=23 | reward_preview={prey_1:-0.001, prey_3:-0.001, prey_5:-0.001, prey_0:-0.001, predator_4:-0.001} | info_preview={}
2025-11-23 03:29:07,138 [DEBUG] PredPreyGrassEnv.env-7d764eb7: event=StepBegin | env_id=env-7d764eb7 | step=222 | incoming_actions=['prey_1', 'prey_3', 'prey_5', 'prey_0', 'prey_18', ...] | active_agents=23 | current_step=222
2025-11-23 03:29:07,141 [DEBUG] PredPreyGrassEnv.env-7d764eb7: event=PreyAteGrass | env_id=env-7d764eb7 | step=222 | prey='prey_4' | grass='grass_90' | prey_position=[646.5740142995979, 653.1517027521776] | grass_energy=10.0 | energy_gained=9.0 | prey_energy=123.45413597166367
2025-11-23 03:29:07,142 [DEBUG] PredPreyGrassEnv.env-7d764eb7: event=PreyAteGrass | env_id=env-7d764eb7 | step=222 | prey='prey_8' | grass='grass_10' | prey_position=[99.22252861838577, 386.7463796436891] | grass_energy=10.0 | energy_gained=9.0 | prey_energy=131.3453000404686
2025-11-23 03:29:07,142 [DEBUG] PredPreyGrassEnv.env-7d764eb7: event=StepSummary | env_id=env-7d764eb7 | step=222 | current_step=222 | terminated_agents=[] | truncated_agents=[] | remaining_agents=23 | reward_preview={prey_1:-0.001, prey_3:-0.001, prey_5:-0.001, prey_0:-0.001, predator_4:-0.001} | info_preview={}
2025-11-23 03:29:07,152 [DEBUG] PredPreyGrassEnv.env-7d764eb7: event=StepBegin | env_id=env-7d764eb7 | step=223 | incoming_actions=['prey_1', 'prey_3', 'prey_5', 'prey_0', 'prey_18', ...] | active_agents=23 | current_step=223
2025-11-23 03:29:07,156 [DEBUG] PredPreyGrassEnv.env-7d764eb7: event=StepSummary | env_id=env-7d764eb7 | step=223 | current_step=223 | terminated_agents=[] | truncated_agents=[] | remaining_agents=23 | reward_preview={prey_1:-0.001, prey_3:-0.001, prey_5:-0.001, prey_0:-0.001, predator_4:-0.001} | info_preview={}
2025-11-23 03:29:07,167 [DEBUG] PredPreyGrassEnv.env-7d764eb7: event=StepBegin | env_id=env-7d764eb7 | step=224 | incoming_actions=['prey_1', 'prey_3', 'prey_5', 'prey_0', 'prey_18', ...] | active_agents=23 | current_step=224
2025-11-23 03:29:07,171 [DEBUG] PredPreyGrassEnv.env-7d764eb7: event=StepSummary | env_id=env-7d764eb7 | step=224 | current_step=224 | terminated_agents=[] | truncated_agents=[] | remaining_agents=23 | reward_preview={prey_1:-0.001, prey_3:-0.001, prey_5:-0.001, prey_0:-0.001, predator_4:-0.001} | info_preview={}
2025-11-23 03:29:07,181 [DEBUG] PredPreyGrassEnv.env-7d764eb7: event=StepBegin | env_id=env-7d764eb7 | step=225 | incoming_actions=['prey_1', 'prey_3', 'prey_5', 'prey_0', 'prey_18', ...] | active_agents=23 | current_step=225
2025-11-23 03:29:07,185 [DEBUG] PredPreyGrassEnv.env-7d764eb7: event=StepSummary | env_id=env-7d764eb7 | step=225 | current_step=225 | terminated_agents=[] | truncated_agents=[] | remaining_agents=23 | reward_preview={prey_1:-0.001, prey_3:-0.001, prey_5:-0.001, prey_0:-0.001, predator_4:-0.001} | info_preview={}
2025-11-23 03:29:07,195 [DEBUG] PredPreyGrassEnv.env-7d764eb7: event=StepBegin | env_id=env-7d764eb7 | step=226 | incoming_actions=['prey_1', 'prey_3', 'prey_5', 'prey_0', 'prey_18', ...] | active_agents=23 | current_step=226
2025-11-23 03:29:07,199 [DEBUG] PredPreyGrassEnv.env-7d764eb7: event=StepSummary | env_id=env-7d764eb7 | step=226 | current_step=226 | terminated_agents=[] | truncated_agents=[] | remaining_agents=23 | reward_preview={prey_1:-0.001, prey_3:-0.001, prey_5:-0.001, prey_0:-0.001, predator_4:-0.001} | info_preview={}
2025-11-23 03:29:07,210 [DEBUG] PredPreyGrassEnv.env-7d764eb7: event=StepBegin | env_id=env-7d764eb7 | step=227 | incoming_actions=['prey_1', 'prey_3', 'prey_5', 'prey_0', 'prey_18', ...] | active_agents=23 | current_step=227
2025-11-23 03:29:07,213 [DEBUG] PredPreyGrassEnv.env-7d764eb7: event=StepSummary | env_id=env-7d764eb7 | step=227 | current_step=227 | terminated_agents=[] | truncated_agents=[] | remaining_agents=23 | reward_preview={prey_1:-0.001, prey_3:-0.001, prey_5:-0.001, prey_0:-0.001, predator_4:-0.001} | info_preview={}
2025-11-23 03:29:07,223 [DEBUG] PredPreyGrassEnv.env-7d764eb7: event=StepBegin | env_id=env-7d764eb7 | step=228 | incoming_actions=['prey_1', 'prey_3', 'prey_5', 'prey_0', 'prey_18', ...] | active_agents=23 | current_step=228
2025-11-23 03:29:07,227 [DEBUG] PredPreyGrassEnv.env-7d764eb7: event=StepSummary | env_id=env-7d764eb7 | step=228 | current_step=228 | terminated_agents=[] | truncated_agents=[] | remaining_agents=23 | reward_preview={prey_1:-0.001, prey_3:-0.001, prey_5:-0.001, prey_0:-0.001, predator_4:-0.001} | info_preview={}
2025-11-23 03:29:07,237 [DEBUG] PredPreyGrassEnv.env-7d764eb7: event=StepBegin | env_id=env-7d764eb7 | step=229 | incoming_actions=['prey_1', 'prey_3', 'prey_5', 'prey_0', 'prey_18', ...] | active_agents=23 | current_step=229
2025-11-23 03:29:07,241 [DEBUG] PredPreyGrassEnv.env-7d764eb7: event=StepSummary | env_id=env-7d764eb7 | step=229 | current_step=229 | terminated_agents=[] | truncated_agents=[] | remaining_agents=23 | reward_preview={prey_1:-0.001, prey_3:-0.001, prey_5:-0.001, prey_0:-0.001, predator_4:-0.001} | info_preview={}
2025-11-23 03:29:07,251 [DEBUG] PredPreyGrassEnv.env-7d764eb7: event=StepBegin | env_id=env-7d764eb7 | step=230 | incoming_actions=['prey_1', 'prey_3', 'prey_5', 'prey_0', 'prey_18', ...] | active_agents=23 | current_step=230
2025-11-23 03:29:07,254 [DEBUG] PredPreyGrassEnv.env-7d764eb7: event=StepSummary | env_id=env-7d764eb7 | step=230 | current_step=230 | terminated_agents=[] | truncated_agents=[] | remaining_agents=23 | reward_preview={prey_1:-0.001, prey_3:-0.001, prey_5:-0.001, prey_0:-0.001, predator_4:-0.001} | info_preview={}
2025-11-23 03:29:07,265 [DEBUG] PredPreyGrassEnv.env-7d764eb7: event=StepBegin | env_id=env-7d764eb7 | step=231 | incoming_actions=['prey_1', 'prey_3', 'prey_5', 'prey_0', 'prey_18', ...] | active_agents=23 | current_step=231
2025-11-23 03:29:07,269 [DEBUG] PredPreyGrassEnv.env-7d764eb7: event=StepSummary | env_id=env-7d764eb7 | step=231 | current_step=231 | terminated_agents=[] | truncated_agents=[] | remaining_agents=23 | reward_preview={prey_1:-0.001, prey_3:-0.001, prey_5:-0.001, prey_0:-0.001, predator_4:-0.001} | info_preview={}
2025-11-23 03:29:07,279 [DEBUG] PredPreyGrassEnv.env-7d764eb7: event=StepBegin | env_id=env-7d764eb7 | step=232 | incoming_actions=['prey_1', 'prey_3', 'prey_5', 'prey_0', 'prey_18', ...] | active_agents=23 | current_step=232
2025-11-23 03:29:07,283 [DEBUG] PredPreyGrassEnv.env-7d764eb7: event=StepSummary | env_id=env-7d764eb7 | step=232 | current_step=232 | terminated_agents=[] | truncated_agents=[] | remaining_agents=23 | reward_preview={prey_1:-0.001, prey_3:-0.001, prey_5:-0.001, prey_0:-0.001, predator_4:-0.001} | info_preview={}
2025-11-23 03:29:07,293 [DEBUG] PredPreyGrassEnv.env-7d764eb7: event=StepBegin | env_id=env-7d764eb7 | step=233 | incoming_actions=['prey_1', 'prey_3', 'prey_5', 'prey_0', 'prey_18', ...] | active_agents=23 | current_step=233
2025-11-23 03:29:07,297 [DEBUG] PredPreyGrassEnv.env-7d764eb7: event=StepSummary | env_id=env-7d764eb7 | step=233 | current_step=233 | terminated_agents=[] | truncated_agents=[] | remaining_agents=23 | reward_preview={prey_1:-0.001, prey_3:-0.001, prey_5:-0.001, prey_0:-0.001, predator_4:-0.001} | info_preview={}
2025-11-23 03:29:07,307 [DEBUG] PredPreyGrassEnv.env-7d764eb7: event=StepBegin | env_id=env-7d764eb7 | step=234 | incoming_actions=['prey_1', 'prey_3', 'prey_5', 'prey_0', 'prey_18', ...] | active_agents=23 | current_step=234
2025-11-23 03:29:07,311 [DEBUG] PredPreyGrassEnv.env-7d764eb7: event=StepSummary | env_id=env-7d764eb7 | step=234 | current_step=234 | terminated_agents=[] | truncated_agents=[] | remaining_agents=23 | reward_preview={prey_1:-0.001, prey_3:-0.001, prey_5:-0.001, prey_0:-0.001, predator_4:-0.001} | info_preview={}
2025-11-23 03:29:07,321 [DEBUG] PredPreyGrassEnv.env-7d764eb7: event=StepBegin | env_id=env-7d764eb7 | step=235 | incoming_actions=['prey_1', 'prey_3', 'prey_5', 'prey_0', 'prey_18', ...] | active_agents=23 | current_step=235
2025-11-23 03:29:07,325 [DEBUG] PredPreyGrassEnv.env-7d764eb7: event=StepSummary | env_id=env-7d764eb7 | step=235 | current_step=235 | terminated_agents=[] | truncated_agents=[] | remaining_agents=23 | reward_preview={prey_1:-0.001, prey_3:-0.001, prey_5:-0.001, prey_0:-0.001, predator_4:-0.001} | info_preview={}
2025-11-23 03:29:07,335 [DEBUG] PredPreyGrassEnv.env-7d764eb7: event=StepBegin | env_id=env-7d764eb7 | step=236 | incoming_actions=['prey_1', 'prey_3', 'prey_5', 'prey_0', 'prey_18', ...] | active_agents=23 | current_step=236
2025-11-23 03:29:07,339 [DEBUG] PredPreyGrassEnv.env-7d764eb7: event=StepSummary | env_id=env-7d764eb7 | step=236 | current_step=236 | terminated_agents=[] | truncated_agents=[] | remaining_agents=23 | reward_preview={prey_1:-0.001, prey_3:-0.001, prey_5:-0.001, prey_0:-0.001, predator_4:-0.001} | info_preview={}
2025-11-23 03:29:07,349 [DEBUG] PredPreyGrassEnv.env-7d764eb7: event=StepBegin | env_id=env-7d764eb7 | step=237 | incoming_actions=['prey_1', 'prey_3', 'prey_5', 'prey_0', 'prey_18', ...] | active_agents=23 | current_step=237
2025-11-23 03:29:07,353 [DEBUG] PredPreyGrassEnv.env-7d764eb7: event=StepSummary | env_id=env-7d764eb7 | step=237 | current_step=237 | terminated_agents=[] | truncated_agents=[] | remaining_agents=23 | reward_preview={prey_1:-0.001, prey_3:-0.001, prey_5:-0.001, prey_0:-0.001, predator_4:-0.001} | info_preview={}
2025-11-23 03:29:07,363 [DEBUG] PredPreyGrassEnv.env-7d764eb7: event=StepBegin | env_id=env-7d764eb7 | step=238 | incoming_actions=['prey_1', 'prey_3', 'prey_5', 'prey_0', 'prey_18', ...] | active_agents=23 | current_step=238
2025-11-23 03:29:07,366 [DEBUG] PredPreyGrassEnv.env-7d764eb7: event=StepSummary | env_id=env-7d764eb7 | step=238 | current_step=238 | terminated_agents=[] | truncated_agents=[] | remaining_agents=23 | reward_preview={prey_1:-0.001, prey_3:-0.001, prey_5:-0.001, prey_0:-0.001, predator_4:-0.001} | info_preview={}
2025-11-23 03:29:07,376 [DEBUG] PredPreyGrassEnv.env-7d764eb7: event=StepBegin | env_id=env-7d764eb7 | step=239 | incoming_actions=['prey_1', 'prey_3', 'prey_5', 'prey_0', 'prey_18', ...] | active_agents=23 | current_step=239
2025-11-23 03:29:07,378 [DEBUG] PredPreyGrassEnv.env-7d764eb7: event=PreyAteGrass | env_id=env-7d764eb7 | step=239 | prey='prey_12' | grass='grass_14' | prey_position=[388.03835841408966, 771.9728216938107] | grass_energy=10.0 | energy_gained=9.0 | prey_energy=145.90308570367935
2025-11-23 03:29:07,379 [DEBUG] PredPreyGrassEnv.env-7d764eb7: event=PreyAteGrass | env_id=env-7d764eb7 | step=239 | prey='prey_4' | grass='grass_95' | prey_position=[645.0275131320802, 611.0859532646967] | grass_energy=10.0 | energy_gained=9.0 | prey_energy=127.03585660240024
2025-11-23 03:29:07,380 [DEBUG] PredPreyGrassEnv.env-7d764eb7: event=StepSummary | env_id=env-7d764eb7 | step=239 | current_step=239 | terminated_agents=[] | truncated_agents=[] | remaining_agents=23 | reward_preview={prey_1:-0.001, prey_3:-0.001, prey_5:-0.001, prey_0:-0.001, predator_4:-0.001} | info_preview={}
2025-11-23 03:29:07,390 [DEBUG] PredPreyGrassEnv.env-7d764eb7: event=StepBegin | env_id=env-7d764eb7 | step=240 | incoming_actions=['prey_1', 'prey_3', 'prey_5', 'prey_0', 'prey_18', ...] | active_agents=23 | current_step=240
2025-11-23 03:29:07,393 [DEBUG] PredPreyGrassEnv.env-7d764eb7: event=StepSummary | env_id=env-7d764eb7 | step=240 | current_step=240 | terminated_agents=[] | truncated_agents=[] | remaining_agents=23 | reward_preview={prey_1:-0.001, prey_3:-0.001, prey_5:-0.001, prey_0:-0.001, predator_4:-0.001} | info_preview={}
2025-11-23 03:29:07,403 [DEBUG] PredPreyGrassEnv.env-7d764eb7: event=StepBegin | env_id=env-7d764eb7 | step=241 | incoming_actions=['prey_1', 'prey_3', 'prey_5', 'prey_0', 'prey_18', ...] | active_agents=23 | current_step=241
2025-11-23 03:29:07,407 [DEBUG] PredPreyGrassEnv.env-7d764eb7: event=StepSummary | env_id=env-7d764eb7 | step=241 | current_step=241 | terminated_agents=[] | truncated_agents=[] | remaining_agents=23 | reward_preview={prey_1:-0.001, prey_3:-0.001, prey_5:-0.001, prey_0:-0.001, predator_4:-0.001} | info_preview={}
2025-11-23 03:29:07,417 [DEBUG] PredPreyGrassEnv.env-7d764eb7: event=StepBegin | env_id=env-7d764eb7 | step=242 | incoming_actions=['prey_1', 'prey_3', 'prey_5', 'prey_0', 'prey_18', ...] | active_agents=23 | current_step=242
2025-11-23 03:29:07,420 [DEBUG] PredPreyGrassEnv.env-7d764eb7: event=StepSummary | env_id=env-7d764eb7 | step=242 | current_step=242 | terminated_agents=[] | truncated_agents=[] | remaining_agents=23 | reward_preview={prey_1:-0.001, prey_3:-0.001, prey_5:-0.001, prey_0:-0.001, predator_4:-0.001} | info_preview={}
2025-11-23 03:29:07,430 [DEBUG] PredPreyGrassEnv.env-7d764eb7: event=StepBegin | env_id=env-7d764eb7 | step=243 | incoming_actions=['prey_1', 'prey_3', 'prey_5', 'prey_0', 'prey_18', ...] | active_agents=23 | current_step=243
2025-11-23 03:29:07,432 [DEBUG] PredPreyGrassEnv.env-7d764eb7: event=PreyAteGrass | env_id=env-7d764eb7 | step=243 | prey='prey_11' | grass='grass_40' | prey_position=[720.2142265294292, 102.69293765113754] | grass_energy=10.0 | energy_gained=9.0 | prey_energy=114.50004175960379
2025-11-23 03:29:07,432 [DEBUG] PredPreyGrassEnv.env-7d764eb7: event=PreyAteGrass | env_id=env-7d764eb7 | step=243 | prey='prey_13' | grass='grass_28' | prey_position=[67.68705172980327, 191.39675260050007] | grass_energy=10.0 | energy_gained=9.0 | prey_energy=117.84772672729005
2025-11-23 03:29:07,434 [DEBUG] PredPreyGrassEnv.env-7d764eb7: event=StepSummary | env_id=env-7d764eb7 | step=243 | current_step=243 | terminated_agents=[] | truncated_agents=[] | remaining_agents=23 | reward_preview={prey_1:-0.001, prey_3:-0.001, prey_5:-0.001, prey_0:-0.001, predator_4:-0.001} | info_preview={}
2025-11-23 03:29:07,444 [DEBUG] PredPreyGrassEnv.env-7d764eb7: event=StepBegin | env_id=env-7d764eb7 | step=244 | incoming_actions=['prey_1', 'prey_3', 'prey_5', 'prey_0', 'prey_18', ...] | active_agents=23 | current_step=244
2025-11-23 03:29:07,448 [DEBUG] PredPreyGrassEnv.env-7d764eb7: event=StepSummary | env_id=env-7d764eb7 | step=244 | current_step=244 | terminated_agents=[] | truncated_agents=[] | remaining_agents=23 | reward_preview={prey_1:-0.001, prey_3:-0.001, prey_5:-0.001, prey_0:-0.001, predator_4:-0.001} | info_preview={}
2025-11-23 03:29:07,458 [DEBUG] PredPreyGrassEnv.env-7d764eb7: event=StepBegin | env_id=env-7d764eb7 | step=245 | incoming_actions=['prey_1', 'prey_3', 'prey_5', 'prey_0', 'prey_18', ...] | active_agents=23 | current_step=245
2025-11-23 03:29:07,462 [DEBUG] PredPreyGrassEnv.env-7d764eb7: event=StepSummary | env_id=env-7d764eb7 | step=245 | current_step=245 | terminated_agents=[] | truncated_agents=[] | remaining_agents=23 | reward_preview={prey_1:-0.001, prey_3:-0.001, prey_5:-0.001, prey_0:-0.001, predator_4:-0.001} | info_preview={}
2025-11-23 03:29:07,472 [DEBUG] PredPreyGrassEnv.env-7d764eb7: event=StepBegin | env_id=env-7d764eb7 | step=246 | incoming_actions=['prey_1', 'prey_3', 'prey_5', 'prey_0', 'prey_18', ...] | active_agents=23 | current_step=246
2025-11-23 03:29:07,475 [DEBUG] PredPreyGrassEnv.env-7d764eb7: event=StepSummary | env_id=env-7d764eb7 | step=246 | current_step=246 | terminated_agents=[] | truncated_agents=[] | remaining_agents=23 | reward_preview={prey_1:-0.001, prey_3:-0.001, prey_5:-0.001, prey_0:-0.001, predator_4:-0.001} | info_preview={}
2025-11-23 03:29:07,485 [DEBUG] PredPreyGrassEnv.env-7d764eb7: event=StepBegin | env_id=env-7d764eb7 | step=247 | incoming_actions=['prey_1', 'prey_3', 'prey_5', 'prey_0', 'prey_18', ...] | active_agents=23 | current_step=247
2025-11-23 03:29:07,489 [DEBUG] PredPreyGrassEnv.env-7d764eb7: event=StepSummary | env_id=env-7d764eb7 | step=247 | current_step=247 | terminated_agents=[] | truncated_agents=[] | remaining_agents=23 | reward_preview={prey_1:-0.001, prey_3:-0.001, prey_5:-0.001, prey_0:-0.001, predator_4:-0.001} | info_preview={}
2025-11-23 03:29:07,499 [DEBUG] PredPreyGrassEnv.env-7d764eb7: event=StepBegin | env_id=env-7d764eb7 | step=248 | incoming_actions=['prey_1', 'prey_3', 'prey_5', 'prey_0', 'prey_18', ...] | active_agents=23 | current_step=248
2025-11-23 03:29:07,502 [DEBUG] PredPreyGrassEnv.env-7d764eb7: event=StepSummary | env_id=env-7d764eb7 | step=248 | current_step=248 | terminated_agents=[] | truncated_agents=[] | remaining_agents=23 | reward_preview={prey_1:-0.001, prey_3:-0.001, prey_5:-0.001, prey_0:-0.001, predator_4:-0.001} | info_preview={}
2025-11-23 03:29:07,512 [DEBUG] PredPreyGrassEnv.env-7d764eb7: event=StepBegin | env_id=env-7d764eb7 | step=249 | incoming_actions=['prey_1', 'prey_3', 'prey_5', 'prey_0', 'prey_18', ...] | active_agents=23 | current_step=249
2025-11-23 03:29:07,516 [DEBUG] PredPreyGrassEnv.env-7d764eb7: event=StepSummary | env_id=env-7d764eb7 | step=249 | current_step=249 | terminated_agents=[] | truncated_agents=[] | remaining_agents=23 | reward_preview={prey_1:-0.001, prey_3:-0.001, prey_5:-0.001, prey_0:-0.001, predator_4:-0.001} | info_preview={}
2025-11-23 03:29:07,526 [DEBUG] PredPreyGrassEnv.env-7d764eb7: event=StepBegin | env_id=env-7d764eb7 | step=250 | incoming_actions=['prey_1', 'prey_3', 'prey_5', 'prey_0', 'prey_18', ...] | active_agents=23 | current_step=250
2025-11-23 03:29:07,529 [DEBUG] PredPreyGrassEnv.env-7d764eb7: event=StepSummary | env_id=env-7d764eb7 | step=250 | current_step=250 | terminated_agents=[] | truncated_agents=[] | remaining_agents=23 | reward_preview={prey_1:-0.001, prey_3:-0.001, prey_5:-0.001, prey_0:-0.001, predator_4:-0.001} | info_preview={}
2025-11-23 03:29:07,539 [DEBUG] PredPreyGrassEnv.env-7d764eb7: event=StepBegin | env_id=env-7d764eb7 | step=251 | incoming_actions=['prey_1', 'prey_3', 'prey_5', 'prey_0', 'prey_18', ...] | active_agents=23 | current_step=251
2025-11-23 03:29:07,543 [DEBUG] PredPreyGrassEnv.env-7d764eb7: event=StepSummary | env_id=env-7d764eb7 | step=251 | current_step=251 | terminated_agents=[] | truncated_agents=[] | remaining_agents=23 | reward_preview={prey_1:-0.001, prey_3:-0.001, prey_5:-0.001, prey_0:-0.001, predator_4:-0.001} | info_preview={}
2025-11-23 03:29:07,553 [DEBUG] PredPreyGrassEnv.env-7d764eb7: event=StepBegin | env_id=env-7d764eb7 | step=252 | incoming_actions=['prey_1', 'prey_3', 'prey_5', 'prey_0', 'prey_18', ...] | active_agents=23 | current_step=252
2025-11-23 03:29:07,556 [DEBUG] PredPreyGrassEnv.env-7d764eb7: event=StepSummary | env_id=env-7d764eb7 | step=252 | current_step=252 | terminated_agents=[] | truncated_agents=[] | remaining_agents=23 | reward_preview={prey_1:-0.001, prey_3:-0.001, prey_5:-0.001, prey_0:-0.001, predator_4:-0.001} | info_preview={}
2025-11-23 03:29:07,567 [DEBUG] PredPreyGrassEnv.env-7d764eb7: event=StepBegin | env_id=env-7d764eb7 | step=253 | incoming_actions=['prey_1', 'prey_3', 'prey_5', 'prey_0', 'prey_18', ...] | active_agents=23 | current_step=253
2025-11-23 03:29:07,570 [DEBUG] PredPreyGrassEnv.env-7d764eb7: event=StepSummary | env_id=env-7d764eb7 | step=253 | current_step=253 | terminated_agents=[] | truncated_agents=[] | remaining_agents=23 | reward_preview={prey_1:-0.001, prey_3:-0.001, prey_5:-0.001, prey_0:-0.001, predator_4:-0.001} | info_preview={}
2025-11-23 03:29:07,580 [DEBUG] PredPreyGrassEnv.env-7d764eb7: event=StepBegin | env_id=env-7d764eb7 | step=254 | incoming_actions=['prey_1', 'prey_3', 'prey_5', 'prey_0', 'prey_18', ...] | active_agents=23 | current_step=254
2025-11-23 03:29:07,584 [DEBUG] PredPreyGrassEnv.env-7d764eb7: event=StepSummary | env_id=env-7d764eb7 | step=254 | current_step=254 | terminated_agents=[] | truncated_agents=[] | remaining_agents=23 | reward_preview={prey_1:-0.001, prey_3:-0.001, prey_5:-0.001, prey_0:-0.001, predator_4:-0.001} | info_preview={}
2025-11-23 03:29:07,593 [DEBUG] PredPreyGrassEnv.env-7d764eb7: event=StepBegin | env_id=env-7d764eb7 | step=255 | incoming_actions=['prey_1', 'prey_3', 'prey_5', 'prey_0', 'prey_18', ...] | active_agents=23 | current_step=255
2025-11-23 03:29:07,596 [DEBUG] PredPreyGrassEnv.env-7d764eb7: event=PreyAteGrass | env_id=env-7d764eb7 | step=255 | prey='prey_4' | grass='grass_89' | prey_position=[640.6268389040912, 578.597620652405] | grass_energy=10.0 | energy_gained=9.0 | prey_energy=131.87787384677364
2025-11-23 03:29:07,597 [DEBUG] PredPreyGrassEnv.env-7d764eb7: event=StepSummary | env_id=env-7d764eb7 | step=255 | current_step=255 | terminated_agents=[] | truncated_agents=[] | remaining_agents=23 | reward_preview={prey_1:-0.001, prey_3:-0.001, prey_5:-0.001, prey_0:-0.001, predator_4:-0.001} | info_preview={}
2025-11-23 03:29:07,607 [DEBUG] PredPreyGrassEnv.env-7d764eb7: event=StepBegin | env_id=env-7d764eb7 | step=256 | incoming_actions=['prey_1', 'prey_3', 'prey_5', 'prey_0', 'prey_18', ...] | active_agents=23 | current_step=256
2025-11-23 03:29:07,610 [DEBUG] PredPreyGrassEnv.env-7d764eb7: event=StepSummary | env_id=env-7d764eb7 | step=256 | current_step=256 | terminated_agents=[] | truncated_agents=[] | remaining_agents=23 | reward_preview={prey_1:-0.001, prey_3:-0.001, prey_5:-0.001, prey_0:-0.001, predator_4:-0.001} | info_preview={}
2025-11-23 03:29:07,620 [DEBUG] PredPreyGrassEnv.env-7d764eb7: event=StepBegin | env_id=env-7d764eb7 | step=257 | incoming_actions=['prey_1', 'prey_3', 'prey_5', 'prey_0', 'prey_18', ...] | active_agents=23 | current_step=257
2025-11-23 03:29:07,624 [DEBUG] PredPreyGrassEnv.env-7d764eb7: event=StepSummary | env_id=env-7d764eb7 | step=257 | current_step=257 | terminated_agents=[] | truncated_agents=[] | remaining_agents=23 | reward_preview={prey_1:-0.001, prey_3:-0.001, prey_5:-0.001, prey_0:-0.001, predator_4:-0.001} | info_preview={}
2025-11-23 03:29:07,640 [DEBUG] PredPreyGrassEnv.env-7d764eb7: event=StepBegin | env_id=env-7d764eb7 | step=258 | incoming_actions=['prey_1', 'prey_3', 'prey_5', 'prey_0', 'prey_18', ...] | active_agents=23 | current_step=258
2025-11-23 03:29:07,643 [DEBUG] PredPreyGrassEnv.env-7d764eb7: event=StepSummary | env_id=env-7d764eb7 | step=258 | current_step=258 | terminated_agents=[] | truncated_agents=[] | remaining_agents=23 | reward_preview={prey_1:-0.001, prey_3:-0.001, prey_5:-0.001, prey_0:-0.001, predator_4:-0.001} | info_preview={}
2025-11-23 03:29:07,653 [DEBUG] PredPreyGrassEnv.env-7d764eb7: event=StepBegin | env_id=env-7d764eb7 | step=259 | incoming_actions=['prey_1', 'prey_3', 'prey_5', 'prey_0', 'prey_18', ...] | active_agents=23 | current_step=259
2025-11-23 03:29:07,657 [DEBUG] PredPreyGrassEnv.env-7d764eb7: event=StepSummary | env_id=env-7d764eb7 | step=259 | current_step=259 | terminated_agents=[] | truncated_agents=[] | remaining_agents=23 | reward_preview={prey_1:-0.001, prey_3:-0.001, prey_5:-0.001, prey_0:-0.001, predator_4:-0.001} | info_preview={}
2025-11-23 03:29:07,667 [DEBUG] PredPreyGrassEnv.env-7d764eb7: event=StepBegin | env_id=env-7d764eb7 | step=260 | incoming_actions=['prey_1', 'prey_3', 'prey_5', 'prey_0', 'prey_18', ...] | active_agents=23 | current_step=260
2025-11-23 03:29:07,670 [DEBUG] PredPreyGrassEnv.env-7d764eb7: event=StepSummary | env_id=env-7d764eb7 | step=260 | current_step=260 | terminated_agents=[] | truncated_agents=[] | remaining_agents=23 | reward_preview={prey_1:-0.001, prey_3:-0.001, prey_5:-0.001, prey_0:-0.001, predator_4:-0.001} | info_preview={}
2025-11-23 03:29:07,680 [DEBUG] PredPreyGrassEnv.env-7d764eb7: event=StepBegin | env_id=env-7d764eb7 | step=261 | incoming_actions=['prey_1', 'prey_3', 'prey_5', 'prey_0', 'prey_18', ...] | active_agents=23 | current_step=261
2025-11-23 03:29:07,684 [DEBUG] PredPreyGrassEnv.env-7d764eb7: event=StepSummary | env_id=env-7d764eb7 | step=261 | current_step=261 | terminated_agents=[] | truncated_agents=[] | remaining_agents=23 | reward_preview={prey_1:-0.001, prey_3:-0.001, prey_5:-0.001, prey_0:-0.001, predator_4:-0.001} | info_preview={}
2025-11-23 03:29:07,694 [DEBUG] PredPreyGrassEnv.env-7d764eb7: event=StepBegin | env_id=env-7d764eb7 | step=262 | incoming_actions=['prey_1', 'prey_3', 'prey_5', 'prey_0', 'prey_18', ...] | active_agents=23 | current_step=262
2025-11-23 03:29:07,697 [DEBUG] PredPreyGrassEnv.env-7d764eb7: event=StepSummary | env_id=env-7d764eb7 | step=262 | current_step=262 | terminated_agents=[] | truncated_agents=[] | remaining_agents=23 | reward_preview={prey_1:-0.001, prey_3:-0.001, prey_5:-0.001, prey_0:-0.001, predator_4:-0.001} | info_preview={}
2025-11-23 03:29:07,707 [DEBUG] PredPreyGrassEnv.env-7d764eb7: event=StepBegin | env_id=env-7d764eb7 | step=263 | incoming_actions=['prey_1', 'prey_3', 'prey_5', 'prey_0', 'prey_18', ...] | active_agents=23 | current_step=263
2025-11-23 03:29:07,711 [DEBUG] PredPreyGrassEnv.env-7d764eb7: event=StepSummary | env_id=env-7d764eb7 | step=263 | current_step=263 | terminated_agents=[] | truncated_agents=[] | remaining_agents=23 | reward_preview={prey_1:-0.001, prey_3:-0.001, prey_5:-0.001, prey_0:-0.001, predator_4:-0.001} | info_preview={}
2025-11-23 03:29:07,720 [DEBUG] PredPreyGrassEnv.env-7d764eb7: event=StepBegin | env_id=env-7d764eb7 | step=264 | incoming_actions=['prey_1', 'prey_3', 'prey_5', 'prey_0', 'prey_18', ...] | active_agents=23 | current_step=264
2025-11-23 03:29:07,724 [DEBUG] PredPreyGrassEnv.env-7d764eb7: event=StepSummary | env_id=env-7d764eb7 | step=264 | current_step=264 | terminated_agents=[] | truncated_agents=[] | remaining_agents=23 | reward_preview={prey_1:-0.001, prey_3:-0.001, prey_5:-0.001, prey_0:-0.001, predator_4:-0.001} | info_preview={}
2025-11-23 03:29:07,734 [DEBUG] PredPreyGrassEnv.env-7d764eb7: event=StepBegin | env_id=env-7d764eb7 | step=265 | incoming_actions=['prey_1', 'prey_3', 'prey_5', 'prey_0', 'prey_18', ...] | active_agents=23 | current_step=265
2025-11-23 03:29:07,737 [DEBUG] PredPreyGrassEnv.env-7d764eb7: event=StepSummary | env_id=env-7d764eb7 | step=265 | current_step=265 | terminated_agents=[] | truncated_agents=[] | remaining_agents=23 | reward_preview={prey_1:-0.001, prey_3:-0.001, prey_5:-0.001, prey_0:-0.001, predator_4:-0.001} | info_preview={}
2025-11-23 03:29:07,747 [DEBUG] PredPreyGrassEnv.env-7d764eb7: event=StepBegin | env_id=env-7d764eb7 | step=266 | incoming_actions=['prey_1', 'prey_3', 'prey_5', 'prey_0', 'prey_18', ...] | active_agents=23 | current_step=266
2025-11-23 03:29:07,751 [DEBUG] PredPreyGrassEnv.env-7d764eb7: event=StepSummary | env_id=env-7d764eb7 | step=266 | current_step=266 | terminated_agents=[] | truncated_agents=[] | remaining_agents=23 | reward_preview={prey_1:-0.001, prey_3:-0.001, prey_5:-0.001, prey_0:-0.001, predator_4:-0.001} | info_preview={}
2025-11-23 03:29:07,761 [DEBUG] PredPreyGrassEnv.env-7d764eb7: event=StepBegin | env_id=env-7d764eb7 | step=267 | incoming_actions=['prey_1', 'prey_3', 'prey_5', 'prey_0', 'prey_18', ...] | active_agents=23 | current_step=267
2025-11-23 03:29:07,765 [DEBUG] PredPreyGrassEnv.env-7d764eb7: event=StepSummary | env_id=env-7d764eb7 | step=267 | current_step=267 | terminated_agents=[] | truncated_agents=[] | remaining_agents=23 | reward_preview={prey_1:-0.001, prey_3:-0.001, prey_5:-0.001, prey_0:-0.001, predator_4:-0.001} | info_preview={}
2025-11-23 03:29:07,775 [DEBUG] PredPreyGrassEnv.env-7d764eb7: event=StepBegin | env_id=env-7d764eb7 | step=268 | incoming_actions=['prey_1', 'prey_3', 'prey_5', 'prey_0', 'prey_18', ...] | active_agents=23 | current_step=268
2025-11-23 03:29:07,778 [DEBUG] PredPreyGrassEnv.env-7d764eb7: event=StepSummary | env_id=env-7d764eb7 | step=268 | current_step=268 | terminated_agents=[] | truncated_agents=[] | remaining_agents=23 | reward_preview={prey_1:-0.001, prey_3:-0.001, prey_5:-0.001, prey_0:-0.001, predator_4:-0.001} | info_preview={}
2025-11-23 03:29:07,788 [DEBUG] PredPreyGrassEnv.env-7d764eb7: event=StepBegin | env_id=env-7d764eb7 | step=269 | incoming_actions=['prey_1', 'prey_3', 'prey_5', 'prey_0', 'prey_18', ...] | active_agents=23 | current_step=269
2025-11-23 03:29:07,792 [DEBUG] PredPreyGrassEnv.env-7d764eb7: event=StepSummary | env_id=env-7d764eb7 | step=269 | current_step=269 | terminated_agents=[] | truncated_agents=[] | remaining_agents=23 | reward_preview={prey_1:-0.001, prey_3:-0.001, prey_5:-0.001, prey_0:-0.001, predator_4:-0.001} | info_preview={}
2025-11-23 03:29:07,802 [DEBUG] PredPreyGrassEnv.env-7d764eb7: event=StepBegin | env_id=env-7d764eb7 | step=270 | incoming_actions=['prey_1', 'prey_3', 'prey_5', 'prey_0', 'prey_18', ...] | active_agents=23 | current_step=270
2025-11-23 03:29:07,806 [DEBUG] PredPreyGrassEnv.env-7d764eb7: event=StepSummary | env_id=env-7d764eb7 | step=270 | current_step=270 | terminated_agents=[] | truncated_agents=[] | remaining_agents=23 | reward_preview={prey_1:-0.001, prey_3:-0.001, prey_5:-0.001, prey_0:-0.001, predator_4:-0.001} | info_preview={}
2025-11-23 03:29:07,816 [DEBUG] PredPreyGrassEnv.env-7d764eb7: event=StepBegin | env_id=env-7d764eb7 | step=271 | incoming_actions=['prey_1', 'prey_3', 'prey_5', 'prey_0', 'prey_18', ...] | active_agents=23 | current_step=271
2025-11-23 03:29:07,820 [DEBUG] PredPreyGrassEnv.env-7d764eb7: event=StepSummary | env_id=env-7d764eb7 | step=271 | current_step=271 | terminated_agents=[] | truncated_agents=[] | remaining_agents=23 | reward_preview={prey_1:-0.001, prey_3:-0.001, prey_5:-0.001, prey_0:-0.001, predator_4:-0.001} | info_preview={}
2025-11-23 03:29:07,830 [DEBUG] PredPreyGrassEnv.env-7d764eb7: event=StepBegin | env_id=env-7d764eb7 | step=272 | incoming_actions=['prey_1', 'prey_3', 'prey_5', 'prey_0', 'prey_18', ...] | active_agents=23 | current_step=272
2025-11-23 03:29:07,833 [DEBUG] PredPreyGrassEnv.env-7d764eb7: event=StepSummary | env_id=env-7d764eb7 | step=272 | current_step=272 | terminated_agents=[] | truncated_agents=[] | remaining_agents=23 | reward_preview={prey_1:-0.001, prey_3:-0.001, prey_5:-0.001, prey_0:-0.001, predator_4:-0.001} | info_preview={}
2025-11-23 03:29:07,845 [DEBUG] PredPreyGrassEnv.env-7d764eb7: event=StepBegin | env_id=env-7d764eb7 | step=273 | incoming_actions=['prey_1', 'prey_3', 'prey_5', 'prey_0', 'prey_18', ...] | active_agents=23 | current_step=273
2025-11-23 03:29:07,850 [DEBUG] PredPreyGrassEnv.env-7d764eb7: event=StepSummary | env_id=env-7d764eb7 | step=273 | current_step=273 | terminated_agents=[] | truncated_agents=[] | remaining_agents=23 | reward_preview={prey_1:-0.001, prey_3:-0.001, prey_5:-0.001, prey_0:-0.001, predator_4:-0.001} | info_preview={}
2025-11-23 03:29:07,873 [DEBUG] PredPreyGrassEnv.env-7d764eb7: event=StepBegin | env_id=env-7d764eb7 | step=274 | incoming_actions=['prey_1', 'prey_3', 'prey_5', 'prey_0', 'prey_18', ...] | active_agents=23 | current_step=274
2025-11-23 03:29:07,881 [DEBUG] PredPreyGrassEnv.env-7d764eb7: event=StepSummary | env_id=env-7d764eb7 | step=274 | current_step=274 | terminated_agents=[] | truncated_agents=[] | remaining_agents=23 | reward_preview={prey_1:-0.001, prey_3:-0.001, prey_5:-0.001, prey_0:-0.001, predator_4:-0.001} | info_preview={}
2025-11-23 03:29:07,906 [DEBUG] PredPreyGrassEnv.env-7d764eb7: event=StepBegin | env_id=env-7d764eb7 | step=275 | incoming_actions=['prey_1', 'prey_3', 'prey_5', 'prey_0', 'prey_18', ...] | active_agents=23 | current_step=275
2025-11-23 03:29:07,915 [DEBUG] PredPreyGrassEnv.env-7d764eb7: event=StepSummary | env_id=env-7d764eb7 | step=275 | current_step=275 | terminated_agents=[] | truncated_agents=[] | remaining_agents=23 | reward_preview={prey_1:-0.001, prey_3:-0.001, prey_5:-0.001, prey_0:-0.001, predator_4:-0.001} | info_preview={}
2025-11-23 03:29:07,939 [DEBUG] PredPreyGrassEnv.env-7d764eb7: event=StepBegin | env_id=env-7d764eb7 | step=276 | incoming_actions=['prey_1', 'prey_3', 'prey_5', 'prey_0', 'prey_18', ...] | active_agents=23 | current_step=276
2025-11-23 03:29:07,948 [DEBUG] PredPreyGrassEnv.env-7d764eb7: event=StepSummary | env_id=env-7d764eb7 | step=276 | current_step=276 | terminated_agents=[] | truncated_agents=[] | remaining_agents=23 | reward_preview={prey_1:-0.001, prey_3:-0.001, prey_5:-0.001, prey_0:-0.001, predator_4:-0.001} | info_preview={}
2025-11-23 03:29:07,972 [DEBUG] PredPreyGrassEnv.env-7d764eb7: event=StepBegin | env_id=env-7d764eb7 | step=277 | incoming_actions=['prey_1', 'prey_3', 'prey_5', 'prey_0', 'prey_18', ...] | active_agents=23 | current_step=277
2025-11-23 03:29:07,981 [DEBUG] PredPreyGrassEnv.env-7d764eb7: event=StepSummary | env_id=env-7d764eb7 | step=277 | current_step=277 | terminated_agents=[] | truncated_agents=[] | remaining_agents=23 | reward_preview={prey_1:-0.001, prey_3:-0.001, prey_5:-0.001, prey_0:-0.001, predator_4:-0.001} | info_preview={}
2025-11-23 03:29:08,005 [DEBUG] PredPreyGrassEnv.env-7d764eb7: event=StepBegin | env_id=env-7d764eb7 | step=278 | incoming_actions=['prey_1', 'prey_3', 'prey_5', 'prey_0', 'prey_18', ...] | active_agents=23 | current_step=278
2025-11-23 03:29:08,013 [DEBUG] PredPreyGrassEnv.env-7d764eb7: event=StepSummary | env_id=env-7d764eb7 | step=278 | current_step=278 | terminated_agents=[] | truncated_agents=[] | remaining_agents=23 | reward_preview={prey_1:-0.001, prey_3:-0.001, prey_5:-0.001, prey_0:-0.001, predator_4:-0.001} | info_preview={}
2025-11-23 03:29:08,038 [DEBUG] PredPreyGrassEnv.env-7d764eb7: event=StepBegin | env_id=env-7d764eb7 | step=279 | incoming_actions=['prey_1', 'prey_3', 'prey_5', 'prey_0', 'prey_18', ...] | active_agents=23 | current_step=279
2025-11-23 03:29:08,046 [DEBUG] PredPreyGrassEnv.env-7d764eb7: event=StepSummary | env_id=env-7d764eb7 | step=279 | current_step=279 | terminated_agents=[] | truncated_agents=[] | remaining_agents=23 | reward_preview={prey_1:-0.001, prey_3:-0.001, prey_5:-0.001, prey_0:-0.001, predator_4:-0.001} | info_preview={}
2025-11-23 03:29:08,071 [DEBUG] PredPreyGrassEnv.env-7d764eb7: event=StepBegin | env_id=env-7d764eb7 | step=280 | incoming_actions=['prey_1', 'prey_3', 'prey_5', 'prey_0', 'prey_18', ...] | active_agents=23 | current_step=280
2025-11-23 03:29:08,079 [DEBUG] PredPreyGrassEnv.env-7d764eb7: event=StepSummary | env_id=env-7d764eb7 | step=280 | current_step=280 | terminated_agents=[] | truncated_agents=[] | remaining_agents=23 | reward_preview={prey_1:-0.001, prey_3:-0.001, prey_5:-0.001, prey_0:-0.001, predator_4:-0.001} | info_preview={}
2025-11-23 03:29:08,104 [DEBUG] PredPreyGrassEnv.env-7d764eb7: event=StepBegin | env_id=env-7d764eb7 | step=281 | incoming_actions=['prey_1', 'prey_3', 'prey_5', 'prey_0', 'prey_18', ...] | active_agents=23 | current_step=281
2025-11-23 03:29:08,113 [DEBUG] PredPreyGrassEnv.env-7d764eb7: event=StepSummary | env_id=env-7d764eb7 | step=281 | current_step=281 | terminated_agents=[] | truncated_agents=[] | remaining_agents=23 | reward_preview={prey_1:-0.001, prey_3:-0.001, prey_5:-0.001, prey_0:-0.001, predator_4:-0.001} | info_preview={}
2025-11-23 03:29:08,140 [DEBUG] PredPreyGrassEnv.env-7d764eb7: event=StepBegin | env_id=env-7d764eb7 | step=282 | incoming_actions=['prey_1', 'prey_3', 'prey_5', 'prey_0', 'prey_18', ...] | active_agents=23 | current_step=282
2025-11-23 03:29:08,149 [DEBUG] PredPreyGrassEnv.env-7d764eb7: event=StepSummary | env_id=env-7d764eb7 | step=282 | current_step=282 | terminated_agents=[] | truncated_agents=[] | remaining_agents=23 | reward_preview={prey_1:-0.001, prey_3:-0.001, prey_5:-0.001, prey_0:-0.001, predator_4:-0.001} | info_preview={}
2025-11-23 03:29:08,175 [DEBUG] PredPreyGrassEnv.env-7d764eb7: event=StepBegin | env_id=env-7d764eb7 | step=283 | incoming_actions=['prey_1', 'prey_3', 'prey_5', 'prey_0', 'prey_18', ...] | active_agents=23 | current_step=283
2025-11-23 03:29:08,184 [DEBUG] PredPreyGrassEnv.env-7d764eb7: event=StepSummary | env_id=env-7d764eb7 | step=283 | current_step=283 | terminated_agents=[] | truncated_agents=[] | remaining_agents=23 | reward_preview={prey_1:-0.001, prey_3:-0.001, prey_5:-0.001, prey_0:-0.001, predator_4:-0.001} | info_preview={}
2025-11-23 03:29:08,221 [DEBUG] PredPreyGrassEnv.env-7d764eb7: event=StepBegin | env_id=env-7d764eb7 | step=284 | incoming_actions=['prey_1', 'prey_3', 'prey_5', 'prey_0', 'prey_18', ...] | active_agents=23 | current_step=284
2025-11-23 03:29:08,229 [DEBUG] PredPreyGrassEnv.env-7d764eb7: event=StepSummary | env_id=env-7d764eb7 | step=284 | current_step=284 | terminated_agents=[] | truncated_agents=[] | remaining_agents=23 | reward_preview={prey_1:-0.001, prey_3:-0.001, prey_5:-0.001, prey_0:-0.001, predator_4:-0.001} | info_preview={}
2025-11-23 03:29:08,258 [DEBUG] PredPreyGrassEnv.env-7d764eb7: event=StepBegin | env_id=env-7d764eb7 | step=285 | incoming_actions=['prey_1', 'prey_3', 'prey_5', 'prey_0', 'prey_18', ...] | active_agents=23 | current_step=285
2025-11-23 03:29:08,269 [DEBUG] PredPreyGrassEnv.env-7d764eb7: event=StepSummary | env_id=env-7d764eb7 | step=285 | current_step=285 | terminated_agents=[] | truncated_agents=[] | remaining_agents=23 | reward_preview={prey_1:-0.001, prey_3:-0.001, prey_5:-0.001, prey_0:-0.001, predator_4:-0.001} | info_preview={}
2025-11-23 03:29:08,284 [DEBUG] PredPreyGrassEnv.env-7d764eb7: event=StepBegin | env_id=env-7d764eb7 | step=286 | incoming_actions=['prey_1', 'prey_3', 'prey_5', 'prey_0', 'prey_18', ...] | active_agents=23 | current_step=286
2025-11-23 03:29:08,289 [DEBUG] PredPreyGrassEnv.env-7d764eb7: event=StepSummary | env_id=env-7d764eb7 | step=286 | current_step=286 | terminated_agents=[] | truncated_agents=[] | remaining_agents=23 | reward_preview={prey_1:-0.001, prey_3:-0.001, prey_5:-0.001, prey_0:-0.001, predator_4:-0.001} | info_preview={}
2025-11-23 03:29:08,302 [DEBUG] PredPreyGrassEnv.env-7d764eb7: event=StepBegin | env_id=env-7d764eb7 | step=287 | incoming_actions=['prey_1', 'prey_3', 'prey_5', 'prey_0', 'prey_18', ...] | active_agents=23 | current_step=287
2025-11-23 03:29:08,306 [DEBUG] PredPreyGrassEnv.env-7d764eb7: event=StepSummary | env_id=env-7d764eb7 | step=287 | current_step=287 | terminated_agents=[] | truncated_agents=[] | remaining_agents=23 | reward_preview={prey_1:-0.001, prey_3:-0.001, prey_5:-0.001, prey_0:-0.001, predator_4:-0.001} | info_preview={}
2025-11-23 03:29:08,320 [DEBUG] PredPreyGrassEnv.env-7d764eb7: event=StepBegin | env_id=env-7d764eb7 | step=288 | incoming_actions=['prey_1', 'prey_3', 'prey_5', 'prey_0', 'prey_18', ...] | active_agents=23 | current_step=288
2025-11-23 03:29:08,324 [DEBUG] PredPreyGrassEnv.env-7d764eb7: event=StepSummary | env_id=env-7d764eb7 | step=288 | current_step=288 | terminated_agents=[] | truncated_agents=[] | remaining_agents=23 | reward_preview={prey_1:-0.001, prey_3:-0.001, prey_5:-0.001, prey_0:-0.001, predator_4:-0.001} | info_preview={}
2025-11-23 03:29:08,338 [DEBUG] PredPreyGrassEnv.env-7d764eb7: event=StepBegin | env_id=env-7d764eb7 | step=289 | incoming_actions=['prey_1', 'prey_3', 'prey_5', 'prey_0', 'prey_18', ...] | active_agents=23 | current_step=289
2025-11-23 03:29:08,343 [DEBUG] PredPreyGrassEnv.env-7d764eb7: event=StepSummary | env_id=env-7d764eb7 | step=289 | current_step=289 | terminated_agents=[] | truncated_agents=[] | remaining_agents=23 | reward_preview={prey_1:-0.001, prey_3:-0.001, prey_5:-0.001, prey_0:-0.001, predator_4:-0.001} | info_preview={}
2025-11-23 03:29:08,355 [DEBUG] PredPreyGrassEnv.env-7d764eb7: event=StepBegin | env_id=env-7d764eb7 | step=290 | incoming_actions=['prey_1', 'prey_3', 'prey_5', 'prey_0', 'prey_18', ...] | active_agents=23 | current_step=290
2025-11-23 03:29:08,359 [DEBUG] PredPreyGrassEnv.env-7d764eb7: event=StepSummary | env_id=env-7d764eb7 | step=290 | current_step=290 | terminated_agents=[] | truncated_agents=[] | remaining_agents=23 | reward_preview={prey_1:-0.001, prey_3:-0.001, prey_5:-0.001, prey_0:-0.001, predator_4:-0.001} | info_preview={}
2025-11-23 03:29:08,373 [DEBUG] PredPreyGrassEnv.env-7d764eb7: event=StepBegin | env_id=env-7d764eb7 | step=291 | incoming_actions=['prey_1', 'prey_3', 'prey_5', 'prey_0', 'prey_18', ...] | active_agents=23 | current_step=291
2025-11-23 03:29:08,379 [DEBUG] PredPreyGrassEnv.env-7d764eb7: event=StepSummary | env_id=env-7d764eb7 | step=291 | current_step=291 | terminated_agents=[] | truncated_agents=[] | remaining_agents=23 | reward_preview={prey_1:-0.001, prey_3:-0.001, prey_5:-0.001, prey_0:-0.001, predator_4:-0.001} | info_preview={}
2025-11-23 03:29:08,394 [DEBUG] PredPreyGrassEnv.env-7d764eb7: event=StepBegin | env_id=env-7d764eb7 | step=292 | incoming_actions=['prey_1', 'prey_3', 'prey_5', 'prey_0', 'prey_18', ...] | active_agents=23 | current_step=292
2025-11-23 03:29:08,394 [DEBUG] PredPreyGrassEnv.env-7d764eb7: event=CollisionBatch | env_id=env-7d764eb7 | step=292 | collisions=[['predator_catch_prey', 'predator_3', 'prey_13']]
2025-11-23 03:29:08,396 [DEBUG] PredPreyGrassEnv.env-7d764eb7: event=AgentEnergyDepleted | env_id=env-7d764eb7 | step=292 | agent='prey_13' | position=[78.00723743916471, 288.7208148942374] | energy=0
2025-11-23 03:29:08,399 [DEBUG] PredPreyGrassEnv.env-7d764eb7: event=AgentRemovedFromActiveList | env_id=env-7d764eb7 | step=292 | agent='prey_13' | remaining_agents=22
2025-11-23 03:29:08,399 [DEBUG] PredPreyGrassEnv.env-7d764eb7: event=StepSummary | env_id=env-7d764eb7 | step=292 | current_step=292 | terminated_agents=['prey_13'] | truncated_agents=[] | remaining_agents=22 | reward_preview={prey_1:-0.001, prey_3:-0.001, prey_5:-0.001, prey_0:-0.001, predator_4:-0.001} | info_preview={}
2025-11-23 03:29:08,414 [DEBUG] PredPreyGrassEnv.env-7d764eb7: event=StepBegin | env_id=env-7d764eb7 | step=293 | incoming_actions=['prey_1', 'prey_3', 'prey_5', 'prey_0', 'prey_18', ...] | active_agents=22 | current_step=293
2025-11-23 03:29:08,417 [DEBUG] PredPreyGrassEnv.env-7d764eb7: event=StepSummary | env_id=env-7d764eb7 | step=293 | current_step=293 | terminated_agents=[] | truncated_agents=[] | remaining_agents=22 | reward_preview={prey_1:-0.001, prey_3:-0.001, prey_5:-0.001, prey_0:-0.001, predator_4:-0.001} | info_preview={}
2025-11-23 03:29:08,428 [DEBUG] PredPreyGrassEnv.env-7d764eb7: event=StepBegin | env_id=env-7d764eb7 | step=294 | incoming_actions=['prey_1', 'prey_3', 'prey_5', 'prey_0', 'prey_18', ...] | active_agents=22 | current_step=294
2025-11-23 03:29:08,431 [DEBUG] PredPreyGrassEnv.env-7d764eb7: event=StepSummary | env_id=env-7d764eb7 | step=294 | current_step=294 | terminated_agents=[] | truncated_agents=[] | remaining_agents=22 | reward_preview={prey_1:-0.001, prey_3:-0.001, prey_5:-0.001, prey_0:-0.001, predator_4:-0.001} | info_preview={}
2025-11-23 03:29:08,442 [DEBUG] PredPreyGrassEnv.env-7d764eb7: event=StepBegin | env_id=env-7d764eb7 | step=295 | incoming_actions=['prey_1', 'prey_3', 'prey_5', 'prey_0', 'prey_18', ...] | active_agents=22 | current_step=295
2025-11-23 03:29:08,445 [DEBUG] PredPreyGrassEnv.env-7d764eb7: event=StepSummary | env_id=env-7d764eb7 | step=295 | current_step=295 | terminated_agents=[] | truncated_agents=[] | remaining_agents=22 | reward_preview={prey_1:-0.001, prey_3:-0.001, prey_5:-0.001, prey_0:-0.001, predator_4:-0.001} | info_preview={}
2025-11-23 03:29:08,455 [DEBUG] PredPreyGrassEnv.env-7d764eb7: event=StepBegin | env_id=env-7d764eb7 | step=296 | incoming_actions=['prey_1', 'prey_3', 'prey_5', 'prey_0', 'prey_18', ...] | active_agents=22 | current_step=296
2025-11-23 03:29:08,458 [DEBUG] PredPreyGrassEnv.env-7d764eb7: event=StepSummary | env_id=env-7d764eb7 | step=296 | current_step=296 | terminated_agents=[] | truncated_agents=[] | remaining_agents=22 | reward_preview={prey_1:-0.001, prey_3:-0.001, prey_5:-0.001, prey_0:-0.001, predator_4:-0.001} | info_preview={}
2025-11-23 03:29:08,468 [DEBUG] PredPreyGrassEnv.env-7d764eb7: event=StepBegin | env_id=env-7d764eb7 | step=297 | incoming_actions=['prey_1', 'prey_3', 'prey_5', 'prey_0', 'prey_18', ...] | active_agents=22 | current_step=297
2025-11-23 03:29:08,471 [DEBUG] PredPreyGrassEnv.env-7d764eb7: event=StepSummary | env_id=env-7d764eb7 | step=297 | current_step=297 | terminated_agents=[] | truncated_agents=[] | remaining_agents=22 | reward_preview={prey_1:-0.001, prey_3:-0.001, prey_5:-0.001, prey_0:-0.001, predator_4:-0.001} | info_preview={}
2025-11-23 03:29:08,481 [DEBUG] PredPreyGrassEnv.env-7d764eb7: event=StepBegin | env_id=env-7d764eb7 | step=298 | incoming_actions=['prey_1', 'prey_3', 'prey_5', 'prey_0', 'prey_18', ...] | active_agents=22 | current_step=298
2025-11-23 03:29:08,484 [DEBUG] PredPreyGrassEnv.env-7d764eb7: event=StepSummary | env_id=env-7d764eb7 | step=298 | current_step=298 | terminated_agents=[] | truncated_agents=[] | remaining_agents=22 | reward_preview={prey_1:-0.001, prey_3:-0.001, prey_5:-0.001, prey_0:-0.001, predator_4:-0.001} | info_preview={}
2025-11-23 03:29:08,497 [DEBUG] PredPreyGrassEnv.env-7d764eb7: event=StepBegin | env_id=env-7d764eb7 | step=299 | incoming_actions=['prey_1', 'prey_3', 'prey_5', 'prey_0', 'prey_18', ...] | active_agents=22 | current_step=299
2025-11-23 03:29:08,502 [DEBUG] PredPreyGrassEnv.env-7d764eb7: event=StepSummary | env_id=env-7d764eb7 | step=299 | current_step=299 | terminated_agents=[] | truncated_agents=[] | remaining_agents=22 | reward_preview={prey_1:-0.001, prey_3:-0.001, prey_5:-0.001, prey_0:-0.001, predator_4:-0.001} | info_preview={}
2025-11-23 03:29:08,516 [DEBUG] PredPreyGrassEnv.env-7d764eb7: event=StepBegin | env_id=env-7d764eb7 | step=300 | incoming_actions=['prey_1', 'prey_3', 'prey_5', 'prey_0', 'prey_18', ...] | active_agents=22 | current_step=300
2025-11-23 03:29:08,521 [DEBUG] PredPreyGrassEnv.env-7d764eb7: event=StepSummary | env_id=env-7d764eb7 | step=300 | current_step=300 | terminated_agents=[] | truncated_agents=[] | remaining_agents=22 | reward_preview={prey_1:-0.001, prey_3:-0.001, prey_5:-0.001, prey_0:-0.001, predator_4:-0.001} | info_preview={}
2025-11-23 03:29:08,535 [DEBUG] PredPreyGrassEnv.env-7d764eb7: event=StepBegin | env_id=env-7d764eb7 | step=301 | incoming_actions=['prey_1', 'prey_3', 'prey_5', 'prey_0', 'prey_18', ...] | active_agents=22 | current_step=301
2025-11-23 03:29:08,540 [DEBUG] PredPreyGrassEnv.env-7d764eb7: event=StepSummary | env_id=env-7d764eb7 | step=301 | current_step=301 | terminated_agents=[] | truncated_agents=[] | remaining_agents=22 | reward_preview={prey_1:-0.001, prey_3:-0.001, prey_5:-0.001, prey_0:-0.001, predator_4:-0.001} | info_preview={}
2025-11-23 03:29:08,555 [DEBUG] PredPreyGrassEnv.env-7d764eb7: event=StepBegin | env_id=env-7d764eb7 | step=302 | incoming_actions=['prey_1', 'prey_3', 'prey_5', 'prey_0', 'prey_18', ...] | active_agents=22 | current_step=302
2025-11-23 03:29:08,560 [DEBUG] PredPreyGrassEnv.env-7d764eb7: event=StepSummary | env_id=env-7d764eb7 | step=302 | current_step=302 | terminated_agents=[] | truncated_agents=[] | remaining_agents=22 | reward_preview={prey_1:-0.001, prey_3:-0.001, prey_5:-0.001, prey_0:-0.001, predator_4:-0.001} | info_preview={}
2025-11-23 03:29:08,574 [DEBUG] PredPreyGrassEnv.env-7d764eb7: event=StepBegin | env_id=env-7d764eb7 | step=303 | incoming_actions=['prey_1', 'prey_3', 'prey_5', 'prey_0', 'prey_18', ...] | active_agents=22 | current_step=303
2025-11-23 03:29:08,579 [DEBUG] PredPreyGrassEnv.env-7d764eb7: event=StepSummary | env_id=env-7d764eb7 | step=303 | current_step=303 | terminated_agents=[] | truncated_agents=[] | remaining_agents=22 | reward_preview={prey_1:-0.001, prey_3:-0.001, prey_5:-0.001, prey_0:-0.001, predator_4:-0.001} | info_preview={}
2025-11-23 03:29:08,590 [DEBUG] PredPreyGrassEnv.env-7d764eb7: event=StepBegin | env_id=env-7d764eb7 | step=304 | incoming_actions=['prey_1', 'prey_3', 'prey_5', 'prey_0', 'prey_18', ...] | active_agents=22 | current_step=304
2025-11-23 03:29:08,594 [DEBUG] PredPreyGrassEnv.env-7d764eb7: event=StepSummary | env_id=env-7d764eb7 | step=304 | current_step=304 | terminated_agents=[] | truncated_agents=[] | remaining_agents=22 | reward_preview={prey_1:-0.001, prey_3:-0.001, prey_5:-0.001, prey_0:-0.001, predator_4:-0.001} | info_preview={}
2025-11-23 03:29:08,604 [DEBUG] PredPreyGrassEnv.env-7d764eb7: event=StepBegin | env_id=env-7d764eb7 | step=305 | incoming_actions=['prey_1', 'prey_3', 'prey_5', 'prey_0', 'prey_18', ...] | active_agents=22 | current_step=305
2025-11-23 03:29:08,608 [DEBUG] PredPreyGrassEnv.env-7d764eb7: event=StepSummary | env_id=env-7d764eb7 | step=305 | current_step=305 | terminated_agents=[] | truncated_agents=[] | remaining_agents=22 | reward_preview={prey_1:-0.001, prey_3:-0.001, prey_5:-0.001, prey_0:-0.001, predator_4:-0.001} | info_preview={}
2025-11-23 03:29:08,619 [DEBUG] PredPreyGrassEnv.env-7d764eb7: event=StepBegin | env_id=env-7d764eb7 | step=306 | incoming_actions=['prey_1', 'prey_3', 'prey_5', 'prey_0', 'prey_18', ...] | active_agents=22 | current_step=306
2025-11-23 03:29:08,623 [DEBUG] PredPreyGrassEnv.env-7d764eb7: event=StepSummary | env_id=env-7d764eb7 | step=306 | current_step=306 | terminated_agents=[] | truncated_agents=[] | remaining_agents=22 | reward_preview={prey_1:-0.001, prey_3:-0.001, prey_5:-0.001, prey_0:-0.001, predator_4:-0.001} | info_preview={}
2025-11-23 03:29:08,633 [DEBUG] PredPreyGrassEnv.env-7d764eb7: event=StepBegin | env_id=env-7d764eb7 | step=307 | incoming_actions=['prey_1', 'prey_3', 'prey_5', 'prey_0', 'prey_18', ...] | active_agents=22 | current_step=307
2025-11-23 03:29:08,637 [DEBUG] PredPreyGrassEnv.env-7d764eb7: event=StepSummary | env_id=env-7d764eb7 | step=307 | current_step=307 | terminated_agents=[] | truncated_agents=[] | remaining_agents=22 | reward_preview={prey_1:-0.001, prey_3:-0.001, prey_5:-0.001, prey_0:-0.001, predator_4:-0.001} | info_preview={}
2025-11-23 03:29:08,649 [DEBUG] PredPreyGrassEnv.env-7d764eb7: event=StepBegin | env_id=env-7d764eb7 | step=308 | incoming_actions=['prey_1', 'prey_3', 'prey_5', 'prey_0', 'prey_18', ...] | active_agents=22 | current_step=308
2025-11-23 03:29:08,653 [DEBUG] PredPreyGrassEnv.env-7d764eb7: event=StepSummary | env_id=env-7d764eb7 | step=308 | current_step=308 | terminated_agents=[] | truncated_agents=[] | remaining_agents=22 | reward_preview={prey_1:-0.001, prey_3:-0.001, prey_5:-0.001, prey_0:-0.001, predator_4:-0.001} | info_preview={}
2025-11-23 03:29:08,663 [DEBUG] PredPreyGrassEnv.env-7d764eb7: event=StepBegin | env_id=env-7d764eb7 | step=309 | incoming_actions=['prey_1', 'prey_3', 'prey_5', 'prey_0', 'prey_18', ...] | active_agents=22 | current_step=309
2025-11-23 03:29:08,667 [DEBUG] PredPreyGrassEnv.env-7d764eb7: event=StepSummary | env_id=env-7d764eb7 | step=309 | current_step=309 | terminated_agents=[] | truncated_agents=[] | remaining_agents=22 | reward_preview={prey_1:-0.001, prey_3:-0.001, prey_5:-0.001, prey_0:-0.001, predator_4:-0.001} | info_preview={}
2025-11-23 03:29:08,677 [DEBUG] PredPreyGrassEnv.env-7d764eb7: event=StepBegin | env_id=env-7d764eb7 | step=310 | incoming_actions=['prey_1', 'prey_3', 'prey_5', 'prey_0', 'prey_18', ...] | active_agents=22 | current_step=310
2025-11-23 03:29:08,680 [DEBUG] PredPreyGrassEnv.env-7d764eb7: event=StepSummary | env_id=env-7d764eb7 | step=310 | current_step=310 | terminated_agents=[] | truncated_agents=[] | remaining_agents=22 | reward_preview={prey_1:-0.001, prey_3:-0.001, prey_5:-0.001, prey_0:-0.001, predator_4:-0.001} | info_preview={}
2025-11-23 03:29:08,690 [DEBUG] PredPreyGrassEnv.env-7d764eb7: event=StepBegin | env_id=env-7d764eb7 | step=311 | incoming_actions=['prey_1', 'prey_3', 'prey_5', 'prey_0', 'prey_18', ...] | active_agents=22 | current_step=311
2025-11-23 03:29:08,693 [DEBUG] PredPreyGrassEnv.env-7d764eb7: event=StepSummary | env_id=env-7d764eb7 | step=311 | current_step=311 | terminated_agents=[] | truncated_agents=[] | remaining_agents=22 | reward_preview={prey_1:-0.001, prey_3:-0.001, prey_5:-0.001, prey_0:-0.001, predator_4:-0.001} | info_preview={}
2025-11-23 03:29:08,703 [DEBUG] PredPreyGrassEnv.env-7d764eb7: event=StepBegin | env_id=env-7d764eb7 | step=312 | incoming_actions=['prey_1', 'prey_3', 'prey_5', 'prey_0', 'prey_18', ...] | active_agents=22 | current_step=312
2025-11-23 03:29:08,706 [DEBUG] PredPreyGrassEnv.env-7d764eb7: event=StepSummary | env_id=env-7d764eb7 | step=312 | current_step=312 | terminated_agents=[] | truncated_agents=[] | remaining_agents=22 | reward_preview={prey_1:-0.001, prey_3:-0.001, prey_5:-0.001, prey_0:-0.001, predator_4:-0.001} | info_preview={}
2025-11-23 03:29:08,716 [DEBUG] PredPreyGrassEnv.env-7d764eb7: event=StepBegin | env_id=env-7d764eb7 | step=313 | incoming_actions=['prey_1', 'prey_3', 'prey_5', 'prey_0', 'prey_18', ...] | active_agents=22 | current_step=313
2025-11-23 03:29:08,720 [DEBUG] PredPreyGrassEnv.env-7d764eb7: event=StepSummary | env_id=env-7d764eb7 | step=313 | current_step=313 | terminated_agents=[] | truncated_agents=[] | remaining_agents=22 | reward_preview={prey_1:-0.001, prey_3:-0.001, prey_5:-0.001, prey_0:-0.001, predator_4:-0.001} | info_preview={}
2025-11-23 03:29:08,729 [DEBUG] PredPreyGrassEnv.env-7d764eb7: event=StepBegin | env_id=env-7d764eb7 | step=314 | incoming_actions=['prey_1', 'prey_3', 'prey_5', 'prey_0', 'prey_18', ...] | active_agents=22 | current_step=314
2025-11-23 03:29:08,733 [DEBUG] PredPreyGrassEnv.env-7d764eb7: event=StepSummary | env_id=env-7d764eb7 | step=314 | current_step=314 | terminated_agents=[] | truncated_agents=[] | remaining_agents=22 | reward_preview={prey_1:-0.001, prey_3:-0.001, prey_5:-0.001, prey_0:-0.001, predator_4:-0.001} | info_preview={}
2025-11-23 03:29:08,742 [DEBUG] PredPreyGrassEnv.env-7d764eb7: event=StepBegin | env_id=env-7d764eb7 | step=315 | incoming_actions=['prey_1', 'prey_3', 'prey_5', 'prey_0', 'prey_18', ...] | active_agents=22 | current_step=315
2025-11-23 03:29:08,743 [DEBUG] PredPreyGrassEnv.env-7d764eb7: event=CollisionBatch | env_id=env-7d764eb7 | step=315 | collisions=[['predator_catch_prey', 'predator_2', 'prey_9']]
2025-11-23 03:29:08,746 [DEBUG] PredPreyGrassEnv.env-7d764eb7: event=AgentEnergyDepleted | env_id=env-7d764eb7 | step=315 | agent='prey_9' | position=[729.2125451958165, 312.52781901362135] | energy=0
2025-11-23 03:29:08,746 [DEBUG] PredPreyGrassEnv.env-7d764eb7: event=AgentRemovedFromActiveList | env_id=env-7d764eb7 | step=315 | agent='prey_9' | remaining_agents=21
2025-11-23 03:29:08,746 [DEBUG] PredPreyGrassEnv.env-7d764eb7: event=StepSummary | env_id=env-7d764eb7 | step=315 | current_step=315 | terminated_agents=['prey_9'] | truncated_agents=[] | remaining_agents=21 | reward_preview={prey_1:-0.001, prey_3:-0.001, prey_5:-0.001, prey_0:-0.001, predator_4:-0.001} | info_preview={}
2025-11-23 03:29:08,756 [DEBUG] PredPreyGrassEnv.env-7d764eb7: event=StepBegin | env_id=env-7d764eb7 | step=316 | incoming_actions=['prey_1', 'prey_3', 'prey_5', 'prey_0', 'prey_18', ...] | active_agents=21 | current_step=316
2025-11-23 03:29:08,759 [DEBUG] PredPreyGrassEnv.env-7d764eb7: event=StepSummary | env_id=env-7d764eb7 | step=316 | current_step=316 | terminated_agents=[] | truncated_agents=[] | remaining_agents=21 | reward_preview={prey_1:-0.001, prey_3:-0.001, prey_5:-0.001, prey_0:-0.001, predator_4:-0.001} | info_preview={}
2025-11-23 03:29:08,769 [DEBUG] PredPreyGrassEnv.env-7d764eb7: event=StepBegin | env_id=env-7d764eb7 | step=317 | incoming_actions=['prey_1', 'prey_3', 'prey_5', 'prey_0', 'prey_18', ...] | active_agents=21 | current_step=317
2025-11-23 03:29:08,772 [DEBUG] PredPreyGrassEnv.env-7d764eb7: event=StepSummary | env_id=env-7d764eb7 | step=317 | current_step=317 | terminated_agents=[] | truncated_agents=[] | remaining_agents=21 | reward_preview={prey_1:-0.001, prey_3:-0.001, prey_5:-0.001, prey_0:-0.001, predator_4:-0.001} | info_preview={}
2025-11-23 03:29:08,786 [DEBUG] PredPreyGrassEnv.env-7d764eb7: event=StepBegin | env_id=env-7d764eb7 | step=318 | incoming_actions=['prey_1', 'prey_3', 'prey_5', 'prey_0', 'prey_18', ...] | active_agents=21 | current_step=318
2025-11-23 03:29:08,794 [DEBUG] PredPreyGrassEnv.env-7d764eb7: event=StepSummary | env_id=env-7d764eb7 | step=318 | current_step=318 | terminated_agents=[] | truncated_agents=[] | remaining_agents=21 | reward_preview={prey_1:-0.001, prey_3:-0.001, prey_5:-0.001, prey_0:-0.001, predator_4:-0.001} | info_preview={}
2025-11-23 03:29:08,818 [DEBUG] PredPreyGrassEnv.env-7d764eb7: event=StepBegin | env_id=env-7d764eb7 | step=319 | incoming_actions=['prey_1', 'prey_3', 'prey_5', 'prey_0', 'prey_18', ...] | active_agents=21 | current_step=319
2025-11-23 03:29:08,827 [DEBUG] PredPreyGrassEnv.env-7d764eb7: event=StepSummary | env_id=env-7d764eb7 | step=319 | current_step=319 | terminated_agents=[] | truncated_agents=[] | remaining_agents=21 | reward_preview={prey_1:-0.001, prey_3:-0.001, prey_5:-0.001, prey_0:-0.001, predator_4:-0.001} | info_preview={}
2025-11-23 03:29:08,853 [DEBUG] PredPreyGrassEnv.env-7d764eb7: event=StepBegin | env_id=env-7d764eb7 | step=320 | incoming_actions=['prey_1', 'prey_3', 'prey_5', 'prey_0', 'prey_18', ...] | active_agents=21 | current_step=320
2025-11-23 03:29:08,860 [DEBUG] PredPreyGrassEnv.env-7d764eb7: event=StepSummary | env_id=env-7d764eb7 | step=320 | current_step=320 | terminated_agents=[] | truncated_agents=[] | remaining_agents=21 | reward_preview={prey_1:-0.001, prey_3:-0.001, prey_5:-0.001, prey_0:-0.001, predator_4:-0.001} | info_preview={}
2025-11-23 03:29:08,884 [DEBUG] PredPreyGrassEnv.env-7d764eb7: event=StepBegin | env_id=env-7d764eb7 | step=321 | incoming_actions=['prey_1', 'prey_3', 'prey_5', 'prey_0', 'prey_18', ...] | active_agents=21 | current_step=321
2025-11-23 03:29:08,892 [DEBUG] PredPreyGrassEnv.env-7d764eb7: event=StepSummary | env_id=env-7d764eb7 | step=321 | current_step=321 | terminated_agents=[] | truncated_agents=[] | remaining_agents=21 | reward_preview={prey_1:-0.001, prey_3:-0.001, prey_5:-0.001, prey_0:-0.001, predator_4:-0.001} | info_preview={}
2025-11-23 03:29:08,909 [DEBUG] PredPreyGrassEnv.env-7d764eb7: event=StepBegin | env_id=env-7d764eb7 | step=322 | incoming_actions=['prey_1', 'prey_3', 'prey_5', 'prey_0', 'prey_18', ...] | active_agents=21 | current_step=322
2025-11-23 03:29:08,912 [DEBUG] PredPreyGrassEnv.env-7d764eb7: event=StepSummary | env_id=env-7d764eb7 | step=322 | current_step=322 | terminated_agents=[] | truncated_agents=[] | remaining_agents=21 | reward_preview={prey_1:-0.001, prey_3:-0.001, prey_5:-0.001, prey_0:-0.001, predator_4:-0.001} | info_preview={}
2025-11-23 03:29:08,926 [DEBUG] PredPreyGrassEnv.env-7d764eb7: event=StepBegin | env_id=env-7d764eb7 | step=323 | incoming_actions=['prey_1', 'prey_3', 'prey_5', 'prey_0', 'prey_18', ...] | active_agents=21 | current_step=323
2025-11-23 03:29:08,930 [DEBUG] PredPreyGrassEnv.env-7d764eb7: event=StepSummary | env_id=env-7d764eb7 | step=323 | current_step=323 | terminated_agents=[] | truncated_agents=[] | remaining_agents=21 | reward_preview={prey_1:-0.001, prey_3:-0.001, prey_5:-0.001, prey_0:-0.001, predator_4:-0.001} | info_preview={}
2025-11-23 03:29:08,957 [DEBUG] PredPreyGrassEnv.env-7d764eb7: event=StepBegin | env_id=env-7d764eb7 | step=324 | incoming_actions=['prey_1', 'prey_3', 'prey_5', 'prey_0', 'prey_18', ...] | active_agents=21 | current_step=324
2025-11-23 03:29:08,961 [DEBUG] PredPreyGrassEnv.env-7d764eb7: event=StepSummary | env_id=env-7d764eb7 | step=324 | current_step=324 | terminated_agents=[] | truncated_agents=[] | remaining_agents=21 | reward_preview={prey_1:-0.001, prey_3:-0.001, prey_5:-0.001, prey_0:-0.001, predator_4:-0.001} | info_preview={}
2025-11-23 03:29:08,976 [DEBUG] PredPreyGrassEnv.env-7d764eb7: event=StepBegin | env_id=env-7d764eb7 | step=325 | incoming_actions=['prey_1', 'prey_3', 'prey_5', 'prey_0', 'prey_18', ...] | active_agents=21 | current_step=325
2025-11-23 03:29:08,979 [DEBUG] PredPreyGrassEnv.env-7d764eb7: event=StepSummary | env_id=env-7d764eb7 | step=325 | current_step=325 | terminated_agents=[] | truncated_agents=[] | remaining_agents=21 | reward_preview={prey_1:-0.001, prey_3:-0.001, prey_5:-0.001, prey_0:-0.001, predator_4:-0.001} | info_preview={}
2025-11-23 03:29:08,993 [DEBUG] PredPreyGrassEnv.env-7d764eb7: event=StepBegin | env_id=env-7d764eb7 | step=326 | incoming_actions=['prey_1', 'prey_3', 'prey_5', 'prey_0', 'prey_18', ...] | active_agents=21 | current_step=326
2025-11-23 03:29:08,998 [DEBUG] PredPreyGrassEnv.env-7d764eb7: event=StepSummary | env_id=env-7d764eb7 | step=326 | current_step=326 | terminated_agents=[] | truncated_agents=[] | remaining_agents=21 | reward_preview={prey_1:-0.001, prey_3:-0.001, prey_5:-0.001, prey_0:-0.001, predator_4:-0.001} | info_preview={}
2025-11-23 03:29:09,011 [DEBUG] PredPreyGrassEnv.env-7d764eb7: event=StepBegin | env_id=env-7d764eb7 | step=327 | incoming_actions=['prey_1', 'prey_3', 'prey_5', 'prey_0', 'prey_18', ...] | active_agents=21 | current_step=327
2025-11-23 03:29:09,015 [DEBUG] PredPreyGrassEnv.env-7d764eb7: event=StepSummary | env_id=env-7d764eb7 | step=327 | current_step=327 | terminated_agents=[] | truncated_agents=[] | remaining_agents=21 | reward_preview={prey_1:-0.001, prey_3:-0.001, prey_5:-0.001, prey_0:-0.001, predator_4:-0.001} | info_preview={}
2025-11-23 03:29:09,026 [DEBUG] PredPreyGrassEnv.env-7d764eb7: event=StepBegin | env_id=env-7d764eb7 | step=328 | incoming_actions=['prey_1', 'prey_3', 'prey_5', 'prey_0', 'prey_18', ...] | active_agents=21 | current_step=328
2025-11-23 03:29:09,030 [DEBUG] PredPreyGrassEnv.env-7d764eb7: event=StepSummary | env_id=env-7d764eb7 | step=328 | current_step=328 | terminated_agents=[] | truncated_agents=[] | remaining_agents=21 | reward_preview={prey_1:-0.001, prey_3:-0.001, prey_5:-0.001, prey_0:-0.001, predator_4:-0.001} | info_preview={}
2025-11-23 03:29:09,044 [DEBUG] PredPreyGrassEnv.env-7d764eb7: event=StepBegin | env_id=env-7d764eb7 | step=329 | incoming_actions=['prey_1', 'prey_3', 'prey_5', 'prey_0', 'prey_18', ...] | active_agents=21 | current_step=329
2025-11-23 03:29:09,048 [DEBUG] PredPreyGrassEnv.env-7d764eb7: event=StepSummary | env_id=env-7d764eb7 | step=329 | current_step=329 | terminated_agents=[] | truncated_agents=[] | remaining_agents=21 | reward_preview={prey_1:-0.001, prey_3:-0.001, prey_5:-0.001, prey_0:-0.001, predator_4:-0.001} | info_preview={}
2025-11-23 03:29:09,063 [DEBUG] PredPreyGrassEnv.env-7d764eb7: event=StepBegin | env_id=env-7d764eb7 | step=330 | incoming_actions=['prey_1', 'prey_3', 'prey_5', 'prey_0', 'prey_18', ...] | active_agents=21 | current_step=330
2025-11-23 03:29:09,067 [DEBUG] PredPreyGrassEnv.env-7d764eb7: event=StepSummary | env_id=env-7d764eb7 | step=330 | current_step=330 | terminated_agents=[] | truncated_agents=[] | remaining_agents=21 | reward_preview={prey_1:-0.001, prey_3:-0.001, prey_5:-0.001, prey_0:-0.001, predator_4:-0.001} | info_preview={}
2025-11-23 03:29:09,081 [DEBUG] PredPreyGrassEnv.env-7d764eb7: event=StepBegin | env_id=env-7d764eb7 | step=331 | incoming_actions=['prey_1', 'prey_3', 'prey_5', 'prey_0', 'prey_18', ...] | active_agents=21 | current_step=331
2025-11-23 03:29:09,086 [DEBUG] PredPreyGrassEnv.env-7d764eb7: event=StepSummary | env_id=env-7d764eb7 | step=331 | current_step=331 | terminated_agents=[] | truncated_agents=[] | remaining_agents=21 | reward_preview={prey_1:-0.001, prey_3:-0.001, prey_5:-0.001, prey_0:-0.001, predator_4:-0.001} | info_preview={}
2025-11-23 03:29:09,101 [DEBUG] PredPreyGrassEnv.env-7d764eb7: event=StepBegin | env_id=env-7d764eb7 | step=332 | incoming_actions=['prey_1', 'prey_3', 'prey_5', 'prey_0', 'prey_18', ...] | active_agents=21 | current_step=332
2025-11-23 03:29:09,105 [DEBUG] PredPreyGrassEnv.env-7d764eb7: event=StepSummary | env_id=env-7d764eb7 | step=332 | current_step=332 | terminated_agents=[] | truncated_agents=[] | remaining_agents=21 | reward_preview={prey_1:-0.001, prey_3:-0.001, prey_5:-0.001, prey_0:-0.001, predator_4:-0.001} | info_preview={}
2025-11-23 03:29:09,121 [DEBUG] PredPreyGrassEnv.env-7d764eb7: event=StepBegin | env_id=env-7d764eb7 | step=333 | incoming_actions=['prey_1', 'prey_3', 'prey_5', 'prey_0', 'prey_18', ...] | active_agents=21 | current_step=333
2025-11-23 03:29:09,126 [DEBUG] PredPreyGrassEnv.env-7d764eb7: event=StepSummary | env_id=env-7d764eb7 | step=333 | current_step=333 | terminated_agents=[] | truncated_agents=[] | remaining_agents=21 | reward_preview={prey_1:-0.001, prey_3:-0.001, prey_5:-0.001, prey_0:-0.001, predator_4:-0.001} | info_preview={}
2025-11-23 03:29:09,140 [DEBUG] PredPreyGrassEnv.env-7d764eb7: event=StepBegin | env_id=env-7d764eb7 | step=334 | incoming_actions=['prey_1', 'prey_3', 'prey_5', 'prey_0', 'prey_18', ...] | active_agents=21 | current_step=334
2025-11-23 03:29:09,144 [DEBUG] PredPreyGrassEnv.env-7d764eb7: event=StepSummary | env_id=env-7d764eb7 | step=334 | current_step=334 | terminated_agents=[] | truncated_agents=[] | remaining_agents=21 | reward_preview={prey_1:-0.001, prey_3:-0.001, prey_5:-0.001, prey_0:-0.001, predator_4:-0.001} | info_preview={}
2025-11-23 03:29:09,154 [DEBUG] PredPreyGrassEnv.env-7d764eb7: event=StepBegin | env_id=env-7d764eb7 | step=335 | incoming_actions=['prey_1', 'prey_3', 'prey_5', 'prey_0', 'prey_18', ...] | active_agents=21 | current_step=335
2025-11-23 03:29:09,156 [DEBUG] PredPreyGrassEnv.env-7d764eb7: event=PreyAteGrass | env_id=env-7d764eb7 | step=335 | prey='prey_1' | grass='grass_37' | prey_position=[135.0816769940105, 416.6906600538089] | grass_energy=10.0 | energy_gained=9.0 | prey_energy=112.80602935765243
2025-11-23 03:29:09,158 [DEBUG] PredPreyGrassEnv.env-7d764eb7: event=StepSummary | env_id=env-7d764eb7 | step=335 | current_step=335 | terminated_agents=[] | truncated_agents=[] | remaining_agents=21 | reward_preview={prey_1:1.0, prey_3:-0.001, prey_5:-0.001, prey_0:-0.001, predator_4:-0.001} | info_preview={}
2025-11-23 03:29:09,173 [DEBUG] PredPreyGrassEnv.env-7d764eb7: event=StepBegin | env_id=env-7d764eb7 | step=336 | incoming_actions=['prey_1', 'prey_3', 'prey_5', 'prey_0', 'prey_18', ...] | active_agents=21 | current_step=336
2025-11-23 03:29:09,178 [DEBUG] PredPreyGrassEnv.env-7d764eb7: event=StepSummary | env_id=env-7d764eb7 | step=336 | current_step=336 | terminated_agents=[] | truncated_agents=[] | remaining_agents=21 | reward_preview={prey_1:-0.001, prey_3:-0.001, prey_5:-0.001, prey_0:-0.001, predator_4:-0.001} | info_preview={}
2025-11-23 03:29:09,199 [DEBUG] PredPreyGrassEnv.env-7d764eb7: event=StepBegin | env_id=env-7d764eb7 | step=337 | incoming_actions=['prey_1', 'prey_3', 'prey_5', 'prey_0', 'prey_18', ...] | active_agents=21 | current_step=337
2025-11-23 03:29:09,203 [DEBUG] PredPreyGrassEnv.env-7d764eb7: event=StepSummary | env_id=env-7d764eb7 | step=337 | current_step=337 | terminated_agents=[] | truncated_agents=[] | remaining_agents=21 | reward_preview={prey_1:-0.001, prey_3:-0.001, prey_5:-0.001, prey_0:-0.001, predator_4:-0.001} | info_preview={}
2025-11-23 03:29:09,216 [DEBUG] PredPreyGrassEnv.env-7d764eb7: event=StepBegin | env_id=env-7d764eb7 | step=338 | incoming_actions=['prey_1', 'prey_3', 'prey_5', 'prey_0', 'prey_18', ...] | active_agents=21 | current_step=338
2025-11-23 03:29:09,220 [DEBUG] PredPreyGrassEnv.env-7d764eb7: event=StepSummary | env_id=env-7d764eb7 | step=338 | current_step=338 | terminated_agents=[] | truncated_agents=[] | remaining_agents=21 | reward_preview={prey_1:-0.001, prey_3:-0.001, prey_5:-0.001, prey_0:-0.001, predator_4:-0.001} | info_preview={}
2025-11-23 03:29:09,235 [DEBUG] PredPreyGrassEnv.env-7d764eb7: event=StepBegin | env_id=env-7d764eb7 | step=339 | incoming_actions=['prey_1', 'prey_3', 'prey_5', 'prey_0', 'prey_18', ...] | active_agents=21 | current_step=339
2025-11-23 03:29:09,240 [DEBUG] PredPreyGrassEnv.env-7d764eb7: event=StepSummary | env_id=env-7d764eb7 | step=339 | current_step=339 | terminated_agents=[] | truncated_agents=[] | remaining_agents=21 | reward_preview={prey_1:-0.001, prey_3:-0.001, prey_5:-0.001, prey_0:-0.001, predator_4:-0.001} | info_preview={}
2025-11-23 03:29:09,256 [DEBUG] PredPreyGrassEnv.env-7d764eb7: event=StepBegin | env_id=env-7d764eb7 | step=340 | incoming_actions=['prey_1', 'prey_3', 'prey_5', 'prey_0', 'prey_18', ...] | active_agents=21 | current_step=340
2025-11-23 03:29:09,262 [DEBUG] PredPreyGrassEnv.env-7d764eb7: event=StepSummary | env_id=env-7d764eb7 | step=340 | current_step=340 | terminated_agents=[] | truncated_agents=[] | remaining_agents=21 | reward_preview={prey_1:-0.001, prey_3:-0.001, prey_5:-0.001, prey_0:-0.001, predator_4:-0.001} | info_preview={}
2025-11-23 03:29:09,274 [DEBUG] PredPreyGrassEnv.env-7d764eb7: event=StepBegin | env_id=env-7d764eb7 | step=341 | incoming_actions=['prey_1', 'prey_3', 'prey_5', 'prey_0', 'prey_18', ...] | active_agents=21 | current_step=341
2025-11-23 03:29:09,279 [DEBUG] PredPreyGrassEnv.env-7d764eb7: event=StepSummary | env_id=env-7d764eb7 | step=341 | current_step=341 | terminated_agents=[] | truncated_agents=[] | remaining_agents=21 | reward_preview={prey_1:-0.001, prey_3:-0.001, prey_5:-0.001, prey_0:-0.001, predator_4:-0.001} | info_preview={}
2025-11-23 03:29:09,296 [DEBUG] PredPreyGrassEnv.env-7d764eb7: event=StepBegin | env_id=env-7d764eb7 | step=342 | incoming_actions=['prey_1', 'prey_3', 'prey_5', 'prey_0', 'prey_18', ...] | active_agents=21 | current_step=342
2025-11-23 03:29:09,302 [DEBUG] PredPreyGrassEnv.env-7d764eb7: event=StepSummary | env_id=env-7d764eb7 | step=342 | current_step=342 | terminated_agents=[] | truncated_agents=[] | remaining_agents=21 | reward_preview={prey_1:-0.001, prey_3:-0.001, prey_5:-0.001, prey_0:-0.001, predator_4:-0.001} | info_preview={}
2025-11-23 03:29:09,316 [DEBUG] PredPreyGrassEnv.env-7d764eb7: event=StepBegin | env_id=env-7d764eb7 | step=343 | incoming_actions=['prey_1', 'prey_3', 'prey_5', 'prey_0', 'prey_18', ...] | active_agents=21 | current_step=343
2025-11-23 03:29:09,320 [DEBUG] PredPreyGrassEnv.env-7d764eb7: event=StepSummary | env_id=env-7d764eb7 | step=343 | current_step=343 | terminated_agents=[] | truncated_agents=[] | remaining_agents=21 | reward_preview={prey_1:-0.001, prey_3:-0.001, prey_5:-0.001, prey_0:-0.001, predator_4:-0.001} | info_preview={}
2025-11-23 03:29:09,332 [DEBUG] PredPreyGrassEnv.env-7d764eb7: event=StepBegin | env_id=env-7d764eb7 | step=344 | incoming_actions=['prey_1', 'prey_3', 'prey_5', 'prey_0', 'prey_18', ...] | active_agents=21 | current_step=344
2025-11-23 03:29:09,336 [DEBUG] PredPreyGrassEnv.env-7d764eb7: event=StepSummary | env_id=env-7d764eb7 | step=344 | current_step=344 | terminated_agents=[] | truncated_agents=[] | remaining_agents=21 | reward_preview={prey_1:-0.001, prey_3:-0.001, prey_5:-0.001, prey_0:-0.001, predator_4:-0.001} | info_preview={}
2025-11-23 03:29:09,349 [DEBUG] PredPreyGrassEnv.env-7d764eb7: event=StepBegin | env_id=env-7d764eb7 | step=345 | incoming_actions=['prey_1', 'prey_3', 'prey_5', 'prey_0', 'prey_18', ...] | active_agents=21 | current_step=345
2025-11-23 03:29:09,354 [DEBUG] PredPreyGrassEnv.env-7d764eb7: event=StepSummary | env_id=env-7d764eb7 | step=345 | current_step=345 | terminated_agents=[] | truncated_agents=[] | remaining_agents=21 | reward_preview={prey_1:-0.001, prey_3:-0.001, prey_5:-0.001, prey_0:-0.001, predator_4:-0.001} | info_preview={}
2025-11-23 03:29:09,368 [DEBUG] PredPreyGrassEnv.env-7d764eb7: event=StepBegin | env_id=env-7d764eb7 | step=346 | incoming_actions=['prey_1', 'prey_3', 'prey_5', 'prey_0', 'prey_18', ...] | active_agents=21 | current_step=346
2025-11-23 03:29:09,372 [DEBUG] PredPreyGrassEnv.env-7d764eb7: event=StepSummary | env_id=env-7d764eb7 | step=346 | current_step=346 | terminated_agents=[] | truncated_agents=[] | remaining_agents=21 | reward_preview={prey_1:-0.001, prey_3:-0.001, prey_5:-0.001, prey_0:-0.001, predator_4:-0.001} | info_preview={}
2025-11-23 03:29:09,385 [DEBUG] PredPreyGrassEnv.env-7d764eb7: event=StepBegin | env_id=env-7d764eb7 | step=347 | incoming_actions=['prey_1', 'prey_3', 'prey_5', 'prey_0', 'prey_18', ...] | active_agents=21 | current_step=347
2025-11-23 03:29:09,389 [DEBUG] PredPreyGrassEnv.env-7d764eb7: event=StepSummary | env_id=env-7d764eb7 | step=347 | current_step=347 | terminated_agents=[] | truncated_agents=[] | remaining_agents=21 | reward_preview={prey_1:-0.001, prey_3:-0.001, prey_5:-0.001, prey_0:-0.001, predator_4:-0.001} | info_preview={}
2025-11-23 03:29:09,413 [DEBUG] PredPreyGrassEnv.env-7d764eb7: event=StepBegin | env_id=env-7d764eb7 | step=348 | incoming_actions=['prey_1', 'prey_3', 'prey_5', 'prey_0', 'prey_18', ...] | active_agents=21 | current_step=348
2025-11-23 03:29:09,420 [DEBUG] PredPreyGrassEnv.env-7d764eb7: event=StepSummary | env_id=env-7d764eb7 | step=348 | current_step=348 | terminated_agents=[] | truncated_agents=[] | remaining_agents=21 | reward_preview={prey_1:-0.001, prey_3:-0.001, prey_5:-0.001, prey_0:-0.001, predator_4:-0.001} | info_preview={}
2025-11-23 03:29:09,445 [DEBUG] PredPreyGrassEnv.env-7d764eb7: event=StepBegin | env_id=env-7d764eb7 | step=349 | incoming_actions=['prey_1', 'prey_3', 'prey_5', 'prey_0', 'prey_18', ...] | active_agents=21 | current_step=349
2025-11-23 03:29:09,452 [DEBUG] PredPreyGrassEnv.env-7d764eb7: event=StepSummary | env_id=env-7d764eb7 | step=349 | current_step=349 | terminated_agents=[] | truncated_agents=[] | remaining_agents=21 | reward_preview={prey_1:-0.001, prey_3:-0.001, prey_5:-0.001, prey_0:-0.001, predator_4:-0.001} | info_preview={}
2025-11-23 03:29:09,476 [DEBUG] PredPreyGrassEnv.env-7d764eb7: event=StepBegin | env_id=env-7d764eb7 | step=350 | incoming_actions=['prey_1', 'prey_3', 'prey_5', 'prey_0', 'prey_18', ...] | active_agents=21 | current_step=350
2025-11-23 03:29:09,484 [DEBUG] PredPreyGrassEnv.env-7d764eb7: event=StepSummary | env_id=env-7d764eb7 | step=350 | current_step=350 | terminated_agents=[] | truncated_agents=[] | remaining_agents=21 | reward_preview={prey_1:-0.001, prey_3:-0.001, prey_5:-0.001, prey_0:-0.001, predator_4:-0.001} | info_preview={}
2025-11-23 03:29:09,508 [DEBUG] PredPreyGrassEnv.env-7d764eb7: event=StepBegin | env_id=env-7d764eb7 | step=351 | incoming_actions=['prey_1', 'prey_3', 'prey_5', 'prey_0', 'prey_18', ...] | active_agents=21 | current_step=351
2025-11-23 03:29:09,515 [DEBUG] PredPreyGrassEnv.env-7d764eb7: event=StepSummary | env_id=env-7d764eb7 | step=351 | current_step=351 | terminated_agents=[] | truncated_agents=[] | remaining_agents=21 | reward_preview={prey_1:-0.001, prey_3:-0.001, prey_5:-0.001, prey_0:-0.001, predator_4:-0.001} | info_preview={}
2025-11-23 03:29:09,541 [DEBUG] PredPreyGrassEnv.env-7d764eb7: event=StepBegin | env_id=env-7d764eb7 | step=352 | incoming_actions=['prey_1', 'prey_3', 'prey_5', 'prey_0', 'prey_18', ...] | active_agents=21 | current_step=352
2025-11-23 03:29:09,548 [DEBUG] PredPreyGrassEnv.env-7d764eb7: event=StepSummary | env_id=env-7d764eb7 | step=352 | current_step=352 | terminated_agents=[] | truncated_agents=[] | remaining_agents=21 | reward_preview={prey_1:-0.001, prey_3:-0.001, prey_5:-0.001, prey_0:-0.001, predator_4:-0.001} | info_preview={}
2025-11-23 03:29:09,574 [DEBUG] PredPreyGrassEnv.env-7d764eb7: event=StepBegin | env_id=env-7d764eb7 | step=353 | incoming_actions=['prey_1', 'prey_3', 'prey_5', 'prey_0', 'prey_18', ...] | active_agents=21 | current_step=353
2025-11-23 03:29:09,581 [DEBUG] PredPreyGrassEnv.env-7d764eb7: event=StepSummary | env_id=env-7d764eb7 | step=353 | current_step=353 | terminated_agents=[] | truncated_agents=[] | remaining_agents=21 | reward_preview={prey_1:-0.001, prey_3:-0.001, prey_5:-0.001, prey_0:-0.001, predator_4:-0.001} | info_preview={}
2025-11-23 03:29:09,606 [DEBUG] PredPreyGrassEnv.env-7d764eb7: event=StepBegin | env_id=env-7d764eb7 | step=354 | incoming_actions=['prey_1', 'prey_3', 'prey_5', 'prey_0', 'prey_18', ...] | active_agents=21 | current_step=354
2025-11-23 03:29:09,613 [DEBUG] PredPreyGrassEnv.env-7d764eb7: event=StepSummary | env_id=env-7d764eb7 | step=354 | current_step=354 | terminated_agents=[] | truncated_agents=[] | remaining_agents=21 | reward_preview={prey_1:-0.001, prey_3:-0.001, prey_5:-0.001, prey_0:-0.001, predator_4:-0.001} | info_preview={}
2025-11-23 03:29:09,644 [DEBUG] PredPreyGrassEnv.env-7d764eb7: event=StepBegin | env_id=env-7d764eb7 | step=355 | incoming_actions=['prey_1', 'prey_3', 'prey_5', 'prey_0', 'prey_18', ...] | active_agents=21 | current_step=355
2025-11-23 03:29:09,652 [DEBUG] PredPreyGrassEnv.env-7d764eb7: event=StepSummary | env_id=env-7d764eb7 | step=355 | current_step=355 | terminated_agents=[] | truncated_agents=[] | remaining_agents=21 | reward_preview={prey_1:-0.001, prey_3:-0.001, prey_5:-0.001, prey_0:-0.001, predator_4:-0.001} | info_preview={}
2025-11-23 03:29:09,676 [DEBUG] PredPreyGrassEnv.env-7d764eb7: event=StepBegin | env_id=env-7d764eb7 | step=356 | incoming_actions=['prey_1', 'prey_3', 'prey_5', 'prey_0', 'prey_18', ...] | active_agents=21 | current_step=356
2025-11-23 03:29:09,684 [DEBUG] PredPreyGrassEnv.env-7d764eb7: event=StepSummary | env_id=env-7d764eb7 | step=356 | current_step=356 | terminated_agents=[] | truncated_agents=[] | remaining_agents=21 | reward_preview={prey_1:-0.001, prey_3:-0.001, prey_5:-0.001, prey_0:-0.001, predator_4:-0.001} | info_preview={}
2025-11-23 03:29:09,708 [DEBUG] PredPreyGrassEnv.env-7d764eb7: event=StepBegin | env_id=env-7d764eb7 | step=357 | incoming_actions=['prey_1', 'prey_3', 'prey_5', 'prey_0', 'prey_18', ...] | active_agents=21 | current_step=357
2025-11-23 03:29:09,731 [DEBUG] PredPreyGrassEnv.env-7d764eb7: event=StepSummary | env_id=env-7d764eb7 | step=357 | current_step=357 | terminated_agents=[] | truncated_agents=[] | remaining_agents=21 | reward_preview={prey_1:-0.001, prey_3:-0.001, prey_5:-0.001, prey_0:-0.001, predator_4:-0.001} | info_preview={}
2025-11-23 03:29:09,765 [DEBUG] PredPreyGrassEnv.env-7d764eb7: event=StepBegin | env_id=env-7d764eb7 | step=358 | incoming_actions=['prey_1', 'prey_3', 'prey_5', 'prey_0', 'prey_18', ...] | active_agents=21 | current_step=358
2025-11-23 03:29:09,773 [DEBUG] PredPreyGrassEnv.env-7d764eb7: event=StepSummary | env_id=env-7d764eb7 | step=358 | current_step=358 | terminated_agents=[] | truncated_agents=[] | remaining_agents=21 | reward_preview={prey_1:-0.001, prey_3:-0.001, prey_5:-0.001, prey_0:-0.001, predator_4:-0.001} | info_preview={}
2025-11-23 03:29:09,799 [DEBUG] PredPreyGrassEnv.env-7d764eb7: event=StepBegin | env_id=env-7d764eb7 | step=359 | incoming_actions=['prey_1', 'prey_3', 'prey_5', 'prey_0', 'prey_18', ...] | active_agents=21 | current_step=359
2025-11-23 03:29:09,809 [DEBUG] PredPreyGrassEnv.env-7d764eb7: event=StepSummary | env_id=env-7d764eb7 | step=359 | current_step=359 | terminated_agents=[] | truncated_agents=[] | remaining_agents=21 | reward_preview={prey_1:-0.001, prey_3:-0.001, prey_5:-0.001, prey_0:-0.001, predator_4:-0.001} | info_preview={}
2025-11-23 03:29:09,838 [DEBUG] PredPreyGrassEnv.env-7d764eb7: event=StepBegin | env_id=env-7d764eb7 | step=360 | incoming_actions=['prey_1', 'prey_3', 'prey_5', 'prey_0', 'prey_18', ...] | active_agents=21 | current_step=360
2025-11-23 03:29:09,846 [DEBUG] PredPreyGrassEnv.env-7d764eb7: event=PreyAteGrass | env_id=env-7d764eb7 | step=360 | prey='prey_5' | grass='grass_2' | prey_position=[617.7592769233626, 759.0140798387441] | grass_energy=10.0 | energy_gained=9.0 | prey_energy=109.58235462583269
2025-11-23 03:29:09,847 [DEBUG] PredPreyGrassEnv.env-7d764eb7: event=StepSummary | env_id=env-7d764eb7 | step=360 | current_step=360 | terminated_agents=[] | truncated_agents=[] | remaining_agents=21 | reward_preview={prey_1:-0.001, prey_3:-0.001, prey_5:1.0, prey_0:-0.001, predator_4:-0.001} | info_preview={}
2025-11-23 03:29:09,893 [DEBUG] PredPreyGrassEnv.env-7d764eb7: event=StepBegin | env_id=env-7d764eb7 | step=361 | incoming_actions=['prey_1', 'prey_3', 'prey_5', 'prey_0', 'prey_18', ...] | active_agents=21 | current_step=361
2025-11-23 03:29:09,902 [DEBUG] PredPreyGrassEnv.env-7d764eb7: event=StepSummary | env_id=env-7d764eb7 | step=361 | current_step=361 | terminated_agents=[] | truncated_agents=[] | remaining_agents=21 | reward_preview={prey_1:-0.001, prey_3:-0.001, prey_5:-0.001, prey_0:-0.001, predator_4:-0.001} | info_preview={}
2025-11-23 03:29:09,917 [DEBUG] PredPreyGrassEnv.env-7d764eb7: event=StepBegin | env_id=env-7d764eb7 | step=362 | incoming_actions=['prey_1', 'prey_3', 'prey_5', 'prey_0', 'prey_18', ...] | active_agents=21 | current_step=362
2025-11-23 03:29:09,922 [DEBUG] PredPreyGrassEnv.env-7d764eb7: event=StepSummary | env_id=env-7d764eb7 | step=362 | current_step=362 | terminated_agents=[] | truncated_agents=[] | remaining_agents=21 | reward_preview={prey_1:-0.001, prey_3:-0.001, prey_5:-0.001, prey_0:-0.001, predator_4:-0.001} | info_preview={}
2025-11-23 03:29:09,945 [DEBUG] PredPreyGrassEnv.env-7d764eb7: event=StepBegin | env_id=env-7d764eb7 | step=363 | incoming_actions=['prey_1', 'prey_3', 'prey_5', 'prey_0', 'prey_18', ...] | active_agents=21 | current_step=363
2025-11-23 03:29:09,951 [DEBUG] PredPreyGrassEnv.env-7d764eb7: event=StepSummary | env_id=env-7d764eb7 | step=363 | current_step=363 | terminated_agents=[] | truncated_agents=[] | remaining_agents=21 | reward_preview={prey_1:-0.001, prey_3:-0.001, prey_5:-0.001, prey_0:-0.001, predator_4:-0.001} | info_preview={}
2025-11-23 03:29:09,989 [DEBUG] PredPreyGrassEnv.env-7d764eb7: event=StepBegin | env_id=env-7d764eb7 | step=364 | incoming_actions=['prey_1', 'prey_3', 'prey_5', 'prey_0', 'prey_18', ...] | active_agents=21 | current_step=364
2025-11-23 03:29:09,995 [DEBUG] PredPreyGrassEnv.env-7d764eb7: event=PreyAteGrass | env_id=env-7d764eb7 | step=364 | prey='prey_3' | grass='grass_61' | prey_position=[537.8688308776451, 254.34011798884694] | grass_energy=10.0 | energy_gained=9.0 | prey_energy=91.25095169237807
2025-11-23 03:29:09,998 [DEBUG] PredPreyGrassEnv.env-7d764eb7: event=StepSummary | env_id=env-7d764eb7 | step=364 | current_step=364 | terminated_agents=[] | truncated_agents=[] | remaining_agents=21 | reward_preview={prey_1:-0.001, prey_3:1.0, prey_5:-0.001, prey_0:-0.001, predator_4:-0.001} | info_preview={}
2025-11-23 03:29:10,025 [DEBUG] PredPreyGrassEnv.env-7d764eb7: event=StepBegin | env_id=env-7d764eb7 | step=365 | incoming_actions=['prey_1', 'prey_3', 'prey_5', 'prey_0', 'prey_18', ...] | active_agents=21 | current_step=365
2025-11-23 03:29:10,033 [DEBUG] PredPreyGrassEnv.env-7d764eb7: event=StepSummary | env_id=env-7d764eb7 | step=365 | current_step=365 | terminated_agents=[] | truncated_agents=[] | remaining_agents=21 | reward_preview={prey_1:-0.001, prey_3:-0.001, prey_5:-0.001, prey_0:-0.001, predator_4:-0.001} | info_preview={}
2025-11-23 03:29:10,057 [DEBUG] PredPreyGrassEnv.env-7d764eb7: event=StepBegin | env_id=env-7d764eb7 | step=366 | incoming_actions=['prey_1', 'prey_3', 'prey_5', 'prey_0', 'prey_18', ...] | active_agents=21 | current_step=366
2025-11-23 03:29:10,062 [DEBUG] PredPreyGrassEnv.env-7d764eb7: event=StepSummary | env_id=env-7d764eb7 | step=366 | current_step=366 | terminated_agents=[] | truncated_agents=[] | remaining_agents=21 | reward_preview={prey_1:-0.001, prey_3:-0.001, prey_5:-0.001, prey_0:-0.001, predator_4:-0.001} | info_preview={}
2025-11-23 03:29:10,114 [DEBUG] PredPreyGrassEnv.env-7d764eb7: event=StepBegin | env_id=env-7d764eb7 | step=367 | incoming_actions=['prey_1', 'prey_3', 'prey_5', 'prey_0', 'prey_18', ...] | active_agents=21 | current_step=367
2025-11-23 03:29:10,119 [DEBUG] PredPreyGrassEnv.env-7d764eb7: event=StepSummary | env_id=env-7d764eb7 | step=367 | current_step=367 | terminated_agents=[] | truncated_agents=[] | remaining_agents=21 | reward_preview={prey_1:-0.001, prey_3:-0.001, prey_5:-0.001, prey_0:-0.001, predator_4:-0.001} | info_preview={}
2025-11-23 03:29:10,149 [DEBUG] PredPreyGrassEnv.env-7d764eb7: event=StepBegin | env_id=env-7d764eb7 | step=368 | incoming_actions=['prey_1', 'prey_3', 'prey_5', 'prey_0', 'prey_18', ...] | active_agents=21 | current_step=368
2025-11-23 03:29:10,157 [DEBUG] PredPreyGrassEnv.env-7d764eb7: event=StepSummary | env_id=env-7d764eb7 | step=368 | current_step=368 | terminated_agents=[] | truncated_agents=[] | remaining_agents=21 | reward_preview={prey_1:-0.001, prey_3:-0.001, prey_5:-0.001, prey_0:-0.001, predator_4:-0.001} | info_preview={}
2025-11-23 03:29:10,185 [DEBUG] PredPreyGrassEnv.env-7d764eb7: event=StepBegin | env_id=env-7d764eb7 | step=369 | incoming_actions=['prey_1', 'prey_3', 'prey_5', 'prey_0', 'prey_18', ...] | active_agents=21 | current_step=369
2025-11-23 03:29:10,193 [DEBUG] PredPreyGrassEnv.env-7d764eb7: event=StepSummary | env_id=env-7d764eb7 | step=369 | current_step=369 | terminated_agents=[] | truncated_agents=[] | remaining_agents=21 | reward_preview={prey_1:-0.001, prey_3:-0.001, prey_5:-0.001, prey_0:-0.001, predator_4:-0.001} | info_preview={}
2025-11-23 03:29:10,218 [DEBUG] PredPreyGrassEnv.env-7d764eb7: event=StepBegin | env_id=env-7d764eb7 | step=370 | incoming_actions=['prey_1', 'prey_3', 'prey_5', 'prey_0', 'prey_18', ...] | active_agents=21 | current_step=370
2025-11-23 03:29:10,226 [DEBUG] PredPreyGrassEnv.env-7d764eb7: event=StepSummary | env_id=env-7d764eb7 | step=370 | current_step=370 | terminated_agents=[] | truncated_agents=[] | remaining_agents=21 | reward_preview={prey_1:-0.001, prey_3:-0.001, prey_5:-0.001, prey_0:-0.001, predator_4:-0.001} | info_preview={}
2025-11-23 03:29:10,251 [DEBUG] PredPreyGrassEnv.env-7d764eb7: event=StepBegin | env_id=env-7d764eb7 | step=371 | incoming_actions=['prey_1', 'prey_3', 'prey_5', 'prey_0', 'prey_18', ...] | active_agents=21 | current_step=371
2025-11-23 03:29:10,258 [DEBUG] PredPreyGrassEnv.env-7d764eb7: event=StepSummary | env_id=env-7d764eb7 | step=371 | current_step=371 | terminated_agents=[] | truncated_agents=[] | remaining_agents=21 | reward_preview={prey_1:-0.001, prey_3:-0.001, prey_5:-0.001, prey_0:-0.001, predator_4:-0.001} | info_preview={}
2025-11-23 03:29:10,285 [DEBUG] PredPreyGrassEnv.env-7d764eb7: event=StepBegin | env_id=env-7d764eb7 | step=372 | incoming_actions=['prey_1', 'prey_3', 'prey_5', 'prey_0', 'prey_18', ...] | active_agents=21 | current_step=372
2025-11-23 03:29:10,293 [DEBUG] PredPreyGrassEnv.env-7d764eb7: event=StepSummary | env_id=env-7d764eb7 | step=372 | current_step=372 | terminated_agents=[] | truncated_agents=[] | remaining_agents=21 | reward_preview={prey_1:-0.001, prey_3:-0.001, prey_5:-0.001, prey_0:-0.001, predator_4:-0.001} | info_preview={}
2025-11-23 03:29:10,318 [DEBUG] PredPreyGrassEnv.env-7d764eb7: event=StepBegin | env_id=env-7d764eb7 | step=373 | incoming_actions=['prey_1', 'prey_3', 'prey_5', 'prey_0', 'prey_18', ...] | active_agents=21 | current_step=373
2025-11-23 03:29:10,323 [DEBUG] PredPreyGrassEnv.env-7d764eb7: event=PreyAteGrass | env_id=env-7d764eb7 | step=373 | prey='prey_14' | grass='grass_91' | prey_position=[747.9537201451001, 753.7361526753833] | grass_energy=10.0 | energy_gained=9.0 | prey_energy=119.16253533421937
2025-11-23 03:29:10,324 [DEBUG] PredPreyGrassEnv.env-7d764eb7: event=PreyAteGrass | env_id=env-7d764eb7 | step=373 | prey='prey_18' | grass='grass_68' | prey_position=[435.5635901023157, 466.00957923792384] | grass_energy=10.0 | energy_gained=9.0 | prey_energy=103.44070001301309
2025-11-23 03:29:10,325 [DEBUG] PredPreyGrassEnv.env-7d764eb7: event=PreyAteGrass | env_id=env-7d764eb7 | step=373 | prey='prey_2' | grass='grass_18' | prey_position=[426.7099079914356, 655.6886871895833] | grass_energy=10.0 | energy_gained=9.0 | prey_energy=93.73616827623056
2025-11-23 03:29:10,327 [DEBUG] PredPreyGrassEnv.env-7d764eb7: event=StepSummary | env_id=env-7d764eb7 | step=373 | current_step=373 | terminated_agents=[] | truncated_agents=[] | remaining_agents=21 | reward_preview={prey_1:-0.001, prey_3:-0.001, prey_5:-0.001, prey_0:-0.001, predator_4:-0.001} | info_preview={}
2025-11-23 03:29:10,353 [DEBUG] PredPreyGrassEnv.env-7d764eb7: event=StepBegin | env_id=env-7d764eb7 | step=374 | incoming_actions=['prey_1', 'prey_3', 'prey_5', 'prey_0', 'prey_18', ...] | active_agents=21 | current_step=374
2025-11-23 03:29:10,360 [DEBUG] PredPreyGrassEnv.env-7d764eb7: event=StepSummary | env_id=env-7d764eb7 | step=374 | current_step=374 | terminated_agents=[] | truncated_agents=[] | remaining_agents=21 | reward_preview={prey_1:-0.001, prey_3:-0.001, prey_5:-0.001, prey_0:-0.001, predator_4:-0.001} | info_preview={}
2025-11-23 03:29:10,387 [DEBUG] PredPreyGrassEnv.env-7d764eb7: event=StepBegin | env_id=env-7d764eb7 | step=375 | incoming_actions=['prey_1', 'prey_3', 'prey_5', 'prey_0', 'prey_18', ...] | active_agents=21 | current_step=375
2025-11-23 03:29:10,394 [DEBUG] PredPreyGrassEnv.env-7d764eb7: event=StepSummary | env_id=env-7d764eb7 | step=375 | current_step=375 | terminated_agents=[] | truncated_agents=[] | remaining_agents=21 | reward_preview={prey_1:-0.001, prey_3:-0.001, prey_5:-0.001, prey_0:-0.001, predator_4:-0.001} | info_preview={}
2025-11-23 03:29:10,420 [DEBUG] PredPreyGrassEnv.env-7d764eb7: event=StepBegin | env_id=env-7d764eb7 | step=376 | incoming_actions=['prey_1', 'prey_3', 'prey_5', 'prey_0', 'prey_18', ...] | active_agents=21 | current_step=376
2025-11-23 03:29:10,427 [DEBUG] PredPreyGrassEnv.env-7d764eb7: event=StepSummary | env_id=env-7d764eb7 | step=376 | current_step=376 | terminated_agents=[] | truncated_agents=[] | remaining_agents=21 | reward_preview={prey_1:-0.001, prey_3:-0.001, prey_5:-0.001, prey_0:-0.001, predator_4:-0.001} | info_preview={}
2025-11-23 03:29:10,451 [DEBUG] PredPreyGrassEnv.env-7d764eb7: event=StepBegin | env_id=env-7d764eb7 | step=377 | incoming_actions=['prey_1', 'prey_3', 'prey_5', 'prey_0', 'prey_18', ...] | active_agents=21 | current_step=377
2025-11-23 03:29:10,459 [DEBUG] PredPreyGrassEnv.env-7d764eb7: event=StepSummary | env_id=env-7d764eb7 | step=377 | current_step=377 | terminated_agents=[] | truncated_agents=[] | remaining_agents=21 | reward_preview={prey_1:-0.001, prey_3:-0.001, prey_5:-0.001, prey_0:-0.001, predator_4:-0.001} | info_preview={}
2025-11-23 03:29:10,483 [DEBUG] PredPreyGrassEnv.env-7d764eb7: event=StepBegin | env_id=env-7d764eb7 | step=378 | incoming_actions=['prey_1', 'prey_3', 'prey_5', 'prey_0', 'prey_18', ...] | active_agents=21 | current_step=378
2025-11-23 03:29:10,491 [DEBUG] PredPreyGrassEnv.env-7d764eb7: event=StepSummary | env_id=env-7d764eb7 | step=378 | current_step=378 | terminated_agents=[] | truncated_agents=[] | remaining_agents=21 | reward_preview={prey_1:-0.001, prey_3:-0.001, prey_5:-0.001, prey_0:-0.001, predator_4:-0.001} | info_preview={}
2025-11-23 03:29:10,515 [DEBUG] PredPreyGrassEnv.env-7d764eb7: event=StepBegin | env_id=env-7d764eb7 | step=379 | incoming_actions=['prey_1', 'prey_3', 'prey_5', 'prey_0', 'prey_18', ...] | active_agents=21 | current_step=379
2025-11-23 03:29:10,523 [DEBUG] PredPreyGrassEnv.env-7d764eb7: event=StepSummary | env_id=env-7d764eb7 | step=379 | current_step=379 | terminated_agents=[] | truncated_agents=[] | remaining_agents=21 | reward_preview={prey_1:-0.001, prey_3:-0.001, prey_5:-0.001, prey_0:-0.001, predator_4:-0.001} | info_preview={}
2025-11-23 03:29:10,548 [DEBUG] PredPreyGrassEnv.env-7d764eb7: event=StepBegin | env_id=env-7d764eb7 | step=380 | incoming_actions=['prey_1', 'prey_3', 'prey_5', 'prey_0', 'prey_18', ...] | active_agents=21 | current_step=380
2025-11-23 03:29:10,555 [DEBUG] PredPreyGrassEnv.env-7d764eb7: event=StepSummary | env_id=env-7d764eb7 | step=380 | current_step=380 | terminated_agents=[] | truncated_agents=[] | remaining_agents=21 | reward_preview={prey_1:-0.001, prey_3:-0.001, prey_5:-0.001, prey_0:-0.001, predator_4:-0.001} | info_preview={}
2025-11-23 03:29:10,580 [DEBUG] PredPreyGrassEnv.env-7d764eb7: event=StepBegin | env_id=env-7d764eb7 | step=381 | incoming_actions=['prey_1', 'prey_3', 'prey_5', 'prey_0', 'prey_18', ...] | active_agents=21 | current_step=381
2025-11-23 03:29:10,587 [DEBUG] PredPreyGrassEnv.env-7d764eb7: event=StepSummary | env_id=env-7d764eb7 | step=381 | current_step=381 | terminated_agents=[] | truncated_agents=[] | remaining_agents=21 | reward_preview={prey_1:-0.001, prey_3:-0.001, prey_5:-0.001, prey_0:-0.001, predator_4:-0.001} | info_preview={}
2025-11-23 03:29:10,612 [DEBUG] PredPreyGrassEnv.env-7d764eb7: event=StepBegin | env_id=env-7d764eb7 | step=382 | incoming_actions=['prey_1', 'prey_3', 'prey_5', 'prey_0', 'prey_18', ...] | active_agents=21 | current_step=382
2025-11-23 03:29:10,620 [DEBUG] PredPreyGrassEnv.env-7d764eb7: event=StepSummary | env_id=env-7d764eb7 | step=382 | current_step=382 | terminated_agents=[] | truncated_agents=[] | remaining_agents=21 | reward_preview={prey_1:-0.001, prey_3:-0.001, prey_5:-0.001, prey_0:-0.001, predator_4:-0.001} | info_preview={}
2025-11-23 03:29:10,645 [DEBUG] PredPreyGrassEnv.env-7d764eb7: event=StepBegin | env_id=env-7d764eb7 | step=383 | incoming_actions=['prey_1', 'prey_3', 'prey_5', 'prey_0', 'prey_18', ...] | active_agents=21 | current_step=383
2025-11-23 03:29:10,652 [DEBUG] PredPreyGrassEnv.env-7d764eb7: event=StepSummary | env_id=env-7d764eb7 | step=383 | current_step=383 | terminated_agents=[] | truncated_agents=[] | remaining_agents=21 | reward_preview={prey_1:-0.001, prey_3:-0.001, prey_5:-0.001, prey_0:-0.001, predator_4:-0.001} | info_preview={}
2025-11-23 03:29:10,677 [DEBUG] PredPreyGrassEnv.env-7d764eb7: event=StepBegin | env_id=env-7d764eb7 | step=384 | incoming_actions=['prey_1', 'prey_3', 'prey_5', 'prey_0', 'prey_18', ...] | active_agents=21 | current_step=384
2025-11-23 03:29:10,683 [DEBUG] PredPreyGrassEnv.env-7d764eb7: event=PreyAteGrass | env_id=env-7d764eb7 | step=384 | prey='prey_4' | grass='grass_92' | prey_position=[617.9899072898542, 295.49700967819695] | grass_energy=10.0 | energy_gained=9.0 | prey_energy=104.51457008388768
2025-11-23 03:29:10,685 [DEBUG] PredPreyGrassEnv.env-7d764eb7: event=StepSummary | env_id=env-7d764eb7 | step=384 | current_step=384 | terminated_agents=[] | truncated_agents=[] | remaining_agents=21 | reward_preview={prey_1:-0.001, prey_3:-0.001, prey_5:-0.001, prey_0:-0.001, predator_4:-0.001} | info_preview={}
2025-11-23 03:29:10,710 [DEBUG] PredPreyGrassEnv.env-7d764eb7: event=StepBegin | env_id=env-7d764eb7 | step=385 | incoming_actions=['prey_1', 'prey_3', 'prey_5', 'prey_0', 'prey_18', ...] | active_agents=21 | current_step=385
2025-11-23 03:29:10,717 [DEBUG] PredPreyGrassEnv.env-7d764eb7: event=StepSummary | env_id=env-7d764eb7 | step=385 | current_step=385 | terminated_agents=[] | truncated_agents=[] | remaining_agents=21 | reward_preview={prey_1:-0.001, prey_3:-0.001, prey_5:-0.001, prey_0:-0.001, predator_4:-0.001} | info_preview={}
2025-11-23 03:29:10,741 [DEBUG] PredPreyGrassEnv.env-7d764eb7: event=StepBegin | env_id=env-7d764eb7 | step=386 | incoming_actions=['prey_1', 'prey_3', 'prey_5', 'prey_0', 'prey_18', ...] | active_agents=21 | current_step=386
2025-11-23 03:29:10,749 [DEBUG] PredPreyGrassEnv.env-7d764eb7: event=StepSummary | env_id=env-7d764eb7 | step=386 | current_step=386 | terminated_agents=[] | truncated_agents=[] | remaining_agents=21 | reward_preview={prey_1:-0.001, prey_3:-0.001, prey_5:-0.001, prey_0:-0.001, predator_4:-0.001} | info_preview={}
2025-11-23 03:29:10,773 [DEBUG] PredPreyGrassEnv.env-7d764eb7: event=StepBegin | env_id=env-7d764eb7 | step=387 | incoming_actions=['prey_1', 'prey_3', 'prey_5', 'prey_0', 'prey_18', ...] | active_agents=21 | current_step=387
2025-11-23 03:29:10,780 [DEBUG] PredPreyGrassEnv.env-7d764eb7: event=StepSummary | env_id=env-7d764eb7 | step=387 | current_step=387 | terminated_agents=[] | truncated_agents=[] | remaining_agents=21 | reward_preview={prey_1:-0.001, prey_3:-0.001, prey_5:-0.001, prey_0:-0.001, predator_4:-0.001} | info_preview={}
2025-11-23 03:29:10,805 [DEBUG] PredPreyGrassEnv.env-7d764eb7: event=StepBegin | env_id=env-7d764eb7 | step=388 | incoming_actions=['prey_1', 'prey_3', 'prey_5', 'prey_0', 'prey_18', ...] | active_agents=21 | current_step=388
2025-11-23 03:29:10,812 [DEBUG] PredPreyGrassEnv.env-7d764eb7: event=StepSummary | env_id=env-7d764eb7 | step=388 | current_step=388 | terminated_agents=[] | truncated_agents=[] | remaining_agents=21 | reward_preview={prey_1:-0.001, prey_3:-0.001, prey_5:-0.001, prey_0:-0.001, predator_4:-0.001} | info_preview={}
2025-11-23 03:29:10,837 [DEBUG] PredPreyGrassEnv.env-7d764eb7: event=StepBegin | env_id=env-7d764eb7 | step=389 | incoming_actions=['prey_1', 'prey_3', 'prey_5', 'prey_0', 'prey_18', ...] | active_agents=21 | current_step=389
2025-11-23 03:29:10,844 [DEBUG] PredPreyGrassEnv.env-7d764eb7: event=StepSummary | env_id=env-7d764eb7 | step=389 | current_step=389 | terminated_agents=[] | truncated_agents=[] | remaining_agents=21 | reward_preview={prey_1:-0.001, prey_3:-0.001, prey_5:-0.001, prey_0:-0.001, predator_4:-0.001} | info_preview={}
2025-11-23 03:29:10,868 [DEBUG] PredPreyGrassEnv.env-7d764eb7: event=StepBegin | env_id=env-7d764eb7 | step=390 | incoming_actions=['prey_1', 'prey_3', 'prey_5', 'prey_0', 'prey_18', ...] | active_agents=21 | current_step=390
2025-11-23 03:29:10,871 [DEBUG] PredPreyGrassEnv.env-7d764eb7: event=StepSummary | env_id=env-7d764eb7 | step=390 | current_step=390 | terminated_agents=[] | truncated_agents=[] | remaining_agents=21 | reward_preview={prey_1:-0.001, prey_3:-0.001, prey_5:-0.001, prey_0:-0.001, predator_4:-0.001} | info_preview={}
2025-11-23 03:29:10,882 [DEBUG] PredPreyGrassEnv.env-7d764eb7: event=StepBegin | env_id=env-7d764eb7 | step=391 | incoming_actions=['prey_1', 'prey_3', 'prey_5', 'prey_0', 'prey_18', ...] | active_agents=21 | current_step=391
2025-11-23 03:29:10,886 [DEBUG] PredPreyGrassEnv.env-7d764eb7: event=StepSummary | env_id=env-7d764eb7 | step=391 | current_step=391 | terminated_agents=[] | truncated_agents=[] | remaining_agents=21 | reward_preview={prey_1:-0.001, prey_3:-0.001, prey_5:-0.001, prey_0:-0.001, predator_4:-0.001} | info_preview={}
2025-11-23 03:29:10,900 [DEBUG] PredPreyGrassEnv.env-7d764eb7: event=StepBegin | env_id=env-7d764eb7 | step=392 | incoming_actions=['prey_1', 'prey_3', 'prey_5', 'prey_0', 'prey_18', ...] | active_agents=21 | current_step=392
2025-11-23 03:29:10,904 [DEBUG] PredPreyGrassEnv.env-7d764eb7: event=StepSummary | env_id=env-7d764eb7 | step=392 | current_step=392 | terminated_agents=[] | truncated_agents=[] | remaining_agents=21 | reward_preview={prey_1:-0.001, prey_3:-0.001, prey_5:-0.001, prey_0:-0.001, predator_4:-0.001} | info_preview={}
2025-11-23 03:29:10,921 [DEBUG] PredPreyGrassEnv.env-7d764eb7: event=StepBegin | env_id=env-7d764eb7 | step=393 | incoming_actions=['prey_1', 'prey_3', 'prey_5', 'prey_0', 'prey_18', ...] | active_agents=21 | current_step=393
2025-11-23 03:29:10,921 [DEBUG] PredPreyGrassEnv.env-7d764eb7: event=CollisionBatch | env_id=env-7d764eb7 | step=393 | collisions=[['predator_catch_prey', 'predator_0', 'prey_6']]
2025-11-23 03:29:10,924 [DEBUG] PredPreyGrassEnv.env-7d764eb7: event=AgentEnergyDepleted | env_id=env-7d764eb7 | step=393 | agent='prey_6' | position=[121.95517101825538, 355.7730942408915] | energy=0
2025-11-23 03:29:10,925 [DEBUG] PredPreyGrassEnv.env-7d764eb7: event=AgentRemovedFromActiveList | env_id=env-7d764eb7 | step=393 | agent='prey_6' | remaining_agents=20
2025-11-23 03:29:10,925 [DEBUG] PredPreyGrassEnv.env-7d764eb7: event=StepSummary | env_id=env-7d764eb7 | step=393 | current_step=393 | terminated_agents=['prey_6'] | truncated_agents=[] | remaining_agents=20 | reward_preview={prey_1:-0.001, prey_3:-0.001, prey_5:-0.001, prey_0:-0.001, predator_4:-0.001} | info_preview={}
2025-11-23 03:29:10,935 [DEBUG] PredPreyGrassEnv.env-7d764eb7: event=StepBegin | env_id=env-7d764eb7 | step=394 | incoming_actions=['prey_1', 'prey_3', 'prey_5', 'prey_0', 'prey_18', ...] | active_agents=20 | current_step=394
2025-11-23 03:29:10,938 [DEBUG] PredPreyGrassEnv.env-7d764eb7: event=StepSummary | env_id=env-7d764eb7 | step=394 | current_step=394 | terminated_agents=[] | truncated_agents=[] | remaining_agents=20 | reward_preview={prey_1:-0.001, prey_3:-0.001, prey_5:-0.001, prey_0:-0.001, predator_4:-0.001} | info_preview={}
2025-11-23 03:29:10,953 [DEBUG] PredPreyGrassEnv.env-7d764eb7: event=StepBegin | env_id=env-7d764eb7 | step=395 | incoming_actions=['prey_1', 'prey_3', 'prey_5', 'prey_0', 'prey_18', ...] | active_agents=20 | current_step=395
2025-11-23 03:29:10,960 [DEBUG] PredPreyGrassEnv.env-7d764eb7: event=StepSummary | env_id=env-7d764eb7 | step=395 | current_step=395 | terminated_agents=[] | truncated_agents=[] | remaining_agents=20 | reward_preview={prey_1:-0.001, prey_3:-0.001, prey_5:-0.001, prey_0:-0.001, predator_4:-0.001} | info_preview={}
2025-11-23 03:29:10,984 [DEBUG] PredPreyGrassEnv.env-7d764eb7: event=StepBegin | env_id=env-7d764eb7 | step=396 | incoming_actions=['prey_1', 'prey_3', 'prey_5', 'prey_0', 'prey_18', ...] | active_agents=20 | current_step=396
2025-11-23 03:29:10,991 [DEBUG] PredPreyGrassEnv.env-7d764eb7: event=StepSummary | env_id=env-7d764eb7 | step=396 | current_step=396 | terminated_agents=[] | truncated_agents=[] | remaining_agents=20 | reward_preview={prey_1:-0.001, prey_3:-0.001, prey_5:-0.001, prey_0:-0.001, predator_4:-0.001} | info_preview={}
2025-11-23 03:29:11,016 [DEBUG] PredPreyGrassEnv.env-7d764eb7: event=StepBegin | env_id=env-7d764eb7 | step=397 | incoming_actions=['prey_1', 'prey_3', 'prey_5', 'prey_0', 'prey_18', ...] | active_agents=20 | current_step=397
2025-11-23 03:29:11,023 [DEBUG] PredPreyGrassEnv.env-7d764eb7: event=StepSummary | env_id=env-7d764eb7 | step=397 | current_step=397 | terminated_agents=[] | truncated_agents=[] | remaining_agents=20 | reward_preview={prey_1:-0.001, prey_3:-0.001, prey_5:-0.001, prey_0:-0.001, predator_4:-0.001} | info_preview={}
2025-11-23 03:29:11,047 [DEBUG] PredPreyGrassEnv.env-7d764eb7: event=StepBegin | env_id=env-7d764eb7 | step=398 | incoming_actions=['prey_1', 'prey_3', 'prey_5', 'prey_0', 'prey_18', ...] | active_agents=20 | current_step=398
2025-11-23 03:29:11,054 [DEBUG] PredPreyGrassEnv.env-7d764eb7: event=StepSummary | env_id=env-7d764eb7 | step=398 | current_step=398 | terminated_agents=[] | truncated_agents=[] | remaining_agents=20 | reward_preview={prey_1:-0.001, prey_3:-0.001, prey_5:-0.001, prey_0:-0.001, predator_4:-0.001} | info_preview={}
2025-11-23 03:29:11,078 [DEBUG] PredPreyGrassEnv.env-7d764eb7: event=StepBegin | env_id=env-7d764eb7 | step=399 | incoming_actions=['prey_1', 'prey_3', 'prey_5', 'prey_0', 'prey_18', ...] | active_agents=20 | current_step=399
2025-11-23 03:29:11,084 [DEBUG] PredPreyGrassEnv.env-7d764eb7: event=StepSummary | env_id=env-7d764eb7 | step=399 | current_step=399 | terminated_agents=[] | truncated_agents=[] | remaining_agents=20 | reward_preview={prey_1:-0.001, prey_3:-0.001, prey_5:-0.001, prey_0:-0.001, predator_4:-0.001} | info_preview={}
2025-11-23 03:29:11,109 [DEBUG] PredPreyGrassEnv.env-7d764eb7: event=StepBegin | env_id=env-7d764eb7 | step=400 | incoming_actions=['prey_1', 'prey_3', 'prey_5', 'prey_0', 'prey_18', ...] | active_agents=20 | current_step=400
2025-11-23 03:29:11,116 [DEBUG] PredPreyGrassEnv.env-7d764eb7: event=StepSummary | env_id=env-7d764eb7 | step=400 | current_step=400 | terminated_agents=[] | truncated_agents=[] | remaining_agents=20 | reward_preview={prey_1:-0.001, prey_3:-0.001, prey_5:-0.001, prey_0:-0.001, predator_4:-0.001} | info_preview={}
2025-11-23 03:29:11,141 [DEBUG] PredPreyGrassEnv.env-7d764eb7: event=StepBegin | env_id=env-7d764eb7 | step=401 | incoming_actions=['prey_1', 'prey_3', 'prey_5', 'prey_0', 'prey_18', ...] | active_agents=20 | current_step=401
2025-11-23 03:29:11,148 [DEBUG] PredPreyGrassEnv.env-7d764eb7: event=StepSummary | env_id=env-7d764eb7 | step=401 | current_step=401 | terminated_agents=[] | truncated_agents=[] | remaining_agents=20 | reward_preview={prey_1:-0.001, prey_3:-0.001, prey_5:-0.001, prey_0:-0.001, predator_4:-0.001} | info_preview={}
2025-11-23 03:29:11,171 [DEBUG] PredPreyGrassEnv.env-7d764eb7: event=StepBegin | env_id=env-7d764eb7 | step=402 | incoming_actions=['prey_1', 'prey_3', 'prey_5', 'prey_0', 'prey_18', ...] | active_agents=20 | current_step=402
2025-11-23 03:29:11,177 [DEBUG] PredPreyGrassEnv.env-7d764eb7: event=StepSummary | env_id=env-7d764eb7 | step=402 | current_step=402 | terminated_agents=[] | truncated_agents=[] | remaining_agents=20 | reward_preview={prey_1:-0.001, prey_3:-0.001, prey_5:-0.001, prey_0:-0.001, predator_4:-0.001} | info_preview={}
2025-11-23 03:29:11,302 [DEBUG] PredPreyGrassEnv.env-7d764eb7: event=StepBegin | env_id=env-7d764eb7 | step=403 | incoming_actions=['prey_1', 'prey_3', 'prey_5', 'prey_0', 'prey_18', ...] | active_agents=20 | current_step=403
2025-11-23 03:29:11,309 [DEBUG] PredPreyGrassEnv.env-7d764eb7: event=StepSummary | env_id=env-7d764eb7 | step=403 | current_step=403 | terminated_agents=[] | truncated_agents=[] | remaining_agents=20 | reward_preview={prey_1:-0.001, prey_3:-0.001, prey_5:-0.001, prey_0:-0.001, predator_4:-0.001} | info_preview={}
2025-11-23 03:29:11,332 [DEBUG] PredPreyGrassEnv.env-7d764eb7: event=StepBegin | env_id=env-7d764eb7 | step=404 | incoming_actions=['prey_1', 'prey_3', 'prey_5', 'prey_0', 'prey_18', ...] | active_agents=20 | current_step=404
2025-11-23 03:29:11,339 [DEBUG] PredPreyGrassEnv.env-7d764eb7: event=StepSummary | env_id=env-7d764eb7 | step=404 | current_step=404 | terminated_agents=[] | truncated_agents=[] | remaining_agents=20 | reward_preview={prey_1:-0.001, prey_3:-0.001, prey_5:-0.001, prey_0:-0.001, predator_4:-0.001} | info_preview={}
2025-11-23 03:29:11,363 [DEBUG] PredPreyGrassEnv.env-7d764eb7: event=StepBegin | env_id=env-7d764eb7 | step=405 | incoming_actions=['prey_1', 'prey_3', 'prey_5', 'prey_0', 'prey_18', ...] | active_agents=20 | current_step=405
2025-11-23 03:29:11,370 [DEBUG] PredPreyGrassEnv.env-7d764eb7: event=StepSummary | env_id=env-7d764eb7 | step=405 | current_step=405 | terminated_agents=[] | truncated_agents=[] | remaining_agents=20 | reward_preview={prey_1:-0.001, prey_3:-0.001, prey_5:-0.001, prey_0:-0.001, predator_4:-0.001} | info_preview={}
2025-11-23 03:29:11,394 [DEBUG] PredPreyGrassEnv.env-7d764eb7: event=StepBegin | env_id=env-7d764eb7 | step=406 | incoming_actions=['prey_1', 'prey_3', 'prey_5', 'prey_0', 'prey_18', ...] | active_agents=20 | current_step=406
2025-11-23 03:29:11,396 [DEBUG] PredPreyGrassEnv.env-7d764eb7: event=PreyAteGrass | env_id=env-7d764eb7 | step=406 | prey='prey_0' | grass='grass_28' | prey_position=[80.18781226465433, 211.0161488141057] | grass_energy=10.0 | energy_gained=9.0 | prey_energy=100.21994655061988
2025-11-23 03:29:11,400 [DEBUG] PredPreyGrassEnv.env-7d764eb7: event=StepSummary | env_id=env-7d764eb7 | step=406 | current_step=406 | terminated_agents=[] | truncated_agents=[] | remaining_agents=20 | reward_preview={prey_1:-0.001, prey_3:-0.001, prey_5:-0.001, prey_0:1.0, predator_4:-0.001} | info_preview={}
2025-11-23 03:29:11,423 [DEBUG] PredPreyGrassEnv.env-7d764eb7: event=StepBegin | env_id=env-7d764eb7 | step=407 | incoming_actions=['prey_1', 'prey_3', 'prey_5', 'prey_0', 'prey_18', ...] | active_agents=20 | current_step=407
2025-11-23 03:29:11,426 [DEBUG] PredPreyGrassEnv.env-7d764eb7: event=StepSummary | env_id=env-7d764eb7 | step=407 | current_step=407 | terminated_agents=[] | truncated_agents=[] | remaining_agents=20 | reward_preview={prey_1:-0.001, prey_3:-0.001, prey_5:-0.001, prey_0:-0.001, predator_4:-0.001} | info_preview={}
2025-11-23 03:29:11,442 [DEBUG] PredPreyGrassEnv.env-7d764eb7: event=StepBegin | env_id=env-7d764eb7 | step=408 | incoming_actions=['prey_1', 'prey_3', 'prey_5', 'prey_0', 'prey_18', ...] | active_agents=20 | current_step=408
2025-11-23 03:29:11,450 [DEBUG] PredPreyGrassEnv.env-7d764eb7: event=StepSummary | env_id=env-7d764eb7 | step=408 | current_step=408 | terminated_agents=[] | truncated_agents=[] | remaining_agents=20 | reward_preview={prey_1:-0.001, prey_3:-0.001, prey_5:-0.001, prey_0:-0.001, predator_4:-0.001} | info_preview={}
2025-11-23 03:29:11,476 [DEBUG] PredPreyGrassEnv.env-7d764eb7: event=StepBegin | env_id=env-7d764eb7 | step=409 | incoming_actions=['prey_1', 'prey_3', 'prey_5', 'prey_0', 'prey_18', ...] | active_agents=20 | current_step=409
2025-11-23 03:29:11,483 [DEBUG] PredPreyGrassEnv.env-7d764eb7: event=StepSummary | env_id=env-7d764eb7 | step=409 | current_step=409 | terminated_agents=[] | truncated_agents=[] | remaining_agents=20 | reward_preview={prey_1:-0.001, prey_3:-0.001, prey_5:-0.001, prey_0:-0.001, predator_4:-0.001} | info_preview={}
2025-11-23 03:29:11,500 [DEBUG] PredPreyGrassEnv.env-7d764eb7: event=StepBegin | env_id=env-7d764eb7 | step=410 | incoming_actions=['prey_1', 'prey_3', 'prey_5', 'prey_0', 'prey_18', ...] | active_agents=20 | current_step=410
2025-11-23 03:29:11,503 [DEBUG] PredPreyGrassEnv.env-7d764eb7: event=StepSummary | env_id=env-7d764eb7 | step=410 | current_step=410 | terminated_agents=[] | truncated_agents=[] | remaining_agents=20 | reward_preview={prey_1:-0.001, prey_3:-0.001, prey_5:-0.001, prey_0:-0.001, predator_4:-0.001} | info_preview={}
2025-11-23 03:29:11,514 [DEBUG] PredPreyGrassEnv.env-7d764eb7: event=StepBegin | env_id=env-7d764eb7 | step=411 | incoming_actions=['prey_1', 'prey_3', 'prey_5', 'prey_0', 'prey_18', ...] | active_agents=20 | current_step=411
2025-11-23 03:29:11,517 [DEBUG] PredPreyGrassEnv.env-7d764eb7: event=StepSummary | env_id=env-7d764eb7 | step=411 | current_step=411 | terminated_agents=[] | truncated_agents=[] | remaining_agents=20 | reward_preview={prey_1:-0.001, prey_3:-0.001, prey_5:-0.001, prey_0:-0.001, predator_4:-0.001} | info_preview={}
2025-11-23 03:29:11,529 [DEBUG] PredPreyGrassEnv.env-7d764eb7: event=StepBegin | env_id=env-7d764eb7 | step=412 | incoming_actions=['prey_1', 'prey_3', 'prey_5', 'prey_0', 'prey_18', ...] | active_agents=20 | current_step=412
2025-11-23 03:29:11,532 [DEBUG] PredPreyGrassEnv.env-7d764eb7: event=StepSummary | env_id=env-7d764eb7 | step=412 | current_step=412 | terminated_agents=[] | truncated_agents=[] | remaining_agents=20 | reward_preview={prey_1:-0.001, prey_3:-0.001, prey_5:-0.001, prey_0:-0.001, predator_4:-0.001} | info_preview={}
2025-11-23 03:29:11,542 [DEBUG] PredPreyGrassEnv.env-7d764eb7: event=StepBegin | env_id=env-7d764eb7 | step=413 | incoming_actions=['prey_1', 'prey_3', 'prey_5', 'prey_0', 'prey_18', ...] | active_agents=20 | current_step=413
2025-11-23 03:29:11,546 [DEBUG] PredPreyGrassEnv.env-7d764eb7: event=StepSummary | env_id=env-7d764eb7 | step=413 | current_step=413 | terminated_agents=[] | truncated_agents=[] | remaining_agents=20 | reward_preview={prey_1:-0.001, prey_3:-0.001, prey_5:-0.001, prey_0:-0.001, predator_4:-0.001} | info_preview={}
2025-11-23 03:29:11,556 [DEBUG] PredPreyGrassEnv.env-7d764eb7: event=StepBegin | env_id=env-7d764eb7 | step=414 | incoming_actions=['prey_1', 'prey_3', 'prey_5', 'prey_0', 'prey_18', ...] | active_agents=20 | current_step=414
2025-11-23 03:29:11,560 [DEBUG] PredPreyGrassEnv.env-7d764eb7: event=StepSummary | env_id=env-7d764eb7 | step=414 | current_step=414 | terminated_agents=[] | truncated_agents=[] | remaining_agents=20 | reward_preview={prey_1:-0.001, prey_3:-0.001, prey_5:-0.001, prey_0:-0.001, predator_4:-0.001} | info_preview={}
2025-11-23 03:29:11,570 [DEBUG] PredPreyGrassEnv.env-7d764eb7: event=StepBegin | env_id=env-7d764eb7 | step=415 | incoming_actions=['prey_1', 'prey_3', 'prey_5', 'prey_0', 'prey_18', ...] | active_agents=20 | current_step=415
2025-11-23 03:29:11,573 [DEBUG] PredPreyGrassEnv.env-7d764eb7: event=StepSummary | env_id=env-7d764eb7 | step=415 | current_step=415 | terminated_agents=[] | truncated_agents=[] | remaining_agents=20 | reward_preview={prey_1:-0.001, prey_3:-0.001, prey_5:-0.001, prey_0:-0.001, predator_4:-0.001} | info_preview={}
2025-11-23 03:29:11,583 [DEBUG] PredPreyGrassEnv.env-7d764eb7: event=StepBegin | env_id=env-7d764eb7 | step=416 | incoming_actions=['prey_1', 'prey_3', 'prey_5', 'prey_0', 'prey_18', ...] | active_agents=20 | current_step=416
2025-11-23 03:29:11,586 [DEBUG] PredPreyGrassEnv.env-7d764eb7: event=StepSummary | env_id=env-7d764eb7 | step=416 | current_step=416 | terminated_agents=[] | truncated_agents=[] | remaining_agents=20 | reward_preview={prey_1:-0.001, prey_3:-0.001, prey_5:-0.001, prey_0:-0.001, predator_4:-0.001} | info_preview={}
2025-11-23 03:29:11,597 [DEBUG] PredPreyGrassEnv.env-7d764eb7: event=StepBegin | env_id=env-7d764eb7 | step=417 | incoming_actions=['prey_1', 'prey_3', 'prey_5', 'prey_0', 'prey_18', ...] | active_agents=20 | current_step=417
2025-11-23 03:29:11,600 [DEBUG] PredPreyGrassEnv.env-7d764eb7: event=StepSummary | env_id=env-7d764eb7 | step=417 | current_step=417 | terminated_agents=[] | truncated_agents=[] | remaining_agents=20 | reward_preview={prey_1:-0.001, prey_3:-0.001, prey_5:-0.001, prey_0:-0.001, predator_4:-0.001} | info_preview={}
2025-11-23 03:29:11,611 [DEBUG] PredPreyGrassEnv.env-7d764eb7: event=StepBegin | env_id=env-7d764eb7 | step=418 | incoming_actions=['prey_1', 'prey_3', 'prey_5', 'prey_0', 'prey_18', ...] | active_agents=20 | current_step=418
2025-11-23 03:29:11,615 [DEBUG] PredPreyGrassEnv.env-7d764eb7: event=StepSummary | env_id=env-7d764eb7 | step=418 | current_step=418 | terminated_agents=[] | truncated_agents=[] | remaining_agents=20 | reward_preview={prey_1:-0.001, prey_3:-0.001, prey_5:-0.001, prey_0:-0.001, predator_4:-0.001} | info_preview={}
2025-11-23 03:29:11,625 [DEBUG] PredPreyGrassEnv.env-7d764eb7: event=StepBegin | env_id=env-7d764eb7 | step=419 | incoming_actions=['prey_1', 'prey_3', 'prey_5', 'prey_0', 'prey_18', ...] | active_agents=20 | current_step=419
2025-11-23 03:29:11,625 [DEBUG] PredPreyGrassEnv.env-7d764eb7: event=CollisionBatch | env_id=env-7d764eb7 | step=419 | collisions=[['predator_catch_prey', 'predator_4', 'prey_3']]
2025-11-23 03:29:11,628 [DEBUG] PredPreyGrassEnv.env-7d764eb7: event=AgentEnergyDepleted | env_id=env-7d764eb7 | step=419 | agent='prey_3' | position=[418.3961989542524, 224.49219996931274] | energy=0
2025-11-23 03:29:11,629 [DEBUG] PredPreyGrassEnv.env-7d764eb7: event=AgentRemovedFromActiveList | env_id=env-7d764eb7 | step=419 | agent='prey_3' | remaining_agents=19
2025-11-23 03:29:11,629 [DEBUG] PredPreyGrassEnv.env-7d764eb7: event=StepSummary | env_id=env-7d764eb7 | step=419 | current_step=419 | terminated_agents=['prey_3'] | truncated_agents=[] | remaining_agents=19 | reward_preview={prey_1:-0.001, prey_3:0, prey_5:-0.001, prey_0:-0.001, predator_4:-0.001} | info_preview={}
2025-11-23 03:29:11,639 [DEBUG] PredPreyGrassEnv.env-7d764eb7: event=StepBegin | env_id=env-7d764eb7 | step=420 | incoming_actions=['prey_1', 'prey_5', 'prey_0', 'prey_18', 'prey_16', ...] | active_agents=19 | current_step=420
2025-11-23 03:29:11,642 [DEBUG] PredPreyGrassEnv.env-7d764eb7: event=StepSummary | env_id=env-7d764eb7 | step=420 | current_step=420 | terminated_agents=[] | truncated_agents=[] | remaining_agents=19 | reward_preview={prey_1:-0.001, prey_5:-0.001, prey_0:-0.001, predator_4:-0.001, prey_18:-0.001} | info_preview={}
2025-11-23 03:29:11,652 [DEBUG] PredPreyGrassEnv.env-7d764eb7: event=StepBegin | env_id=env-7d764eb7 | step=421 | incoming_actions=['prey_1', 'prey_5', 'prey_0', 'prey_18', 'prey_16', ...] | active_agents=19 | current_step=421
2025-11-23 03:29:11,655 [DEBUG] PredPreyGrassEnv.env-7d764eb7: event=StepSummary | env_id=env-7d764eb7 | step=421 | current_step=421 | terminated_agents=[] | truncated_agents=[] | remaining_agents=19 | reward_preview={prey_1:-0.001, prey_5:-0.001, prey_0:-0.001, predator_4:-0.001, prey_18:-0.001} | info_preview={}
2025-11-23 03:29:11,666 [DEBUG] PredPreyGrassEnv.env-7d764eb7: event=StepBegin | env_id=env-7d764eb7 | step=422 | incoming_actions=['prey_1', 'prey_5', 'prey_0', 'prey_18', 'prey_16', ...] | active_agents=19 | current_step=422
2025-11-23 03:29:11,668 [DEBUG] PredPreyGrassEnv.env-7d764eb7: event=StepSummary | env_id=env-7d764eb7 | step=422 | current_step=422 | terminated_agents=[] | truncated_agents=[] | remaining_agents=19 | reward_preview={prey_1:-0.001, prey_5:-0.001, prey_0:-0.001, predator_4:-0.001, prey_18:-0.001} | info_preview={}
2025-11-23 03:29:11,679 [DEBUG] PredPreyGrassEnv.env-7d764eb7: event=StepBegin | env_id=env-7d764eb7 | step=423 | incoming_actions=['prey_1', 'prey_5', 'prey_0', 'prey_18', 'prey_16', ...] | active_agents=19 | current_step=423
2025-11-23 03:29:11,682 [DEBUG] PredPreyGrassEnv.env-7d764eb7: event=StepSummary | env_id=env-7d764eb7 | step=423 | current_step=423 | terminated_agents=[] | truncated_agents=[] | remaining_agents=19 | reward_preview={prey_1:-0.001, prey_5:-0.001, prey_0:-0.001, predator_4:-0.001, prey_18:-0.001} | info_preview={}
2025-11-23 03:29:11,692 [DEBUG] PredPreyGrassEnv.env-7d764eb7: event=StepBegin | env_id=env-7d764eb7 | step=424 | incoming_actions=['prey_1', 'prey_5', 'prey_0', 'prey_18', 'prey_16', ...] | active_agents=19 | current_step=424
2025-11-23 03:29:11,695 [DEBUG] PredPreyGrassEnv.env-7d764eb7: event=StepSummary | env_id=env-7d764eb7 | step=424 | current_step=424 | terminated_agents=[] | truncated_agents=[] | remaining_agents=19 | reward_preview={prey_1:-0.001, prey_5:-0.001, prey_0:-0.001, predator_4:-0.001, prey_18:-0.001} | info_preview={}
2025-11-23 03:29:11,706 [DEBUG] PredPreyGrassEnv.env-7d764eb7: event=StepBegin | env_id=env-7d764eb7 | step=425 | incoming_actions=['prey_1', 'prey_5', 'prey_0', 'prey_18', 'prey_16', ...] | active_agents=19 | current_step=425
2025-11-23 03:29:11,709 [DEBUG] PredPreyGrassEnv.env-7d764eb7: event=StepSummary | env_id=env-7d764eb7 | step=425 | current_step=425 | terminated_agents=[] | truncated_agents=[] | remaining_agents=19 | reward_preview={prey_1:-0.001, prey_5:-0.001, prey_0:-0.001, predator_4:-0.001, prey_18:-0.001} | info_preview={}
2025-11-23 03:29:11,719 [DEBUG] PredPreyGrassEnv.env-7d764eb7: event=StepBegin | env_id=env-7d764eb7 | step=426 | incoming_actions=['prey_1', 'prey_5', 'prey_0', 'prey_18', 'prey_16', ...] | active_agents=19 | current_step=426
2025-11-23 03:29:11,722 [DEBUG] PredPreyGrassEnv.env-7d764eb7: event=StepSummary | env_id=env-7d764eb7 | step=426 | current_step=426 | terminated_agents=[] | truncated_agents=[] | remaining_agents=19 | reward_preview={prey_1:-0.001, prey_5:-0.001, prey_0:-0.001, predator_4:-0.001, prey_18:-0.001} | info_preview={}
2025-11-23 03:29:11,733 [DEBUG] PredPreyGrassEnv.env-7d764eb7: event=StepBegin | env_id=env-7d764eb7 | step=427 | incoming_actions=['prey_1', 'prey_5', 'prey_0', 'prey_18', 'prey_16', ...] | active_agents=19 | current_step=427
2025-11-23 03:29:11,736 [DEBUG] PredPreyGrassEnv.env-7d764eb7: event=OffspringCreated | env_id=env-7d764eb7 | step=427 | parent_a='predator_1' | parent_b='predator_3' | offspring='predator_5' | distance=77.13981279867761
2025-11-23 03:29:11,736 [DEBUG] PredPreyGrassEnv.env-7d764eb7: event=StepSummary | env_id=env-7d764eb7 | step=427 | current_step=427 | terminated_agents=[] | truncated_agents=[] | remaining_agents=20 | reward_preview={prey_1:-0.001, prey_5:-0.001, predator_5:0.0, prey_0:-0.001, predator_4:-0.001} | info_preview={}
2025-11-23 03:29:11,747 [DEBUG] PredPreyGrassEnv.env-7d764eb7: event=StepBegin | env_id=env-7d764eb7 | step=428 | incoming_actions=['prey_1', 'prey_5', 'prey_0', 'prey_18', 'prey_16', ...] | active_agents=20 | current_step=428
2025-11-23 03:29:11,750 [DEBUG] PredPreyGrassEnv.env-7d764eb7: event=StepSummary | env_id=env-7d764eb7 | step=428 | current_step=428 | terminated_agents=[] | truncated_agents=[] | remaining_agents=20 | reward_preview={prey_1:-0.001, prey_5:-0.001, predator_5:-0.001, prey_0:-0.001, predator_4:-0.001} | info_preview={}
2025-11-23 03:29:11,760 [DEBUG] PredPreyGrassEnv.env-7d764eb7: event=StepBegin | env_id=env-7d764eb7 | step=429 | incoming_actions=['prey_1', 'prey_5', 'prey_0', 'prey_18', 'prey_16', ...] | active_agents=20 | current_step=429
2025-11-23 03:29:11,763 [DEBUG] PredPreyGrassEnv.env-7d764eb7: event=StepSummary | env_id=env-7d764eb7 | step=429 | current_step=429 | terminated_agents=[] | truncated_agents=[] | remaining_agents=20 | reward_preview={prey_1:-0.001, prey_5:-0.001, predator_5:-0.001, prey_0:-0.001, predator_4:-0.001} | info_preview={}
2025-11-23 03:29:11,773 [DEBUG] PredPreyGrassEnv.env-7d764eb7: event=StepBegin | env_id=env-7d764eb7 | step=430 | incoming_actions=['prey_1', 'prey_5', 'prey_0', 'prey_18', 'prey_16', ...] | active_agents=20 | current_step=430
2025-11-23 03:29:11,776 [DEBUG] PredPreyGrassEnv.env-7d764eb7: event=StepSummary | env_id=env-7d764eb7 | step=430 | current_step=430 | terminated_agents=[] | truncated_agents=[] | remaining_agents=20 | reward_preview={prey_1:-0.001, prey_5:-0.001, predator_5:-0.001, prey_0:-0.001, predator_4:-0.001} | info_preview={}
2025-11-23 03:29:11,786 [DEBUG] PredPreyGrassEnv.env-7d764eb7: event=StepBegin | env_id=env-7d764eb7 | step=431 | incoming_actions=['prey_1', 'prey_5', 'prey_0', 'prey_18', 'prey_16', ...] | active_agents=20 | current_step=431
2025-11-23 03:29:11,789 [DEBUG] PredPreyGrassEnv.env-7d764eb7: event=PreyAteGrass | env_id=env-7d764eb7 | step=431 | prey='prey_8' | grass='grass_73' | prey_position=[440.36984081936004, 52.304630047536115] | grass_energy=10.0 | energy_gained=9.0 | prey_energy=71.4860202811443
2025-11-23 03:29:11,789 [DEBUG] PredPreyGrassEnv.env-7d764eb7: event=StepSummary | env_id=env-7d764eb7 | step=431 | current_step=431 | terminated_agents=[] | truncated_agents=[] | remaining_agents=20 | reward_preview={prey_1:-0.001, prey_5:-0.001, predator_5:-0.001, prey_0:-0.001, predator_4:-0.001} | info_preview={}
2025-11-23 03:29:11,800 [DEBUG] PredPreyGrassEnv.env-7d764eb7: event=StepBegin | env_id=env-7d764eb7 | step=432 | incoming_actions=['prey_1', 'prey_5', 'prey_0', 'prey_18', 'prey_16', ...] | active_agents=20 | current_step=432
2025-11-23 03:29:11,803 [DEBUG] PredPreyGrassEnv.env-7d764eb7: event=StepSummary | env_id=env-7d764eb7 | step=432 | current_step=432 | terminated_agents=[] | truncated_agents=[] | remaining_agents=20 | reward_preview={prey_1:-0.001, prey_5:-0.001, predator_5:-0.001, prey_0:-0.001, predator_4:-0.001} | info_preview={}
2025-11-23 03:29:11,813 [DEBUG] PredPreyGrassEnv.env-7d764eb7: event=StepBegin | env_id=env-7d764eb7 | step=433 | incoming_actions=['prey_1', 'prey_5', 'prey_0', 'prey_18', 'prey_16', ...] | active_agents=20 | current_step=433
2025-11-23 03:29:11,816 [DEBUG] PredPreyGrassEnv.env-7d764eb7: event=StepSummary | env_id=env-7d764eb7 | step=433 | current_step=433 | terminated_agents=[] | truncated_agents=[] | remaining_agents=20 | reward_preview={prey_1:-0.001, prey_5:-0.001, predator_5:-0.001, prey_0:-0.001, predator_4:-0.001} | info_preview={}
2025-11-23 03:29:11,826 [DEBUG] PredPreyGrassEnv.env-7d764eb7: event=StepBegin | env_id=env-7d764eb7 | step=434 | incoming_actions=['prey_1', 'prey_5', 'prey_0', 'prey_18', 'prey_16', ...] | active_agents=20 | current_step=434
2025-11-23 03:29:11,829 [DEBUG] PredPreyGrassEnv.env-7d764eb7: event=StepSummary | env_id=env-7d764eb7 | step=434 | current_step=434 | terminated_agents=[] | truncated_agents=[] | remaining_agents=20 | reward_preview={prey_1:-0.001, prey_5:-0.001, predator_5:-0.001, prey_0:-0.001, predator_4:-0.001} | info_preview={}
2025-11-23 03:29:11,840 [DEBUG] PredPreyGrassEnv.env-7d764eb7: event=StepBegin | env_id=env-7d764eb7 | step=435 | incoming_actions=['prey_1', 'prey_5', 'prey_0', 'prey_18', 'prey_16', ...] | active_agents=20 | current_step=435
2025-11-23 03:29:11,843 [DEBUG] PredPreyGrassEnv.env-7d764eb7: event=StepSummary | env_id=env-7d764eb7 | step=435 | current_step=435 | terminated_agents=[] | truncated_agents=[] | remaining_agents=20 | reward_preview={prey_1:-0.001, prey_5:-0.001, predator_5:-0.001, prey_0:-0.001, predator_4:-0.001} | info_preview={}
2025-11-23 03:29:11,853 [DEBUG] PredPreyGrassEnv.env-7d764eb7: event=StepBegin | env_id=env-7d764eb7 | step=436 | incoming_actions=['prey_1', 'prey_5', 'prey_0', 'prey_18', 'prey_16', ...] | active_agents=20 | current_step=436
2025-11-23 03:29:11,857 [DEBUG] PredPreyGrassEnv.env-7d764eb7: event=StepSummary | env_id=env-7d764eb7 | step=436 | current_step=436 | terminated_agents=[] | truncated_agents=[] | remaining_agents=20 | reward_preview={prey_1:-0.001, prey_5:-0.001, predator_5:-0.001, prey_0:-0.001, predator_4:-0.001} | info_preview={}
2025-11-23 03:29:11,867 [DEBUG] PredPreyGrassEnv.env-7d764eb7: event=StepBegin | env_id=env-7d764eb7 | step=437 | incoming_actions=['prey_1', 'prey_5', 'prey_0', 'prey_18', 'prey_16', ...] | active_agents=20 | current_step=437
2025-11-23 03:29:11,870 [DEBUG] PredPreyGrassEnv.env-7d764eb7: event=StepSummary | env_id=env-7d764eb7 | step=437 | current_step=437 | terminated_agents=[] | truncated_agents=[] | remaining_agents=20 | reward_preview={prey_1:-0.001, prey_5:-0.001, predator_5:-0.001, prey_0:-0.001, predator_4:-0.001} | info_preview={}
2025-11-23 03:29:11,880 [DEBUG] PredPreyGrassEnv.env-7d764eb7: event=StepBegin | env_id=env-7d764eb7 | step=438 | incoming_actions=['prey_1', 'prey_5', 'prey_0', 'prey_18', 'prey_16', ...] | active_agents=20 | current_step=438
2025-11-23 03:29:11,883 [DEBUG] PredPreyGrassEnv.env-7d764eb7: event=StepSummary | env_id=env-7d764eb7 | step=438 | current_step=438 | terminated_agents=[] | truncated_agents=[] | remaining_agents=20 | reward_preview={prey_1:-0.001, prey_5:-0.001, predator_5:-0.001, prey_0:-0.001, predator_4:-0.001} | info_preview={}
2025-11-23 03:29:11,893 [DEBUG] PredPreyGrassEnv.env-7d764eb7: event=StepBegin | env_id=env-7d764eb7 | step=439 | incoming_actions=['prey_1', 'prey_5', 'prey_0', 'prey_18', 'prey_16', ...] | active_agents=20 | current_step=439
2025-11-23 03:29:11,897 [DEBUG] PredPreyGrassEnv.env-7d764eb7: event=StepSummary | env_id=env-7d764eb7 | step=439 | current_step=439 | terminated_agents=[] | truncated_agents=[] | remaining_agents=20 | reward_preview={prey_1:-0.001, prey_5:-0.001, predator_5:-0.001, prey_0:-0.001, predator_4:-0.001} | info_preview={}
2025-11-23 03:29:11,907 [DEBUG] PredPreyGrassEnv.env-7d764eb7: event=StepBegin | env_id=env-7d764eb7 | step=440 | incoming_actions=['prey_1', 'prey_5', 'prey_0', 'prey_18', 'prey_16', ...] | active_agents=20 | current_step=440
2025-11-23 03:29:11,911 [DEBUG] PredPreyGrassEnv.env-7d764eb7: event=StepSummary | env_id=env-7d764eb7 | step=440 | current_step=440 | terminated_agents=[] | truncated_agents=[] | remaining_agents=20 | reward_preview={prey_1:-0.001, prey_5:-0.001, predator_5:-0.001, prey_0:-0.001, predator_4:-0.001} | info_preview={}
2025-11-23 03:29:11,921 [DEBUG] PredPreyGrassEnv.env-7d764eb7: event=StepBegin | env_id=env-7d764eb7 | step=441 | incoming_actions=['prey_1', 'prey_5', 'prey_0', 'prey_18', 'prey_16', ...] | active_agents=20 | current_step=441
2025-11-23 03:29:11,924 [DEBUG] PredPreyGrassEnv.env-7d764eb7: event=StepSummary | env_id=env-7d764eb7 | step=441 | current_step=441 | terminated_agents=[] | truncated_agents=[] | remaining_agents=20 | reward_preview={prey_1:-0.001, prey_5:-0.001, predator_5:-0.001, prey_0:-0.001, predator_4:-0.001} | info_preview={}
2025-11-23 03:29:11,934 [DEBUG] PredPreyGrassEnv.env-7d764eb7: event=StepBegin | env_id=env-7d764eb7 | step=442 | incoming_actions=['prey_1', 'prey_5', 'prey_0', 'prey_18', 'prey_16', ...] | active_agents=20 | current_step=442
2025-11-23 03:29:11,937 [DEBUG] PredPreyGrassEnv.env-7d764eb7: event=StepSummary | env_id=env-7d764eb7 | step=442 | current_step=442 | terminated_agents=[] | truncated_agents=[] | remaining_agents=20 | reward_preview={prey_1:-0.001, prey_5:-0.001, predator_5:-0.001, prey_0:-0.001, predator_4:-0.001} | info_preview={}
2025-11-23 03:29:11,948 [DEBUG] PredPreyGrassEnv.env-7d764eb7: event=StepBegin | env_id=env-7d764eb7 | step=443 | incoming_actions=['prey_1', 'prey_5', 'prey_0', 'prey_18', 'prey_16', ...] | active_agents=20 | current_step=443
2025-11-23 03:29:11,951 [DEBUG] PredPreyGrassEnv.env-7d764eb7: event=StepSummary | env_id=env-7d764eb7 | step=443 | current_step=443 | terminated_agents=[] | truncated_agents=[] | remaining_agents=20 | reward_preview={prey_1:-0.001, prey_5:-0.001, predator_5:-0.001, prey_0:-0.001, predator_4:-0.001} | info_preview={}
2025-11-23 03:29:11,962 [DEBUG] PredPreyGrassEnv.env-7d764eb7: event=StepBegin | env_id=env-7d764eb7 | step=444 | incoming_actions=['prey_1', 'prey_5', 'prey_0', 'prey_18', 'prey_16', ...] | active_agents=20 | current_step=444
2025-11-23 03:29:11,966 [DEBUG] PredPreyGrassEnv.env-7d764eb7: event=StepSummary | env_id=env-7d764eb7 | step=444 | current_step=444 | terminated_agents=[] | truncated_agents=[] | remaining_agents=20 | reward_preview={prey_1:-0.001, prey_5:-0.001, predator_5:-0.001, prey_0:-0.001, predator_4:-0.001} | info_preview={}
2025-11-23 03:29:11,976 [DEBUG] PredPreyGrassEnv.env-7d764eb7: event=StepBegin | env_id=env-7d764eb7 | step=445 | incoming_actions=['prey_1', 'prey_5', 'prey_0', 'prey_18', 'prey_16', ...] | active_agents=20 | current_step=445
2025-11-23 03:29:11,979 [DEBUG] PredPreyGrassEnv.env-7d764eb7: event=StepSummary | env_id=env-7d764eb7 | step=445 | current_step=445 | terminated_agents=[] | truncated_agents=[] | remaining_agents=20 | reward_preview={prey_1:-0.001, prey_5:-0.001, predator_5:-0.001, prey_0:-0.001, predator_4:-0.001} | info_preview={}
2025-11-23 03:29:11,990 [DEBUG] PredPreyGrassEnv.env-7d764eb7: event=StepBegin | env_id=env-7d764eb7 | step=446 | incoming_actions=['prey_1', 'prey_5', 'prey_0', 'prey_18', 'prey_16', ...] | active_agents=20 | current_step=446
2025-11-23 03:29:11,993 [DEBUG] PredPreyGrassEnv.env-7d764eb7: event=StepSummary | env_id=env-7d764eb7 | step=446 | current_step=446 | terminated_agents=[] | truncated_agents=[] | remaining_agents=20 | reward_preview={prey_1:-0.001, prey_5:-0.001, predator_5:-0.001, prey_0:-0.001, predator_4:-0.001} | info_preview={}
2025-11-23 03:29:12,003 [DEBUG] PredPreyGrassEnv.env-7d764eb7: event=StepBegin | env_id=env-7d764eb7 | step=447 | incoming_actions=['prey_1', 'prey_5', 'prey_0', 'prey_18', 'prey_16', ...] | active_agents=20 | current_step=447
2025-11-23 03:29:12,006 [DEBUG] PredPreyGrassEnv.env-7d764eb7: event=StepSummary | env_id=env-7d764eb7 | step=447 | current_step=447 | terminated_agents=[] | truncated_agents=[] | remaining_agents=20 | reward_preview={prey_1:-0.001, prey_5:-0.001, predator_5:-0.001, prey_0:-0.001, predator_4:-0.001} | info_preview={}
2025-11-23 03:29:12,017 [DEBUG] PredPreyGrassEnv.env-7d764eb7: event=StepBegin | env_id=env-7d764eb7 | step=448 | incoming_actions=['prey_1', 'prey_5', 'prey_0', 'prey_18', 'prey_16', ...] | active_agents=20 | current_step=448
2025-11-23 03:29:12,020 [DEBUG] PredPreyGrassEnv.env-7d764eb7: event=StepSummary | env_id=env-7d764eb7 | step=448 | current_step=448 | terminated_agents=[] | truncated_agents=[] | remaining_agents=20 | reward_preview={prey_1:-0.001, prey_5:-0.001, predator_5:-0.001, prey_0:-0.001, predator_4:-0.001} | info_preview={}
2025-11-23 03:29:12,030 [DEBUG] PredPreyGrassEnv.env-7d764eb7: event=StepBegin | env_id=env-7d764eb7 | step=449 | incoming_actions=['prey_1', 'prey_5', 'prey_0', 'prey_18', 'prey_16', ...] | active_agents=20 | current_step=449
2025-11-23 03:29:12,033 [DEBUG] PredPreyGrassEnv.env-7d764eb7: event=StepSummary | env_id=env-7d764eb7 | step=449 | current_step=449 | terminated_agents=[] | truncated_agents=[] | remaining_agents=20 | reward_preview={prey_1:-0.001, prey_5:-0.001, predator_5:-0.001, prey_0:-0.001, predator_4:-0.001} | info_preview={}
2025-11-23 03:29:12,043 [DEBUG] PredPreyGrassEnv.env-7d764eb7: event=StepBegin | env_id=env-7d764eb7 | step=450 | incoming_actions=['prey_1', 'prey_5', 'prey_0', 'prey_18', 'prey_16', ...] | active_agents=20 | current_step=450
2025-11-23 03:29:12,047 [DEBUG] PredPreyGrassEnv.env-7d764eb7: event=StepSummary | env_id=env-7d764eb7 | step=450 | current_step=450 | terminated_agents=[] | truncated_agents=[] | remaining_agents=20 | reward_preview={prey_1:-0.001, prey_5:-0.001, predator_5:-0.001, prey_0:-0.001, predator_4:-0.001} | info_preview={}
2025-11-23 03:29:12,057 [DEBUG] PredPreyGrassEnv.env-7d764eb7: event=StepBegin | env_id=env-7d764eb7 | step=451 | incoming_actions=['prey_1', 'prey_5', 'prey_0', 'prey_18', 'prey_16', ...] | active_agents=20 | current_step=451
2025-11-23 03:29:12,061 [DEBUG] PredPreyGrassEnv.env-7d764eb7: event=StepSummary | env_id=env-7d764eb7 | step=451 | current_step=451 | terminated_agents=[] | truncated_agents=[] | remaining_agents=20 | reward_preview={prey_1:-0.001, prey_5:-0.001, predator_5:-0.001, prey_0:-0.001, predator_4:-0.001} | info_preview={}
2025-11-23 03:29:12,072 [DEBUG] PredPreyGrassEnv.env-7d764eb7: event=StepBegin | env_id=env-7d764eb7 | step=452 | incoming_actions=['prey_1', 'prey_5', 'prey_0', 'prey_18', 'prey_16', ...] | active_agents=20 | current_step=452
2025-11-23 03:29:12,075 [DEBUG] PredPreyGrassEnv.env-7d764eb7: event=StepSummary | env_id=env-7d764eb7 | step=452 | current_step=452 | terminated_agents=[] | truncated_agents=[] | remaining_agents=20 | reward_preview={prey_1:-0.001, prey_5:-0.001, predator_5:-0.001, prey_0:-0.001, predator_4:-0.001} | info_preview={}
2025-11-23 03:29:12,086 [DEBUG] PredPreyGrassEnv.env-7d764eb7: event=StepBegin | env_id=env-7d764eb7 | step=453 | incoming_actions=['prey_1', 'prey_5', 'prey_0', 'prey_18', 'prey_16', ...] | active_agents=20 | current_step=453
2025-11-23 03:29:12,089 [DEBUG] PredPreyGrassEnv.env-7d764eb7: event=StepSummary | env_id=env-7d764eb7 | step=453 | current_step=453 | terminated_agents=[] | truncated_agents=[] | remaining_agents=20 | reward_preview={prey_1:-0.001, prey_5:-0.001, predator_5:-0.001, prey_0:-0.001, predator_4:-0.001} | info_preview={}
2025-11-23 03:29:12,100 [DEBUG] PredPreyGrassEnv.env-7d764eb7: event=StepBegin | env_id=env-7d764eb7 | step=454 | incoming_actions=['prey_1', 'prey_5', 'prey_0', 'prey_18', 'prey_16', ...] | active_agents=20 | current_step=454
2025-11-23 03:29:12,103 [DEBUG] PredPreyGrassEnv.env-7d764eb7: event=StepSummary | env_id=env-7d764eb7 | step=454 | current_step=454 | terminated_agents=[] | truncated_agents=[] | remaining_agents=20 | reward_preview={prey_1:-0.001, prey_5:-0.001, predator_5:-0.001, prey_0:-0.001, predator_4:-0.001} | info_preview={}
2025-11-23 03:29:12,113 [DEBUG] PredPreyGrassEnv.env-7d764eb7: event=StepBegin | env_id=env-7d764eb7 | step=455 | incoming_actions=['prey_1', 'prey_5', 'prey_0', 'prey_18', 'prey_16', ...] | active_agents=20 | current_step=455
2025-11-23 03:29:12,116 [DEBUG] PredPreyGrassEnv.env-7d764eb7: event=StepSummary | env_id=env-7d764eb7 | step=455 | current_step=455 | terminated_agents=[] | truncated_agents=[] | remaining_agents=20 | reward_preview={prey_1:-0.001, prey_5:-0.001, predator_5:-0.001, prey_0:-0.001, predator_4:-0.001} | info_preview={}
2025-11-23 03:29:12,127 [DEBUG] PredPreyGrassEnv.env-7d764eb7: event=StepBegin | env_id=env-7d764eb7 | step=456 | incoming_actions=['prey_1', 'prey_5', 'prey_0', 'prey_18', 'prey_16', ...] | active_agents=20 | current_step=456
2025-11-23 03:29:12,130 [DEBUG] PredPreyGrassEnv.env-7d764eb7: event=StepSummary | env_id=env-7d764eb7 | step=456 | current_step=456 | terminated_agents=[] | truncated_agents=[] | remaining_agents=20 | reward_preview={prey_1:-0.001, prey_5:-0.001, predator_5:-0.001, prey_0:-0.001, predator_4:-0.001} | info_preview={}
2025-11-23 03:29:12,141 [DEBUG] PredPreyGrassEnv.env-7d764eb7: event=StepBegin | env_id=env-7d764eb7 | step=457 | incoming_actions=['prey_1', 'prey_5', 'prey_0', 'prey_18', 'prey_16', ...] | active_agents=20 | current_step=457
2025-11-23 03:29:12,144 [DEBUG] PredPreyGrassEnv.env-7d764eb7: event=StepSummary | env_id=env-7d764eb7 | step=457 | current_step=457 | terminated_agents=[] | truncated_agents=[] | remaining_agents=20 | reward_preview={prey_1:-0.001, prey_5:-0.001, predator_5:-0.001, prey_0:-0.001, predator_4:-0.001} | info_preview={}
2025-11-23 03:29:12,154 [DEBUG] PredPreyGrassEnv.env-7d764eb7: event=StepBegin | env_id=env-7d764eb7 | step=458 | incoming_actions=['prey_1', 'prey_5', 'prey_0', 'prey_18', 'prey_16', ...] | active_agents=20 | current_step=458
2025-11-23 03:29:12,156 [DEBUG] PredPreyGrassEnv.env-7d764eb7: event=PreyAteGrass | env_id=env-7d764eb7 | step=458 | prey='prey_16' | grass='grass_0' | prey_position=[51.262866275675634, 85.45871924661485] | grass_energy=10.0 | energy_gained=9.0 | prey_energy=106.37947604187644
2025-11-23 03:29:12,157 [DEBUG] PredPreyGrassEnv.env-7d764eb7: event=StepSummary | env_id=env-7d764eb7 | step=458 | current_step=458 | terminated_agents=[] | truncated_agents=[] | remaining_agents=20 | reward_preview={prey_1:-0.001, prey_5:-0.001, predator_5:-0.001, prey_0:-0.001, predator_4:-0.001} | info_preview={}
2025-11-23 03:29:12,167 [DEBUG] PredPreyGrassEnv.env-7d764eb7: event=StepBegin | env_id=env-7d764eb7 | step=459 | incoming_actions=['prey_1', 'prey_5', 'prey_0', 'prey_18', 'prey_16', ...] | active_agents=20 | current_step=459
2025-11-23 03:29:12,171 [DEBUG] PredPreyGrassEnv.env-7d764eb7: event=StepSummary | env_id=env-7d764eb7 | step=459 | current_step=459 | terminated_agents=[] | truncated_agents=[] | remaining_agents=20 | reward_preview={prey_1:-0.001, prey_5:-0.001, predator_5:-0.001, prey_0:-0.001, predator_4:-0.001} | info_preview={}
2025-11-23 03:29:12,180 [DEBUG] PredPreyGrassEnv.env-7d764eb7: event=StepBegin | env_id=env-7d764eb7 | step=460 | incoming_actions=['prey_1', 'prey_5', 'prey_0', 'prey_18', 'prey_16', ...] | active_agents=20 | current_step=460
2025-11-23 03:29:12,184 [DEBUG] PredPreyGrassEnv.env-7d764eb7: event=StepSummary | env_id=env-7d764eb7 | step=460 | current_step=460 | terminated_agents=[] | truncated_agents=[] | remaining_agents=20 | reward_preview={prey_1:-0.001, prey_5:-0.001, predator_5:-0.001, prey_0:-0.001, predator_4:-0.001} | info_preview={}
2025-11-23 03:29:12,194 [DEBUG] PredPreyGrassEnv.env-7d764eb7: event=StepBegin | env_id=env-7d764eb7 | step=461 | incoming_actions=['prey_1', 'prey_5', 'prey_0', 'prey_18', 'prey_16', ...] | active_agents=20 | current_step=461
2025-11-23 03:29:12,197 [DEBUG] PredPreyGrassEnv.env-7d764eb7: event=StepSummary | env_id=env-7d764eb7 | step=461 | current_step=461 | terminated_agents=[] | truncated_agents=[] | remaining_agents=20 | reward_preview={prey_1:-0.001, prey_5:-0.001, predator_5:-0.001, prey_0:-0.001, predator_4:-0.001} | info_preview={}
2025-11-23 03:29:12,207 [DEBUG] PredPreyGrassEnv.env-7d764eb7: event=StepBegin | env_id=env-7d764eb7 | step=462 | incoming_actions=['prey_1', 'prey_5', 'prey_0', 'prey_18', 'prey_16', ...] | active_agents=20 | current_step=462
2025-11-23 03:29:12,210 [DEBUG] PredPreyGrassEnv.env-7d764eb7: event=StepSummary | env_id=env-7d764eb7 | step=462 | current_step=462 | terminated_agents=[] | truncated_agents=[] | remaining_agents=20 | reward_preview={prey_1:-0.001, prey_5:-0.001, predator_5:-0.001, prey_0:-0.001, predator_4:-0.001} | info_preview={}
2025-11-23 03:29:12,220 [DEBUG] PredPreyGrassEnv.env-7d764eb7: event=StepBegin | env_id=env-7d764eb7 | step=463 | incoming_actions=['prey_1', 'prey_5', 'prey_0', 'prey_18', 'prey_16', ...] | active_agents=20 | current_step=463
2025-11-23 03:29:12,223 [DEBUG] PredPreyGrassEnv.env-7d764eb7: event=StepSummary | env_id=env-7d764eb7 | step=463 | current_step=463 | terminated_agents=[] | truncated_agents=[] | remaining_agents=20 | reward_preview={prey_1:-0.001, prey_5:-0.001, predator_5:-0.001, prey_0:-0.001, predator_4:-0.001} | info_preview={}
2025-11-23 03:29:12,233 [DEBUG] PredPreyGrassEnv.env-7d764eb7: event=StepBegin | env_id=env-7d764eb7 | step=464 | incoming_actions=['prey_1', 'prey_5', 'prey_0', 'prey_18', 'prey_16', ...] | active_agents=20 | current_step=464
2025-11-23 03:29:12,236 [DEBUG] PredPreyGrassEnv.env-7d764eb7: event=StepSummary | env_id=env-7d764eb7 | step=464 | current_step=464 | terminated_agents=[] | truncated_agents=[] | remaining_agents=20 | reward_preview={prey_1:-0.001, prey_5:-0.001, predator_5:-0.001, prey_0:-0.001, predator_4:-0.001} | info_preview={}
2025-11-23 03:29:12,247 [DEBUG] PredPreyGrassEnv.env-7d764eb7: event=StepBegin | env_id=env-7d764eb7 | step=465 | incoming_actions=['prey_1', 'prey_5', 'prey_0', 'prey_18', 'prey_16', ...] | active_agents=20 | current_step=465
2025-11-23 03:29:12,251 [DEBUG] PredPreyGrassEnv.env-7d764eb7: event=StepSummary | env_id=env-7d764eb7 | step=465 | current_step=465 | terminated_agents=[] | truncated_agents=[] | remaining_agents=20 | reward_preview={prey_1:-0.001, prey_5:-0.001, predator_5:-0.001, prey_0:-0.001, predator_4:-0.001} | info_preview={}
2025-11-23 03:29:12,263 [DEBUG] PredPreyGrassEnv.env-7d764eb7: event=StepBegin | env_id=env-7d764eb7 | step=466 | incoming_actions=['prey_1', 'prey_5', 'prey_0', 'prey_18', 'prey_16', ...] | active_agents=20 | current_step=466
2025-11-23 03:29:12,266 [DEBUG] PredPreyGrassEnv.env-7d764eb7: event=StepSummary | env_id=env-7d764eb7 | step=466 | current_step=466 | terminated_agents=[] | truncated_agents=[] | remaining_agents=20 | reward_preview={prey_1:-0.001, prey_5:-0.001, predator_5:-0.001, prey_0:-0.001, predator_4:-0.001} | info_preview={}
2025-11-23 03:29:12,277 [DEBUG] PredPreyGrassEnv.env-7d764eb7: event=StepBegin | env_id=env-7d764eb7 | step=467 | incoming_actions=['prey_1', 'prey_5', 'prey_0', 'prey_18', 'prey_16', ...] | active_agents=20 | current_step=467
2025-11-23 03:29:12,280 [DEBUG] PredPreyGrassEnv.env-7d764eb7: event=StepSummary | env_id=env-7d764eb7 | step=467 | current_step=467 | terminated_agents=[] | truncated_agents=[] | remaining_agents=20 | reward_preview={prey_1:-0.001, prey_5:-0.001, predator_5:-0.001, prey_0:-0.001, predator_4:-0.001} | info_preview={}
2025-11-23 03:29:12,291 [DEBUG] PredPreyGrassEnv.env-7d764eb7: event=StepBegin | env_id=env-7d764eb7 | step=468 | incoming_actions=['prey_1', 'prey_5', 'prey_0', 'prey_18', 'prey_16', ...] | active_agents=20 | current_step=468
2025-11-23 03:29:12,294 [DEBUG] PredPreyGrassEnv.env-7d764eb7: event=StepSummary | env_id=env-7d764eb7 | step=468 | current_step=468 | terminated_agents=[] | truncated_agents=[] | remaining_agents=20 | reward_preview={prey_1:-0.001, prey_5:-0.001, predator_5:-0.001, prey_0:-0.001, predator_4:-0.001} | info_preview={}
2025-11-23 03:29:12,305 [DEBUG] PredPreyGrassEnv.env-7d764eb7: event=StepBegin | env_id=env-7d764eb7 | step=469 | incoming_actions=['prey_1', 'prey_5', 'prey_0', 'prey_18', 'prey_16', ...] | active_agents=20 | current_step=469
2025-11-23 03:29:12,310 [DEBUG] PredPreyGrassEnv.env-7d764eb7: event=StepSummary | env_id=env-7d764eb7 | step=469 | current_step=469 | terminated_agents=[] | truncated_agents=[] | remaining_agents=20 | reward_preview={prey_1:-0.001, prey_5:-0.001, predator_5:-0.001, prey_0:-0.001, predator_4:-0.001} | info_preview={}
2025-11-23 03:29:12,324 [DEBUG] PredPreyGrassEnv.env-7d764eb7: event=StepBegin | env_id=env-7d764eb7 | step=470 | incoming_actions=['prey_1', 'prey_5', 'prey_0', 'prey_18', 'prey_16', ...] | active_agents=20 | current_step=470
2025-11-23 03:29:12,326 [DEBUG] PredPreyGrassEnv.env-7d764eb7: event=PreyAteGrass | env_id=env-7d764eb7 | step=470 | prey='prey_11' | grass='grass_75' | prey_position=[718.3608645609743, 34.814068005479626] | grass_energy=10.0 | energy_gained=9.0 | prey_energy=96.52796292276317
2025-11-23 03:29:12,328 [DEBUG] PredPreyGrassEnv.env-7d764eb7: event=StepSummary | env_id=env-7d764eb7 | step=470 | current_step=470 | terminated_agents=[] | truncated_agents=[] | remaining_agents=20 | reward_preview={prey_1:-0.001, prey_5:-0.001, predator_5:-0.001, prey_0:-0.001, predator_4:-0.001} | info_preview={}
2025-11-23 03:29:12,352 [DEBUG] PredPreyGrassEnv.env-7d764eb7: event=StepBegin | env_id=env-7d764eb7 | step=471 | incoming_actions=['prey_1', 'prey_5', 'prey_0', 'prey_18', 'prey_16', ...] | active_agents=20 | current_step=471
2025-11-23 03:29:12,359 [DEBUG] PredPreyGrassEnv.env-7d764eb7: event=StepSummary | env_id=env-7d764eb7 | step=471 | current_step=471 | terminated_agents=[] | truncated_agents=[] | remaining_agents=20 | reward_preview={prey_1:-0.001, prey_5:-0.001, predator_5:-0.001, prey_0:-0.001, predator_4:-0.001} | info_preview={}
2025-11-23 03:29:12,380 [DEBUG] PredPreyGrassEnv.env-7d764eb7: event=StepBegin | env_id=env-7d764eb7 | step=472 | incoming_actions=['prey_1', 'prey_5', 'prey_0', 'prey_18', 'prey_16', ...] | active_agents=20 | current_step=472
2025-11-23 03:29:12,383 [DEBUG] PredPreyGrassEnv.env-7d764eb7: event=StepSummary | env_id=env-7d764eb7 | step=472 | current_step=472 | terminated_agents=[] | truncated_agents=[] | remaining_agents=20 | reward_preview={prey_1:-0.001, prey_5:-0.001, predator_5:-0.001, prey_0:-0.001, predator_4:-0.001} | info_preview={}
2025-11-23 03:29:12,398 [DEBUG] PredPreyGrassEnv.env-7d764eb7: event=StepBegin | env_id=env-7d764eb7 | step=473 | incoming_actions=['prey_1', 'prey_5', 'prey_0', 'prey_18', 'prey_16', ...] | active_agents=20 | current_step=473
2025-11-23 03:29:12,401 [DEBUG] PredPreyGrassEnv.env-7d764eb7: event=StepSummary | env_id=env-7d764eb7 | step=473 | current_step=473 | terminated_agents=[] | truncated_agents=[] | remaining_agents=20 | reward_preview={prey_1:-0.001, prey_5:-0.001, predator_5:-0.001, prey_0:-0.001, predator_4:-0.001} | info_preview={}
2025-11-23 03:29:12,411 [DEBUG] PredPreyGrassEnv.env-7d764eb7: event=StepBegin | env_id=env-7d764eb7 | step=474 | incoming_actions=['prey_1', 'prey_5', 'prey_0', 'prey_18', 'prey_16', ...] | active_agents=20 | current_step=474
2025-11-23 03:29:12,414 [DEBUG] PredPreyGrassEnv.env-7d764eb7: event=StepSummary | env_id=env-7d764eb7 | step=474 | current_step=474 | terminated_agents=[] | truncated_agents=[] | remaining_agents=20 | reward_preview={prey_1:-0.001, prey_5:-0.001, predator_5:-0.001, prey_0:-0.001, predator_4:-0.001} | info_preview={}
2025-11-23 03:29:12,424 [DEBUG] PredPreyGrassEnv.env-7d764eb7: event=StepBegin | env_id=env-7d764eb7 | step=475 | incoming_actions=['prey_1', 'prey_5', 'prey_0', 'prey_18', 'prey_16', ...] | active_agents=20 | current_step=475
2025-11-23 03:29:12,428 [DEBUG] PredPreyGrassEnv.env-7d764eb7: event=StepSummary | env_id=env-7d764eb7 | step=475 | current_step=475 | terminated_agents=[] | truncated_agents=[] | remaining_agents=20 | reward_preview={prey_1:-0.001, prey_5:-0.001, predator_5:-0.001, prey_0:-0.001, predator_4:-0.001} | info_preview={}
2025-11-23 03:29:12,438 [DEBUG] PredPreyGrassEnv.env-7d764eb7: event=StepBegin | env_id=env-7d764eb7 | step=476 | incoming_actions=['prey_1', 'prey_5', 'prey_0', 'prey_18', 'prey_16', ...] | active_agents=20 | current_step=476
2025-11-23 03:29:12,441 [DEBUG] PredPreyGrassEnv.env-7d764eb7: event=StepSummary | env_id=env-7d764eb7 | step=476 | current_step=476 | terminated_agents=[] | truncated_agents=[] | remaining_agents=20 | reward_preview={prey_1:-0.001, prey_5:-0.001, predator_5:-0.001, prey_0:-0.001, predator_4:-0.001} | info_preview={}
2025-11-23 03:29:12,452 [DEBUG] PredPreyGrassEnv.env-7d764eb7: event=StepBegin | env_id=env-7d764eb7 | step=477 | incoming_actions=['prey_1', 'prey_5', 'prey_0', 'prey_18', 'prey_16', ...] | active_agents=20 | current_step=477
2025-11-23 03:29:12,455 [DEBUG] PredPreyGrassEnv.env-7d764eb7: event=StepSummary | env_id=env-7d764eb7 | step=477 | current_step=477 | terminated_agents=[] | truncated_agents=[] | remaining_agents=20 | reward_preview={prey_1:-0.001, prey_5:-0.001, predator_5:-0.001, prey_0:-0.001, predator_4:-0.001} | info_preview={}
2025-11-23 03:29:12,467 [DEBUG] PredPreyGrassEnv.env-7d764eb7: event=StepBegin | env_id=env-7d764eb7 | step=478 | incoming_actions=['prey_1', 'prey_5', 'prey_0', 'prey_18', 'prey_16', ...] | active_agents=20 | current_step=478
2025-11-23 03:29:12,470 [DEBUG] PredPreyGrassEnv.env-7d764eb7: event=StepSummary | env_id=env-7d764eb7 | step=478 | current_step=478 | terminated_agents=[] | truncated_agents=[] | remaining_agents=20 | reward_preview={prey_1:-0.001, prey_5:-0.001, predator_5:-0.001, prey_0:-0.001, predator_4:-0.001} | info_preview={}
2025-11-23 03:29:12,487 [DEBUG] PredPreyGrassEnv.env-7d764eb7: event=StepBegin | env_id=env-7d764eb7 | step=479 | incoming_actions=['prey_1', 'prey_5', 'prey_0', 'prey_18', 'prey_16', ...] | active_agents=20 | current_step=479
2025-11-23 03:29:12,494 [DEBUG] PredPreyGrassEnv.env-7d764eb7: event=StepSummary | env_id=env-7d764eb7 | step=479 | current_step=479 | terminated_agents=[] | truncated_agents=[] | remaining_agents=20 | reward_preview={prey_1:-0.001, prey_5:-0.001, predator_5:-0.001, prey_0:-0.001, predator_4:-0.001} | info_preview={}
2025-11-23 03:29:12,521 [DEBUG] PredPreyGrassEnv.env-7d764eb7: event=StepBegin | env_id=env-7d764eb7 | step=480 | incoming_actions=['prey_1', 'prey_5', 'prey_0', 'prey_18', 'prey_16', ...] | active_agents=20 | current_step=480
2025-11-23 03:29:12,529 [DEBUG] PredPreyGrassEnv.env-7d764eb7: event=StepSummary | env_id=env-7d764eb7 | step=480 | current_step=480 | terminated_agents=[] | truncated_agents=[] | remaining_agents=20 | reward_preview={prey_1:-0.001, prey_5:-0.001, predator_5:-0.001, prey_0:-0.001, predator_4:-0.001} | info_preview={}
2025-11-23 03:29:12,556 [DEBUG] PredPreyGrassEnv.env-7d764eb7: event=StepBegin | env_id=env-7d764eb7 | step=481 | incoming_actions=['prey_1', 'prey_5', 'prey_0', 'prey_18', 'prey_16', ...] | active_agents=20 | current_step=481
2025-11-23 03:29:12,563 [DEBUG] PredPreyGrassEnv.env-7d764eb7: event=StepSummary | env_id=env-7d764eb7 | step=481 | current_step=481 | terminated_agents=[] | truncated_agents=[] | remaining_agents=20 | reward_preview={prey_1:-0.001, prey_5:-0.001, predator_5:-0.001, prey_0:-0.001, predator_4:-0.001} | info_preview={}
2025-11-23 03:29:12,590 [DEBUG] PredPreyGrassEnv.env-7d764eb7: event=StepBegin | env_id=env-7d764eb7 | step=482 | incoming_actions=['prey_1', 'prey_5', 'prey_0', 'prey_18', 'prey_16', ...] | active_agents=20 | current_step=482
2025-11-23 03:29:12,598 [DEBUG] PredPreyGrassEnv.env-7d764eb7: event=StepSummary | env_id=env-7d764eb7 | step=482 | current_step=482 | terminated_agents=[] | truncated_agents=[] | remaining_agents=20 | reward_preview={prey_1:-0.001, prey_5:-0.001, predator_5:-0.001, prey_0:-0.001, predator_4:-0.001} | info_preview={}
2025-11-23 03:29:12,615 [DEBUG] PredPreyGrassEnv.env-7d764eb7: event=StepBegin | env_id=env-7d764eb7 | step=483 | incoming_actions=['prey_1', 'prey_5', 'prey_0', 'prey_18', 'prey_16', ...] | active_agents=20 | current_step=483
2025-11-23 03:29:12,619 [DEBUG] PredPreyGrassEnv.env-7d764eb7: event=StepSummary | env_id=env-7d764eb7 | step=483 | current_step=483 | terminated_agents=[] | truncated_agents=[] | remaining_agents=20 | reward_preview={prey_1:-0.001, prey_5:-0.001, predator_5:-0.001, prey_0:-0.001, predator_4:-0.001} | info_preview={}
2025-11-23 03:29:12,630 [DEBUG] PredPreyGrassEnv.env-7d764eb7: event=StepBegin | env_id=env-7d764eb7 | step=484 | incoming_actions=['prey_1', 'prey_5', 'prey_0', 'prey_18', 'prey_16', ...] | active_agents=20 | current_step=484
2025-11-23 03:29:12,633 [DEBUG] PredPreyGrassEnv.env-7d764eb7: event=PreyAteGrass | env_id=env-7d764eb7 | step=484 | prey='prey_4' | grass='grass_9' | prey_position=[658.0492130066909, 163.34004332791616] | grass_energy=10.0 | energy_gained=9.0 | prey_energy=94.83934258122831
2025-11-23 03:29:12,634 [DEBUG] PredPreyGrassEnv.env-7d764eb7: event=StepSummary | env_id=env-7d764eb7 | step=484 | current_step=484 | terminated_agents=[] | truncated_agents=[] | remaining_agents=20 | reward_preview={prey_1:-0.001, prey_5:-0.001, predator_5:-0.001, prey_0:-0.001, predator_4:-0.001} | info_preview={}
2025-11-23 03:29:12,651 [DEBUG] PredPreyGrassEnv.env-7d764eb7: event=StepBegin | env_id=env-7d764eb7 | step=485 | incoming_actions=['prey_1', 'prey_5', 'prey_0', 'prey_18', 'prey_16', ...] | active_agents=20 | current_step=485
2025-11-23 03:29:12,659 [DEBUG] PredPreyGrassEnv.env-7d764eb7: event=StepSummary | env_id=env-7d764eb7 | step=485 | current_step=485 | terminated_agents=[] | truncated_agents=[] | remaining_agents=20 | reward_preview={prey_1:-0.001, prey_5:-0.001, predator_5:-0.001, prey_0:-0.001, predator_4:-0.001} | info_preview={}
2025-11-23 03:29:12,685 [DEBUG] PredPreyGrassEnv.env-7d764eb7: event=StepBegin | env_id=env-7d764eb7 | step=486 | incoming_actions=['prey_1', 'prey_5', 'prey_0', 'prey_18', 'prey_16', ...] | active_agents=20 | current_step=486
2025-11-23 03:29:12,692 [DEBUG] PredPreyGrassEnv.env-7d764eb7: event=StepSummary | env_id=env-7d764eb7 | step=486 | current_step=486 | terminated_agents=[] | truncated_agents=[] | remaining_agents=20 | reward_preview={prey_1:-0.001, prey_5:-0.001, predator_5:-0.001, prey_0:-0.001, predator_4:-0.001} | info_preview={}
2025-11-23 03:29:12,717 [DEBUG] PredPreyGrassEnv.env-7d764eb7: event=StepBegin | env_id=env-7d764eb7 | step=487 | incoming_actions=['prey_1', 'prey_5', 'prey_0', 'prey_18', 'prey_16', ...] | active_agents=20 | current_step=487
2025-11-23 03:29:12,724 [DEBUG] PredPreyGrassEnv.env-7d764eb7: event=StepSummary | env_id=env-7d764eb7 | step=487 | current_step=487 | terminated_agents=[] | truncated_agents=[] | remaining_agents=20 | reward_preview={prey_1:-0.001, prey_5:-0.001, predator_5:-0.001, prey_0:-0.001, predator_4:-0.001} | info_preview={}
2025-11-23 03:29:12,738 [DEBUG] PredPreyGrassEnv.env-7d764eb7: event=StepBegin | env_id=env-7d764eb7 | step=488 | incoming_actions=['prey_1', 'prey_5', 'prey_0', 'prey_18', 'prey_16', ...] | active_agents=20 | current_step=488
2025-11-23 03:29:12,742 [DEBUG] PredPreyGrassEnv.env-7d764eb7: event=StepSummary | env_id=env-7d764eb7 | step=488 | current_step=488 | terminated_agents=[] | truncated_agents=[] | remaining_agents=20 | reward_preview={prey_1:-0.001, prey_5:-0.001, predator_5:-0.001, prey_0:-0.001, predator_4:-0.001} | info_preview={}
2025-11-23 03:29:12,761 [DEBUG] PredPreyGrassEnv.env-7d764eb7: event=StepBegin | env_id=env-7d764eb7 | step=489 | incoming_actions=['prey_1', 'prey_5', 'prey_0', 'prey_18', 'prey_16', ...] | active_agents=20 | current_step=489
2025-11-23 03:29:12,765 [DEBUG] PredPreyGrassEnv.env-7d764eb7: event=StepSummary | env_id=env-7d764eb7 | step=489 | current_step=489 | terminated_agents=[] | truncated_agents=[] | remaining_agents=20 | reward_preview={prey_1:-0.001, prey_5:-0.001, predator_5:-0.001, prey_0:-0.001, predator_4:-0.001} | info_preview={}
2025-11-23 03:29:12,776 [DEBUG] PredPreyGrassEnv.env-7d764eb7: event=StepBegin | env_id=env-7d764eb7 | step=490 | incoming_actions=['prey_1', 'prey_5', 'prey_0', 'prey_18', 'prey_16', ...] | active_agents=20 | current_step=490
2025-11-23 03:29:12,779 [DEBUG] PredPreyGrassEnv.env-7d764eb7: event=StepSummary | env_id=env-7d764eb7 | step=490 | current_step=490 | terminated_agents=[] | truncated_agents=[] | remaining_agents=20 | reward_preview={prey_1:-0.001, prey_5:-0.001, predator_5:-0.001, prey_0:-0.001, predator_4:-0.001} | info_preview={}
2025-11-23 03:29:12,791 [DEBUG] PredPreyGrassEnv.env-7d764eb7: event=StepBegin | env_id=env-7d764eb7 | step=491 | incoming_actions=['prey_1', 'prey_5', 'prey_0', 'prey_18', 'prey_16', ...] | active_agents=20 | current_step=491
2025-11-23 03:29:12,794 [DEBUG] PredPreyGrassEnv.env-7d764eb7: event=StepSummary | env_id=env-7d764eb7 | step=491 | current_step=491 | terminated_agents=[] | truncated_agents=[] | remaining_agents=20 | reward_preview={prey_1:-0.001, prey_5:-0.001, predator_5:-0.001, prey_0:-0.001, predator_4:-0.001} | info_preview={}
2025-11-23 03:29:12,804 [DEBUG] PredPreyGrassEnv.env-7d764eb7: event=StepBegin | env_id=env-7d764eb7 | step=492 | incoming_actions=['prey_1', 'prey_5', 'prey_0', 'prey_18', 'prey_16', ...] | active_agents=20 | current_step=492
2025-11-23 03:29:12,807 [DEBUG] PredPreyGrassEnv.env-7d764eb7: event=StepSummary | env_id=env-7d764eb7 | step=492 | current_step=492 | terminated_agents=[] | truncated_agents=[] | remaining_agents=20 | reward_preview={prey_1:-0.001, prey_5:-0.001, predator_5:-0.001, prey_0:-0.001, predator_4:-0.001} | info_preview={}
2025-11-23 03:29:12,819 [DEBUG] PredPreyGrassEnv.env-7d764eb7: event=StepBegin | env_id=env-7d764eb7 | step=493 | incoming_actions=['prey_1', 'prey_5', 'prey_0', 'prey_18', 'prey_16', ...] | active_agents=20 | current_step=493
2025-11-23 03:29:12,822 [DEBUG] PredPreyGrassEnv.env-7d764eb7: event=StepSummary | env_id=env-7d764eb7 | step=493 | current_step=493 | terminated_agents=[] | truncated_agents=[] | remaining_agents=20 | reward_preview={prey_1:-0.001, prey_5:-0.001, predator_5:-0.001, prey_0:-0.001, predator_4:-0.001} | info_preview={}
2025-11-23 03:29:12,833 [DEBUG] PredPreyGrassEnv.env-7d764eb7: event=StepBegin | env_id=env-7d764eb7 | step=494 | incoming_actions=['prey_1', 'prey_5', 'prey_0', 'prey_18', 'prey_16', ...] | active_agents=20 | current_step=494
2025-11-23 03:29:12,836 [DEBUG] PredPreyGrassEnv.env-7d764eb7: event=StepSummary | env_id=env-7d764eb7 | step=494 | current_step=494 | terminated_agents=[] | truncated_agents=[] | remaining_agents=20 | reward_preview={prey_1:-0.001, prey_5:-0.001, predator_5:-0.001, prey_0:-0.001, predator_4:-0.001} | info_preview={}
2025-11-23 03:29:12,847 [DEBUG] PredPreyGrassEnv.env-7d764eb7: event=StepBegin | env_id=env-7d764eb7 | step=495 | incoming_actions=['prey_1', 'prey_5', 'prey_0', 'prey_18', 'prey_16', ...] | active_agents=20 | current_step=495
2025-11-23 03:29:12,850 [DEBUG] PredPreyGrassEnv.env-7d764eb7: event=StepSummary | env_id=env-7d764eb7 | step=495 | current_step=495 | terminated_agents=[] | truncated_agents=[] | remaining_agents=20 | reward_preview={prey_1:-0.001, prey_5:-0.001, predator_5:-0.001, prey_0:-0.001, predator_4:-0.001} | info_preview={}
2025-11-23 03:29:12,860 [DEBUG] PredPreyGrassEnv.env-7d764eb7: event=StepBegin | env_id=env-7d764eb7 | step=496 | incoming_actions=['prey_1', 'prey_5', 'prey_0', 'prey_18', 'prey_16', ...] | active_agents=20 | current_step=496
2025-11-23 03:29:12,863 [DEBUG] PredPreyGrassEnv.env-7d764eb7: event=StepSummary | env_id=env-7d764eb7 | step=496 | current_step=496 | terminated_agents=[] | truncated_agents=[] | remaining_agents=20 | reward_preview={prey_1:-0.001, prey_5:-0.001, predator_5:-0.001, prey_0:-0.001, predator_4:-0.001} | info_preview={}
2025-11-23 03:29:12,873 [DEBUG] PredPreyGrassEnv.env-7d764eb7: event=StepBegin | env_id=env-7d764eb7 | step=497 | incoming_actions=['prey_1', 'prey_5', 'prey_0', 'prey_18', 'prey_16', ...] | active_agents=20 | current_step=497
2025-11-23 03:29:12,876 [DEBUG] PredPreyGrassEnv.env-7d764eb7: event=StepSummary | env_id=env-7d764eb7 | step=497 | current_step=497 | terminated_agents=[] | truncated_agents=[] | remaining_agents=20 | reward_preview={prey_1:-0.001, prey_5:-0.001, predator_5:-0.001, prey_0:-0.001, predator_4:-0.001} | info_preview={}
2025-11-23 03:29:12,886 [DEBUG] PredPreyGrassEnv.env-7d764eb7: event=StepBegin | env_id=env-7d764eb7 | step=498 | incoming_actions=['prey_1', 'prey_5', 'prey_0', 'prey_18', 'prey_16', ...] | active_agents=20 | current_step=498
2025-11-23 03:29:12,889 [DEBUG] PredPreyGrassEnv.env-7d764eb7: event=StepSummary | env_id=env-7d764eb7 | step=498 | current_step=498 | terminated_agents=[] | truncated_agents=[] | remaining_agents=20 | reward_preview={prey_1:-0.001, prey_5:-0.001, predator_5:-0.001, prey_0:-0.001, predator_4:-0.001} | info_preview={}
2025-11-23 03:29:12,900 [DEBUG] PredPreyGrassEnv.env-7d764eb7: event=StepBegin | env_id=env-7d764eb7 | step=499 | incoming_actions=['prey_1', 'prey_5', 'prey_0', 'prey_18', 'prey_16', ...] | active_agents=20 | current_step=499
2025-11-23 03:29:12,904 [DEBUG] PredPreyGrassEnv.env-7d764eb7: event=StepSummary | env_id=env-7d764eb7 | step=499 | current_step=499 | terminated_agents=[] | truncated_agents=[] | remaining_agents=20 | reward_preview={prey_1:-0.001, prey_5:-0.001, predator_5:-0.001, prey_0:-0.001, predator_4:-0.001} | info_preview={}
2025-11-23 03:29:12,915 [DEBUG] PredPreyGrassEnv.env-7d764eb7: event=StepBegin | env_id=env-7d764eb7 | step=500 | incoming_actions=['prey_1', 'prey_5', 'prey_0', 'prey_18', 'prey_16', ...] | active_agents=20 | current_step=500
2025-11-23 03:29:12,918 [DEBUG] PredPreyGrassEnv.env-7d764eb7: event=StepSummary | env_id=env-7d764eb7 | step=500 | current_step=500 | terminated_agents=[] | truncated_agents=[] | remaining_agents=20 | reward_preview={prey_1:-0.001, prey_5:-0.001, predator_5:-0.001, prey_0:-0.001, predator_4:-0.001} | info_preview={}
2025-11-23 03:29:12,928 [DEBUG] PredPreyGrassEnv.env-7d764eb7: event=StepBegin | env_id=env-7d764eb7 | step=501 | incoming_actions=['prey_1', 'prey_5', 'prey_0', 'prey_18', 'prey_16', ...] | active_agents=20 | current_step=501
2025-11-23 03:29:12,932 [DEBUG] PredPreyGrassEnv.env-7d764eb7: event=StepSummary | env_id=env-7d764eb7 | step=501 | current_step=501 | terminated_agents=[] | truncated_agents=[] | remaining_agents=20 | reward_preview={prey_1:-0.001, prey_5:-0.001, predator_5:-0.001, prey_0:-0.001, predator_4:-0.001} | info_preview={}
2025-11-23 03:29:12,943 [DEBUG] PredPreyGrassEnv.env-7d764eb7: event=StepBegin | env_id=env-7d764eb7 | step=502 | incoming_actions=['prey_1', 'prey_5', 'prey_0', 'prey_18', 'prey_16', ...] | active_agents=20 | current_step=502
2025-11-23 03:29:12,946 [DEBUG] PredPreyGrassEnv.env-7d764eb7: event=StepSummary | env_id=env-7d764eb7 | step=502 | current_step=502 | terminated_agents=[] | truncated_agents=[] | remaining_agents=20 | reward_preview={prey_1:-0.001, prey_5:-0.001, predator_5:-0.001, prey_0:-0.001, predator_4:-0.001} | info_preview={}
2025-11-23 03:29:12,956 [DEBUG] PredPreyGrassEnv.env-7d764eb7: event=StepBegin | env_id=env-7d764eb7 | step=503 | incoming_actions=['prey_1', 'prey_5', 'prey_0', 'prey_18', 'prey_16', ...] | active_agents=20 | current_step=503
2025-11-23 03:29:12,957 [DEBUG] PredPreyGrassEnv.env-7d764eb7: event=CollisionBatch | env_id=env-7d764eb7 | step=503 | collisions=[['predator_catch_prey', 'predator_5', 'prey_16']]
2025-11-23 03:29:12,959 [DEBUG] PredPreyGrassEnv.env-7d764eb7: event=AgentEnergyDepleted | env_id=env-7d764eb7 | step=503 | agent='prey_16' | position=[32.86732449716966, 54.803250327344315] | energy=0
2025-11-23 03:29:12,960 [DEBUG] PredPreyGrassEnv.env-7d764eb7: event=AgentRemovedFromActiveList | env_id=env-7d764eb7 | step=503 | agent='prey_16' | remaining_agents=19
2025-11-23 03:29:12,960 [DEBUG] PredPreyGrassEnv.env-7d764eb7: event=StepSummary | env_id=env-7d764eb7 | step=503 | current_step=503 | terminated_agents=['prey_16'] | truncated_agents=[] | remaining_agents=19 | reward_preview={prey_1:-0.001, prey_5:-0.001, predator_5:-0.001, prey_0:-0.001, predator_4:-0.001} | info_preview={}
2025-11-23 03:29:12,971 [DEBUG] PredPreyGrassEnv.env-7d764eb7: event=StepBegin | env_id=env-7d764eb7 | step=504 | incoming_actions=['prey_1', 'prey_5', 'prey_0', 'prey_18', 'prey_14', ...] | active_agents=19 | current_step=504
2025-11-23 03:29:12,974 [DEBUG] PredPreyGrassEnv.env-7d764eb7: event=StepSummary | env_id=env-7d764eb7 | step=504 | current_step=504 | terminated_agents=[] | truncated_agents=[] | remaining_agents=19 | reward_preview={prey_1:-0.001, prey_5:-0.001, predator_5:-0.001, prey_0:-0.001, predator_4:-0.001} | info_preview={}
2025-11-23 03:29:12,985 [DEBUG] PredPreyGrassEnv.env-7d764eb7: event=StepBegin | env_id=env-7d764eb7 | step=505 | incoming_actions=['prey_1', 'prey_5', 'prey_0', 'prey_18', 'prey_14', ...] | active_agents=19 | current_step=505
2025-11-23 03:29:12,988 [DEBUG] PredPreyGrassEnv.env-7d764eb7: event=PreyAteGrass | env_id=env-7d764eb7 | step=505 | prey='prey_8' | grass='grass_52' | prey_position=[508.4293022854661, 115.70424075026106] | grass_energy=10.0 | energy_gained=9.0 | prey_energy=68.0287610440921
2025-11-23 03:29:12,988 [DEBUG] PredPreyGrassEnv.env-7d764eb7: event=StepSummary | env_id=env-7d764eb7 | step=505 | current_step=505 | terminated_agents=[] | truncated_agents=[] | remaining_agents=19 | reward_preview={prey_1:-0.001, prey_5:-0.001, predator_5:-0.001, prey_0:-0.001, predator_4:-0.001} | info_preview={}
2025-11-23 03:29:12,999 [DEBUG] PredPreyGrassEnv.env-7d764eb7: event=StepBegin | env_id=env-7d764eb7 | step=506 | incoming_actions=['prey_1', 'prey_5', 'prey_0', 'prey_18', 'prey_14', ...] | active_agents=19 | current_step=506
2025-11-23 03:29:13,002 [DEBUG] PredPreyGrassEnv.env-7d764eb7: event=StepSummary | env_id=env-7d764eb7 | step=506 | current_step=506 | terminated_agents=[] | truncated_agents=[] | remaining_agents=19 | reward_preview={prey_1:-0.001, prey_5:-0.001, predator_5:-0.001, prey_0:-0.001, predator_4:-0.001} | info_preview={}
2025-11-23 03:29:13,012 [DEBUG] PredPreyGrassEnv.env-7d764eb7: event=StepBegin | env_id=env-7d764eb7 | step=507 | incoming_actions=['prey_1', 'prey_5', 'prey_0', 'prey_18', 'prey_14', ...] | active_agents=19 | current_step=507
2025-11-23 03:29:13,015 [DEBUG] PredPreyGrassEnv.env-7d764eb7: event=StepSummary | env_id=env-7d764eb7 | step=507 | current_step=507 | terminated_agents=[] | truncated_agents=[] | remaining_agents=19 | reward_preview={prey_1:-0.001, prey_5:-0.001, predator_5:-0.001, prey_0:-0.001, predator_4:-0.001} | info_preview={}
2025-11-23 03:29:13,025 [DEBUG] PredPreyGrassEnv.env-7d764eb7: event=StepBegin | env_id=env-7d764eb7 | step=508 | incoming_actions=['prey_1', 'prey_5', 'prey_0', 'prey_18', 'prey_14', ...] | active_agents=19 | current_step=508
2025-11-23 03:29:13,028 [DEBUG] PredPreyGrassEnv.env-7d764eb7: event=StepSummary | env_id=env-7d764eb7 | step=508 | current_step=508 | terminated_agents=[] | truncated_agents=[] | remaining_agents=19 | reward_preview={prey_1:-0.001, prey_5:-0.001, predator_5:-0.001, prey_0:-0.001, predator_4:-0.001} | info_preview={}
2025-11-23 03:29:13,038 [DEBUG] PredPreyGrassEnv.env-7d764eb7: event=StepBegin | env_id=env-7d764eb7 | step=509 | incoming_actions=['prey_1', 'prey_5', 'prey_0', 'prey_18', 'prey_14', ...] | active_agents=19 | current_step=509
2025-11-23 03:29:13,041 [DEBUG] PredPreyGrassEnv.env-7d764eb7: event=StepSummary | env_id=env-7d764eb7 | step=509 | current_step=509 | terminated_agents=[] | truncated_agents=[] | remaining_agents=19 | reward_preview={prey_1:-0.001, prey_5:-0.001, predator_5:-0.001, prey_0:-0.001, predator_4:-0.001} | info_preview={}
2025-11-23 03:29:13,050 [DEBUG] PredPreyGrassEnv.env-7d764eb7: event=StepBegin | env_id=env-7d764eb7 | step=510 | incoming_actions=['prey_1', 'prey_5', 'prey_0', 'prey_18', 'prey_14', ...] | active_agents=19 | current_step=510
2025-11-23 03:29:13,053 [DEBUG] PredPreyGrassEnv.env-7d764eb7: event=StepSummary | env_id=env-7d764eb7 | step=510 | current_step=510 | terminated_agents=[] | truncated_agents=[] | remaining_agents=19 | reward_preview={prey_1:-0.001, prey_5:-0.001, predator_5:-0.001, prey_0:-0.001, predator_4:-0.001} | info_preview={}
2025-11-23 03:29:13,064 [DEBUG] PredPreyGrassEnv.env-7d764eb7: event=StepBegin | env_id=env-7d764eb7 | step=511 | incoming_actions=['prey_1', 'prey_5', 'prey_0', 'prey_18', 'prey_14', ...] | active_agents=19 | current_step=511
2025-11-23 03:29:13,066 [DEBUG] PredPreyGrassEnv.env-7d764eb7: event=StepSummary | env_id=env-7d764eb7 | step=511 | current_step=511 | terminated_agents=[] | truncated_agents=[] | remaining_agents=19 | reward_preview={prey_1:-0.001, prey_5:-0.001, predator_5:-0.001, prey_0:-0.001, predator_4:-0.001} | info_preview={}
2025-11-23 03:29:13,076 [DEBUG] PredPreyGrassEnv.env-7d764eb7: event=StepBegin | env_id=env-7d764eb7 | step=512 | incoming_actions=['prey_1', 'prey_5', 'prey_0', 'prey_18', 'prey_14', ...] | active_agents=19 | current_step=512
2025-11-23 03:29:13,079 [DEBUG] PredPreyGrassEnv.env-7d764eb7: event=StepSummary | env_id=env-7d764eb7 | step=512 | current_step=512 | terminated_agents=[] | truncated_agents=[] | remaining_agents=19 | reward_preview={prey_1:-0.001, prey_5:-0.001, predator_5:-0.001, prey_0:-0.001, predator_4:-0.001} | info_preview={}
2025-11-23 03:29:13,089 [DEBUG] PredPreyGrassEnv.env-7d764eb7: event=StepBegin | env_id=env-7d764eb7 | step=513 | incoming_actions=['prey_1', 'prey_5', 'prey_0', 'prey_18', 'prey_14', ...] | active_agents=19 | current_step=513
2025-11-23 03:29:13,092 [DEBUG] PredPreyGrassEnv.env-7d764eb7: event=StepSummary | env_id=env-7d764eb7 | step=513 | current_step=513 | terminated_agents=[] | truncated_agents=[] | remaining_agents=19 | reward_preview={prey_1:-0.001, prey_5:-0.001, predator_5:-0.001, prey_0:-0.001, predator_4:-0.001} | info_preview={}
2025-11-23 03:29:13,102 [DEBUG] PredPreyGrassEnv.env-7d764eb7: event=StepBegin | env_id=env-7d764eb7 | step=514 | incoming_actions=['prey_1', 'prey_5', 'prey_0', 'prey_18', 'prey_14', ...] | active_agents=19 | current_step=514
2025-11-23 03:29:13,105 [DEBUG] PredPreyGrassEnv.env-7d764eb7: event=StepSummary | env_id=env-7d764eb7 | step=514 | current_step=514 | terminated_agents=[] | truncated_agents=[] | remaining_agents=19 | reward_preview={prey_1:-0.001, prey_5:-0.001, predator_5:-0.001, prey_0:-0.001, predator_4:-0.001} | info_preview={}
2025-11-23 03:29:13,116 [DEBUG] PredPreyGrassEnv.env-7d764eb7: event=StepBegin | env_id=env-7d764eb7 | step=515 | incoming_actions=['prey_1', 'prey_5', 'prey_0', 'prey_18', 'prey_14', ...] | active_agents=19 | current_step=515
2025-11-23 03:29:13,118 [DEBUG] PredPreyGrassEnv.env-7d764eb7: event=StepSummary | env_id=env-7d764eb7 | step=515 | current_step=515 | terminated_agents=[] | truncated_agents=[] | remaining_agents=19 | reward_preview={prey_1:-0.001, prey_5:-0.001, predator_5:-0.001, prey_0:-0.001, predator_4:-0.001} | info_preview={}
2025-11-23 03:29:13,128 [DEBUG] PredPreyGrassEnv.env-7d764eb7: event=StepBegin | env_id=env-7d764eb7 | step=516 | incoming_actions=['prey_1', 'prey_5', 'prey_0', 'prey_18', 'prey_14', ...] | active_agents=19 | current_step=516
2025-11-23 03:29:13,131 [DEBUG] PredPreyGrassEnv.env-7d764eb7: event=StepSummary | env_id=env-7d764eb7 | step=516 | current_step=516 | terminated_agents=[] | truncated_agents=[] | remaining_agents=19 | reward_preview={prey_1:-0.001, prey_5:-0.001, predator_5:-0.001, prey_0:-0.001, predator_4:-0.001} | info_preview={}
2025-11-23 03:29:13,141 [DEBUG] PredPreyGrassEnv.env-7d764eb7: event=StepBegin | env_id=env-7d764eb7 | step=517 | incoming_actions=['prey_1', 'prey_5', 'prey_0', 'prey_18', 'prey_14', ...] | active_agents=19 | current_step=517
2025-11-23 03:29:13,144 [DEBUG] PredPreyGrassEnv.env-7d764eb7: event=StepSummary | env_id=env-7d764eb7 | step=517 | current_step=517 | terminated_agents=[] | truncated_agents=[] | remaining_agents=19 | reward_preview={prey_1:-0.001, prey_5:-0.001, predator_5:-0.001, prey_0:-0.001, predator_4:-0.001} | info_preview={}
2025-11-23 03:29:13,154 [DEBUG] PredPreyGrassEnv.env-7d764eb7: event=StepBegin | env_id=env-7d764eb7 | step=518 | incoming_actions=['prey_1', 'prey_5', 'prey_0', 'prey_18', 'prey_14', ...] | active_agents=19 | current_step=518
2025-11-23 03:29:13,157 [DEBUG] PredPreyGrassEnv.env-7d764eb7: event=StepSummary | env_id=env-7d764eb7 | step=518 | current_step=518 | terminated_agents=[] | truncated_agents=[] | remaining_agents=19 | reward_preview={prey_1:-0.001, prey_5:-0.001, predator_5:-0.001, prey_0:-0.001, predator_4:-0.001} | info_preview={}
2025-11-23 03:29:13,167 [DEBUG] PredPreyGrassEnv.env-7d764eb7: event=StepBegin | env_id=env-7d764eb7 | step=519 | incoming_actions=['prey_1', 'prey_5', 'prey_0', 'prey_18', 'prey_14', ...] | active_agents=19 | current_step=519
2025-11-23 03:29:13,170 [DEBUG] PredPreyGrassEnv.env-7d764eb7: event=StepSummary | env_id=env-7d764eb7 | step=519 | current_step=519 | terminated_agents=[] | truncated_agents=[] | remaining_agents=19 | reward_preview={prey_1:-0.001, prey_5:-0.001, predator_5:-0.001, prey_0:-0.001, predator_4:-0.001} | info_preview={}
2025-11-23 03:29:13,181 [DEBUG] PredPreyGrassEnv.env-7d764eb7: event=StepBegin | env_id=env-7d764eb7 | step=520 | incoming_actions=['prey_1', 'prey_5', 'prey_0', 'prey_18', 'prey_14', ...] | active_agents=19 | current_step=520
2025-11-23 03:29:13,183 [DEBUG] PredPreyGrassEnv.env-7d764eb7: event=StepSummary | env_id=env-7d764eb7 | step=520 | current_step=520 | terminated_agents=[] | truncated_agents=[] | remaining_agents=19 | reward_preview={prey_1:-0.001, prey_5:-0.001, predator_5:-0.001, prey_0:-0.001, predator_4:-0.001} | info_preview={}
2025-11-23 03:29:13,193 [DEBUG] PredPreyGrassEnv.env-7d764eb7: event=StepBegin | env_id=env-7d764eb7 | step=521 | incoming_actions=['prey_1', 'prey_5', 'prey_0', 'prey_18', 'prey_14', ...] | active_agents=19 | current_step=521
2025-11-23 03:29:13,196 [DEBUG] PredPreyGrassEnv.env-7d764eb7: event=StepSummary | env_id=env-7d764eb7 | step=521 | current_step=521 | terminated_agents=[] | truncated_agents=[] | remaining_agents=19 | reward_preview={prey_1:-0.001, prey_5:-0.001, predator_5:-0.001, prey_0:-0.001, predator_4:-0.001} | info_preview={}
2025-11-23 03:29:13,206 [DEBUG] PredPreyGrassEnv.env-7d764eb7: event=StepBegin | env_id=env-7d764eb7 | step=522 | incoming_actions=['prey_1', 'prey_5', 'prey_0', 'prey_18', 'prey_14', ...] | active_agents=19 | current_step=522
2025-11-23 03:29:13,209 [DEBUG] PredPreyGrassEnv.env-7d764eb7: event=StepSummary | env_id=env-7d764eb7 | step=522 | current_step=522 | terminated_agents=[] | truncated_agents=[] | remaining_agents=19 | reward_preview={prey_1:-0.001, prey_5:-0.001, predator_5:-0.001, prey_0:-0.001, predator_4:-0.001} | info_preview={}
2025-11-23 03:29:13,219 [DEBUG] PredPreyGrassEnv.env-7d764eb7: event=StepBegin | env_id=env-7d764eb7 | step=523 | incoming_actions=['prey_1', 'prey_5', 'prey_0', 'prey_18', 'prey_14', ...] | active_agents=19 | current_step=523
2025-11-23 03:29:13,222 [DEBUG] PredPreyGrassEnv.env-7d764eb7: event=StepSummary | env_id=env-7d764eb7 | step=523 | current_step=523 | terminated_agents=[] | truncated_agents=[] | remaining_agents=19 | reward_preview={prey_1:-0.001, prey_5:-0.001, predator_5:-0.001, prey_0:-0.001, predator_4:-0.001} | info_preview={}
2025-11-23 03:29:13,232 [DEBUG] PredPreyGrassEnv.env-7d764eb7: event=StepBegin | env_id=env-7d764eb7 | step=524 | incoming_actions=['prey_1', 'prey_5', 'prey_0', 'prey_18', 'prey_14', ...] | active_agents=19 | current_step=524
2025-11-23 03:29:13,235 [DEBUG] PredPreyGrassEnv.env-7d764eb7: event=StepSummary | env_id=env-7d764eb7 | step=524 | current_step=524 | terminated_agents=[] | truncated_agents=[] | remaining_agents=19 | reward_preview={prey_1:-0.001, prey_5:-0.001, predator_5:-0.001, prey_0:-0.001, predator_4:-0.001} | info_preview={}
2025-11-23 03:29:13,245 [DEBUG] PredPreyGrassEnv.env-7d764eb7: event=StepBegin | env_id=env-7d764eb7 | step=525 | incoming_actions=['prey_1', 'prey_5', 'prey_0', 'prey_18', 'prey_14', ...] | active_agents=19 | current_step=525
2025-11-23 03:29:13,248 [DEBUG] PredPreyGrassEnv.env-7d764eb7: event=StepSummary | env_id=env-7d764eb7 | step=525 | current_step=525 | terminated_agents=[] | truncated_agents=[] | remaining_agents=19 | reward_preview={prey_1:-0.001, prey_5:-0.001, predator_5:-0.001, prey_0:-0.001, predator_4:-0.001} | info_preview={}
2025-11-23 03:29:13,257 [DEBUG] PredPreyGrassEnv.env-7d764eb7: event=StepBegin | env_id=env-7d764eb7 | step=526 | incoming_actions=['prey_1', 'prey_5', 'prey_0', 'prey_18', 'prey_14', ...] | active_agents=19 | current_step=526
2025-11-23 03:29:13,260 [DEBUG] PredPreyGrassEnv.env-7d764eb7: event=StepSummary | env_id=env-7d764eb7 | step=526 | current_step=526 | terminated_agents=[] | truncated_agents=[] | remaining_agents=19 | reward_preview={prey_1:-0.001, prey_5:-0.001, predator_5:-0.001, prey_0:-0.001, predator_4:-0.001} | info_preview={}
2025-11-23 03:29:13,270 [DEBUG] PredPreyGrassEnv.env-7d764eb7: event=StepBegin | env_id=env-7d764eb7 | step=527 | incoming_actions=['prey_1', 'prey_5', 'prey_0', 'prey_18', 'prey_14', ...] | active_agents=19 | current_step=527
2025-11-23 03:29:13,273 [DEBUG] PredPreyGrassEnv.env-7d764eb7: event=StepSummary | env_id=env-7d764eb7 | step=527 | current_step=527 | terminated_agents=[] | truncated_agents=[] | remaining_agents=19 | reward_preview={prey_1:-0.001, prey_5:-0.001, predator_5:-0.001, prey_0:-0.001, predator_4:-0.001} | info_preview={}
2025-11-23 03:29:13,283 [DEBUG] PredPreyGrassEnv.env-7d764eb7: event=StepBegin | env_id=env-7d764eb7 | step=528 | incoming_actions=['prey_1', 'prey_5', 'prey_0', 'prey_18', 'prey_14', ...] | active_agents=19 | current_step=528
2025-11-23 03:29:13,285 [DEBUG] PredPreyGrassEnv.env-7d764eb7: event=StepSummary | env_id=env-7d764eb7 | step=528 | current_step=528 | terminated_agents=[] | truncated_agents=[] | remaining_agents=19 | reward_preview={prey_1:-0.001, prey_5:-0.001, predator_5:-0.001, prey_0:-0.001, predator_4:-0.001} | info_preview={}
2025-11-23 03:29:13,295 [DEBUG] PredPreyGrassEnv.env-7d764eb7: event=StepBegin | env_id=env-7d764eb7 | step=529 | incoming_actions=['prey_1', 'prey_5', 'prey_0', 'prey_18', 'prey_14', ...] | active_agents=19 | current_step=529
2025-11-23 03:29:13,298 [DEBUG] PredPreyGrassEnv.env-7d764eb7: event=StepSummary | env_id=env-7d764eb7 | step=529 | current_step=529 | terminated_agents=[] | truncated_agents=[] | remaining_agents=19 | reward_preview={prey_1:-0.001, prey_5:-0.001, predator_5:-0.001, prey_0:-0.001, predator_4:-0.001} | info_preview={}
2025-11-23 03:29:13,308 [DEBUG] PredPreyGrassEnv.env-7d764eb7: event=StepBegin | env_id=env-7d764eb7 | step=530 | incoming_actions=['prey_1', 'prey_5', 'prey_0', 'prey_18', 'prey_14', ...] | active_agents=19 | current_step=530
2025-11-23 03:29:13,311 [DEBUG] PredPreyGrassEnv.env-7d764eb7: event=StepSummary | env_id=env-7d764eb7 | step=530 | current_step=530 | terminated_agents=[] | truncated_agents=[] | remaining_agents=19 | reward_preview={prey_1:-0.001, prey_5:-0.001, predator_5:-0.001, prey_0:-0.001, predator_4:-0.001} | info_preview={}
2025-11-23 03:29:13,321 [DEBUG] PredPreyGrassEnv.env-7d764eb7: event=StepBegin | env_id=env-7d764eb7 | step=531 | incoming_actions=['prey_1', 'prey_5', 'prey_0', 'prey_18', 'prey_14', ...] | active_agents=19 | current_step=531
2025-11-23 03:29:13,323 [DEBUG] PredPreyGrassEnv.env-7d764eb7: event=StepSummary | env_id=env-7d764eb7 | step=531 | current_step=531 | terminated_agents=[] | truncated_agents=[] | remaining_agents=19 | reward_preview={prey_1:-0.001, prey_5:-0.001, predator_5:-0.001, prey_0:-0.001, predator_4:-0.001} | info_preview={}
2025-11-23 03:29:13,333 [DEBUG] PredPreyGrassEnv.env-7d764eb7: event=StepBegin | env_id=env-7d764eb7 | step=532 | incoming_actions=['prey_1', 'prey_5', 'prey_0', 'prey_18', 'prey_14', ...] | active_agents=19 | current_step=532
2025-11-23 03:29:13,336 [DEBUG] PredPreyGrassEnv.env-7d764eb7: event=StepSummary | env_id=env-7d764eb7 | step=532 | current_step=532 | terminated_agents=[] | truncated_agents=[] | remaining_agents=19 | reward_preview={prey_1:-0.001, prey_5:-0.001, predator_5:-0.001, prey_0:-0.001, predator_4:-0.001} | info_preview={}
2025-11-23 03:29:13,346 [DEBUG] PredPreyGrassEnv.env-7d764eb7: event=StepBegin | env_id=env-7d764eb7 | step=533 | incoming_actions=['prey_1', 'prey_5', 'prey_0', 'prey_18', 'prey_14', ...] | active_agents=19 | current_step=533
2025-11-23 03:29:13,349 [DEBUG] PredPreyGrassEnv.env-7d764eb7: event=StepSummary | env_id=env-7d764eb7 | step=533 | current_step=533 | terminated_agents=[] | truncated_agents=[] | remaining_agents=19 | reward_preview={prey_1:-0.001, prey_5:-0.001, predator_5:-0.001, prey_0:-0.001, predator_4:-0.001} | info_preview={}
2025-11-23 03:29:13,359 [DEBUG] PredPreyGrassEnv.env-7d764eb7: event=StepBegin | env_id=env-7d764eb7 | step=534 | incoming_actions=['prey_1', 'prey_5', 'prey_0', 'prey_18', 'prey_14', ...] | active_agents=19 | current_step=534
2025-11-23 03:29:13,362 [DEBUG] PredPreyGrassEnv.env-7d764eb7: event=StepSummary | env_id=env-7d764eb7 | step=534 | current_step=534 | terminated_agents=[] | truncated_agents=[] | remaining_agents=19 | reward_preview={prey_1:-0.001, prey_5:-0.001, predator_5:-0.001, prey_0:-0.001, predator_4:-0.001} | info_preview={}
2025-11-23 03:29:13,372 [DEBUG] PredPreyGrassEnv.env-7d764eb7: event=StepBegin | env_id=env-7d764eb7 | step=535 | incoming_actions=['prey_1', 'prey_5', 'prey_0', 'prey_18', 'prey_14', ...] | active_agents=19 | current_step=535
2025-11-23 03:29:13,375 [DEBUG] PredPreyGrassEnv.env-7d764eb7: event=StepSummary | env_id=env-7d764eb7 | step=535 | current_step=535 | terminated_agents=[] | truncated_agents=[] | remaining_agents=19 | reward_preview={prey_1:-0.001, prey_5:-0.001, predator_5:-0.001, prey_0:-0.001, predator_4:-0.001} | info_preview={}
2025-11-23 03:29:13,384 [DEBUG] PredPreyGrassEnv.env-7d764eb7: event=StepBegin | env_id=env-7d764eb7 | step=536 | incoming_actions=['prey_1', 'prey_5', 'prey_0', 'prey_18', 'prey_14', ...] | active_agents=19 | current_step=536
2025-11-23 03:29:13,387 [DEBUG] PredPreyGrassEnv.env-7d764eb7: event=StepSummary | env_id=env-7d764eb7 | step=536 | current_step=536 | terminated_agents=[] | truncated_agents=[] | remaining_agents=19 | reward_preview={prey_1:-0.001, prey_5:-0.001, predator_5:-0.001, prey_0:-0.001, predator_4:-0.001} | info_preview={}
2025-11-23 03:29:13,397 [DEBUG] PredPreyGrassEnv.env-7d764eb7: event=StepBegin | env_id=env-7d764eb7 | step=537 | incoming_actions=['prey_1', 'prey_5', 'prey_0', 'prey_18', 'prey_14', ...] | active_agents=19 | current_step=537
2025-11-23 03:29:13,400 [DEBUG] PredPreyGrassEnv.env-7d764eb7: event=StepSummary | env_id=env-7d764eb7 | step=537 | current_step=537 | terminated_agents=[] | truncated_agents=[] | remaining_agents=19 | reward_preview={prey_1:-0.001, prey_5:-0.001, predator_5:-0.001, prey_0:-0.001, predator_4:-0.001} | info_preview={}
2025-11-23 03:29:13,410 [DEBUG] PredPreyGrassEnv.env-7d764eb7: event=StepBegin | env_id=env-7d764eb7 | step=538 | incoming_actions=['prey_1', 'prey_5', 'prey_0', 'prey_18', 'prey_14', ...] | active_agents=19 | current_step=538
2025-11-23 03:29:13,413 [DEBUG] PredPreyGrassEnv.env-7d764eb7: event=StepSummary | env_id=env-7d764eb7 | step=538 | current_step=538 | terminated_agents=[] | truncated_agents=[] | remaining_agents=19 | reward_preview={prey_1:-0.001, prey_5:-0.001, predator_5:-0.001, prey_0:-0.001, predator_4:-0.001} | info_preview={}
2025-11-23 03:29:13,423 [DEBUG] PredPreyGrassEnv.env-7d764eb7: event=StepBegin | env_id=env-7d764eb7 | step=539 | incoming_actions=['prey_1', 'prey_5', 'prey_0', 'prey_18', 'prey_14', ...] | active_agents=19 | current_step=539
2025-11-23 03:29:13,429 [DEBUG] PredPreyGrassEnv.env-7d764eb7: event=StepSummary | env_id=env-7d764eb7 | step=539 | current_step=539 | terminated_agents=[] | truncated_agents=[] | remaining_agents=19 | reward_preview={prey_1:-0.001, prey_5:-0.001, predator_5:-0.001, prey_0:-0.001, predator_4:-0.001} | info_preview={}
2025-11-23 03:29:13,453 [DEBUG] PredPreyGrassEnv.env-7d764eb7: event=StepBegin | env_id=env-7d764eb7 | step=540 | incoming_actions=['prey_1', 'prey_5', 'prey_0', 'prey_18', 'prey_14', ...] | active_agents=19 | current_step=540
2025-11-23 03:29:13,458 [DEBUG] PredPreyGrassEnv.env-7d764eb7: event=PreyAteGrass | env_id=env-7d764eb7 | step=540 | prey='prey_18' | grass='grass_43' | prey_position=[278.7686339290951, 407.320049589959] | grass_energy=10.0 | energy_gained=9.0 | prey_energy=85.62864793899129
2025-11-23 03:29:13,460 [DEBUG] PredPreyGrassEnv.env-7d764eb7: event=StepSummary | env_id=env-7d764eb7 | step=540 | current_step=540 | terminated_agents=[] | truncated_agents=[] | remaining_agents=19 | reward_preview={prey_1:-0.001, prey_5:-0.001, predator_5:-0.001, prey_0:-0.001, predator_4:-0.001} | info_preview={}
2025-11-23 03:29:13,483 [DEBUG] PredPreyGrassEnv.env-7d764eb7: event=StepBegin | env_id=env-7d764eb7 | step=541 | incoming_actions=['prey_1', 'prey_5', 'prey_0', 'prey_18', 'prey_14', ...] | active_agents=19 | current_step=541
2025-11-23 03:29:13,490 [DEBUG] PredPreyGrassEnv.env-7d764eb7: event=StepSummary | env_id=env-7d764eb7 | step=541 | current_step=541 | terminated_agents=[] | truncated_agents=[] | remaining_agents=19 | reward_preview={prey_1:-0.001, prey_5:-0.001, predator_5:-0.001, prey_0:-0.001, predator_4:-0.001} | info_preview={}
2025-11-23 03:29:13,514 [DEBUG] PredPreyGrassEnv.env-7d764eb7: event=StepBegin | env_id=env-7d764eb7 | step=542 | incoming_actions=['prey_1', 'prey_5', 'prey_0', 'prey_18', 'prey_14', ...] | active_agents=19 | current_step=542
2025-11-23 03:29:13,521 [DEBUG] PredPreyGrassEnv.env-7d764eb7: event=StepSummary | env_id=env-7d764eb7 | step=542 | current_step=542 | terminated_agents=[] | truncated_agents=[] | remaining_agents=19 | reward_preview={prey_1:-0.001, prey_5:-0.001, predator_5:-0.001, prey_0:-0.001, predator_4:-0.001} | info_preview={}
2025-11-23 03:29:13,545 [DEBUG] PredPreyGrassEnv.env-7d764eb7: event=StepBegin | env_id=env-7d764eb7 | step=543 | incoming_actions=['prey_1', 'prey_5', 'prey_0', 'prey_18', 'prey_14', ...] | active_agents=19 | current_step=543
2025-11-23 03:29:13,552 [DEBUG] PredPreyGrassEnv.env-7d764eb7: event=StepSummary | env_id=env-7d764eb7 | step=543 | current_step=543 | terminated_agents=[] | truncated_agents=[] | remaining_agents=19 | reward_preview={prey_1:-0.001, prey_5:-0.001, predator_5:-0.001, prey_0:-0.001, predator_4:-0.001} | info_preview={}
2025-11-23 03:29:13,577 [DEBUG] PredPreyGrassEnv.env-7d764eb7: event=StepBegin | env_id=env-7d764eb7 | step=544 | incoming_actions=['prey_1', 'prey_5', 'prey_0', 'prey_18', 'prey_14', ...] | active_agents=19 | current_step=544
2025-11-23 03:29:13,584 [DEBUG] PredPreyGrassEnv.env-7d764eb7: event=StepSummary | env_id=env-7d764eb7 | step=544 | current_step=544 | terminated_agents=[] | truncated_agents=[] | remaining_agents=19 | reward_preview={prey_1:-0.001, prey_5:-0.001, predator_5:-0.001, prey_0:-0.001, predator_4:-0.001} | info_preview={}
2025-11-23 03:29:13,608 [DEBUG] PredPreyGrassEnv.env-7d764eb7: event=StepBegin | env_id=env-7d764eb7 | step=545 | incoming_actions=['prey_1', 'prey_5', 'prey_0', 'prey_18', 'prey_14', ...] | active_agents=19 | current_step=545
2025-11-23 03:29:13,615 [DEBUG] PredPreyGrassEnv.env-7d764eb7: event=StepSummary | env_id=env-7d764eb7 | step=545 | current_step=545 | terminated_agents=[] | truncated_agents=[] | remaining_agents=19 | reward_preview={prey_1:-0.001, prey_5:-0.001, predator_5:-0.001, prey_0:-0.001, predator_4:-0.001} | info_preview={}
2025-11-23 03:29:13,641 [DEBUG] PredPreyGrassEnv.env-7d764eb7: event=StepBegin | env_id=env-7d764eb7 | step=546 | incoming_actions=['prey_1', 'prey_5', 'prey_0', 'prey_18', 'prey_14', ...] | active_agents=19 | current_step=546
2025-11-23 03:29:13,645 [DEBUG] PredPreyGrassEnv.env-7d764eb7: event=StepSummary | env_id=env-7d764eb7 | step=546 | current_step=546 | terminated_agents=[] | truncated_agents=[] | remaining_agents=19 | reward_preview={prey_1:-0.001, prey_5:-0.001, predator_5:-0.001, prey_0:-0.001, predator_4:-0.001} | info_preview={}
2025-11-23 03:29:13,657 [DEBUG] PredPreyGrassEnv.env-7d764eb7: event=StepBegin | env_id=env-7d764eb7 | step=547 | incoming_actions=['prey_1', 'prey_5', 'prey_0', 'prey_18', 'prey_14', ...] | active_agents=19 | current_step=547
2025-11-23 03:29:13,660 [DEBUG] PredPreyGrassEnv.env-7d764eb7: event=StepSummary | env_id=env-7d764eb7 | step=547 | current_step=547 | terminated_agents=[] | truncated_agents=[] | remaining_agents=19 | reward_preview={prey_1:-0.001, prey_5:-0.001, predator_5:-0.001, prey_0:-0.001, predator_4:-0.001} | info_preview={}
2025-11-23 03:29:13,670 [DEBUG] PredPreyGrassEnv.env-7d764eb7: event=StepBegin | env_id=env-7d764eb7 | step=548 | incoming_actions=['prey_1', 'prey_5', 'prey_0', 'prey_18', 'prey_14', ...] | active_agents=19 | current_step=548
2025-11-23 03:29:13,673 [DEBUG] PredPreyGrassEnv.env-7d764eb7: event=StepSummary | env_id=env-7d764eb7 | step=548 | current_step=548 | terminated_agents=[] | truncated_agents=[] | remaining_agents=19 | reward_preview={prey_1:-0.001, prey_5:-0.001, predator_5:-0.001, prey_0:-0.001, predator_4:-0.001} | info_preview={}
2025-11-23 03:29:13,683 [DEBUG] PredPreyGrassEnv.env-7d764eb7: event=StepBegin | env_id=env-7d764eb7 | step=549 | incoming_actions=['prey_1', 'prey_5', 'prey_0', 'prey_18', 'prey_14', ...] | active_agents=19 | current_step=549
2025-11-23 03:29:13,686 [DEBUG] PredPreyGrassEnv.env-7d764eb7: event=StepSummary | env_id=env-7d764eb7 | step=549 | current_step=549 | terminated_agents=[] | truncated_agents=[] | remaining_agents=19 | reward_preview={prey_1:-0.001, prey_5:-0.001, predator_5:-0.001, prey_0:-0.001, predator_4:-0.001} | info_preview={}
2025-11-23 03:29:13,696 [DEBUG] PredPreyGrassEnv.env-7d764eb7: event=StepBegin | env_id=env-7d764eb7 | step=550 | incoming_actions=['prey_1', 'prey_5', 'prey_0', 'prey_18', 'prey_14', ...] | active_agents=19 | current_step=550
2025-11-23 03:29:13,699 [DEBUG] PredPreyGrassEnv.env-7d764eb7: event=StepSummary | env_id=env-7d764eb7 | step=550 | current_step=550 | terminated_agents=[] | truncated_agents=[] | remaining_agents=19 | reward_preview={prey_1:-0.001, prey_5:-0.001, predator_5:-0.001, prey_0:-0.001, predator_4:-0.001} | info_preview={}
2025-11-23 03:29:13,709 [DEBUG] PredPreyGrassEnv.env-7d764eb7: event=StepBegin | env_id=env-7d764eb7 | step=551 | incoming_actions=['prey_1', 'prey_5', 'prey_0', 'prey_18', 'prey_14', ...] | active_agents=19 | current_step=551
2025-11-23 03:29:13,712 [DEBUG] PredPreyGrassEnv.env-7d764eb7: event=StepSummary | env_id=env-7d764eb7 | step=551 | current_step=551 | terminated_agents=[] | truncated_agents=[] | remaining_agents=19 | reward_preview={prey_1:-0.001, prey_5:-0.001, predator_5:-0.001, prey_0:-0.001, predator_4:-0.001} | info_preview={}
2025-11-23 03:29:13,722 [DEBUG] PredPreyGrassEnv.env-7d764eb7: event=StepBegin | env_id=env-7d764eb7 | step=552 | incoming_actions=['prey_1', 'prey_5', 'prey_0', 'prey_18', 'prey_14', ...] | active_agents=19 | current_step=552
2025-11-23 03:29:13,725 [DEBUG] PredPreyGrassEnv.env-7d764eb7: event=StepSummary | env_id=env-7d764eb7 | step=552 | current_step=552 | terminated_agents=[] | truncated_agents=[] | remaining_agents=19 | reward_preview={prey_1:-0.001, prey_5:-0.001, predator_5:-0.001, prey_0:-0.001, predator_4:-0.001} | info_preview={}
2025-11-23 03:29:13,734 [DEBUG] PredPreyGrassEnv.env-7d764eb7: event=StepBegin | env_id=env-7d764eb7 | step=553 | incoming_actions=['prey_1', 'prey_5', 'prey_0', 'prey_18', 'prey_14', ...] | active_agents=19 | current_step=553
2025-11-23 03:29:13,737 [DEBUG] PredPreyGrassEnv.env-7d764eb7: event=StepSummary | env_id=env-7d764eb7 | step=553 | current_step=553 | terminated_agents=[] | truncated_agents=[] | remaining_agents=19 | reward_preview={prey_1:-0.001, prey_5:-0.001, predator_5:-0.001, prey_0:-0.001, predator_4:-0.001} | info_preview={}
2025-11-23 03:29:13,747 [DEBUG] PredPreyGrassEnv.env-7d764eb7: event=StepBegin | env_id=env-7d764eb7 | step=554 | incoming_actions=['prey_1', 'prey_5', 'prey_0', 'prey_18', 'prey_14', ...] | active_agents=19 | current_step=554
2025-11-23 03:29:13,749 [DEBUG] PredPreyGrassEnv.env-7d764eb7: event=StepSummary | env_id=env-7d764eb7 | step=554 | current_step=554 | terminated_agents=[] | truncated_agents=[] | remaining_agents=19 | reward_preview={prey_1:-0.001, prey_5:-0.001, predator_5:-0.001, prey_0:-0.001, predator_4:-0.001} | info_preview={}
2025-11-23 03:29:13,760 [DEBUG] PredPreyGrassEnv.env-7d764eb7: event=StepBegin | env_id=env-7d764eb7 | step=555 | incoming_actions=['prey_1', 'prey_5', 'prey_0', 'prey_18', 'prey_14', ...] | active_agents=19 | current_step=555
2025-11-23 03:29:13,763 [DEBUG] PredPreyGrassEnv.env-7d764eb7: event=StepSummary | env_id=env-7d764eb7 | step=555 | current_step=555 | terminated_agents=[] | truncated_agents=[] | remaining_agents=19 | reward_preview={prey_1:-0.001, prey_5:-0.001, predator_5:-0.001, prey_0:-0.001, predator_4:-0.001} | info_preview={}
2025-11-23 03:29:13,773 [DEBUG] PredPreyGrassEnv.env-7d764eb7: event=StepBegin | env_id=env-7d764eb7 | step=556 | incoming_actions=['prey_1', 'prey_5', 'prey_0', 'prey_18', 'prey_14', ...] | active_agents=19 | current_step=556
2025-11-23 03:29:13,776 [DEBUG] PredPreyGrassEnv.env-7d764eb7: event=StepSummary | env_id=env-7d764eb7 | step=556 | current_step=556 | terminated_agents=[] | truncated_agents=[] | remaining_agents=19 | reward_preview={prey_1:-0.001, prey_5:-0.001, predator_5:-0.001, prey_0:-0.001, predator_4:-0.001} | info_preview={}
2025-11-23 03:29:13,786 [DEBUG] PredPreyGrassEnv.env-7d764eb7: event=StepBegin | env_id=env-7d764eb7 | step=557 | incoming_actions=['prey_1', 'prey_5', 'prey_0', 'prey_18', 'prey_14', ...] | active_agents=19 | current_step=557
2025-11-23 03:29:13,789 [DEBUG] PredPreyGrassEnv.env-7d764eb7: event=StepSummary | env_id=env-7d764eb7 | step=557 | current_step=557 | terminated_agents=[] | truncated_agents=[] | remaining_agents=19 | reward_preview={prey_1:-0.001, prey_5:-0.001, predator_5:-0.001, prey_0:-0.001, predator_4:-0.001} | info_preview={}
2025-11-23 03:29:13,799 [DEBUG] PredPreyGrassEnv.env-7d764eb7: event=StepBegin | env_id=env-7d764eb7 | step=558 | incoming_actions=['prey_1', 'prey_5', 'prey_0', 'prey_18', 'prey_14', ...] | active_agents=19 | current_step=558
2025-11-23 03:29:13,802 [DEBUG] PredPreyGrassEnv.env-7d764eb7: event=StepSummary | env_id=env-7d764eb7 | step=558 | current_step=558 | terminated_agents=[] | truncated_agents=[] | remaining_agents=19 | reward_preview={prey_1:-0.001, prey_5:-0.001, predator_5:-0.001, prey_0:-0.001, predator_4:-0.001} | info_preview={}
2025-11-23 03:29:13,812 [DEBUG] PredPreyGrassEnv.env-7d764eb7: event=StepBegin | env_id=env-7d764eb7 | step=559 | incoming_actions=['prey_1', 'prey_5', 'prey_0', 'prey_18', 'prey_14', ...] | active_agents=19 | current_step=559
2025-11-23 03:29:13,815 [DEBUG] PredPreyGrassEnv.env-7d764eb7: event=StepSummary | env_id=env-7d764eb7 | step=559 | current_step=559 | terminated_agents=[] | truncated_agents=[] | remaining_agents=19 | reward_preview={prey_1:-0.001, prey_5:-0.001, predator_5:-0.001, prey_0:-0.001, predator_4:-0.001} | info_preview={}
2025-11-23 03:29:13,825 [DEBUG] PredPreyGrassEnv.env-7d764eb7: event=StepBegin | env_id=env-7d764eb7 | step=560 | incoming_actions=['prey_1', 'prey_5', 'prey_0', 'prey_18', 'prey_14', ...] | active_agents=19 | current_step=560
2025-11-23 03:29:13,828 [DEBUG] PredPreyGrassEnv.env-7d764eb7: event=StepSummary | env_id=env-7d764eb7 | step=560 | current_step=560 | terminated_agents=[] | truncated_agents=[] | remaining_agents=19 | reward_preview={prey_1:-0.001, prey_5:-0.001, predator_5:-0.001, prey_0:-0.001, predator_4:-0.001} | info_preview={}
2025-11-23 03:29:13,838 [DEBUG] PredPreyGrassEnv.env-7d764eb7: event=StepBegin | env_id=env-7d764eb7 | step=561 | incoming_actions=['prey_1', 'prey_5', 'prey_0', 'prey_18', 'prey_14', ...] | active_agents=19 | current_step=561
2025-11-23 03:29:13,841 [DEBUG] PredPreyGrassEnv.env-7d764eb7: event=StepSummary | env_id=env-7d764eb7 | step=561 | current_step=561 | terminated_agents=[] | truncated_agents=[] | remaining_agents=19 | reward_preview={prey_1:-0.001, prey_5:-0.001, predator_5:-0.001, prey_0:-0.001, predator_4:-0.001} | info_preview={}
2025-11-23 03:29:13,851 [DEBUG] PredPreyGrassEnv.env-7d764eb7: event=StepBegin | env_id=env-7d764eb7 | step=562 | incoming_actions=['prey_1', 'prey_5', 'prey_0', 'prey_18', 'prey_14', ...] | active_agents=19 | current_step=562
2025-11-23 03:29:13,854 [DEBUG] PredPreyGrassEnv.env-7d764eb7: event=StepSummary | env_id=env-7d764eb7 | step=562 | current_step=562 | terminated_agents=[] | truncated_agents=[] | remaining_agents=19 | reward_preview={prey_1:-0.001, prey_5:-0.001, predator_5:-0.001, prey_0:-0.001, predator_4:-0.001} | info_preview={}
2025-11-23 03:29:13,864 [DEBUG] PredPreyGrassEnv.env-7d764eb7: event=StepBegin | env_id=env-7d764eb7 | step=563 | incoming_actions=['prey_1', 'prey_5', 'prey_0', 'prey_18', 'prey_14', ...] | active_agents=19 | current_step=563
2025-11-23 03:29:13,867 [DEBUG] PredPreyGrassEnv.env-7d764eb7: event=StepSummary | env_id=env-7d764eb7 | step=563 | current_step=563 | terminated_agents=[] | truncated_agents=[] | remaining_agents=19 | reward_preview={prey_1:-0.001, prey_5:-0.001, predator_5:-0.001, prey_0:-0.001, predator_4:-0.001} | info_preview={}
2025-11-23 03:29:13,877 [DEBUG] PredPreyGrassEnv.env-7d764eb7: event=StepBegin | env_id=env-7d764eb7 | step=564 | incoming_actions=['prey_1', 'prey_5', 'prey_0', 'prey_18', 'prey_14', ...] | active_agents=19 | current_step=564
2025-11-23 03:29:13,880 [DEBUG] PredPreyGrassEnv.env-7d764eb7: event=StepSummary | env_id=env-7d764eb7 | step=564 | current_step=564 | terminated_agents=[] | truncated_agents=[] | remaining_agents=19 | reward_preview={prey_1:-0.001, prey_5:-0.001, predator_5:-0.001, prey_0:-0.001, predator_4:-0.001} | info_preview={}
2025-11-23 03:29:13,890 [DEBUG] PredPreyGrassEnv.env-7d764eb7: event=StepBegin | env_id=env-7d764eb7 | step=565 | incoming_actions=['prey_1', 'prey_5', 'prey_0', 'prey_18', 'prey_14', ...] | active_agents=19 | current_step=565
2025-11-23 03:29:13,893 [DEBUG] PredPreyGrassEnv.env-7d764eb7: event=StepSummary | env_id=env-7d764eb7 | step=565 | current_step=565 | terminated_agents=[] | truncated_agents=[] | remaining_agents=19 | reward_preview={prey_1:-0.001, prey_5:-0.001, predator_5:-0.001, prey_0:-0.001, predator_4:-0.001} | info_preview={}
2025-11-23 03:29:13,903 [DEBUG] PredPreyGrassEnv.env-7d764eb7: event=StepBegin | env_id=env-7d764eb7 | step=566 | incoming_actions=['prey_1', 'prey_5', 'prey_0', 'prey_18', 'prey_14', ...] | active_agents=19 | current_step=566
2025-11-23 03:29:13,905 [DEBUG] PredPreyGrassEnv.env-7d764eb7: event=StepSummary | env_id=env-7d764eb7 | step=566 | current_step=566 | terminated_agents=[] | truncated_agents=[] | remaining_agents=19 | reward_preview={prey_1:-0.001, prey_5:-0.001, predator_5:-0.001, prey_0:-0.001, predator_4:-0.001} | info_preview={}
2025-11-23 03:29:13,916 [DEBUG] PredPreyGrassEnv.env-7d764eb7: event=StepBegin | env_id=env-7d764eb7 | step=567 | incoming_actions=['prey_1', 'prey_5', 'prey_0', 'prey_18', 'prey_14', ...] | active_agents=19 | current_step=567
2025-11-23 03:29:13,918 [DEBUG] PredPreyGrassEnv.env-7d764eb7: event=StepSummary | env_id=env-7d764eb7 | step=567 | current_step=567 | terminated_agents=[] | truncated_agents=[] | remaining_agents=19 | reward_preview={prey_1:-0.001, prey_5:-0.001, predator_5:-0.001, prey_0:-0.001, predator_4:-0.001} | info_preview={}
2025-11-23 03:29:13,929 [DEBUG] PredPreyGrassEnv.env-7d764eb7: event=StepBegin | env_id=env-7d764eb7 | step=568 | incoming_actions=['prey_1', 'prey_5', 'prey_0', 'prey_18', 'prey_14', ...] | active_agents=19 | current_step=568
2025-11-23 03:29:13,931 [DEBUG] PredPreyGrassEnv.env-7d764eb7: event=StepSummary | env_id=env-7d764eb7 | step=568 | current_step=568 | terminated_agents=[] | truncated_agents=[] | remaining_agents=19 | reward_preview={prey_1:-0.001, prey_5:-0.001, predator_5:-0.001, prey_0:-0.001, predator_4:-0.001} | info_preview={}
2025-11-23 03:29:13,942 [DEBUG] PredPreyGrassEnv.env-7d764eb7: event=StepBegin | env_id=env-7d764eb7 | step=569 | incoming_actions=['prey_1', 'prey_5', 'prey_0', 'prey_18', 'prey_14', ...] | active_agents=19 | current_step=569
2025-11-23 03:29:13,945 [DEBUG] PredPreyGrassEnv.env-7d764eb7: event=StepSummary | env_id=env-7d764eb7 | step=569 | current_step=569 | terminated_agents=[] | truncated_agents=[] | remaining_agents=19 | reward_preview={prey_1:-0.001, prey_5:-0.001, predator_5:-0.001, prey_0:-0.001, predator_4:-0.001} | info_preview={}
2025-11-23 03:29:13,955 [DEBUG] PredPreyGrassEnv.env-7d764eb7: event=StepBegin | env_id=env-7d764eb7 | step=570 | incoming_actions=['prey_1', 'prey_5', 'prey_0', 'prey_18', 'prey_14', ...] | active_agents=19 | current_step=570
2025-11-23 03:29:13,958 [DEBUG] PredPreyGrassEnv.env-7d764eb7: event=StepSummary | env_id=env-7d764eb7 | step=570 | current_step=570 | terminated_agents=[] | truncated_agents=[] | remaining_agents=19 | reward_preview={prey_1:-0.001, prey_5:-0.001, predator_5:-0.001, prey_0:-0.001, predator_4:-0.001} | info_preview={}
2025-11-23 03:29:13,968 [DEBUG] PredPreyGrassEnv.env-7d764eb7: event=StepBegin | env_id=env-7d764eb7 | step=571 | incoming_actions=['prey_1', 'prey_5', 'prey_0', 'prey_18', 'prey_14', ...] | active_agents=19 | current_step=571
2025-11-23 03:29:13,971 [DEBUG] PredPreyGrassEnv.env-7d764eb7: event=StepSummary | env_id=env-7d764eb7 | step=571 | current_step=571 | terminated_agents=[] | truncated_agents=[] | remaining_agents=19 | reward_preview={prey_1:-0.001, prey_5:-0.001, predator_5:-0.001, prey_0:-0.001, predator_4:-0.001} | info_preview={}
2025-11-23 03:29:13,981 [DEBUG] PredPreyGrassEnv.env-7d764eb7: event=StepBegin | env_id=env-7d764eb7 | step=572 | incoming_actions=['prey_1', 'prey_5', 'prey_0', 'prey_18', 'prey_14', ...] | active_agents=19 | current_step=572
2025-11-23 03:29:13,984 [DEBUG] PredPreyGrassEnv.env-7d764eb7: event=StepSummary | env_id=env-7d764eb7 | step=572 | current_step=572 | terminated_agents=[] | truncated_agents=[] | remaining_agents=19 | reward_preview={prey_1:-0.001, prey_5:-0.001, predator_5:-0.001, prey_0:-0.001, predator_4:-0.001} | info_preview={}
2025-11-23 03:29:13,994 [DEBUG] PredPreyGrassEnv.env-7d764eb7: event=StepBegin | env_id=env-7d764eb7 | step=573 | incoming_actions=['prey_1', 'prey_5', 'prey_0', 'prey_18', 'prey_14', ...] | active_agents=19 | current_step=573
2025-11-23 03:29:13,997 [DEBUG] PredPreyGrassEnv.env-7d764eb7: event=StepSummary | env_id=env-7d764eb7 | step=573 | current_step=573 | terminated_agents=[] | truncated_agents=[] | remaining_agents=19 | reward_preview={prey_1:-0.001, prey_5:-0.001, predator_5:-0.001, prey_0:-0.001, predator_4:-0.001} | info_preview={}
2025-11-23 03:29:14,015 [DEBUG] PredPreyGrassEnv.env-7d764eb7: event=StepBegin | env_id=env-7d764eb7 | step=574 | incoming_actions=['prey_1', 'prey_5', 'prey_0', 'prey_18', 'prey_14', ...] | active_agents=19 | current_step=574
2025-11-23 03:29:14,021 [DEBUG] PredPreyGrassEnv.env-7d764eb7: event=StepSummary | env_id=env-7d764eb7 | step=574 | current_step=574 | terminated_agents=[] | truncated_agents=[] | remaining_agents=19 | reward_preview={prey_1:-0.001, prey_5:-0.001, predator_5:-0.001, prey_0:-0.001, predator_4:-0.001} | info_preview={}
2025-11-23 03:29:14,046 [DEBUG] PredPreyGrassEnv.env-7d764eb7: event=StepBegin | env_id=env-7d764eb7 | step=575 | incoming_actions=['prey_1', 'prey_5', 'prey_0', 'prey_18', 'prey_14', ...] | active_agents=19 | current_step=575
2025-11-23 03:29:14,051 [DEBUG] PredPreyGrassEnv.env-7d764eb7: event=StepSummary | env_id=env-7d764eb7 | step=575 | current_step=575 | terminated_agents=[] | truncated_agents=[] | remaining_agents=19 | reward_preview={prey_1:-0.001, prey_5:-0.001, predator_5:-0.001, prey_0:-0.001, predator_4:-0.001} | info_preview={}
2025-11-23 03:29:14,066 [DEBUG] PredPreyGrassEnv.env-7d764eb7: event=StepBegin | env_id=env-7d764eb7 | step=576 | incoming_actions=['prey_1', 'prey_5', 'prey_0', 'prey_18', 'prey_14', ...] | active_agents=19 | current_step=576
2025-11-23 03:29:14,072 [DEBUG] PredPreyGrassEnv.env-7d764eb7: event=StepSummary | env_id=env-7d764eb7 | step=576 | current_step=576 | terminated_agents=[] | truncated_agents=[] | remaining_agents=19 | reward_preview={prey_1:-0.001, prey_5:-0.001, predator_5:-0.001, prey_0:-0.001, predator_4:-0.001} | info_preview={}
2025-11-23 03:29:14,095 [DEBUG] PredPreyGrassEnv.env-7d764eb7: event=StepBegin | env_id=env-7d764eb7 | step=577 | incoming_actions=['prey_1', 'prey_5', 'prey_0', 'prey_18', 'prey_14', ...] | active_agents=19 | current_step=577
2025-11-23 03:29:14,098 [DEBUG] PredPreyGrassEnv.env-7d764eb7: event=StepSummary | env_id=env-7d764eb7 | step=577 | current_step=577 | terminated_agents=[] | truncated_agents=[] | remaining_agents=19 | reward_preview={prey_1:-0.001, prey_5:-0.001, predator_5:-0.001, prey_0:-0.001, predator_4:-0.001} | info_preview={}
2025-11-23 03:29:14,113 [DEBUG] PredPreyGrassEnv.env-7d764eb7: event=StepBegin | env_id=env-7d764eb7 | step=578 | incoming_actions=['prey_1', 'prey_5', 'prey_0', 'prey_18', 'prey_14', ...] | active_agents=19 | current_step=578
2025-11-23 03:29:14,116 [DEBUG] PredPreyGrassEnv.env-7d764eb7: event=StepSummary | env_id=env-7d764eb7 | step=578 | current_step=578 | terminated_agents=[] | truncated_agents=[] | remaining_agents=19 | reward_preview={prey_1:-0.001, prey_5:-0.001, predator_5:-0.001, prey_0:-0.001, predator_4:-0.001} | info_preview={}
2025-11-23 03:29:14,126 [DEBUG] PredPreyGrassEnv.env-7d764eb7: event=StepBegin | env_id=env-7d764eb7 | step=579 | incoming_actions=['prey_1', 'prey_5', 'prey_0', 'prey_18', 'prey_14', ...] | active_agents=19 | current_step=579
2025-11-23 03:29:14,129 [DEBUG] PredPreyGrassEnv.env-7d764eb7: event=StepSummary | env_id=env-7d764eb7 | step=579 | current_step=579 | terminated_agents=[] | truncated_agents=[] | remaining_agents=19 | reward_preview={prey_1:-0.001, prey_5:-0.001, predator_5:-0.001, prey_0:-0.001, predator_4:-0.001} | info_preview={}
2025-11-23 03:29:14,139 [DEBUG] PredPreyGrassEnv.env-7d764eb7: event=StepBegin | env_id=env-7d764eb7 | step=580 | incoming_actions=['prey_1', 'prey_5', 'prey_0', 'prey_18', 'prey_14', ...] | active_agents=19 | current_step=580
2025-11-23 03:29:14,142 [DEBUG] PredPreyGrassEnv.env-7d764eb7: event=StepSummary | env_id=env-7d764eb7 | step=580 | current_step=580 | terminated_agents=[] | truncated_agents=[] | remaining_agents=19 | reward_preview={prey_1:-0.001, prey_5:-0.001, predator_5:-0.001, prey_0:-0.001, predator_4:-0.001} | info_preview={}
2025-11-23 03:29:14,152 [DEBUG] PredPreyGrassEnv.env-7d764eb7: event=StepBegin | env_id=env-7d764eb7 | step=581 | incoming_actions=['prey_1', 'prey_5', 'prey_0', 'prey_18', 'prey_14', ...] | active_agents=19 | current_step=581
2025-11-23 03:29:14,154 [DEBUG] PredPreyGrassEnv.env-7d764eb7: event=StepSummary | env_id=env-7d764eb7 | step=581 | current_step=581 | terminated_agents=[] | truncated_agents=[] | remaining_agents=19 | reward_preview={prey_1:-0.001, prey_5:-0.001, predator_5:-0.001, prey_0:-0.001, predator_4:-0.001} | info_preview={}
2025-11-23 03:29:14,165 [DEBUG] PredPreyGrassEnv.env-7d764eb7: event=StepBegin | env_id=env-7d764eb7 | step=582 | incoming_actions=['prey_1', 'prey_5', 'prey_0', 'prey_18', 'prey_14', ...] | active_agents=19 | current_step=582
2025-11-23 03:29:14,167 [DEBUG] PredPreyGrassEnv.env-7d764eb7: event=StepSummary | env_id=env-7d764eb7 | step=582 | current_step=582 | terminated_agents=[] | truncated_agents=[] | remaining_agents=19 | reward_preview={prey_1:-0.001, prey_5:-0.001, predator_5:-0.001, prey_0:-0.001, predator_4:-0.001} | info_preview={}
2025-11-23 03:29:14,178 [DEBUG] PredPreyGrassEnv.env-7d764eb7: event=StepBegin | env_id=env-7d764eb7 | step=583 | incoming_actions=['prey_1', 'prey_5', 'prey_0', 'prey_18', 'prey_14', ...] | active_agents=19 | current_step=583
2025-11-23 03:29:14,178 [DEBUG] PredPreyGrassEnv.env-7d764eb7: event=CollisionBatch | env_id=env-7d764eb7 | step=583 | collisions=[['predator_catch_prey', 'predator_4', 'prey_19']]
2025-11-23 03:29:14,180 [DEBUG] PredPreyGrassEnv.env-7d764eb7: event=AgentEnergyDepleted | env_id=env-7d764eb7 | step=583 | agent='prey_19' | position=[581.0936851525939, 27.149450234012527] | energy=0
2025-11-23 03:29:14,180 [DEBUG] PredPreyGrassEnv.env-7d764eb7: event=AgentRemovedFromActiveList | env_id=env-7d764eb7 | step=583 | agent='prey_19' | remaining_agents=18
2025-11-23 03:29:14,181 [DEBUG] PredPreyGrassEnv.env-7d764eb7: event=StepSummary | env_id=env-7d764eb7 | step=583 | current_step=583 | terminated_agents=['prey_19'] | truncated_agents=[] | remaining_agents=18 | reward_preview={prey_1:-0.001, prey_5:-0.001, predator_5:-0.001, prey_0:-0.001, predator_4:-0.001} | info_preview={}
2025-11-23 03:29:14,191 [DEBUG] PredPreyGrassEnv.env-7d764eb7: event=StepBegin | env_id=env-7d764eb7 | step=584 | incoming_actions=['prey_1', 'prey_5', 'prey_0', 'prey_18', 'prey_14', ...] | active_agents=18 | current_step=584
2025-11-23 03:29:14,193 [DEBUG] PredPreyGrassEnv.env-7d764eb7: event=StepSummary | env_id=env-7d764eb7 | step=584 | current_step=584 | terminated_agents=[] | truncated_agents=[] | remaining_agents=18 | reward_preview={prey_1:-0.001, prey_5:-0.001, predator_5:-0.001, prey_0:-0.001, predator_4:-0.001} | info_preview={}
2025-11-23 03:29:14,203 [DEBUG] PredPreyGrassEnv.env-7d764eb7: event=StepBegin | env_id=env-7d764eb7 | step=585 | incoming_actions=['prey_1', 'prey_5', 'prey_0', 'prey_18', 'prey_14', ...] | active_agents=18 | current_step=585
2025-11-23 03:29:14,206 [DEBUG] PredPreyGrassEnv.env-7d764eb7: event=StepSummary | env_id=env-7d764eb7 | step=585 | current_step=585 | terminated_agents=[] | truncated_agents=[] | remaining_agents=18 | reward_preview={prey_1:-0.001, prey_5:-0.001, predator_5:-0.001, prey_0:-0.001, predator_4:-0.001} | info_preview={}
2025-11-23 03:29:14,216 [DEBUG] PredPreyGrassEnv.env-7d764eb7: event=StepBegin | env_id=env-7d764eb7 | step=586 | incoming_actions=['prey_1', 'prey_5', 'prey_0', 'prey_18', 'prey_14', ...] | active_agents=18 | current_step=586
2025-11-23 03:29:14,218 [DEBUG] PredPreyGrassEnv.env-7d764eb7: event=StepSummary | env_id=env-7d764eb7 | step=586 | current_step=586 | terminated_agents=[] | truncated_agents=[] | remaining_agents=18 | reward_preview={prey_1:-0.001, prey_5:-0.001, predator_5:-0.001, prey_0:-0.001, predator_4:-0.001} | info_preview={}
2025-11-23 03:29:14,228 [DEBUG] PredPreyGrassEnv.env-7d764eb7: event=StepBegin | env_id=env-7d764eb7 | step=587 | incoming_actions=['prey_1', 'prey_5', 'prey_0', 'prey_18', 'prey_14', ...] | active_agents=18 | current_step=587
2025-11-23 03:29:14,231 [DEBUG] PredPreyGrassEnv.env-7d764eb7: event=StepSummary | env_id=env-7d764eb7 | step=587 | current_step=587 | terminated_agents=[] | truncated_agents=[] | remaining_agents=18 | reward_preview={prey_1:-0.001, prey_5:-0.001, predator_5:-0.001, prey_0:-0.001, predator_4:-0.001} | info_preview={}
2025-11-23 03:29:14,240 [DEBUG] PredPreyGrassEnv.env-7d764eb7: event=StepBegin | env_id=env-7d764eb7 | step=588 | incoming_actions=['prey_1', 'prey_5', 'prey_0', 'prey_18', 'prey_14', ...] | active_agents=18 | current_step=588
2025-11-23 03:29:14,243 [DEBUG] PredPreyGrassEnv.env-7d764eb7: event=StepSummary | env_id=env-7d764eb7 | step=588 | current_step=588 | terminated_agents=[] | truncated_agents=[] | remaining_agents=18 | reward_preview={prey_1:-0.001, prey_5:-0.001, predator_5:-0.001, prey_0:-0.001, predator_4:-0.001} | info_preview={}
2025-11-23 03:29:14,254 [DEBUG] PredPreyGrassEnv.env-7d764eb7: event=StepBegin | env_id=env-7d764eb7 | step=589 | incoming_actions=['prey_1', 'prey_5', 'prey_0', 'prey_18', 'prey_14', ...] | active_agents=18 | current_step=589
2025-11-23 03:29:14,256 [DEBUG] PredPreyGrassEnv.env-7d764eb7: event=StepSummary | env_id=env-7d764eb7 | step=589 | current_step=589 | terminated_agents=[] | truncated_agents=[] | remaining_agents=18 | reward_preview={prey_1:-0.001, prey_5:-0.001, predator_5:-0.001, prey_0:-0.001, predator_4:-0.001} | info_preview={}
2025-11-23 03:29:14,266 [DEBUG] PredPreyGrassEnv.env-7d764eb7: event=StepBegin | env_id=env-7d764eb7 | step=590 | incoming_actions=['prey_1', 'prey_5', 'prey_0', 'prey_18', 'prey_14', ...] | active_agents=18 | current_step=590
2025-11-23 03:29:14,268 [DEBUG] PredPreyGrassEnv.env-7d764eb7: event=PreyAteGrass | env_id=env-7d764eb7 | step=590 | prey='prey_11' | grass='grass_75' | prey_position=[716.739818897927, 34.21639989277228] | grass_energy=10.0 | energy_gained=9.0 | prey_energy=91.32623542723022
2025-11-23 03:29:14,269 [DEBUG] PredPreyGrassEnv.env-7d764eb7: event=StepSummary | env_id=env-7d764eb7 | step=590 | current_step=590 | terminated_agents=[] | truncated_agents=[] | remaining_agents=18 | reward_preview={prey_1:-0.001, prey_5:-0.001, predator_5:-0.001, prey_0:-0.001, predator_4:-0.001} | info_preview={}
2025-11-23 03:29:14,279 [DEBUG] PredPreyGrassEnv.env-7d764eb7: event=StepBegin | env_id=env-7d764eb7 | step=591 | incoming_actions=['prey_1', 'prey_5', 'prey_0', 'prey_18', 'prey_14', ...] | active_agents=18 | current_step=591
2025-11-23 03:29:14,282 [DEBUG] PredPreyGrassEnv.env-7d764eb7: event=StepSummary | env_id=env-7d764eb7 | step=591 | current_step=591 | terminated_agents=[] | truncated_agents=[] | remaining_agents=18 | reward_preview={prey_1:-0.001, prey_5:-0.001, predator_5:-0.001, prey_0:-0.001, predator_4:-0.001} | info_preview={}
2025-11-23 03:29:14,292 [DEBUG] PredPreyGrassEnv.env-7d764eb7: event=StepBegin | env_id=env-7d764eb7 | step=592 | incoming_actions=['prey_1', 'prey_5', 'prey_0', 'prey_18', 'prey_14', ...] | active_agents=18 | current_step=592
2025-11-23 03:29:14,294 [DEBUG] PredPreyGrassEnv.env-7d764eb7: event=PreyAteGrass | env_id=env-7d764eb7 | step=592 | prey='prey_4' | grass='grass_98' | prey_position=[781.718613061849, 43.8092688295435] | grass_energy=10.0 | energy_gained=9.0 | prey_energy=79.99868105293076
2025-11-23 03:29:14,295 [DEBUG] PredPreyGrassEnv.env-7d764eb7: event=StepSummary | env_id=env-7d764eb7 | step=592 | current_step=592 | terminated_agents=[] | truncated_agents=[] | remaining_agents=18 | reward_preview={prey_1:-0.001, prey_5:-0.001, predator_5:-0.001, prey_0:-0.001, predator_4:-0.001} | info_preview={}
2025-11-23 03:29:14,305 [DEBUG] PredPreyGrassEnv.env-7d764eb7: event=StepBegin | env_id=env-7d764eb7 | step=593 | incoming_actions=['prey_1', 'prey_5', 'prey_0', 'prey_18', 'prey_14', ...] | active_agents=18 | current_step=593
2025-11-23 03:29:14,308 [DEBUG] PredPreyGrassEnv.env-7d764eb7: event=StepSummary | env_id=env-7d764eb7 | step=593 | current_step=593 | terminated_agents=[] | truncated_agents=[] | remaining_agents=18 | reward_preview={prey_1:-0.001, prey_5:-0.001, predator_5:-0.001, prey_0:-0.001, predator_4:-0.001} | info_preview={}
2025-11-23 03:29:14,319 [DEBUG] PredPreyGrassEnv.env-7d764eb7: event=StepBegin | env_id=env-7d764eb7 | step=594 | incoming_actions=['prey_1', 'prey_5', 'prey_0', 'prey_18', 'prey_14', ...] | active_agents=18 | current_step=594
2025-11-23 03:29:14,321 [DEBUG] PredPreyGrassEnv.env-7d764eb7: event=StepSummary | env_id=env-7d764eb7 | step=594 | current_step=594 | terminated_agents=[] | truncated_agents=[] | remaining_agents=18 | reward_preview={prey_1:-0.001, prey_5:-0.001, predator_5:-0.001, prey_0:-0.001, predator_4:-0.001} | info_preview={}
2025-11-23 03:29:14,331 [DEBUG] PredPreyGrassEnv.env-7d764eb7: event=StepBegin | env_id=env-7d764eb7 | step=595 | incoming_actions=['prey_1', 'prey_5', 'prey_0', 'prey_18', 'prey_14', ...] | active_agents=18 | current_step=595
2025-11-23 03:29:14,334 [DEBUG] PredPreyGrassEnv.env-7d764eb7: event=StepSummary | env_id=env-7d764eb7 | step=595 | current_step=595 | terminated_agents=[] | truncated_agents=[] | remaining_agents=18 | reward_preview={prey_1:-0.001, prey_5:-0.001, predator_5:-0.001, prey_0:-0.001, predator_4:-0.001} | info_preview={}
2025-11-23 03:29:14,344 [DEBUG] PredPreyGrassEnv.env-7d764eb7: event=StepBegin | env_id=env-7d764eb7 | step=596 | incoming_actions=['prey_1', 'prey_5', 'prey_0', 'prey_18', 'prey_14', ...] | active_agents=18 | current_step=596
2025-11-23 03:29:14,347 [DEBUG] PredPreyGrassEnv.env-7d764eb7: event=StepSummary | env_id=env-7d764eb7 | step=596 | current_step=596 | terminated_agents=[] | truncated_agents=[] | remaining_agents=18 | reward_preview={prey_1:-0.001, prey_5:-0.001, predator_5:-0.001, prey_0:-0.001, predator_4:-0.001} | info_preview={}
2025-11-23 03:29:14,357 [DEBUG] PredPreyGrassEnv.env-7d764eb7: event=StepBegin | env_id=env-7d764eb7 | step=597 | incoming_actions=['prey_1', 'prey_5', 'prey_0', 'prey_18', 'prey_14', ...] | active_agents=18 | current_step=597
2025-11-23 03:29:14,360 [DEBUG] PredPreyGrassEnv.env-7d764eb7: event=StepSummary | env_id=env-7d764eb7 | step=597 | current_step=597 | terminated_agents=[] | truncated_agents=[] | remaining_agents=18 | reward_preview={prey_1:-0.001, prey_5:-0.001, predator_5:-0.001, prey_0:-0.001, predator_4:-0.001} | info_preview={}
2025-11-23 03:29:14,370 [DEBUG] PredPreyGrassEnv.env-7d764eb7: event=StepBegin | env_id=env-7d764eb7 | step=598 | incoming_actions=['prey_1', 'prey_5', 'prey_0', 'prey_18', 'prey_14', ...] | active_agents=18 | current_step=598
2025-11-23 03:29:14,372 [DEBUG] PredPreyGrassEnv.env-7d764eb7: event=StepSummary | env_id=env-7d764eb7 | step=598 | current_step=598 | terminated_agents=[] | truncated_agents=[] | remaining_agents=18 | reward_preview={prey_1:-0.001, prey_5:-0.001, predator_5:-0.001, prey_0:-0.001, predator_4:-0.001} | info_preview={}
2025-11-23 03:29:14,386 [DEBUG] PredPreyGrassEnv.env-7d764eb7: event=StepBegin | env_id=env-7d764eb7 | step=599 | incoming_actions=['prey_1', 'prey_5', 'prey_0', 'prey_18', 'prey_14', ...] | active_agents=18 | current_step=599
2025-11-23 03:29:14,390 [DEBUG] PredPreyGrassEnv.env-7d764eb7: event=StepSummary | env_id=env-7d764eb7 | step=599 | current_step=599 | terminated_agents=[] | truncated_agents=[] | remaining_agents=18 | reward_preview={prey_1:-0.001, prey_5:-0.001, predator_5:-0.001, prey_0:-0.001, predator_4:-0.001} | info_preview={}
2025-11-23 03:29:14,401 [DEBUG] PredPreyGrassEnv.env-7d764eb7: event=StepBegin | env_id=env-7d764eb7 | step=600 | incoming_actions=['prey_1', 'prey_5', 'prey_0', 'prey_18', 'prey_14', ...] | active_agents=18 | current_step=600
2025-11-23 03:29:14,404 [DEBUG] PredPreyGrassEnv.env-7d764eb7: event=StepSummary | env_id=env-7d764eb7 | step=600 | current_step=600 | terminated_agents=[] | truncated_agents=[] | remaining_agents=18 | reward_preview={prey_1:-0.001, prey_5:-0.001, predator_5:-0.001, prey_0:-0.001, predator_4:-0.001} | info_preview={}
2025-11-23 03:29:14,416 [DEBUG] PredPreyGrassEnv.env-7d764eb7: event=StepBegin | env_id=env-7d764eb7 | step=601 | incoming_actions=['prey_1', 'prey_5', 'prey_0', 'prey_18', 'prey_14', ...] | active_agents=18 | current_step=601
2025-11-23 03:29:14,418 [DEBUG] PredPreyGrassEnv.env-7d764eb7: event=StepSummary | env_id=env-7d764eb7 | step=601 | current_step=601 | terminated_agents=[] | truncated_agents=[] | remaining_agents=18 | reward_preview={prey_1:-0.001, prey_5:-0.001, predator_5:-0.001, prey_0:-0.001, predator_4:-0.001} | info_preview={}
2025-11-23 03:29:14,430 [DEBUG] PredPreyGrassEnv.env-7d764eb7: event=StepBegin | env_id=env-7d764eb7 | step=602 | incoming_actions=['prey_1', 'prey_5', 'prey_0', 'prey_18', 'prey_14', ...] | active_agents=18 | current_step=602
2025-11-23 03:29:14,432 [DEBUG] PredPreyGrassEnv.env-7d764eb7: event=StepSummary | env_id=env-7d764eb7 | step=602 | current_step=602 | terminated_agents=[] | truncated_agents=[] | remaining_agents=18 | reward_preview={prey_1:-0.001, prey_5:-0.001, predator_5:-0.001, prey_0:-0.001, predator_4:-0.001} | info_preview={}
2025-11-23 03:29:14,443 [DEBUG] PredPreyGrassEnv.env-7d764eb7: event=StepBegin | env_id=env-7d764eb7 | step=603 | incoming_actions=['prey_1', 'prey_5', 'prey_0', 'prey_18', 'prey_14', ...] | active_agents=18 | current_step=603
2025-11-23 03:29:14,446 [DEBUG] PredPreyGrassEnv.env-7d764eb7: event=StepSummary | env_id=env-7d764eb7 | step=603 | current_step=603 | terminated_agents=[] | truncated_agents=[] | remaining_agents=18 | reward_preview={prey_1:-0.001, prey_5:-0.001, predator_5:-0.001, prey_0:-0.001, predator_4:-0.001} | info_preview={}
2025-11-23 03:29:14,456 [DEBUG] PredPreyGrassEnv.env-7d764eb7: event=StepBegin | env_id=env-7d764eb7 | step=604 | incoming_actions=['prey_1', 'prey_5', 'prey_0', 'prey_18', 'prey_14', ...] | active_agents=18 | current_step=604
2025-11-23 03:29:14,459 [DEBUG] PredPreyGrassEnv.env-7d764eb7: event=StepSummary | env_id=env-7d764eb7 | step=604 | current_step=604 | terminated_agents=[] | truncated_agents=[] | remaining_agents=18 | reward_preview={prey_1:-0.001, prey_5:-0.001, predator_5:-0.001, prey_0:-0.001, predator_4:-0.001} | info_preview={}
2025-11-23 03:29:14,470 [DEBUG] PredPreyGrassEnv.env-7d764eb7: event=StepBegin | env_id=env-7d764eb7 | step=605 | incoming_actions=['prey_1', 'prey_5', 'prey_0', 'prey_18', 'prey_14', ...] | active_agents=18 | current_step=605
2025-11-23 03:29:14,472 [DEBUG] PredPreyGrassEnv.env-7d764eb7: event=StepSummary | env_id=env-7d764eb7 | step=605 | current_step=605 | terminated_agents=[] | truncated_agents=[] | remaining_agents=18 | reward_preview={prey_1:-0.001, prey_5:-0.001, predator_5:-0.001, prey_0:-0.001, predator_4:-0.001} | info_preview={}
2025-11-23 03:29:14,483 [DEBUG] PredPreyGrassEnv.env-7d764eb7: event=StepBegin | env_id=env-7d764eb7 | step=606 | incoming_actions=['prey_1', 'prey_5', 'prey_0', 'prey_18', 'prey_14', ...] | active_agents=18 | current_step=606
2025-11-23 03:29:14,485 [DEBUG] PredPreyGrassEnv.env-7d764eb7: event=PreyAteGrass | env_id=env-7d764eb7 | step=606 | prey='prey_17' | grass='grass_30' | prey_position=[122.60028358043172, 516.3873288232372] | grass_energy=10.0 | energy_gained=9.0 | prey_energy=54.994036920966415
2025-11-23 03:29:14,486 [DEBUG] PredPreyGrassEnv.env-7d764eb7: event=StepSummary | env_id=env-7d764eb7 | step=606 | current_step=606 | terminated_agents=[] | truncated_agents=[] | remaining_agents=18 | reward_preview={prey_1:-0.001, prey_5:-0.001, predator_5:-0.001, prey_0:-0.001, predator_4:-0.001} | info_preview={}
2025-11-23 03:29:14,496 [DEBUG] PredPreyGrassEnv.env-7d764eb7: event=StepBegin | env_id=env-7d764eb7 | step=607 | incoming_actions=['prey_1', 'prey_5', 'prey_0', 'prey_18', 'prey_14', ...] | active_agents=18 | current_step=607
2025-11-23 03:29:14,499 [DEBUG] PredPreyGrassEnv.env-7d764eb7: event=StepSummary | env_id=env-7d764eb7 | step=607 | current_step=607 | terminated_agents=[] | truncated_agents=[] | remaining_agents=18 | reward_preview={prey_1:-0.001, prey_5:-0.001, predator_5:-0.001, prey_0:-0.001, predator_4:-0.001} | info_preview={}
2025-11-23 03:29:14,510 [DEBUG] PredPreyGrassEnv.env-7d764eb7: event=StepBegin | env_id=env-7d764eb7 | step=608 | incoming_actions=['prey_1', 'prey_5', 'prey_0', 'prey_18', 'prey_14', ...] | active_agents=18 | current_step=608
2025-11-23 03:29:14,513 [DEBUG] PredPreyGrassEnv.env-7d764eb7: event=StepSummary | env_id=env-7d764eb7 | step=608 | current_step=608 | terminated_agents=[] | truncated_agents=[] | remaining_agents=18 | reward_preview={prey_1:-0.001, prey_5:-0.001, predator_5:-0.001, prey_0:-0.001, predator_4:-0.001} | info_preview={}
2025-11-23 03:29:14,523 [DEBUG] PredPreyGrassEnv.env-7d764eb7: event=StepBegin | env_id=env-7d764eb7 | step=609 | incoming_actions=['prey_1', 'prey_5', 'prey_0', 'prey_18', 'prey_14', ...] | active_agents=18 | current_step=609
2025-11-23 03:29:14,526 [DEBUG] PredPreyGrassEnv.env-7d764eb7: event=StepSummary | env_id=env-7d764eb7 | step=609 | current_step=609 | terminated_agents=[] | truncated_agents=[] | remaining_agents=18 | reward_preview={prey_1:-0.001, prey_5:-0.001, predator_5:-0.001, prey_0:-0.001, predator_4:-0.001} | info_preview={}
2025-11-23 03:29:14,536 [DEBUG] PredPreyGrassEnv.env-7d764eb7: event=StepBegin | env_id=env-7d764eb7 | step=610 | incoming_actions=['prey_1', 'prey_5', 'prey_0', 'prey_18', 'prey_14', ...] | active_agents=18 | current_step=610
2025-11-23 03:29:14,539 [DEBUG] PredPreyGrassEnv.env-7d764eb7: event=StepSummary | env_id=env-7d764eb7 | step=610 | current_step=610 | terminated_agents=[] | truncated_agents=[] | remaining_agents=18 | reward_preview={prey_1:-0.001, prey_5:-0.001, predator_5:-0.001, prey_0:-0.001, predator_4:-0.001} | info_preview={}
2025-11-23 03:29:14,550 [DEBUG] PredPreyGrassEnv.env-7d764eb7: event=StepBegin | env_id=env-7d764eb7 | step=611 | incoming_actions=['prey_1', 'prey_5', 'prey_0', 'prey_18', 'prey_14', ...] | active_agents=18 | current_step=611
2025-11-23 03:29:14,553 [DEBUG] PredPreyGrassEnv.env-7d764eb7: event=StepSummary | env_id=env-7d764eb7 | step=611 | current_step=611 | terminated_agents=[] | truncated_agents=[] | remaining_agents=18 | reward_preview={prey_1:-0.001, prey_5:-0.001, predator_5:-0.001, prey_0:-0.001, predator_4:-0.001} | info_preview={}
2025-11-23 03:29:14,564 [DEBUG] PredPreyGrassEnv.env-7d764eb7: event=StepBegin | env_id=env-7d764eb7 | step=612 | incoming_actions=['prey_1', 'prey_5', 'prey_0', 'prey_18', 'prey_14', ...] | active_agents=18 | current_step=612
2025-11-23 03:29:14,567 [DEBUG] PredPreyGrassEnv.env-7d764eb7: event=StepSummary | env_id=env-7d764eb7 | step=612 | current_step=612 | terminated_agents=[] | truncated_agents=[] | remaining_agents=18 | reward_preview={prey_1:-0.001, prey_5:-0.001, predator_5:-0.001, prey_0:-0.001, predator_4:-0.001} | info_preview={}
2025-11-23 03:29:14,578 [DEBUG] PredPreyGrassEnv.env-7d764eb7: event=StepBegin | env_id=env-7d764eb7 | step=613 | incoming_actions=['prey_1', 'prey_5', 'prey_0', 'prey_18', 'prey_14', ...] | active_agents=18 | current_step=613
2025-11-23 03:29:14,581 [DEBUG] PredPreyGrassEnv.env-7d764eb7: event=StepSummary | env_id=env-7d764eb7 | step=613 | current_step=613 | terminated_agents=[] | truncated_agents=[] | remaining_agents=18 | reward_preview={prey_1:-0.001, prey_5:-0.001, predator_5:-0.001, prey_0:-0.001, predator_4:-0.001} | info_preview={}
2025-11-23 03:29:14,592 [DEBUG] PredPreyGrassEnv.env-7d764eb7: event=StepBegin | env_id=env-7d764eb7 | step=614 | incoming_actions=['prey_1', 'prey_5', 'prey_0', 'prey_18', 'prey_14', ...] | active_agents=18 | current_step=614
2025-11-23 03:29:14,594 [DEBUG] PredPreyGrassEnv.env-7d764eb7: event=StepSummary | env_id=env-7d764eb7 | step=614 | current_step=614 | terminated_agents=[] | truncated_agents=[] | remaining_agents=18 | reward_preview={prey_1:-0.001, prey_5:-0.001, predator_5:-0.001, prey_0:-0.001, predator_4:-0.001} | info_preview={}
2025-11-23 03:29:14,604 [DEBUG] PredPreyGrassEnv.env-7d764eb7: event=StepBegin | env_id=env-7d764eb7 | step=615 | incoming_actions=['prey_1', 'prey_5', 'prey_0', 'prey_18', 'prey_14', ...] | active_agents=18 | current_step=615
2025-11-23 03:29:14,607 [DEBUG] PredPreyGrassEnv.env-7d764eb7: event=StepSummary | env_id=env-7d764eb7 | step=615 | current_step=615 | terminated_agents=[] | truncated_agents=[] | remaining_agents=18 | reward_preview={prey_1:-0.001, prey_5:-0.001, predator_5:-0.001, prey_0:-0.001, predator_4:-0.001} | info_preview={}
2025-11-23 03:29:14,618 [DEBUG] PredPreyGrassEnv.env-7d764eb7: event=StepBegin | env_id=env-7d764eb7 | step=616 | incoming_actions=['prey_1', 'prey_5', 'prey_0', 'prey_18', 'prey_14', ...] | active_agents=18 | current_step=616
2025-11-23 03:29:14,621 [DEBUG] PredPreyGrassEnv.env-7d764eb7: event=StepSummary | env_id=env-7d764eb7 | step=616 | current_step=616 | terminated_agents=[] | truncated_agents=[] | remaining_agents=18 | reward_preview={prey_1:-0.001, prey_5:-0.001, predator_5:-0.001, prey_0:-0.001, predator_4:-0.001} | info_preview={}
2025-11-23 03:29:14,631 [DEBUG] PredPreyGrassEnv.env-7d764eb7: event=StepBegin | env_id=env-7d764eb7 | step=617 | incoming_actions=['prey_1', 'prey_5', 'prey_0', 'prey_18', 'prey_14', ...] | active_agents=18 | current_step=617
2025-11-23 03:29:14,634 [DEBUG] PredPreyGrassEnv.env-7d764eb7: event=StepSummary | env_id=env-7d764eb7 | step=617 | current_step=617 | terminated_agents=[] | truncated_agents=[] | remaining_agents=18 | reward_preview={prey_1:-0.001, prey_5:-0.001, predator_5:-0.001, prey_0:-0.001, predator_4:-0.001} | info_preview={}
2025-11-23 03:29:14,645 [DEBUG] PredPreyGrassEnv.env-7d764eb7: event=StepBegin | env_id=env-7d764eb7 | step=618 | incoming_actions=['prey_1', 'prey_5', 'prey_0', 'prey_18', 'prey_14', ...] | active_agents=18 | current_step=618
2025-11-23 03:29:14,647 [DEBUG] PredPreyGrassEnv.env-7d764eb7: event=StepSummary | env_id=env-7d764eb7 | step=618 | current_step=618 | terminated_agents=[] | truncated_agents=[] | remaining_agents=18 | reward_preview={prey_1:-0.001, prey_5:-0.001, predator_5:-0.001, prey_0:-0.001, predator_4:-0.001} | info_preview={}
2025-11-23 03:29:14,658 [DEBUG] PredPreyGrassEnv.env-7d764eb7: event=StepBegin | env_id=env-7d764eb7 | step=619 | incoming_actions=['prey_1', 'prey_5', 'prey_0', 'prey_18', 'prey_14', ...] | active_agents=18 | current_step=619
2025-11-23 03:29:14,660 [DEBUG] PredPreyGrassEnv.env-7d764eb7: event=StepSummary | env_id=env-7d764eb7 | step=619 | current_step=619 | terminated_agents=[] | truncated_agents=[] | remaining_agents=18 | reward_preview={prey_1:-0.001, prey_5:-0.001, predator_5:-0.001, prey_0:-0.001, predator_4:-0.001} | info_preview={}
2025-11-23 03:29:14,671 [DEBUG] PredPreyGrassEnv.env-7d764eb7: event=StepBegin | env_id=env-7d764eb7 | step=620 | incoming_actions=['prey_1', 'prey_5', 'prey_0', 'prey_18', 'prey_14', ...] | active_agents=18 | current_step=620
2025-11-23 03:29:14,674 [DEBUG] PredPreyGrassEnv.env-7d764eb7: event=StepSummary | env_id=env-7d764eb7 | step=620 | current_step=620 | terminated_agents=[] | truncated_agents=[] | remaining_agents=18 | reward_preview={prey_1:-0.001, prey_5:-0.001, predator_5:-0.001, prey_0:-0.001, predator_4:-0.001} | info_preview={}
2025-11-23 03:29:14,684 [DEBUG] PredPreyGrassEnv.env-7d764eb7: event=StepBegin | env_id=env-7d764eb7 | step=621 | incoming_actions=['prey_1', 'prey_5', 'prey_0', 'prey_18', 'prey_14', ...] | active_agents=18 | current_step=621
2025-11-23 03:29:14,686 [DEBUG] PredPreyGrassEnv.env-7d764eb7: event=PreyAteGrass | env_id=env-7d764eb7 | step=621 | prey='prey_18' | grass='grass_31' | prey_position=[245.8360672981907, 303.24376967453946] | grass_energy=10.0 | energy_gained=9.0 | prey_energy=79.70602250184295
2025-11-23 03:29:14,687 [DEBUG] PredPreyGrassEnv.env-7d764eb7: event=StepSummary | env_id=env-7d764eb7 | step=621 | current_step=621 | terminated_agents=[] | truncated_agents=[] | remaining_agents=18 | reward_preview={prey_1:-0.001, prey_5:-0.001, predator_5:-0.001, prey_0:-0.001, predator_4:-0.001} | info_preview={}
2025-11-23 03:29:14,697 [DEBUG] PredPreyGrassEnv.env-7d764eb7: event=StepBegin | env_id=env-7d764eb7 | step=622 | incoming_actions=['prey_1', 'prey_5', 'prey_0', 'prey_18', 'prey_14', ...] | active_agents=18 | current_step=622
2025-11-23 03:29:14,700 [DEBUG] PredPreyGrassEnv.env-7d764eb7: event=StepSummary | env_id=env-7d764eb7 | step=622 | current_step=622 | terminated_agents=[] | truncated_agents=[] | remaining_agents=18 | reward_preview={prey_1:-0.001, prey_5:-0.001, predator_5:-0.001, prey_0:-0.001, predator_4:-0.001} | info_preview={}
2025-11-23 03:29:14,710 [DEBUG] PredPreyGrassEnv.env-7d764eb7: event=StepBegin | env_id=env-7d764eb7 | step=623 | incoming_actions=['prey_1', 'prey_5', 'prey_0', 'prey_18', 'prey_14', ...] | active_agents=18 | current_step=623
2025-11-23 03:29:14,712 [DEBUG] PredPreyGrassEnv.env-7d764eb7: event=StepSummary | env_id=env-7d764eb7 | step=623 | current_step=623 | terminated_agents=[] | truncated_agents=[] | remaining_agents=18 | reward_preview={prey_1:-0.001, prey_5:-0.001, predator_5:-0.001, prey_0:-0.001, predator_4:-0.001} | info_preview={}
2025-11-23 03:29:14,723 [DEBUG] PredPreyGrassEnv.env-7d764eb7: event=StepBegin | env_id=env-7d764eb7 | step=624 | incoming_actions=['prey_1', 'prey_5', 'prey_0', 'prey_18', 'prey_14', ...] | active_agents=18 | current_step=624
2025-11-23 03:29:14,725 [DEBUG] PredPreyGrassEnv.env-7d764eb7: event=StepSummary | env_id=env-7d764eb7 | step=624 | current_step=624 | terminated_agents=[] | truncated_agents=[] | remaining_agents=18 | reward_preview={prey_1:-0.001, prey_5:-0.001, predator_5:-0.001, prey_0:-0.001, predator_4:-0.001} | info_preview={}
2025-11-23 03:29:14,736 [DEBUG] PredPreyGrassEnv.env-7d764eb7: event=StepBegin | env_id=env-7d764eb7 | step=625 | incoming_actions=['prey_1', 'prey_5', 'prey_0', 'prey_18', 'prey_14', ...] | active_agents=18 | current_step=625
2025-11-23 03:29:14,737 [DEBUG] PredPreyGrassEnv.env-7d764eb7: event=PreyAteGrass | env_id=env-7d764eb7 | step=625 | prey='prey_17' | grass='grass_39' | prey_position=[77.89604652900076, 489.91455330748505] | grass_energy=10.0 | energy_gained=9.0 | prey_energy=57.45185945932506
2025-11-23 03:29:14,738 [DEBUG] PredPreyGrassEnv.env-7d764eb7: event=StepSummary | env_id=env-7d764eb7 | step=625 | current_step=625 | terminated_agents=[] | truncated_agents=[] | remaining_agents=18 | reward_preview={prey_1:-0.001, prey_5:-0.001, predator_5:-0.001, prey_0:-0.001, predator_4:-0.001} | info_preview={}
2025-11-23 03:29:14,749 [DEBUG] PredPreyGrassEnv.env-7d764eb7: event=StepBegin | env_id=env-7d764eb7 | step=626 | incoming_actions=['prey_1', 'prey_5', 'prey_0', 'prey_18', 'prey_14', ...] | active_agents=18 | current_step=626
2025-11-23 03:29:14,752 [DEBUG] PredPreyGrassEnv.env-7d764eb7: event=StepSummary | env_id=env-7d764eb7 | step=626 | current_step=626 | terminated_agents=[] | truncated_agents=[] | remaining_agents=18 | reward_preview={prey_1:-0.001, prey_5:-0.001, predator_5:-0.001, prey_0:-0.001, predator_4:-0.001} | info_preview={}
2025-11-23 03:29:14,762 [DEBUG] PredPreyGrassEnv.env-7d764eb7: event=StepBegin | env_id=env-7d764eb7 | step=627 | incoming_actions=['prey_1', 'prey_5', 'prey_0', 'prey_18', 'prey_14', ...] | active_agents=18 | current_step=627
2025-11-23 03:29:14,763 [DEBUG] PredPreyGrassEnv.env-7d764eb7: event=PreyAteGrass | env_id=env-7d764eb7 | step=627 | prey='prey_0' | grass='grass_59' | prey_position=[133.71419710763539, 201.6701239000497] | grass_energy=10.0 | energy_gained=9.0 | prey_energy=73.73498839304105
2025-11-23 03:29:14,763 [DEBUG] PredPreyGrassEnv.env-7d764eb7: event=PreyAteGrass | env_id=env-7d764eb7 | step=627 | prey='prey_11' | grass='grass_40' | prey_position=[735.458537062886, 86.65747543401895] | grass_energy=10.0 | energy_gained=9.0 | prey_energy=93.06506877143754
2025-11-23 03:29:14,765 [DEBUG] PredPreyGrassEnv.env-7d764eb7: event=StepSummary | env_id=env-7d764eb7 | step=627 | current_step=627 | terminated_agents=[] | truncated_agents=[] | remaining_agents=18 | reward_preview={prey_1:-0.001, prey_5:-0.001, predator_5:-0.001, prey_0:1.0, predator_4:-0.001} | info_preview={}
2025-11-23 03:29:14,775 [DEBUG] PredPreyGrassEnv.env-7d764eb7: event=StepBegin | env_id=env-7d764eb7 | step=628 | incoming_actions=['prey_1', 'prey_5', 'prey_0', 'prey_18', 'prey_14', ...] | active_agents=18 | current_step=628
2025-11-23 03:29:14,778 [DEBUG] PredPreyGrassEnv.env-7d764eb7: event=StepSummary | env_id=env-7d764eb7 | step=628 | current_step=628 | terminated_agents=[] | truncated_agents=[] | remaining_agents=18 | reward_preview={prey_1:-0.001, prey_5:-0.001, predator_5:-0.001, prey_0:-0.001, predator_4:-0.001} | info_preview={}
2025-11-23 03:29:14,788 [DEBUG] PredPreyGrassEnv.env-7d764eb7: event=StepBegin | env_id=env-7d764eb7 | step=629 | incoming_actions=['prey_1', 'prey_5', 'prey_0', 'prey_18', 'prey_14', ...] | active_agents=18 | current_step=629
2025-11-23 03:29:14,789 [DEBUG] PredPreyGrassEnv.env-7d764eb7: event=PreyAteGrass | env_id=env-7d764eb7 | step=629 | prey='prey_10' | grass='grass_81' | prey_position=[537.2494050699753, 422.21929826278205] | grass_energy=10.0 | energy_gained=9.0 | prey_energy=75.9412987520096
2025-11-23 03:29:14,791 [DEBUG] PredPreyGrassEnv.env-7d764eb7: event=StepSummary | env_id=env-7d764eb7 | step=629 | current_step=629 | terminated_agents=[] | truncated_agents=[] | remaining_agents=18 | reward_preview={prey_1:-0.001, prey_5:-0.001, predator_5:-0.001, prey_0:-0.001, predator_4:-0.001} | info_preview={}
2025-11-23 03:29:14,802 [DEBUG] PredPreyGrassEnv.env-7d764eb7: event=StepBegin | env_id=env-7d764eb7 | step=630 | incoming_actions=['prey_1', 'prey_5', 'prey_0', 'prey_18', 'prey_14', ...] | active_agents=18 | current_step=630
2025-11-23 03:29:14,804 [DEBUG] PredPreyGrassEnv.env-7d764eb7: event=StepSummary | env_id=env-7d764eb7 | step=630 | current_step=630 | terminated_agents=[] | truncated_agents=[] | remaining_agents=18 | reward_preview={prey_1:-0.001, prey_5:-0.001, predator_5:-0.001, prey_0:-0.001, predator_4:-0.001} | info_preview={}
2025-11-23 03:29:14,815 [DEBUG] PredPreyGrassEnv.env-7d764eb7: event=StepBegin | env_id=env-7d764eb7 | step=631 | incoming_actions=['prey_1', 'prey_5', 'prey_0', 'prey_18', 'prey_14', ...] | active_agents=18 | current_step=631
2025-11-23 03:29:14,818 [DEBUG] PredPreyGrassEnv.env-7d764eb7: event=StepSummary | env_id=env-7d764eb7 | step=631 | current_step=631 | terminated_agents=[] | truncated_agents=[] | remaining_agents=18 | reward_preview={prey_1:-0.001, prey_5:-0.001, predator_5:-0.001, prey_0:-0.001, predator_4:-0.001} | info_preview={}
2025-11-23 03:29:14,828 [DEBUG] PredPreyGrassEnv.env-7d764eb7: event=StepBegin | env_id=env-7d764eb7 | step=632 | incoming_actions=['prey_1', 'prey_5', 'prey_0', 'prey_18', 'prey_14', ...] | active_agents=18 | current_step=632
2025-11-23 03:29:14,830 [DEBUG] PredPreyGrassEnv.env-7d764eb7: event=StepSummary | env_id=env-7d764eb7 | step=632 | current_step=632 | terminated_agents=[] | truncated_agents=[] | remaining_agents=18 | reward_preview={prey_1:-0.001, prey_5:-0.001, predator_5:-0.001, prey_0:-0.001, predator_4:-0.001} | info_preview={}
2025-11-23 03:29:14,840 [DEBUG] PredPreyGrassEnv.env-7d764eb7: event=StepBegin | env_id=env-7d764eb7 | step=633 | incoming_actions=['prey_1', 'prey_5', 'prey_0', 'prey_18', 'prey_14', ...] | active_agents=18 | current_step=633
2025-11-23 03:29:14,843 [DEBUG] PredPreyGrassEnv.env-7d764eb7: event=StepSummary | env_id=env-7d764eb7 | step=633 | current_step=633 | terminated_agents=[] | truncated_agents=[] | remaining_agents=18 | reward_preview={prey_1:-0.001, prey_5:-0.001, predator_5:-0.001, prey_0:-0.001, predator_4:-0.001} | info_preview={}
2025-11-23 03:29:14,853 [DEBUG] PredPreyGrassEnv.env-7d764eb7: event=StepBegin | env_id=env-7d764eb7 | step=634 | incoming_actions=['prey_1', 'prey_5', 'prey_0', 'prey_18', 'prey_14', ...] | active_agents=18 | current_step=634
2025-11-23 03:29:14,856 [DEBUG] PredPreyGrassEnv.env-7d764eb7: event=StepSummary | env_id=env-7d764eb7 | step=634 | current_step=634 | terminated_agents=[] | truncated_agents=[] | remaining_agents=18 | reward_preview={prey_1:-0.001, prey_5:-0.001, predator_5:-0.001, prey_0:-0.001, predator_4:-0.001} | info_preview={}
2025-11-23 03:29:14,867 [DEBUG] PredPreyGrassEnv.env-7d764eb7: event=StepBegin | env_id=env-7d764eb7 | step=635 | incoming_actions=['prey_1', 'prey_5', 'prey_0', 'prey_18', 'prey_14', ...] | active_agents=18 | current_step=635
2025-11-23 03:29:14,869 [DEBUG] PredPreyGrassEnv.env-7d764eb7: event=StepSummary | env_id=env-7d764eb7 | step=635 | current_step=635 | terminated_agents=[] | truncated_agents=[] | remaining_agents=18 | reward_preview={prey_1:-0.001, prey_5:-0.001, predator_5:-0.001, prey_0:-0.001, predator_4:-0.001} | info_preview={}
2025-11-23 03:29:14,879 [DEBUG] PredPreyGrassEnv.env-7d764eb7: event=StepBegin | env_id=env-7d764eb7 | step=636 | incoming_actions=['prey_1', 'prey_5', 'prey_0', 'prey_18', 'prey_14', ...] | active_agents=18 | current_step=636
2025-11-23 03:29:14,881 [DEBUG] PredPreyGrassEnv.env-7d764eb7: event=PreyAteGrass | env_id=env-7d764eb7 | step=636 | prey='prey_14' | grass='grass_33' | prey_position=[771.7497459006395, 482.0066763549527] | grass_energy=10.0 | energy_gained=9.0 | prey_energy=88.67203512877177
2025-11-23 03:29:14,882 [DEBUG] PredPreyGrassEnv.env-7d764eb7: event=StepSummary | env_id=env-7d764eb7 | step=636 | current_step=636 | terminated_agents=[] | truncated_agents=[] | remaining_agents=18 | reward_preview={prey_1:-0.001, prey_5:-0.001, predator_5:-0.001, prey_0:-0.001, predator_4:-0.001} | info_preview={}
2025-11-23 03:29:14,893 [DEBUG] PredPreyGrassEnv.env-7d764eb7: event=StepBegin | env_id=env-7d764eb7 | step=637 | incoming_actions=['prey_1', 'prey_5', 'prey_0', 'prey_18', 'prey_14', ...] | active_agents=18 | current_step=637
2025-11-23 03:29:14,895 [DEBUG] PredPreyGrassEnv.env-7d764eb7: event=PreyAteGrass | env_id=env-7d764eb7 | step=637 | prey='prey_12' | grass='grass_77' | prey_position=[735.0850146414666, 640.3299583920669] | grass_energy=10.0 | energy_gained=9.0 | prey_energy=99.89939338523142
2025-11-23 03:29:14,896 [DEBUG] PredPreyGrassEnv.env-7d764eb7: event=StepSummary | env_id=env-7d764eb7 | step=637 | current_step=637 | terminated_agents=[] | truncated_agents=[] | remaining_agents=18 | reward_preview={prey_1:-0.001, prey_5:-0.001, predator_5:-0.001, prey_0:-0.001, predator_4:-0.001} | info_preview={}
2025-11-23 03:29:14,909 [DEBUG] PredPreyGrassEnv.env-7d764eb7: event=StepBegin | env_id=env-7d764eb7 | step=638 | incoming_actions=['prey_1', 'prey_5', 'prey_0', 'prey_18', 'prey_14', ...] | active_agents=18 | current_step=638
2025-11-23 03:29:14,912 [DEBUG] PredPreyGrassEnv.env-7d764eb7: event=StepSummary | env_id=env-7d764eb7 | step=638 | current_step=638 | terminated_agents=[] | truncated_agents=[] | remaining_agents=18 | reward_preview={prey_1:-0.001, prey_5:-0.001, predator_5:-0.001, prey_0:-0.001, predator_4:-0.001} | info_preview={}
2025-11-23 03:29:14,930 [DEBUG] PredPreyGrassEnv.env-7d764eb7: event=StepBegin | env_id=env-7d764eb7 | step=639 | incoming_actions=['prey_1', 'prey_5', 'prey_0', 'prey_18', 'prey_14', ...] | active_agents=18 | current_step=639
2025-11-23 03:29:14,934 [DEBUG] PredPreyGrassEnv.env-7d764eb7: event=StepSummary | env_id=env-7d764eb7 | step=639 | current_step=639 | terminated_agents=[] | truncated_agents=[] | remaining_agents=18 | reward_preview={prey_1:-0.001, prey_5:-0.001, predator_5:-0.001, prey_0:-0.001, predator_4:-0.001} | info_preview={}
2025-11-23 03:29:14,944 [DEBUG] PredPreyGrassEnv.env-7d764eb7: event=StepBegin | env_id=env-7d764eb7 | step=640 | incoming_actions=['prey_1', 'prey_5', 'prey_0', 'prey_18', 'prey_14', ...] | active_agents=18 | current_step=640
2025-11-23 03:29:14,947 [DEBUG] PredPreyGrassEnv.env-7d764eb7: event=StepSummary | env_id=env-7d764eb7 | step=640 | current_step=640 | terminated_agents=[] | truncated_agents=[] | remaining_agents=18 | reward_preview={prey_1:-0.001, prey_5:-0.001, predator_5:-0.001, prey_0:-0.001, predator_4:-0.001} | info_preview={}
2025-11-23 03:29:14,962 [DEBUG] PredPreyGrassEnv.env-7d764eb7: event=StepBegin | env_id=env-7d764eb7 | step=641 | incoming_actions=['prey_1', 'prey_5', 'prey_0', 'prey_18', 'prey_14', ...] | active_agents=18 | current_step=641
2025-11-23 03:29:14,965 [DEBUG] PredPreyGrassEnv.env-7d764eb7: event=StepSummary | env_id=env-7d764eb7 | step=641 | current_step=641 | terminated_agents=[] | truncated_agents=[] | remaining_agents=18 | reward_preview={prey_1:-0.001, prey_5:-0.001, predator_5:-0.001, prey_0:-0.001, predator_4:-0.001} | info_preview={}
2025-11-23 03:29:14,978 [DEBUG] PredPreyGrassEnv.env-7d764eb7: event=StepBegin | env_id=env-7d764eb7 | step=642 | incoming_actions=['prey_1', 'prey_5', 'prey_0', 'prey_18', 'prey_14', ...] | active_agents=18 | current_step=642
2025-11-23 03:29:14,980 [DEBUG] PredPreyGrassEnv.env-7d764eb7: event=StepSummary | env_id=env-7d764eb7 | step=642 | current_step=642 | terminated_agents=[] | truncated_agents=[] | remaining_agents=18 | reward_preview={prey_1:-0.001, prey_5:-0.001, predator_5:-0.001, prey_0:-0.001, predator_4:-0.001} | info_preview={}
2025-11-23 03:29:14,994 [DEBUG] PredPreyGrassEnv.env-7d764eb7: event=StepBegin | env_id=env-7d764eb7 | step=643 | incoming_actions=['prey_1', 'prey_5', 'prey_0', 'prey_18', 'prey_14', ...] | active_agents=18 | current_step=643
2025-11-23 03:29:14,997 [DEBUG] PredPreyGrassEnv.env-7d764eb7: event=StepSummary | env_id=env-7d764eb7 | step=643 | current_step=643 | terminated_agents=[] | truncated_agents=[] | remaining_agents=18 | reward_preview={prey_1:-0.001, prey_5:-0.001, predator_5:-0.001, prey_0:-0.001, predator_4:-0.001} | info_preview={}
2025-11-23 03:29:15,008 [DEBUG] PredPreyGrassEnv.env-7d764eb7: event=StepBegin | env_id=env-7d764eb7 | step=644 | incoming_actions=['prey_1', 'prey_5', 'prey_0', 'prey_18', 'prey_14', ...] | active_agents=18 | current_step=644
2025-11-23 03:29:15,011 [DEBUG] PredPreyGrassEnv.env-7d764eb7: event=StepSummary | env_id=env-7d764eb7 | step=644 | current_step=644 | terminated_agents=[] | truncated_agents=[] | remaining_agents=18 | reward_preview={prey_1:-0.001, prey_5:-0.001, predator_5:-0.001, prey_0:-0.001, predator_4:-0.001} | info_preview={}
2025-11-23 03:29:15,021 [DEBUG] PredPreyGrassEnv.env-7d764eb7: event=StepBegin | env_id=env-7d764eb7 | step=645 | incoming_actions=['prey_1', 'prey_5', 'prey_0', 'prey_18', 'prey_14', ...] | active_agents=18 | current_step=645
2025-11-23 03:29:15,024 [DEBUG] PredPreyGrassEnv.env-7d764eb7: event=StepSummary | env_id=env-7d764eb7 | step=645 | current_step=645 | terminated_agents=[] | truncated_agents=[] | remaining_agents=18 | reward_preview={prey_1:-0.001, prey_5:-0.001, predator_5:-0.001, prey_0:-0.001, predator_4:-0.001} | info_preview={}
2025-11-23 03:29:15,049 [DEBUG] PredPreyGrassEnv.env-7d764eb7: event=StepBegin | env_id=env-7d764eb7 | step=646 | incoming_actions=['prey_1', 'prey_5', 'prey_0', 'prey_18', 'prey_14', ...] | active_agents=18 | current_step=646
2025-11-23 03:29:15,055 [DEBUG] PredPreyGrassEnv.env-7d764eb7: event=StepSummary | env_id=env-7d764eb7 | step=646 | current_step=646 | terminated_agents=[] | truncated_agents=[] | remaining_agents=18 | reward_preview={prey_1:-0.001, prey_5:-0.001, predator_5:-0.001, prey_0:-0.001, predator_4:-0.001} | info_preview={}
2025-11-23 03:29:15,075 [DEBUG] PredPreyGrassEnv.env-7d764eb7: event=StepBegin | env_id=env-7d764eb7 | step=647 | incoming_actions=['prey_1', 'prey_5', 'prey_0', 'prey_18', 'prey_14', ...] | active_agents=18 | current_step=647
2025-11-23 03:29:15,082 [DEBUG] PredPreyGrassEnv.env-7d764eb7: event=StepSummary | env_id=env-7d764eb7 | step=647 | current_step=647 | terminated_agents=[] | truncated_agents=[] | remaining_agents=18 | reward_preview={prey_1:-0.001, prey_5:-0.001, predator_5:-0.001, prey_0:-0.001, predator_4:-0.001} | info_preview={}
2025-11-23 03:29:15,107 [DEBUG] PredPreyGrassEnv.env-7d764eb7: event=StepBegin | env_id=env-7d764eb7 | step=648 | incoming_actions=['prey_1', 'prey_5', 'prey_0', 'prey_18', 'prey_14', ...] | active_agents=18 | current_step=648
2025-11-23 03:29:15,111 [DEBUG] PredPreyGrassEnv.env-7d764eb7: event=StepSummary | env_id=env-7d764eb7 | step=648 | current_step=648 | terminated_agents=[] | truncated_agents=[] | remaining_agents=18 | reward_preview={prey_1:-0.001, prey_5:-0.001, predator_5:-0.001, prey_0:-0.001, predator_4:-0.001} | info_preview={}
2025-11-23 03:29:15,132 [DEBUG] PredPreyGrassEnv.env-7d764eb7: event=StepBegin | env_id=env-7d764eb7 | step=649 | incoming_actions=['prey_1', 'prey_5', 'prey_0', 'prey_18', 'prey_14', ...] | active_agents=18 | current_step=649
2025-11-23 03:29:15,138 [DEBUG] PredPreyGrassEnv.env-7d764eb7: event=StepSummary | env_id=env-7d764eb7 | step=649 | current_step=649 | terminated_agents=[] | truncated_agents=[] | remaining_agents=18 | reward_preview={prey_1:-0.001, prey_5:-0.001, predator_5:-0.001, prey_0:-0.001, predator_4:-0.001} | info_preview={}
2025-11-23 03:29:15,163 [DEBUG] PredPreyGrassEnv.env-7d764eb7: event=StepBegin | env_id=env-7d764eb7 | step=650 | incoming_actions=['prey_1', 'prey_5', 'prey_0', 'prey_18', 'prey_14', ...] | active_agents=18 | current_step=650
2025-11-23 03:29:15,169 [DEBUG] PredPreyGrassEnv.env-7d764eb7: event=PreyAteGrass | env_id=env-7d764eb7 | step=650 | prey='prey_8' | grass='grass_8' | prey_position=[373.43676464763047, 205.975483579825] | grass_energy=10.0 | energy_gained=9.0 | prey_energy=49.880950429271614
2025-11-23 03:29:15,169 [DEBUG] PredPreyGrassEnv.env-7d764eb7: event=StepSummary | env_id=env-7d764eb7 | step=650 | current_step=650 | terminated_agents=[] | truncated_agents=[] | remaining_agents=18 | reward_preview={prey_1:-0.001, prey_5:-0.001, predator_5:-0.001, prey_0:-0.001, predator_4:-0.001} | info_preview={}
2025-11-23 03:29:15,187 [DEBUG] PredPreyGrassEnv.env-7d764eb7: event=StepBegin | env_id=env-7d764eb7 | step=651 | incoming_actions=['prey_1', 'prey_5', 'prey_0', 'prey_18', 'prey_14', ...] | active_agents=18 | current_step=651
2025-11-23 03:29:15,190 [DEBUG] PredPreyGrassEnv.env-7d764eb7: event=StepSummary | env_id=env-7d764eb7 | step=651 | current_step=651 | terminated_agents=[] | truncated_agents=[] | remaining_agents=18 | reward_preview={prey_1:-0.001, prey_5:-0.001, predator_5:-0.001, prey_0:-0.001, predator_4:-0.001} | info_preview={}
2025-11-23 03:29:15,200 [DEBUG] PredPreyGrassEnv.env-7d764eb7: event=StepBegin | env_id=env-7d764eb7 | step=652 | incoming_actions=['prey_1', 'prey_5', 'prey_0', 'prey_18', 'prey_14', ...] | active_agents=18 | current_step=652
2025-11-23 03:29:15,203 [DEBUG] PredPreyGrassEnv.env-7d764eb7: event=StepSummary | env_id=env-7d764eb7 | step=652 | current_step=652 | terminated_agents=[] | truncated_agents=[] | remaining_agents=18 | reward_preview={prey_1:-0.001, prey_5:-0.001, predator_5:-0.001, prey_0:-0.001, predator_4:-0.001} | info_preview={}
2025-11-23 03:29:15,213 [DEBUG] PredPreyGrassEnv.env-7d764eb7: event=StepBegin | env_id=env-7d764eb7 | step=653 | incoming_actions=['prey_1', 'prey_5', 'prey_0', 'prey_18', 'prey_14', ...] | active_agents=18 | current_step=653
2025-11-23 03:29:15,216 [DEBUG] PredPreyGrassEnv.env-7d764eb7: event=StepSummary | env_id=env-7d764eb7 | step=653 | current_step=653 | terminated_agents=[] | truncated_agents=[] | remaining_agents=18 | reward_preview={prey_1:-0.001, prey_5:-0.001, predator_5:-0.001, prey_0:-0.001, predator_4:-0.001} | info_preview={}
2025-11-23 03:29:15,226 [DEBUG] PredPreyGrassEnv.env-7d764eb7: event=StepBegin | env_id=env-7d764eb7 | step=654 | incoming_actions=['prey_1', 'prey_5', 'prey_0', 'prey_18', 'prey_14', ...] | active_agents=18 | current_step=654
2025-11-23 03:29:15,228 [DEBUG] PredPreyGrassEnv.env-7d764eb7: event=PreyAteGrass | env_id=env-7d764eb7 | step=654 | prey='prey_14' | grass='grass_22' | prey_position=[768.2329477353611, 447.15267578569154] | grass_energy=10.0 | energy_gained=9.0 | prey_energy=93.17939141170427
2025-11-23 03:29:15,229 [DEBUG] PredPreyGrassEnv.env-7d764eb7: event=StepSummary | env_id=env-7d764eb7 | step=654 | current_step=654 | terminated_agents=[] | truncated_agents=[] | remaining_agents=18 | reward_preview={prey_1:-0.001, prey_5:-0.001, predator_5:-0.001, prey_0:-0.001, predator_4:-0.001} | info_preview={}
2025-11-23 03:29:15,239 [DEBUG] PredPreyGrassEnv.env-7d764eb7: event=StepBegin | env_id=env-7d764eb7 | step=655 | incoming_actions=['prey_1', 'prey_5', 'prey_0', 'prey_18', 'prey_14', ...] | active_agents=18 | current_step=655
2025-11-23 03:29:15,242 [DEBUG] PredPreyGrassEnv.env-7d764eb7: event=StepSummary | env_id=env-7d764eb7 | step=655 | current_step=655 | terminated_agents=[] | truncated_agents=[] | remaining_agents=18 | reward_preview={prey_1:-0.001, prey_5:-0.001, predator_5:-0.001, prey_0:-0.001, predator_4:-0.001} | info_preview={}
2025-11-23 03:29:15,253 [DEBUG] PredPreyGrassEnv.env-7d764eb7: event=StepBegin | env_id=env-7d764eb7 | step=656 | incoming_actions=['prey_1', 'prey_5', 'prey_0', 'prey_18', 'prey_14', ...] | active_agents=18 | current_step=656
2025-11-23 03:29:15,256 [DEBUG] PredPreyGrassEnv.env-7d764eb7: event=StepSummary | env_id=env-7d764eb7 | step=656 | current_step=656 | terminated_agents=[] | truncated_agents=[] | remaining_agents=18 | reward_preview={prey_1:-0.001, prey_5:-0.001, predator_5:-0.001, prey_0:-0.001, predator_4:-0.001} | info_preview={}
2025-11-23 03:29:15,267 [DEBUG] PredPreyGrassEnv.env-7d764eb7: event=StepBegin | env_id=env-7d764eb7 | step=657 | incoming_actions=['prey_1', 'prey_5', 'prey_0', 'prey_18', 'prey_14', ...] | active_agents=18 | current_step=657
2025-11-23 03:29:15,270 [DEBUG] PredPreyGrassEnv.env-7d764eb7: event=StepSummary | env_id=env-7d764eb7 | step=657 | current_step=657 | terminated_agents=[] | truncated_agents=[] | remaining_agents=18 | reward_preview={prey_1:-0.001, prey_5:-0.001, predator_5:-0.001, prey_0:-0.001, predator_4:-0.001} | info_preview={}
2025-11-23 03:29:15,280 [DEBUG] PredPreyGrassEnv.env-7d764eb7: event=StepBegin | env_id=env-7d764eb7 | step=658 | incoming_actions=['prey_1', 'prey_5', 'prey_0', 'prey_18', 'prey_14', ...] | active_agents=18 | current_step=658
2025-11-23 03:29:15,283 [DEBUG] PredPreyGrassEnv.env-7d764eb7: event=StepSummary | env_id=env-7d764eb7 | step=658 | current_step=658 | terminated_agents=[] | truncated_agents=[] | remaining_agents=18 | reward_preview={prey_1:-0.001, prey_5:-0.001, predator_5:-0.001, prey_0:-0.001, predator_4:-0.001} | info_preview={}
2025-11-23 03:29:15,294 [DEBUG] PredPreyGrassEnv.env-7d764eb7: event=StepBegin | env_id=env-7d764eb7 | step=659 | incoming_actions=['prey_1', 'prey_5', 'prey_0', 'prey_18', 'prey_14', ...] | active_agents=18 | current_step=659
2025-11-23 03:29:15,296 [DEBUG] PredPreyGrassEnv.env-7d764eb7: event=StepSummary | env_id=env-7d764eb7 | step=659 | current_step=659 | terminated_agents=[] | truncated_agents=[] | remaining_agents=18 | reward_preview={prey_1:-0.001, prey_5:-0.001, predator_5:-0.001, prey_0:-0.001, predator_4:-0.001} | info_preview={}
2025-11-23 03:29:15,307 [DEBUG] PredPreyGrassEnv.env-7d764eb7: event=StepBegin | env_id=env-7d764eb7 | step=660 | incoming_actions=['prey_1', 'prey_5', 'prey_0', 'prey_18', 'prey_14', ...] | active_agents=18 | current_step=660
2025-11-23 03:29:15,310 [DEBUG] PredPreyGrassEnv.env-7d764eb7: event=StepSummary | env_id=env-7d764eb7 | step=660 | current_step=660 | terminated_agents=[] | truncated_agents=[] | remaining_agents=18 | reward_preview={prey_1:-0.001, prey_5:-0.001, predator_5:-0.001, prey_0:-0.001, predator_4:-0.001} | info_preview={}
2025-11-23 03:29:15,332 [DEBUG] PredPreyGrassEnv.env-7d764eb7: event=StepBegin | env_id=env-7d764eb7 | step=661 | incoming_actions=['prey_1', 'prey_5', 'prey_0', 'prey_18', 'prey_14', ...] | active_agents=18 | current_step=661
2025-11-23 03:29:15,338 [DEBUG] PredPreyGrassEnv.env-7d764eb7: event=StepSummary | env_id=env-7d764eb7 | step=661 | current_step=661 | terminated_agents=[] | truncated_agents=[] | remaining_agents=18 | reward_preview={prey_1:-0.001, prey_5:-0.001, predator_5:-0.001, prey_0:-0.001, predator_4:-0.001} | info_preview={}
2025-11-23 03:29:15,363 [DEBUG] PredPreyGrassEnv.env-7d764eb7: event=StepBegin | env_id=env-7d764eb7 | step=662 | incoming_actions=['prey_1', 'prey_5', 'prey_0', 'prey_18', 'prey_14', ...] | active_agents=18 | current_step=662
2025-11-23 03:29:15,369 [DEBUG] PredPreyGrassEnv.env-7d764eb7: event=StepSummary | env_id=env-7d764eb7 | step=662 | current_step=662 | terminated_agents=[] | truncated_agents=[] | remaining_agents=18 | reward_preview={prey_1:-0.001, prey_5:-0.001, predator_5:-0.001, prey_0:-0.001, predator_4:-0.001} | info_preview={}
2025-11-23 03:29:15,394 [DEBUG] PredPreyGrassEnv.env-7d764eb7: event=StepBegin | env_id=env-7d764eb7 | step=663 | incoming_actions=['prey_1', 'prey_5', 'prey_0', 'prey_18', 'prey_14', ...] | active_agents=18 | current_step=663
2025-11-23 03:29:15,400 [DEBUG] PredPreyGrassEnv.env-7d764eb7: event=StepSummary | env_id=env-7d764eb7 | step=663 | current_step=663 | terminated_agents=[] | truncated_agents=[] | remaining_agents=18 | reward_preview={prey_1:-0.001, prey_5:-0.001, predator_5:-0.001, prey_0:-0.001, predator_4:-0.001} | info_preview={}
2025-11-23 03:29:15,425 [DEBUG] PredPreyGrassEnv.env-7d764eb7: event=StepBegin | env_id=env-7d764eb7 | step=664 | incoming_actions=['prey_1', 'prey_5', 'prey_0', 'prey_18', 'prey_14', ...] | active_agents=18 | current_step=664
2025-11-23 03:29:15,430 [DEBUG] PredPreyGrassEnv.env-7d764eb7: event=PreyAteGrass | env_id=env-7d764eb7 | step=664 | prey='prey_5' | grass='grass_11' | prey_position=[184.48899718994764, 519.3079291460277] | grass_energy=10.0 | energy_gained=9.0 | prey_energy=51.57966637935733
2025-11-23 03:29:15,431 [DEBUG] PredPreyGrassEnv.env-7d764eb7: event=StepSummary | env_id=env-7d764eb7 | step=664 | current_step=664 | terminated_agents=[] | truncated_agents=[] | remaining_agents=18 | reward_preview={prey_1:-0.001, prey_5:1.0, predator_5:-0.001, prey_0:-0.001, predator_4:-0.001} | info_preview={}
2025-11-23 03:29:15,455 [DEBUG] PredPreyGrassEnv.env-7d764eb7: event=StepBegin | env_id=env-7d764eb7 | step=665 | incoming_actions=['prey_1', 'prey_5', 'prey_0', 'prey_18', 'prey_14', ...] | active_agents=18 | current_step=665
2025-11-23 03:29:15,462 [DEBUG] PredPreyGrassEnv.env-7d764eb7: event=StepSummary | env_id=env-7d764eb7 | step=665 | current_step=665 | terminated_agents=[] | truncated_agents=[] | remaining_agents=18 | reward_preview={prey_1:-0.001, prey_5:-0.001, predator_5:-0.001, prey_0:-0.001, predator_4:-0.001} | info_preview={}
2025-11-23 03:29:15,486 [DEBUG] PredPreyGrassEnv.env-7d764eb7: event=StepBegin | env_id=env-7d764eb7 | step=666 | incoming_actions=['prey_1', 'prey_5', 'prey_0', 'prey_18', 'prey_14', ...] | active_agents=18 | current_step=666
2025-11-23 03:29:15,493 [DEBUG] PredPreyGrassEnv.env-7d764eb7: event=StepSummary | env_id=env-7d764eb7 | step=666 | current_step=666 | terminated_agents=[] | truncated_agents=[] | remaining_agents=18 | reward_preview={prey_1:-0.001, prey_5:-0.001, predator_5:-0.001, prey_0:-0.001, predator_4:-0.001} | info_preview={}
2025-11-23 03:29:15,517 [DEBUG] PredPreyGrassEnv.env-7d764eb7: event=StepBegin | env_id=env-7d764eb7 | step=667 | incoming_actions=['prey_1', 'prey_5', 'prey_0', 'prey_18', 'prey_14', ...] | active_agents=18 | current_step=667
2025-11-23 03:29:15,523 [DEBUG] PredPreyGrassEnv.env-7d764eb7: event=StepSummary | env_id=env-7d764eb7 | step=667 | current_step=667 | terminated_agents=[] | truncated_agents=[] | remaining_agents=18 | reward_preview={prey_1:-0.001, prey_5:-0.001, predator_5:-0.001, prey_0:-0.001, predator_4:-0.001} | info_preview={}
2025-11-23 03:29:15,548 [DEBUG] PredPreyGrassEnv.env-7d764eb7: event=StepBegin | env_id=env-7d764eb7 | step=668 | incoming_actions=['prey_1', 'prey_5', 'prey_0', 'prey_18', 'prey_14', ...] | active_agents=18 | current_step=668
2025-11-23 03:29:15,552 [DEBUG] PredPreyGrassEnv.env-7d764eb7: event=PreyAteGrass | env_id=env-7d764eb7 | step=668 | prey='prey_14' | grass='grass_32' | prey_position=[769.5986678740688, 418.4054984433256] | grass_energy=10.0 | energy_gained=9.0 | prey_energy=98.53434647017014
2025-11-23 03:29:15,554 [DEBUG] PredPreyGrassEnv.env-7d764eb7: event=StepSummary | env_id=env-7d764eb7 | step=668 | current_step=668 | terminated_agents=[] | truncated_agents=[] | remaining_agents=18 | reward_preview={prey_1:-0.001, prey_5:-0.001, predator_5:-0.001, prey_0:-0.001, predator_4:-0.001} | info_preview={}
2025-11-23 03:29:15,579 [DEBUG] PredPreyGrassEnv.env-7d764eb7: event=StepBegin | env_id=env-7d764eb7 | step=669 | incoming_actions=['prey_1', 'prey_5', 'prey_0', 'prey_18', 'prey_14', ...] | active_agents=18 | current_step=669
2025-11-23 03:29:15,585 [DEBUG] PredPreyGrassEnv.env-7d764eb7: event=StepSummary | env_id=env-7d764eb7 | step=669 | current_step=669 | terminated_agents=[] | truncated_agents=[] | remaining_agents=18 | reward_preview={prey_1:-0.001, prey_5:-0.001, predator_5:-0.001, prey_0:-0.001, predator_4:-0.001} | info_preview={}
2025-11-23 03:29:15,610 [DEBUG] PredPreyGrassEnv.env-7d764eb7: event=StepBegin | env_id=env-7d764eb7 | step=670 | incoming_actions=['prey_1', 'prey_5', 'prey_0', 'prey_18', 'prey_14', ...] | active_agents=18 | current_step=670
2025-11-23 03:29:15,616 [DEBUG] PredPreyGrassEnv.env-7d764eb7: event=StepSummary | env_id=env-7d764eb7 | step=670 | current_step=670 | terminated_agents=[] | truncated_agents=[] | remaining_agents=18 | reward_preview={prey_1:-0.001, prey_5:-0.001, predator_5:-0.001, prey_0:-0.001, predator_4:-0.001} | info_preview={}
2025-11-23 03:29:15,641 [DEBUG] PredPreyGrassEnv.env-7d764eb7: event=StepBegin | env_id=env-7d764eb7 | step=671 | incoming_actions=['prey_1', 'prey_5', 'prey_0', 'prey_18', 'prey_14', ...] | active_agents=18 | current_step=671
2025-11-23 03:29:15,647 [DEBUG] PredPreyGrassEnv.env-7d764eb7: event=StepSummary | env_id=env-7d764eb7 | step=671 | current_step=671 | terminated_agents=[] | truncated_agents=[] | remaining_agents=18 | reward_preview={prey_1:-0.001, prey_5:-0.001, predator_5:-0.001, prey_0:-0.001, predator_4:-0.001} | info_preview={}
2025-11-23 03:29:15,672 [DEBUG] PredPreyGrassEnv.env-7d764eb7: event=StepBegin | env_id=env-7d764eb7 | step=672 | incoming_actions=['prey_1', 'prey_5', 'prey_0', 'prey_18', 'prey_14', ...] | active_agents=18 | current_step=672
2025-11-23 03:29:15,678 [DEBUG] PredPreyGrassEnv.env-7d764eb7: event=StepSummary | env_id=env-7d764eb7 | step=672 | current_step=672 | terminated_agents=[] | truncated_agents=[] | remaining_agents=18 | reward_preview={prey_1:-0.001, prey_5:-0.001, predator_5:-0.001, prey_0:-0.001, predator_4:-0.001} | info_preview={}
2025-11-23 03:29:15,703 [DEBUG] PredPreyGrassEnv.env-7d764eb7: event=StepBegin | env_id=env-7d764eb7 | step=673 | incoming_actions=['prey_1', 'prey_5', 'prey_0', 'prey_18', 'prey_14', ...] | active_agents=18 | current_step=673
2025-11-23 03:29:15,709 [DEBUG] PredPreyGrassEnv.env-7d764eb7: event=StepSummary | env_id=env-7d764eb7 | step=673 | current_step=673 | terminated_agents=[] | truncated_agents=[] | remaining_agents=18 | reward_preview={prey_1:-0.001, prey_5:-0.001, predator_5:-0.001, prey_0:-0.001, predator_4:-0.001} | info_preview={}
2025-11-23 03:29:15,734 [DEBUG] PredPreyGrassEnv.env-7d764eb7: event=StepBegin | env_id=env-7d764eb7 | step=674 | incoming_actions=['prey_1', 'prey_5', 'prey_0', 'prey_18', 'prey_14', ...] | active_agents=18 | current_step=674
2025-11-23 03:29:15,740 [DEBUG] PredPreyGrassEnv.env-7d764eb7: event=StepSummary | env_id=env-7d764eb7 | step=674 | current_step=674 | terminated_agents=[] | truncated_agents=[] | remaining_agents=18 | reward_preview={prey_1:-0.001, prey_5:-0.001, predator_5:-0.001, prey_0:-0.001, predator_4:-0.001} | info_preview={}
2025-11-23 03:29:15,765 [DEBUG] PredPreyGrassEnv.env-7d764eb7: event=StepBegin | env_id=env-7d764eb7 | step=675 | incoming_actions=['prey_1', 'prey_5', 'prey_0', 'prey_18', 'prey_14', ...] | active_agents=18 | current_step=675
2025-11-23 03:29:15,771 [DEBUG] PredPreyGrassEnv.env-7d764eb7: event=StepSummary | env_id=env-7d764eb7 | step=675 | current_step=675 | terminated_agents=[] | truncated_agents=[] | remaining_agents=18 | reward_preview={prey_1:-0.001, prey_5:-0.001, predator_5:-0.001, prey_0:-0.001, predator_4:-0.001} | info_preview={}
2025-11-23 03:29:15,796 [DEBUG] PredPreyGrassEnv.env-7d764eb7: event=StepBegin | env_id=env-7d764eb7 | step=676 | incoming_actions=['prey_1', 'prey_5', 'prey_0', 'prey_18', 'prey_14', ...] | active_agents=18 | current_step=676
2025-11-23 03:29:15,802 [DEBUG] PredPreyGrassEnv.env-7d764eb7: event=StepSummary | env_id=env-7d764eb7 | step=676 | current_step=676 | terminated_agents=[] | truncated_agents=[] | remaining_agents=18 | reward_preview={prey_1:-0.001, prey_5:-0.001, predator_5:-0.001, prey_0:-0.001, predator_4:-0.001} | info_preview={}
2025-11-23 03:29:15,827 [DEBUG] PredPreyGrassEnv.env-7d764eb7: event=StepBegin | env_id=env-7d764eb7 | step=677 | incoming_actions=['prey_1', 'prey_5', 'prey_0', 'prey_18', 'prey_14', ...] | active_agents=18 | current_step=677
2025-11-23 03:29:15,833 [DEBUG] PredPreyGrassEnv.env-7d764eb7: event=StepSummary | env_id=env-7d764eb7 | step=677 | current_step=677 | terminated_agents=[] | truncated_agents=[] | remaining_agents=18 | reward_preview={prey_1:-0.001, prey_5:-0.001, predator_5:-0.001, prey_0:-0.001, predator_4:-0.001} | info_preview={}
2025-11-23 03:29:15,858 [DEBUG] PredPreyGrassEnv.env-7d764eb7: event=StepBegin | env_id=env-7d764eb7 | step=678 | incoming_actions=['prey_1', 'prey_5', 'prey_0', 'prey_18', 'prey_14', ...] | active_agents=18 | current_step=678
2025-11-23 03:29:15,864 [DEBUG] PredPreyGrassEnv.env-7d764eb7: event=PreyAteGrass | env_id=env-7d764eb7 | step=678 | prey='prey_5' | grass='grass_56' | prey_position=[162.60007240374256, 506.62178722054347] | grass_energy=10.0 | energy_gained=9.0 | prey_energy=57.30545222214816
2025-11-23 03:29:15,865 [DEBUG] PredPreyGrassEnv.env-7d764eb7: event=StepSummary | env_id=env-7d764eb7 | step=678 | current_step=678 | terminated_agents=[] | truncated_agents=[] | remaining_agents=18 | reward_preview={prey_1:-0.001, prey_5:1.0, predator_5:-0.001, prey_0:-0.001, predator_4:-0.001} | info_preview={}
2025-11-23 03:29:15,890 [DEBUG] PredPreyGrassEnv.env-7d764eb7: event=StepBegin | env_id=env-7d764eb7 | step=679 | incoming_actions=['prey_1', 'prey_5', 'prey_0', 'prey_18', 'prey_14', ...] | active_agents=18 | current_step=679
2025-11-23 03:29:15,896 [DEBUG] PredPreyGrassEnv.env-7d764eb7: event=StepSummary | env_id=env-7d764eb7 | step=679 | current_step=679 | terminated_agents=[] | truncated_agents=[] | remaining_agents=18 | reward_preview={prey_1:-0.001, prey_5:-0.001, predator_5:-0.001, prey_0:-0.001, predator_4:-0.001} | info_preview={}
2025-11-23 03:29:15,921 [DEBUG] PredPreyGrassEnv.env-7d764eb7: event=StepBegin | env_id=env-7d764eb7 | step=680 | incoming_actions=['prey_1', 'prey_5', 'prey_0', 'prey_18', 'prey_14', ...] | active_agents=18 | current_step=680
2025-11-23 03:29:15,927 [DEBUG] PredPreyGrassEnv.env-7d764eb7: event=StepSummary | env_id=env-7d764eb7 | step=680 | current_step=680 | terminated_agents=[] | truncated_agents=[] | remaining_agents=18 | reward_preview={prey_1:-0.001, prey_5:-0.001, predator_5:-0.001, prey_0:-0.001, predator_4:-0.001} | info_preview={}
2025-11-23 03:29:15,952 [DEBUG] PredPreyGrassEnv.env-7d764eb7: event=StepBegin | env_id=env-7d764eb7 | step=681 | incoming_actions=['prey_1', 'prey_5', 'prey_0', 'prey_18', 'prey_14', ...] | active_agents=18 | current_step=681
2025-11-23 03:29:15,959 [DEBUG] PredPreyGrassEnv.env-7d764eb7: event=StepSummary | env_id=env-7d764eb7 | step=681 | current_step=681 | terminated_agents=[] | truncated_agents=[] | remaining_agents=18 | reward_preview={prey_1:-0.001, prey_5:-0.001, predator_5:-0.001, prey_0:-0.001, predator_4:-0.001} | info_preview={}
2025-11-23 03:29:15,984 [DEBUG] PredPreyGrassEnv.env-7d764eb7: event=StepBegin | env_id=env-7d764eb7 | step=682 | incoming_actions=['prey_1', 'prey_5', 'prey_0', 'prey_18', 'prey_14', ...] | active_agents=18 | current_step=682
2025-11-23 03:29:15,991 [DEBUG] PredPreyGrassEnv.env-7d764eb7: event=StepSummary | env_id=env-7d764eb7 | step=682 | current_step=682 | terminated_agents=[] | truncated_agents=[] | remaining_agents=18 | reward_preview={prey_1:-0.001, prey_5:-0.001, predator_5:-0.001, prey_0:-0.001, predator_4:-0.001} | info_preview={}
2025-11-23 03:29:16,015 [DEBUG] PredPreyGrassEnv.env-7d764eb7: event=StepBegin | env_id=env-7d764eb7 | step=683 | incoming_actions=['prey_1', 'prey_5', 'prey_0', 'prey_18', 'prey_14', ...] | active_agents=18 | current_step=683
2025-11-23 03:29:16,022 [DEBUG] PredPreyGrassEnv.env-7d764eb7: event=StepSummary | env_id=env-7d764eb7 | step=683 | current_step=683 | terminated_agents=[] | truncated_agents=[] | remaining_agents=18 | reward_preview={prey_1:-0.001, prey_5:-0.001, predator_5:-0.001, prey_0:-0.001, predator_4:-0.001} | info_preview={}
2025-11-23 03:29:16,047 [DEBUG] PredPreyGrassEnv.env-7d764eb7: event=StepBegin | env_id=env-7d764eb7 | step=684 | incoming_actions=['prey_1', 'prey_5', 'prey_0', 'prey_18', 'prey_14', ...] | active_agents=18 | current_step=684
2025-11-23 03:29:16,053 [DEBUG] PredPreyGrassEnv.env-7d764eb7: event=StepSummary | env_id=env-7d764eb7 | step=684 | current_step=684 | terminated_agents=[] | truncated_agents=[] | remaining_agents=18 | reward_preview={prey_1:-0.001, prey_5:-0.001, predator_5:-0.001, prey_0:-0.001, predator_4:-0.001} | info_preview={}
2025-11-23 03:29:16,078 [DEBUG] PredPreyGrassEnv.env-7d764eb7: event=StepBegin | env_id=env-7d764eb7 | step=685 | incoming_actions=['prey_1', 'prey_5', 'prey_0', 'prey_18', 'prey_14', ...] | active_agents=18 | current_step=685
2025-11-23 03:29:16,084 [DEBUG] PredPreyGrassEnv.env-7d764eb7: event=StepSummary | env_id=env-7d764eb7 | step=685 | current_step=685 | terminated_agents=[] | truncated_agents=[] | remaining_agents=18 | reward_preview={prey_1:-0.001, prey_5:-0.001, predator_5:-0.001, prey_0:-0.001, predator_4:-0.001} | info_preview={}
2025-11-23 03:29:16,109 [DEBUG] PredPreyGrassEnv.env-7d764eb7: event=StepBegin | env_id=env-7d764eb7 | step=686 | incoming_actions=['prey_1', 'prey_5', 'prey_0', 'prey_18', 'prey_14', ...] | active_agents=18 | current_step=686
2025-11-23 03:29:16,116 [DEBUG] PredPreyGrassEnv.env-7d764eb7: event=StepSummary | env_id=env-7d764eb7 | step=686 | current_step=686 | terminated_agents=[] | truncated_agents=[] | remaining_agents=18 | reward_preview={prey_1:-0.001, prey_5:-0.001, predator_5:-0.001, prey_0:-0.001, predator_4:-0.001} | info_preview={}
2025-11-23 03:29:16,141 [DEBUG] PredPreyGrassEnv.env-7d764eb7: event=StepBegin | env_id=env-7d764eb7 | step=687 | incoming_actions=['prey_1', 'prey_5', 'prey_0', 'prey_18', 'prey_14', ...] | active_agents=18 | current_step=687
2025-11-23 03:29:16,147 [DEBUG] PredPreyGrassEnv.env-7d764eb7: event=StepSummary | env_id=env-7d764eb7 | step=687 | current_step=687 | terminated_agents=[] | truncated_agents=[] | remaining_agents=18 | reward_preview={prey_1:-0.001, prey_5:-0.001, predator_5:-0.001, prey_0:-0.001, predator_4:-0.001} | info_preview={}
2025-11-23 03:29:16,172 [DEBUG] PredPreyGrassEnv.env-7d764eb7: event=StepBegin | env_id=env-7d764eb7 | step=688 | incoming_actions=['prey_1', 'prey_5', 'prey_0', 'prey_18', 'prey_14', ...] | active_agents=18 | current_step=688
2025-11-23 03:29:16,178 [DEBUG] PredPreyGrassEnv.env-7d764eb7: event=StepSummary | env_id=env-7d764eb7 | step=688 | current_step=688 | terminated_agents=[] | truncated_agents=[] | remaining_agents=18 | reward_preview={prey_1:-0.001, prey_5:-0.001, predator_5:-0.001, prey_0:-0.001, predator_4:-0.001} | info_preview={}
2025-11-23 03:29:16,203 [DEBUG] PredPreyGrassEnv.env-7d764eb7: event=StepBegin | env_id=env-7d764eb7 | step=689 | incoming_actions=['prey_1', 'prey_5', 'prey_0', 'prey_18', 'prey_14', ...] | active_agents=18 | current_step=689
2025-11-23 03:29:16,209 [DEBUG] PredPreyGrassEnv.env-7d764eb7: event=StepSummary | env_id=env-7d764eb7 | step=689 | current_step=689 | terminated_agents=[] | truncated_agents=[] | remaining_agents=18 | reward_preview={prey_1:-0.001, prey_5:-0.001, predator_5:-0.001, prey_0:-0.001, predator_4:-0.001} | info_preview={}
2025-11-23 03:29:16,234 [DEBUG] PredPreyGrassEnv.env-7d764eb7: event=StepBegin | env_id=env-7d764eb7 | step=690 | incoming_actions=['prey_1', 'prey_5', 'prey_0', 'prey_18', 'prey_14', ...] | active_agents=18 | current_step=690
2025-11-23 03:29:16,240 [DEBUG] PredPreyGrassEnv.env-7d764eb7: event=StepSummary | env_id=env-7d764eb7 | step=690 | current_step=690 | terminated_agents=[] | truncated_agents=[] | remaining_agents=18 | reward_preview={prey_1:-0.001, prey_5:-0.001, predator_5:-0.001, prey_0:-0.001, predator_4:-0.001} | info_preview={}
2025-11-23 03:29:16,265 [DEBUG] PredPreyGrassEnv.env-7d764eb7: event=StepBegin | env_id=env-7d764eb7 | step=691 | incoming_actions=['prey_1', 'prey_5', 'prey_0', 'prey_18', 'prey_14', ...] | active_agents=18 | current_step=691
2025-11-23 03:29:16,272 [DEBUG] PredPreyGrassEnv.env-7d764eb7: event=StepSummary | env_id=env-7d764eb7 | step=691 | current_step=691 | terminated_agents=[] | truncated_agents=[] | remaining_agents=18 | reward_preview={prey_1:-0.001, prey_5:-0.001, predator_5:-0.001, prey_0:-0.001, predator_4:-0.001} | info_preview={}
2025-11-23 03:29:16,296 [DEBUG] PredPreyGrassEnv.env-7d764eb7: event=StepBegin | env_id=env-7d764eb7 | step=692 | incoming_actions=['prey_1', 'prey_5', 'prey_0', 'prey_18', 'prey_14', ...] | active_agents=18 | current_step=692
2025-11-23 03:29:16,303 [DEBUG] PredPreyGrassEnv.env-7d764eb7: event=StepSummary | env_id=env-7d764eb7 | step=692 | current_step=692 | terminated_agents=[] | truncated_agents=[] | remaining_agents=18 | reward_preview={prey_1:-0.001, prey_5:-0.001, predator_5:-0.001, prey_0:-0.001, predator_4:-0.001} | info_preview={}
2025-11-23 03:29:16,328 [DEBUG] PredPreyGrassEnv.env-7d764eb7: event=StepBegin | env_id=env-7d764eb7 | step=693 | incoming_actions=['prey_1', 'prey_5', 'prey_0', 'prey_18', 'prey_14', ...] | active_agents=18 | current_step=693
2025-11-23 03:29:16,334 [DEBUG] PredPreyGrassEnv.env-7d764eb7: event=StepSummary | env_id=env-7d764eb7 | step=693 | current_step=693 | terminated_agents=[] | truncated_agents=[] | remaining_agents=18 | reward_preview={prey_1:-0.001, prey_5:-0.001, predator_5:-0.001, prey_0:-0.001, predator_4:-0.001} | info_preview={}
2025-11-23 03:29:16,359 [DEBUG] PredPreyGrassEnv.env-7d764eb7: event=StepBegin | env_id=env-7d764eb7 | step=694 | incoming_actions=['prey_1', 'prey_5', 'prey_0', 'prey_18', 'prey_14', ...] | active_agents=18 | current_step=694
2025-11-23 03:29:16,365 [DEBUG] PredPreyGrassEnv.env-7d764eb7: event=StepSummary | env_id=env-7d764eb7 | step=694 | current_step=694 | terminated_agents=[] | truncated_agents=[] | remaining_agents=18 | reward_preview={prey_1:-0.001, prey_5:-0.001, predator_5:-0.001, prey_0:-0.001, predator_4:-0.001} | info_preview={}
2025-11-23 03:29:16,390 [DEBUG] PredPreyGrassEnv.env-7d764eb7: event=StepBegin | env_id=env-7d764eb7 | step=695 | incoming_actions=['prey_1', 'prey_5', 'prey_0', 'prey_18', 'prey_14', ...] | active_agents=18 | current_step=695
2025-11-23 03:29:16,397 [DEBUG] PredPreyGrassEnv.env-7d764eb7: event=StepSummary | env_id=env-7d764eb7 | step=695 | current_step=695 | terminated_agents=[] | truncated_agents=[] | remaining_agents=18 | reward_preview={prey_1:-0.001, prey_5:-0.001, predator_5:-0.001, prey_0:-0.001, predator_4:-0.001} | info_preview={}
2025-11-23 03:29:16,422 [DEBUG] PredPreyGrassEnv.env-7d764eb7: event=StepBegin | env_id=env-7d764eb7 | step=696 | incoming_actions=['prey_1', 'prey_5', 'prey_0', 'prey_18', 'prey_14', ...] | active_agents=18 | current_step=696
2025-11-23 03:29:16,428 [DEBUG] PredPreyGrassEnv.env-7d764eb7: event=StepSummary | env_id=env-7d764eb7 | step=696 | current_step=696 | terminated_agents=[] | truncated_agents=[] | remaining_agents=18 | reward_preview={prey_1:-0.001, prey_5:-0.001, predator_5:-0.001, prey_0:-0.001, predator_4:-0.001} | info_preview={}
2025-11-23 03:29:16,452 [DEBUG] PredPreyGrassEnv.env-7d764eb7: event=StepBegin | env_id=env-7d764eb7 | step=697 | incoming_actions=['prey_1', 'prey_5', 'prey_0', 'prey_18', 'prey_14', ...] | active_agents=18 | current_step=697
2025-11-23 03:29:16,455 [DEBUG] PredPreyGrassEnv.env-7d764eb7: event=PreyAteGrass | env_id=env-7d764eb7 | step=697 | prey='prey_0' | grass='grass_60' | prey_position=[228.67172350814513, 380.7017476361529] | grass_energy=10.0 | energy_gained=9.0 | prey_energy=57.394924326884336
2025-11-23 03:29:16,458 [DEBUG] PredPreyGrassEnv.env-7d764eb7: event=StepSummary | env_id=env-7d764eb7 | step=697 | current_step=697 | terminated_agents=[] | truncated_agents=[] | remaining_agents=18 | reward_preview={prey_1:-0.001, prey_5:-0.001, predator_5:-0.001, prey_0:1.0, predator_4:-0.001} | info_preview={}
2025-11-23 03:29:16,483 [DEBUG] PredPreyGrassEnv.env-7d764eb7: event=StepBegin | env_id=env-7d764eb7 | step=698 | incoming_actions=['prey_1', 'prey_5', 'prey_0', 'prey_18', 'prey_14', ...] | active_agents=18 | current_step=698
2025-11-23 03:29:16,489 [DEBUG] PredPreyGrassEnv.env-7d764eb7: event=StepSummary | env_id=env-7d764eb7 | step=698 | current_step=698 | terminated_agents=[] | truncated_agents=[] | remaining_agents=18 | reward_preview={prey_1:-0.001, prey_5:-0.001, predator_5:-0.001, prey_0:-0.001, predator_4:-0.001} | info_preview={}
2025-11-23 03:29:16,515 [DEBUG] PredPreyGrassEnv.env-7d764eb7: event=StepBegin | env_id=env-7d764eb7 | step=699 | incoming_actions=['prey_1', 'prey_5', 'prey_0', 'prey_18', 'prey_14', ...] | active_agents=18 | current_step=699
2025-11-23 03:29:16,521 [DEBUG] PredPreyGrassEnv.env-7d764eb7: event=StepSummary | env_id=env-7d764eb7 | step=699 | current_step=699 | terminated_agents=[] | truncated_agents=[] | remaining_agents=18 | reward_preview={prey_1:-0.001, prey_5:-0.001, predator_5:-0.001, prey_0:-0.001, predator_4:-0.001} | info_preview={}
2025-11-23 03:29:16,547 [DEBUG] PredPreyGrassEnv.env-7d764eb7: event=StepBegin | env_id=env-7d764eb7 | step=700 | incoming_actions=['prey_1', 'prey_5', 'prey_0', 'prey_18', 'prey_14', ...] | active_agents=18 | current_step=700
2025-11-23 03:29:16,553 [DEBUG] PredPreyGrassEnv.env-7d764eb7: event=StepSummary | env_id=env-7d764eb7 | step=700 | current_step=700 | terminated_agents=[] | truncated_agents=[] | remaining_agents=18 | reward_preview={prey_1:-0.001, prey_5:-0.001, predator_5:-0.001, prey_0:-0.001, predator_4:-0.001} | info_preview={}
2025-11-23 03:29:16,578 [DEBUG] PredPreyGrassEnv.env-7d764eb7: event=StepBegin | env_id=env-7d764eb7 | step=701 | incoming_actions=['prey_1', 'prey_5', 'prey_0', 'prey_18', 'prey_14', ...] | active_agents=18 | current_step=701
2025-11-23 03:29:16,585 [DEBUG] PredPreyGrassEnv.env-7d764eb7: event=StepSummary | env_id=env-7d764eb7 | step=701 | current_step=701 | terminated_agents=[] | truncated_agents=[] | remaining_agents=18 | reward_preview={prey_1:-0.001, prey_5:-0.001, predator_5:-0.001, prey_0:-0.001, predator_4:-0.001} | info_preview={}
2025-11-23 03:29:16,609 [DEBUG] PredPreyGrassEnv.env-7d764eb7: event=StepBegin | env_id=env-7d764eb7 | step=702 | incoming_actions=['prey_1', 'prey_5', 'prey_0', 'prey_18', 'prey_14', ...] | active_agents=18 | current_step=702
2025-11-23 03:29:16,612 [DEBUG] PredPreyGrassEnv.env-7d764eb7: event=StepSummary | env_id=env-7d764eb7 | step=702 | current_step=702 | terminated_agents=[] | truncated_agents=[] | remaining_agents=18 | reward_preview={prey_1:-0.001, prey_5:-0.001, predator_5:-0.001, prey_0:-0.001, predator_4:-0.001} | info_preview={}
2025-11-23 03:29:16,623 [DEBUG] PredPreyGrassEnv.env-7d764eb7: event=StepBegin | env_id=env-7d764eb7 | step=703 | incoming_actions=['prey_1', 'prey_5', 'prey_0', 'prey_18', 'prey_14', ...] | active_agents=18 | current_step=703
2025-11-23 03:29:16,626 [DEBUG] PredPreyGrassEnv.env-7d764eb7: event=StepSummary | env_id=env-7d764eb7 | step=703 | current_step=703 | terminated_agents=[] | truncated_agents=[] | remaining_agents=18 | reward_preview={prey_1:-0.001, prey_5:-0.001, predator_5:-0.001, prey_0:-0.001, predator_4:-0.001} | info_preview={}
2025-11-23 03:29:16,637 [DEBUG] PredPreyGrassEnv.env-7d764eb7: event=StepBegin | env_id=env-7d764eb7 | step=704 | incoming_actions=['prey_1', 'prey_5', 'prey_0', 'prey_18', 'prey_14', ...] | active_agents=18 | current_step=704
2025-11-23 03:29:16,640 [DEBUG] PredPreyGrassEnv.env-7d764eb7: event=StepSummary | env_id=env-7d764eb7 | step=704 | current_step=704 | terminated_agents=[] | truncated_agents=[] | remaining_agents=18 | reward_preview={prey_1:-0.001, prey_5:-0.001, predator_5:-0.001, prey_0:-0.001, predator_4:-0.001} | info_preview={}
2025-11-23 03:29:16,650 [DEBUG] PredPreyGrassEnv.env-7d764eb7: event=StepBegin | env_id=env-7d764eb7 | step=705 | incoming_actions=['prey_1', 'prey_5', 'prey_0', 'prey_18', 'prey_14', ...] | active_agents=18 | current_step=705
2025-11-23 03:29:16,653 [DEBUG] PredPreyGrassEnv.env-7d764eb7: event=StepSummary | env_id=env-7d764eb7 | step=705 | current_step=705 | terminated_agents=[] | truncated_agents=[] | remaining_agents=18 | reward_preview={prey_1:-0.001, prey_5:-0.001, predator_5:-0.001, prey_0:-0.001, predator_4:-0.001} | info_preview={}
2025-11-23 03:29:16,664 [DEBUG] PredPreyGrassEnv.env-7d764eb7: event=StepBegin | env_id=env-7d764eb7 | step=706 | incoming_actions=['prey_1', 'prey_5', 'prey_0', 'prey_18', 'prey_14', ...] | active_agents=18 | current_step=706
2025-11-23 03:29:16,666 [DEBUG] PredPreyGrassEnv.env-7d764eb7: event=StepSummary | env_id=env-7d764eb7 | step=706 | current_step=706 | terminated_agents=[] | truncated_agents=[] | remaining_agents=18 | reward_preview={prey_1:-0.001, prey_5:-0.001, predator_5:-0.001, prey_0:-0.001, predator_4:-0.001} | info_preview={}
2025-11-23 03:29:16,677 [DEBUG] PredPreyGrassEnv.env-7d764eb7: event=StepBegin | env_id=env-7d764eb7 | step=707 | incoming_actions=['prey_1', 'prey_5', 'prey_0', 'prey_18', 'prey_14', ...] | active_agents=18 | current_step=707
2025-11-23 03:29:16,679 [DEBUG] PredPreyGrassEnv.env-7d764eb7: event=StepSummary | env_id=env-7d764eb7 | step=707 | current_step=707 | terminated_agents=[] | truncated_agents=[] | remaining_agents=18 | reward_preview={prey_1:-0.001, prey_5:-0.001, predator_5:-0.001, prey_0:-0.001, predator_4:-0.001} | info_preview={}
2025-11-23 03:29:16,690 [DEBUG] PredPreyGrassEnv.env-7d764eb7: event=StepBegin | env_id=env-7d764eb7 | step=708 | incoming_actions=['prey_1', 'prey_5', 'prey_0', 'prey_18', 'prey_14', ...] | active_agents=18 | current_step=708
2025-11-23 03:29:16,692 [DEBUG] PredPreyGrassEnv.env-7d764eb7: event=StepSummary | env_id=env-7d764eb7 | step=708 | current_step=708 | terminated_agents=[] | truncated_agents=[] | remaining_agents=18 | reward_preview={prey_1:-0.001, prey_5:-0.001, predator_5:-0.001, prey_0:-0.001, predator_4:-0.001} | info_preview={}
2025-11-23 03:29:16,702 [DEBUG] PredPreyGrassEnv.env-7d764eb7: event=StepBegin | env_id=env-7d764eb7 | step=709 | incoming_actions=['prey_1', 'prey_5', 'prey_0', 'prey_18', 'prey_14', ...] | active_agents=18 | current_step=709
2025-11-23 03:29:16,705 [DEBUG] PredPreyGrassEnv.env-7d764eb7: event=StepSummary | env_id=env-7d764eb7 | step=709 | current_step=709 | terminated_agents=[] | truncated_agents=[] | remaining_agents=18 | reward_preview={prey_1:-0.001, prey_5:-0.001, predator_5:-0.001, prey_0:-0.001, predator_4:-0.001} | info_preview={}
2025-11-23 03:29:16,716 [DEBUG] PredPreyGrassEnv.env-7d764eb7: event=StepBegin | env_id=env-7d764eb7 | step=710 | incoming_actions=['prey_1', 'prey_5', 'prey_0', 'prey_18', 'prey_14', ...] | active_agents=18 | current_step=710
2025-11-23 03:29:16,720 [DEBUG] PredPreyGrassEnv.env-7d764eb7: event=StepSummary | env_id=env-7d764eb7 | step=710 | current_step=710 | terminated_agents=[] | truncated_agents=[] | remaining_agents=18 | reward_preview={prey_1:-0.001, prey_5:-0.001, predator_5:-0.001, prey_0:-0.001, predator_4:-0.001} | info_preview={}
2025-11-23 03:29:16,734 [DEBUG] PredPreyGrassEnv.env-7d764eb7: event=StepBegin | env_id=env-7d764eb7 | step=711 | incoming_actions=['prey_1', 'prey_5', 'prey_0', 'prey_18', 'prey_14', ...] | active_agents=18 | current_step=711
2025-11-23 03:29:16,737 [DEBUG] PredPreyGrassEnv.env-7d764eb7: event=StepSummary | env_id=env-7d764eb7 | step=711 | current_step=711 | terminated_agents=[] | truncated_agents=[] | remaining_agents=18 | reward_preview={prey_1:-0.001, prey_5:-0.001, predator_5:-0.001, prey_0:-0.001, predator_4:-0.001} | info_preview={}
2025-11-23 03:29:16,751 [DEBUG] PredPreyGrassEnv.env-7d764eb7: event=StepBegin | env_id=env-7d764eb7 | step=712 | incoming_actions=['prey_1', 'prey_5', 'prey_0', 'prey_18', 'prey_14', ...] | active_agents=18 | current_step=712
2025-11-23 03:29:16,754 [DEBUG] PredPreyGrassEnv.env-7d764eb7: event=PreyAteGrass | env_id=env-7d764eb7 | step=712 | prey='prey_17' | grass='grass_94' | prey_position=[87.5666091755329, 454.44529214279385] | grass_energy=10.0 | energy_gained=9.0 | prey_energy=48.26105329151321
2025-11-23 03:29:16,755 [DEBUG] PredPreyGrassEnv.env-7d764eb7: event=StepSummary | env_id=env-7d764eb7 | step=712 | current_step=712 | terminated_agents=[] | truncated_agents=[] | remaining_agents=18 | reward_preview={prey_1:-0.001, prey_5:-0.001, predator_5:-0.001, prey_0:-0.001, predator_4:-0.001} | info_preview={}
2025-11-23 03:29:16,767 [DEBUG] PredPreyGrassEnv.env-7d764eb7: event=StepBegin | env_id=env-7d764eb7 | step=713 | incoming_actions=['prey_1', 'prey_5', 'prey_0', 'prey_18', 'prey_14', ...] | active_agents=18 | current_step=713
2025-11-23 03:29:16,770 [DEBUG] PredPreyGrassEnv.env-7d764eb7: event=StepSummary | env_id=env-7d764eb7 | step=713 | current_step=713 | terminated_agents=[] | truncated_agents=[] | remaining_agents=18 | reward_preview={prey_1:-0.001, prey_5:-0.001, predator_5:-0.001, prey_0:-0.001, predator_4:-0.001} | info_preview={}
2025-11-23 03:29:16,781 [DEBUG] PredPreyGrassEnv.env-7d764eb7: event=StepBegin | env_id=env-7d764eb7 | step=714 | incoming_actions=['prey_1', 'prey_5', 'prey_0', 'prey_18', 'prey_14', ...] | active_agents=18 | current_step=714
2025-11-23 03:29:16,784 [DEBUG] PredPreyGrassEnv.env-7d764eb7: event=StepSummary | env_id=env-7d764eb7 | step=714 | current_step=714 | terminated_agents=[] | truncated_agents=[] | remaining_agents=18 | reward_preview={prey_1:-0.001, prey_5:-0.001, predator_5:-0.001, prey_0:-0.001, predator_4:-0.001} | info_preview={}
2025-11-23 03:29:16,794 [DEBUG] PredPreyGrassEnv.env-7d764eb7: event=StepBegin | env_id=env-7d764eb7 | step=715 | incoming_actions=['prey_1', 'prey_5', 'prey_0', 'prey_18', 'prey_14', ...] | active_agents=18 | current_step=715
2025-11-23 03:29:16,797 [DEBUG] PredPreyGrassEnv.env-7d764eb7: event=StepSummary | env_id=env-7d764eb7 | step=715 | current_step=715 | terminated_agents=[] | truncated_agents=[] | remaining_agents=18 | reward_preview={prey_1:-0.001, prey_5:-0.001, predator_5:-0.001, prey_0:-0.001, predator_4:-0.001} | info_preview={}
2025-11-23 03:29:16,807 [DEBUG] PredPreyGrassEnv.env-7d764eb7: event=StepBegin | env_id=env-7d764eb7 | step=716 | incoming_actions=['prey_1', 'prey_5', 'prey_0', 'prey_18', 'prey_14', ...] | active_agents=18 | current_step=716
2025-11-23 03:29:16,810 [DEBUG] PredPreyGrassEnv.env-7d764eb7: event=StepSummary | env_id=env-7d764eb7 | step=716 | current_step=716 | terminated_agents=[] | truncated_agents=[] | remaining_agents=18 | reward_preview={prey_1:-0.001, prey_5:-0.001, predator_5:-0.001, prey_0:-0.001, predator_4:-0.001} | info_preview={}
2025-11-23 03:29:16,821 [DEBUG] PredPreyGrassEnv.env-7d764eb7: event=StepBegin | env_id=env-7d764eb7 | step=717 | incoming_actions=['prey_1', 'prey_5', 'prey_0', 'prey_18', 'prey_14', ...] | active_agents=18 | current_step=717
2025-11-23 03:29:16,823 [DEBUG] PredPreyGrassEnv.env-7d764eb7: event=StepSummary | env_id=env-7d764eb7 | step=717 | current_step=717 | terminated_agents=[] | truncated_agents=[] | remaining_agents=18 | reward_preview={prey_1:-0.001, prey_5:-0.001, predator_5:-0.001, prey_0:-0.001, predator_4:-0.001} | info_preview={}
2025-11-23 03:29:16,834 [DEBUG] PredPreyGrassEnv.env-7d764eb7: event=StepBegin | env_id=env-7d764eb7 | step=718 | incoming_actions=['prey_1', 'prey_5', 'prey_0', 'prey_18', 'prey_14', ...] | active_agents=18 | current_step=718
2025-11-23 03:29:16,836 [DEBUG] PredPreyGrassEnv.env-7d764eb7: event=StepSummary | env_id=env-7d764eb7 | step=718 | current_step=718 | terminated_agents=[] | truncated_agents=[] | remaining_agents=18 | reward_preview={prey_1:-0.001, prey_5:-0.001, predator_5:-0.001, prey_0:-0.001, predator_4:-0.001} | info_preview={}
2025-11-23 03:29:16,847 [DEBUG] PredPreyGrassEnv.env-7d764eb7: event=StepBegin | env_id=env-7d764eb7 | step=719 | incoming_actions=['prey_1', 'prey_5', 'prey_0', 'prey_18', 'prey_14', ...] | active_agents=18 | current_step=719
2025-11-23 03:29:16,849 [DEBUG] PredPreyGrassEnv.env-7d764eb7: event=StepSummary | env_id=env-7d764eb7 | step=719 | current_step=719 | terminated_agents=[] | truncated_agents=[] | remaining_agents=18 | reward_preview={prey_1:-0.001, prey_5:-0.001, predator_5:-0.001, prey_0:-0.001, predator_4:-0.001} | info_preview={}
2025-11-23 03:29:16,860 [DEBUG] PredPreyGrassEnv.env-7d764eb7: event=StepBegin | env_id=env-7d764eb7 | step=720 | incoming_actions=['prey_1', 'prey_5', 'prey_0', 'prey_18', 'prey_14', ...] | active_agents=18 | current_step=720
2025-11-23 03:29:16,863 [DEBUG] PredPreyGrassEnv.env-7d764eb7: event=StepSummary | env_id=env-7d764eb7 | step=720 | current_step=720 | terminated_agents=[] | truncated_agents=[] | remaining_agents=18 | reward_preview={prey_1:-0.001, prey_5:-0.001, predator_5:-0.001, prey_0:-0.001, predator_4:-0.001} | info_preview={}
2025-11-23 03:29:16,873 [DEBUG] PredPreyGrassEnv.env-7d764eb7: event=StepBegin | env_id=env-7d764eb7 | step=721 | incoming_actions=['prey_1', 'prey_5', 'prey_0', 'prey_18', 'prey_14', ...] | active_agents=18 | current_step=721
2025-11-23 03:29:16,876 [DEBUG] PredPreyGrassEnv.env-7d764eb7: event=StepSummary | env_id=env-7d764eb7 | step=721 | current_step=721 | terminated_agents=[] | truncated_agents=[] | remaining_agents=18 | reward_preview={prey_1:-0.001, prey_5:-0.001, predator_5:-0.001, prey_0:-0.001, predator_4:-0.001} | info_preview={}
2025-11-23 03:29:16,886 [DEBUG] PredPreyGrassEnv.env-7d764eb7: event=StepBegin | env_id=env-7d764eb7 | step=722 | incoming_actions=['prey_1', 'prey_5', 'prey_0', 'prey_18', 'prey_14', ...] | active_agents=18 | current_step=722
2025-11-23 03:29:16,889 [DEBUG] PredPreyGrassEnv.env-7d764eb7: event=StepSummary | env_id=env-7d764eb7 | step=722 | current_step=722 | terminated_agents=[] | truncated_agents=[] | remaining_agents=18 | reward_preview={prey_1:-0.001, prey_5:-0.001, predator_5:-0.001, prey_0:-0.001, predator_4:-0.001} | info_preview={}
2025-11-23 03:29:16,899 [DEBUG] PredPreyGrassEnv.env-7d764eb7: event=StepBegin | env_id=env-7d764eb7 | step=723 | incoming_actions=['prey_1', 'prey_5', 'prey_0', 'prey_18', 'prey_14', ...] | active_agents=18 | current_step=723
2025-11-23 03:29:16,901 [DEBUG] PredPreyGrassEnv.env-7d764eb7: event=PreyAteGrass | env_id=env-7d764eb7 | step=723 | prey='prey_14' | grass='grass_54' | prey_position=[779.4041994053907, 306.73618887555523] | grass_energy=10.0 | energy_gained=9.0 | prey_energy=93.05722806883725
2025-11-23 03:29:16,902 [DEBUG] PredPreyGrassEnv.env-7d764eb7: event=StepSummary | env_id=env-7d764eb7 | step=723 | current_step=723 | terminated_agents=[] | truncated_agents=[] | remaining_agents=18 | reward_preview={prey_1:-0.001, prey_5:-0.001, predator_5:-0.001, prey_0:-0.001, predator_4:-0.001} | info_preview={}
2025-11-23 03:29:16,912 [DEBUG] PredPreyGrassEnv.env-7d764eb7: event=StepBegin | env_id=env-7d764eb7 | step=724 | incoming_actions=['prey_1', 'prey_5', 'prey_0', 'prey_18', 'prey_14', ...] | active_agents=18 | current_step=724
2025-11-23 03:29:16,915 [DEBUG] PredPreyGrassEnv.env-7d764eb7: event=StepSummary | env_id=env-7d764eb7 | step=724 | current_step=724 | terminated_agents=[] | truncated_agents=[] | remaining_agents=18 | reward_preview={prey_1:-0.001, prey_5:-0.001, predator_5:-0.001, prey_0:-0.001, predator_4:-0.001} | info_preview={}
2025-11-23 03:29:16,926 [DEBUG] PredPreyGrassEnv.env-7d764eb7: event=StepBegin | env_id=env-7d764eb7 | step=725 | incoming_actions=['prey_1', 'prey_5', 'prey_0', 'prey_18', 'prey_14', ...] | active_agents=18 | current_step=725
2025-11-23 03:29:16,926 [DEBUG] PredPreyGrassEnv.env-7d764eb7: event=CollisionBatch | env_id=env-7d764eb7 | step=725 | collisions=[['prey_eat_grass', 'prey_5', 'grass_39']]
2025-11-23 03:29:16,929 [DEBUG] PredPreyGrassEnv.env-7d764eb7: event=StepSummary | env_id=env-7d764eb7 | step=725 | current_step=725 | terminated_agents=[] | truncated_agents=[] | remaining_agents=18 | reward_preview={prey_1:-0.001, prey_5:-0.001, predator_5:-0.001, prey_0:-0.001, predator_4:-0.001} | info_preview={}
2025-11-23 03:29:16,939 [DEBUG] PredPreyGrassEnv.env-7d764eb7: event=StepBegin | env_id=env-7d764eb7 | step=726 | incoming_actions=['prey_1', 'prey_5', 'prey_0', 'prey_18', 'prey_14', ...] | active_agents=18 | current_step=726
2025-11-23 03:29:16,942 [DEBUG] PredPreyGrassEnv.env-7d764eb7: event=StepSummary | env_id=env-7d764eb7 | step=726 | current_step=726 | terminated_agents=[] | truncated_agents=[] | remaining_agents=18 | reward_preview={prey_1:-0.001, prey_5:-0.001, predator_5:-0.001, prey_0:-0.001, predator_4:-0.001} | info_preview={}
2025-11-23 03:29:16,952 [DEBUG] PredPreyGrassEnv.env-7d764eb7: event=StepBegin | env_id=env-7d764eb7 | step=727 | incoming_actions=['prey_1', 'prey_5', 'prey_0', 'prey_18', 'prey_14', ...] | active_agents=18 | current_step=727
2025-11-23 03:29:16,955 [DEBUG] PredPreyGrassEnv.env-7d764eb7: event=OffspringCreated | env_id=env-7d764eb7 | step=727 | parent_a='predator_3' | parent_b='predator_5' | offspring='predator_6' | distance=72.47154600585972
2025-11-23 03:29:16,956 [DEBUG] PredPreyGrassEnv.env-7d764eb7: event=StepSummary | env_id=env-7d764eb7 | step=727 | current_step=727 | terminated_agents=[] | truncated_agents=[] | remaining_agents=19 | reward_preview={prey_1:-0.001, predator_6:0.0, prey_5:-0.001, predator_5:0.999, prey_0:-0.001} | info_preview={}
2025-11-23 03:29:16,966 [DEBUG] PredPreyGrassEnv.env-7d764eb7: event=StepBegin | env_id=env-7d764eb7 | step=728 | incoming_actions=['prey_1', 'prey_5', 'prey_0', 'prey_18', 'prey_14', ...] | active_agents=19 | current_step=728
2025-11-23 03:29:16,970 [DEBUG] PredPreyGrassEnv.env-7d764eb7: event=StepSummary | env_id=env-7d764eb7 | step=728 | current_step=728 | terminated_agents=[] | truncated_agents=[] | remaining_agents=19 | reward_preview={prey_1:-0.001, predator_6:-0.001, prey_5:-0.001, predator_5:-0.001, prey_0:-0.001} | info_preview={}
2025-11-23 03:29:16,980 [DEBUG] PredPreyGrassEnv.env-7d764eb7: event=StepBegin | env_id=env-7d764eb7 | step=729 | incoming_actions=['prey_1', 'prey_5', 'prey_0', 'prey_18', 'prey_14', ...] | active_agents=19 | current_step=729
2025-11-23 03:29:16,983 [DEBUG] PredPreyGrassEnv.env-7d764eb7: event=StepSummary | env_id=env-7d764eb7 | step=729 | current_step=729 | terminated_agents=[] | truncated_agents=[] | remaining_agents=19 | reward_preview={prey_1:-0.001, predator_6:-0.001, prey_5:-0.001, predator_5:-0.001, prey_0:-0.001} | info_preview={}
2025-11-23 03:29:16,994 [DEBUG] PredPreyGrassEnv.env-7d764eb7: event=StepBegin | env_id=env-7d764eb7 | step=730 | incoming_actions=['prey_1', 'prey_5', 'prey_0', 'prey_18', 'prey_14', ...] | active_agents=19 | current_step=730
2025-11-23 03:29:16,997 [DEBUG] PredPreyGrassEnv.env-7d764eb7: event=StepSummary | env_id=env-7d764eb7 | step=730 | current_step=730 | terminated_agents=[] | truncated_agents=[] | remaining_agents=19 | reward_preview={prey_1:-0.001, predator_6:-0.001, prey_5:-0.001, predator_5:-0.001, prey_0:-0.001} | info_preview={}
2025-11-23 03:29:17,007 [DEBUG] PredPreyGrassEnv.env-7d764eb7: event=StepBegin | env_id=env-7d764eb7 | step=731 | incoming_actions=['prey_1', 'prey_5', 'prey_0', 'prey_18', 'prey_14', ...] | active_agents=19 | current_step=731
2025-11-23 03:29:17,010 [DEBUG] PredPreyGrassEnv.env-7d764eb7: event=StepSummary | env_id=env-7d764eb7 | step=731 | current_step=731 | terminated_agents=[] | truncated_agents=[] | remaining_agents=19 | reward_preview={prey_1:-0.001, predator_6:-0.001, prey_5:-0.001, predator_5:-0.001, prey_0:-0.001} | info_preview={}
2025-11-23 03:29:17,021 [DEBUG] PredPreyGrassEnv.env-7d764eb7: event=StepBegin | env_id=env-7d764eb7 | step=732 | incoming_actions=['prey_1', 'prey_5', 'prey_0', 'prey_18', 'prey_14', ...] | active_agents=19 | current_step=732
2025-11-23 03:29:17,024 [DEBUG] PredPreyGrassEnv.env-7d764eb7: event=StepSummary | env_id=env-7d764eb7 | step=732 | current_step=732 | terminated_agents=[] | truncated_agents=[] | remaining_agents=19 | reward_preview={prey_1:-0.001, predator_6:-0.001, prey_5:-0.001, predator_5:-0.001, prey_0:-0.001} | info_preview={}
2025-11-23 03:29:17,034 [DEBUG] PredPreyGrassEnv.env-7d764eb7: event=StepBegin | env_id=env-7d764eb7 | step=733 | incoming_actions=['prey_1', 'prey_5', 'prey_0', 'prey_18', 'prey_14', ...] | active_agents=19 | current_step=733
2025-11-23 03:29:17,037 [DEBUG] PredPreyGrassEnv.env-7d764eb7: event=StepSummary | env_id=env-7d764eb7 | step=733 | current_step=733 | terminated_agents=[] | truncated_agents=[] | remaining_agents=19 | reward_preview={prey_1:-0.001, predator_6:-0.001, prey_5:-0.001, predator_5:-0.001, prey_0:-0.001} | info_preview={}
2025-11-23 03:29:17,048 [DEBUG] PredPreyGrassEnv.env-7d764eb7: event=StepBegin | env_id=env-7d764eb7 | step=734 | incoming_actions=['prey_1', 'prey_5', 'prey_0', 'prey_18', 'prey_14', ...] | active_agents=19 | current_step=734
2025-11-23 03:29:17,051 [DEBUG] PredPreyGrassEnv.env-7d764eb7: event=StepSummary | env_id=env-7d764eb7 | step=734 | current_step=734 | terminated_agents=[] | truncated_agents=[] | remaining_agents=19 | reward_preview={prey_1:-0.001, predator_6:-0.001, prey_5:-0.001, predator_5:-0.001, prey_0:-0.001} | info_preview={}
2025-11-23 03:29:17,061 [DEBUG] PredPreyGrassEnv.env-7d764eb7: event=StepBegin | env_id=env-7d764eb7 | step=735 | incoming_actions=['prey_1', 'prey_5', 'prey_0', 'prey_18', 'prey_14', ...] | active_agents=19 | current_step=735
2025-11-23 03:29:17,064 [DEBUG] PredPreyGrassEnv.env-7d764eb7: event=StepSummary | env_id=env-7d764eb7 | step=735 | current_step=735 | terminated_agents=[] | truncated_agents=[] | remaining_agents=19 | reward_preview={prey_1:-0.001, predator_6:-0.001, prey_5:-0.001, predator_5:-0.001, prey_0:-0.001} | info_preview={}
2025-11-23 03:29:17,076 [DEBUG] PredPreyGrassEnv.env-7d764eb7: event=StepBegin | env_id=env-7d764eb7 | step=736 | incoming_actions=['prey_1', 'prey_5', 'prey_0', 'prey_18', 'prey_14', ...] | active_agents=19 | current_step=736
2025-11-23 03:29:17,079 [DEBUG] PredPreyGrassEnv.env-7d764eb7: event=StepSummary | env_id=env-7d764eb7 | step=736 | current_step=736 | terminated_agents=[] | truncated_agents=[] | remaining_agents=19 | reward_preview={prey_1:-0.001, predator_6:-0.001, prey_5:-0.001, predator_5:-0.001, prey_0:-0.001} | info_preview={}
2025-11-23 03:29:17,091 [DEBUG] PredPreyGrassEnv.env-7d764eb7: event=StepBegin | env_id=env-7d764eb7 | step=737 | incoming_actions=['prey_1', 'prey_5', 'prey_0', 'prey_18', 'prey_14', ...] | active_agents=19 | current_step=737
2025-11-23 03:29:17,098 [DEBUG] PredPreyGrassEnv.env-7d764eb7: event=StepSummary | env_id=env-7d764eb7 | step=737 | current_step=737 | terminated_agents=[] | truncated_agents=[] | remaining_agents=19 | reward_preview={prey_1:-0.001, predator_6:-0.001, prey_5:-0.001, predator_5:-0.001, prey_0:-0.001} | info_preview={}
2025-11-23 03:29:17,116 [DEBUG] PredPreyGrassEnv.env-7d764eb7: event=StepBegin | env_id=env-7d764eb7 | step=738 | incoming_actions=['prey_1', 'prey_5', 'prey_0', 'prey_18', 'prey_14', ...] | active_agents=19 | current_step=738
2025-11-23 03:29:17,119 [DEBUG] PredPreyGrassEnv.env-7d764eb7: event=StepSummary | env_id=env-7d764eb7 | step=738 | current_step=738 | terminated_agents=[] | truncated_agents=[] | remaining_agents=19 | reward_preview={prey_1:-0.001, predator_6:-0.001, prey_5:-0.001, predator_5:-0.001, prey_0:-0.001} | info_preview={}
2025-11-23 03:29:17,140 [DEBUG] PredPreyGrassEnv.env-7d764eb7: event=StepBegin | env_id=env-7d764eb7 | step=739 | incoming_actions=['prey_1', 'prey_5', 'prey_0', 'prey_18', 'prey_14', ...] | active_agents=19 | current_step=739
2025-11-23 03:29:17,148 [DEBUG] PredPreyGrassEnv.env-7d764eb7: event=StepSummary | env_id=env-7d764eb7 | step=739 | current_step=739 | terminated_agents=[] | truncated_agents=[] | remaining_agents=19 | reward_preview={prey_1:-0.001, predator_6:-0.001, prey_5:-0.001, predator_5:-0.001, prey_0:-0.001} | info_preview={}
2025-11-23 03:29:17,172 [DEBUG] PredPreyGrassEnv.env-7d764eb7: event=StepBegin | env_id=env-7d764eb7 | step=740 | incoming_actions=['prey_1', 'prey_5', 'prey_0', 'prey_18', 'prey_14', ...] | active_agents=19 | current_step=740
2025-11-23 03:29:17,179 [DEBUG] PredPreyGrassEnv.env-7d764eb7: event=StepSummary | env_id=env-7d764eb7 | step=740 | current_step=740 | terminated_agents=[] | truncated_agents=[] | remaining_agents=19 | reward_preview={prey_1:-0.001, predator_6:-0.001, prey_5:-0.001, predator_5:-0.001, prey_0:-0.001} | info_preview={}
2025-11-23 03:29:17,203 [DEBUG] PredPreyGrassEnv.env-7d764eb7: event=StepBegin | env_id=env-7d764eb7 | step=741 | incoming_actions=['prey_1', 'prey_5', 'prey_0', 'prey_18', 'prey_14', ...] | active_agents=19 | current_step=741
2025-11-23 03:29:17,210 [DEBUG] PredPreyGrassEnv.env-7d764eb7: event=StepSummary | env_id=env-7d764eb7 | step=741 | current_step=741 | terminated_agents=[] | truncated_agents=[] | remaining_agents=19 | reward_preview={prey_1:-0.001, predator_6:-0.001, prey_5:-0.001, predator_5:-0.001, prey_0:-0.001} | info_preview={}
2025-11-23 03:29:17,234 [DEBUG] PredPreyGrassEnv.env-7d764eb7: event=StepBegin | env_id=env-7d764eb7 | step=742 | incoming_actions=['prey_1', 'prey_5', 'prey_0', 'prey_18', 'prey_14', ...] | active_agents=19 | current_step=742
2025-11-23 03:29:17,238 [DEBUG] PredPreyGrassEnv.env-7d764eb7: event=PreyAteGrass | env_id=env-7d764eb7 | step=742 | prey='prey_11' | grass='grass_44' | prey_position=[769.3102878443765, 205.02336914431928] | grass_energy=10.0 | energy_gained=9.0 | prey_energy=82.72518419593604
2025-11-23 03:29:17,241 [DEBUG] PredPreyGrassEnv.env-7d764eb7: event=StepSummary | env_id=env-7d764eb7 | step=742 | current_step=742 | terminated_agents=[] | truncated_agents=[] | remaining_agents=19 | reward_preview={prey_1:-0.001, predator_6:-0.001, prey_5:-0.001, predator_5:-0.001, prey_0:-0.001} | info_preview={}
2025-11-23 03:29:17,257 [DEBUG] PredPreyGrassEnv.env-7d764eb7: event=StepBegin | env_id=env-7d764eb7 | step=743 | incoming_actions=['prey_1', 'prey_5', 'prey_0', 'prey_18', 'prey_14', ...] | active_agents=19 | current_step=743
2025-11-23 03:29:17,260 [DEBUG] PredPreyGrassEnv.env-7d764eb7: event=StepSummary | env_id=env-7d764eb7 | step=743 | current_step=743 | terminated_agents=[] | truncated_agents=[] | remaining_agents=19 | reward_preview={prey_1:-0.001, predator_6:-0.001, prey_5:-0.001, predator_5:-0.001, prey_0:-0.001} | info_preview={}
2025-11-23 03:29:17,270 [DEBUG] PredPreyGrassEnv.env-7d764eb7: event=StepBegin | env_id=env-7d764eb7 | step=744 | incoming_actions=['prey_1', 'prey_5', 'prey_0', 'prey_18', 'prey_14', ...] | active_agents=19 | current_step=744
2025-11-23 03:29:17,273 [DEBUG] PredPreyGrassEnv.env-7d764eb7: event=StepSummary | env_id=env-7d764eb7 | step=744 | current_step=744 | terminated_agents=[] | truncated_agents=[] | remaining_agents=19 | reward_preview={prey_1:-0.001, predator_6:-0.001, prey_5:-0.001, predator_5:-0.001, prey_0:-0.001} | info_preview={}
2025-11-23 03:29:17,283 [DEBUG] PredPreyGrassEnv.env-7d764eb7: event=StepBegin | env_id=env-7d764eb7 | step=745 | incoming_actions=['prey_1', 'prey_5', 'prey_0', 'prey_18', 'prey_14', ...] | active_agents=19 | current_step=745
2025-11-23 03:29:17,286 [DEBUG] PredPreyGrassEnv.env-7d764eb7: event=StepSummary | env_id=env-7d764eb7 | step=745 | current_step=745 | terminated_agents=[] | truncated_agents=[] | remaining_agents=19 | reward_preview={prey_1:-0.001, predator_6:-0.001, prey_5:-0.001, predator_5:-0.001, prey_0:-0.001} | info_preview={}
2025-11-23 03:29:17,296 [DEBUG] PredPreyGrassEnv.env-7d764eb7: event=StepBegin | env_id=env-7d764eb7 | step=746 | incoming_actions=['prey_1', 'prey_5', 'prey_0', 'prey_18', 'prey_14', ...] | active_agents=19 | current_step=746
2025-11-23 03:29:17,299 [DEBUG] PredPreyGrassEnv.env-7d764eb7: event=StepSummary | env_id=env-7d764eb7 | step=746 | current_step=746 | terminated_agents=[] | truncated_agents=[] | remaining_agents=19 | reward_preview={prey_1:-0.001, predator_6:-0.001, prey_5:-0.001, predator_5:-0.001, prey_0:-0.001} | info_preview={}
2025-11-23 03:29:17,309 [DEBUG] PredPreyGrassEnv.env-7d764eb7: event=StepBegin | env_id=env-7d764eb7 | step=747 | incoming_actions=['prey_1', 'prey_5', 'prey_0', 'prey_18', 'prey_14', ...] | active_agents=19 | current_step=747
2025-11-23 03:29:17,313 [DEBUG] PredPreyGrassEnv.env-7d764eb7: event=StepSummary | env_id=env-7d764eb7 | step=747 | current_step=747 | terminated_agents=[] | truncated_agents=[] | remaining_agents=19 | reward_preview={prey_1:-0.001, predator_6:-0.001, prey_5:-0.001, predator_5:-0.001, prey_0:-0.001} | info_preview={}
2025-11-23 03:29:17,326 [DEBUG] PredPreyGrassEnv.env-7d764eb7: event=StepBegin | env_id=env-7d764eb7 | step=748 | incoming_actions=['prey_1', 'prey_5', 'prey_0', 'prey_18', 'prey_14', ...] | active_agents=19 | current_step=748
2025-11-23 03:29:17,329 [DEBUG] PredPreyGrassEnv.env-7d764eb7: event=StepSummary | env_id=env-7d764eb7 | step=748 | current_step=748 | terminated_agents=[] | truncated_agents=[] | remaining_agents=19 | reward_preview={prey_1:-0.001, predator_6:-0.001, prey_5:-0.001, predator_5:-0.001, prey_0:-0.001} | info_preview={}
2025-11-23 03:29:17,339 [DEBUG] PredPreyGrassEnv.env-7d764eb7: event=StepBegin | env_id=env-7d764eb7 | step=749 | incoming_actions=['prey_1', 'prey_5', 'prey_0', 'prey_18', 'prey_14', ...] | active_agents=19 | current_step=749
2025-11-23 03:29:17,342 [DEBUG] PredPreyGrassEnv.env-7d764eb7: event=StepSummary | env_id=env-7d764eb7 | step=749 | current_step=749 | terminated_agents=[] | truncated_agents=[] | remaining_agents=19 | reward_preview={prey_1:-0.001, predator_6:-0.001, prey_5:-0.001, predator_5:-0.001, prey_0:-0.001} | info_preview={}
2025-11-23 03:29:17,353 [DEBUG] PredPreyGrassEnv.env-7d764eb7: event=StepBegin | env_id=env-7d764eb7 | step=750 | incoming_actions=['prey_1', 'prey_5', 'prey_0', 'prey_18', 'prey_14', ...] | active_agents=19 | current_step=750
2025-11-23 03:29:17,357 [DEBUG] PredPreyGrassEnv.env-7d764eb7: event=StepSummary | env_id=env-7d764eb7 | step=750 | current_step=750 | terminated_agents=[] | truncated_agents=[] | remaining_agents=19 | reward_preview={prey_1:-0.001, predator_6:-0.001, prey_5:-0.001, predator_5:-0.001, prey_0:-0.001} | info_preview={}
2025-11-23 03:29:17,367 [DEBUG] PredPreyGrassEnv.env-7d764eb7: event=StepBegin | env_id=env-7d764eb7 | step=751 | incoming_actions=['prey_1', 'prey_5', 'prey_0', 'prey_18', 'prey_14', ...] | active_agents=19 | current_step=751
2025-11-23 03:29:17,370 [DEBUG] PredPreyGrassEnv.env-7d764eb7: event=StepSummary | env_id=env-7d764eb7 | step=751 | current_step=751 | terminated_agents=[] | truncated_agents=[] | remaining_agents=19 | reward_preview={prey_1:-0.001, predator_6:-0.001, prey_5:-0.001, predator_5:-0.001, prey_0:-0.001} | info_preview={}
2025-11-23 03:29:17,380 [DEBUG] PredPreyGrassEnv.env-7d764eb7: event=StepBegin | env_id=env-7d764eb7 | step=752 | incoming_actions=['prey_1', 'prey_5', 'prey_0', 'prey_18', 'prey_14', ...] | active_agents=19 | current_step=752
2025-11-23 03:29:17,383 [DEBUG] PredPreyGrassEnv.env-7d764eb7: event=StepSummary | env_id=env-7d764eb7 | step=752 | current_step=752 | terminated_agents=[] | truncated_agents=[] | remaining_agents=19 | reward_preview={prey_1:-0.001, predator_6:-0.001, prey_5:-0.001, predator_5:-0.001, prey_0:-0.001} | info_preview={}
2025-11-23 03:29:17,394 [DEBUG] PredPreyGrassEnv.env-7d764eb7: event=StepBegin | env_id=env-7d764eb7 | step=753 | incoming_actions=['prey_1', 'prey_5', 'prey_0', 'prey_18', 'prey_14', ...] | active_agents=19 | current_step=753
2025-11-23 03:29:17,397 [DEBUG] PredPreyGrassEnv.env-7d764eb7: event=StepSummary | env_id=env-7d764eb7 | step=753 | current_step=753 | terminated_agents=[] | truncated_agents=[] | remaining_agents=19 | reward_preview={prey_1:-0.001, predator_6:-0.001, prey_5:-0.001, predator_5:-0.001, prey_0:-0.001} | info_preview={}
2025-11-23 03:29:17,407 [DEBUG] PredPreyGrassEnv.env-7d764eb7: event=StepBegin | env_id=env-7d764eb7 | step=754 | incoming_actions=['prey_1', 'prey_5', 'prey_0', 'prey_18', 'prey_14', ...] | active_agents=19 | current_step=754
2025-11-23 03:29:17,410 [DEBUG] PredPreyGrassEnv.env-7d764eb7: event=StepSummary | env_id=env-7d764eb7 | step=754 | current_step=754 | terminated_agents=[] | truncated_agents=[] | remaining_agents=19 | reward_preview={prey_1:-0.001, predator_6:-0.001, prey_5:-0.001, predator_5:-0.001, prey_0:-0.001} | info_preview={}
2025-11-23 03:29:17,420 [DEBUG] PredPreyGrassEnv.env-7d764eb7: event=StepBegin | env_id=env-7d764eb7 | step=755 | incoming_actions=['prey_1', 'prey_5', 'prey_0', 'prey_18', 'prey_14', ...] | active_agents=19 | current_step=755
2025-11-23 03:29:17,423 [DEBUG] PredPreyGrassEnv.env-7d764eb7: event=StepSummary | env_id=env-7d764eb7 | step=755 | current_step=755 | terminated_agents=[] | truncated_agents=[] | remaining_agents=19 | reward_preview={prey_1:-0.001, predator_6:-0.001, prey_5:-0.001, predator_5:-0.001, prey_0:-0.001} | info_preview={}
2025-11-23 03:29:17,433 [DEBUG] PredPreyGrassEnv.env-7d764eb7: event=StepBegin | env_id=env-7d764eb7 | step=756 | incoming_actions=['prey_1', 'prey_5', 'prey_0', 'prey_18', 'prey_14', ...] | active_agents=19 | current_step=756
2025-11-23 03:29:17,435 [DEBUG] PredPreyGrassEnv.env-7d764eb7: event=StepSummary | env_id=env-7d764eb7 | step=756 | current_step=756 | terminated_agents=[] | truncated_agents=[] | remaining_agents=19 | reward_preview={prey_1:-0.001, predator_6:-0.001, prey_5:-0.001, predator_5:-0.001, prey_0:-0.001} | info_preview={}
2025-11-23 03:29:17,446 [DEBUG] PredPreyGrassEnv.env-7d764eb7: event=StepBegin | env_id=env-7d764eb7 | step=757 | incoming_actions=['prey_1', 'prey_5', 'prey_0', 'prey_18', 'prey_14', ...] | active_agents=19 | current_step=757
2025-11-23 03:29:17,448 [DEBUG] PredPreyGrassEnv.env-7d764eb7: event=StepSummary | env_id=env-7d764eb7 | step=757 | current_step=757 | terminated_agents=[] | truncated_agents=[] | remaining_agents=19 | reward_preview={prey_1:-0.001, predator_6:-0.001, prey_5:-0.001, predator_5:-0.001, prey_0:-0.001} | info_preview={}
2025-11-23 03:29:17,458 [DEBUG] PredPreyGrassEnv.env-7d764eb7: event=StepBegin | env_id=env-7d764eb7 | step=758 | incoming_actions=['prey_1', 'prey_5', 'prey_0', 'prey_18', 'prey_14', ...] | active_agents=19 | current_step=758
2025-11-23 03:29:17,461 [DEBUG] PredPreyGrassEnv.env-7d764eb7: event=StepSummary | env_id=env-7d764eb7 | step=758 | current_step=758 | terminated_agents=[] | truncated_agents=[] | remaining_agents=19 | reward_preview={prey_1:-0.001, predator_6:-0.001, prey_5:-0.001, predator_5:-0.001, prey_0:-0.001} | info_preview={}
2025-11-23 03:29:17,471 [DEBUG] PredPreyGrassEnv.env-7d764eb7: event=StepBegin | env_id=env-7d764eb7 | step=759 | incoming_actions=['prey_1', 'prey_5', 'prey_0', 'prey_18', 'prey_14', ...] | active_agents=19 | current_step=759
2025-11-23 03:29:17,475 [DEBUG] PredPreyGrassEnv.env-7d764eb7: event=StepSummary | env_id=env-7d764eb7 | step=759 | current_step=759 | terminated_agents=[] | truncated_agents=[] | remaining_agents=19 | reward_preview={prey_1:-0.001, predator_6:-0.001, prey_5:-0.001, predator_5:-0.001, prey_0:-0.001} | info_preview={}
2025-11-23 03:29:17,485 [DEBUG] PredPreyGrassEnv.env-7d764eb7: event=StepBegin | env_id=env-7d764eb7 | step=760 | incoming_actions=['prey_1', 'prey_5', 'prey_0', 'prey_18', 'prey_14', ...] | active_agents=19 | current_step=760
2025-11-23 03:29:17,488 [DEBUG] PredPreyGrassEnv.env-7d764eb7: event=StepSummary | env_id=env-7d764eb7 | step=760 | current_step=760 | terminated_agents=[] | truncated_agents=[] | remaining_agents=19 | reward_preview={prey_1:-0.001, predator_6:-0.001, prey_5:-0.001, predator_5:-0.001, prey_0:-0.001} | info_preview={}
2025-11-23 03:29:17,498 [DEBUG] PredPreyGrassEnv.env-7d764eb7: event=StepBegin | env_id=env-7d764eb7 | step=761 | incoming_actions=['prey_1', 'prey_5', 'prey_0', 'prey_18', 'prey_14', ...] | active_agents=19 | current_step=761
2025-11-23 03:29:17,501 [DEBUG] PredPreyGrassEnv.env-7d764eb7: event=StepSummary | env_id=env-7d764eb7 | step=761 | current_step=761 | terminated_agents=[] | truncated_agents=[] | remaining_agents=19 | reward_preview={prey_1:-0.001, predator_6:-0.001, prey_5:-0.001, predator_5:-0.001, prey_0:-0.001} | info_preview={}
2025-11-23 03:29:17,511 [DEBUG] PredPreyGrassEnv.env-7d764eb7: event=StepBegin | env_id=env-7d764eb7 | step=762 | incoming_actions=['prey_1', 'prey_5', 'prey_0', 'prey_18', 'prey_14', ...] | active_agents=19 | current_step=762
2025-11-23 03:29:17,514 [DEBUG] PredPreyGrassEnv.env-7d764eb7: event=StepSummary | env_id=env-7d764eb7 | step=762 | current_step=762 | terminated_agents=[] | truncated_agents=[] | remaining_agents=19 | reward_preview={prey_1:-0.001, predator_6:-0.001, prey_5:-0.001, predator_5:-0.001, prey_0:-0.001} | info_preview={}
2025-11-23 03:29:17,524 [DEBUG] PredPreyGrassEnv.env-7d764eb7: event=StepBegin | env_id=env-7d764eb7 | step=763 | incoming_actions=['prey_1', 'prey_5', 'prey_0', 'prey_18', 'prey_14', ...] | active_agents=19 | current_step=763
2025-11-23 03:29:17,527 [DEBUG] PredPreyGrassEnv.env-7d764eb7: event=StepSummary | env_id=env-7d764eb7 | step=763 | current_step=763 | terminated_agents=[] | truncated_agents=[] | remaining_agents=19 | reward_preview={prey_1:-0.001, predator_6:-0.001, prey_5:-0.001, predator_5:-0.001, prey_0:-0.001} | info_preview={}
2025-11-23 03:29:17,538 [DEBUG] PredPreyGrassEnv.env-7d764eb7: event=StepBegin | env_id=env-7d764eb7 | step=764 | incoming_actions=['prey_1', 'prey_5', 'prey_0', 'prey_18', 'prey_14', ...] | active_agents=19 | current_step=764
2025-11-23 03:29:17,539 [DEBUG] PredPreyGrassEnv.env-7d764eb7: event=PreyAteGrass | env_id=env-7d764eb7 | step=764 | prey='prey_0' | grass='grass_74' | prey_position=[311.78262915032394, 581.5104933177008] | grass_energy=10.0 | energy_gained=9.0 | prey_energy=39.31552304186178
2025-11-23 03:29:17,541 [DEBUG] PredPreyGrassEnv.env-7d764eb7: event=StepSummary | env_id=env-7d764eb7 | step=764 | current_step=764 | terminated_agents=[] | truncated_agents=[] | remaining_agents=19 | reward_preview={prey_1:-0.001, predator_6:-0.001, prey_5:-0.001, predator_5:-0.001, prey_0:1.0} | info_preview={}
2025-11-23 03:29:17,551 [DEBUG] PredPreyGrassEnv.env-7d764eb7: event=StepBegin | env_id=env-7d764eb7 | step=765 | incoming_actions=['prey_1', 'prey_5', 'prey_0', 'prey_18', 'prey_14', ...] | active_agents=19 | current_step=765
2025-11-23 03:29:17,553 [DEBUG] PredPreyGrassEnv.env-7d764eb7: event=PreyAteGrass | env_id=env-7d764eb7 | step=765 | prey='prey_12' | grass='grass_77' | prey_position=[756.2684299481247, 662.6080341200944] | grass_energy=10.0 | energy_gained=9.0 | prey_energy=95.43611580012858
2025-11-23 03:29:17,554 [DEBUG] PredPreyGrassEnv.env-7d764eb7: event=StepSummary | env_id=env-7d764eb7 | step=765 | current_step=765 | terminated_agents=[] | truncated_agents=[] | remaining_agents=19 | reward_preview={prey_1:-0.001, predator_6:-0.001, prey_5:-0.001, predator_5:-0.001, prey_0:-0.001} | info_preview={}
2025-11-23 03:29:17,564 [DEBUG] PredPreyGrassEnv.env-7d764eb7: event=StepBegin | env_id=env-7d764eb7 | step=766 | incoming_actions=['prey_1', 'prey_5', 'prey_0', 'prey_18', 'prey_14', ...] | active_agents=19 | current_step=766
2025-11-23 03:29:17,567 [DEBUG] PredPreyGrassEnv.env-7d764eb7: event=StepSummary | env_id=env-7d764eb7 | step=766 | current_step=766 | terminated_agents=[] | truncated_agents=[] | remaining_agents=19 | reward_preview={prey_1:-0.001, predator_6:-0.001, prey_5:-0.001, predator_5:-0.001, prey_0:-0.001} | info_preview={}
2025-11-23 03:29:17,577 [DEBUG] PredPreyGrassEnv.env-7d764eb7: event=StepBegin | env_id=env-7d764eb7 | step=767 | incoming_actions=['prey_1', 'prey_5', 'prey_0', 'prey_18', 'prey_14', ...] | active_agents=19 | current_step=767
2025-11-23 03:29:17,580 [DEBUG] PredPreyGrassEnv.env-7d764eb7: event=StepSummary | env_id=env-7d764eb7 | step=767 | current_step=767 | terminated_agents=[] | truncated_agents=[] | remaining_agents=19 | reward_preview={prey_1:-0.001, predator_6:-0.001, prey_5:-0.001, predator_5:-0.001, prey_0:-0.001} | info_preview={}
2025-11-23 03:29:17,590 [DEBUG] PredPreyGrassEnv.env-7d764eb7: event=StepBegin | env_id=env-7d764eb7 | step=768 | incoming_actions=['prey_1', 'prey_5', 'prey_0', 'prey_18', 'prey_14', ...] | active_agents=19 | current_step=768
2025-11-23 03:29:17,593 [DEBUG] PredPreyGrassEnv.env-7d764eb7: event=StepSummary | env_id=env-7d764eb7 | step=768 | current_step=768 | terminated_agents=[] | truncated_agents=[] | remaining_agents=19 | reward_preview={prey_1:-0.001, predator_6:-0.001, prey_5:-0.001, predator_5:-0.001, prey_0:-0.001} | info_preview={}
2025-11-23 03:29:17,604 [DEBUG] PredPreyGrassEnv.env-7d764eb7: event=StepBegin | env_id=env-7d764eb7 | step=769 | incoming_actions=['prey_1', 'prey_5', 'prey_0', 'prey_18', 'prey_14', ...] | active_agents=19 | current_step=769
2025-11-23 03:29:17,606 [DEBUG] PredPreyGrassEnv.env-7d764eb7: event=StepSummary | env_id=env-7d764eb7 | step=769 | current_step=769 | terminated_agents=[] | truncated_agents=[] | remaining_agents=19 | reward_preview={prey_1:-0.001, predator_6:-0.001, prey_5:-0.001, predator_5:-0.001, prey_0:-0.001} | info_preview={}
2025-11-23 03:29:17,617 [DEBUG] PredPreyGrassEnv.env-7d764eb7: event=StepBegin | env_id=env-7d764eb7 | step=770 | incoming_actions=['prey_1', 'prey_5', 'prey_0', 'prey_18', 'prey_14', ...] | active_agents=19 | current_step=770
2025-11-23 03:29:17,619 [DEBUG] PredPreyGrassEnv.env-7d764eb7: event=PreyAteGrass | env_id=env-7d764eb7 | step=770 | prey='prey_11' | grass='grass_4' | prey_position=[726.2580460207018, 243.3861808500178] | grass_energy=10.0 | energy_gained=9.0 | prey_energy=84.33326653464316
2025-11-23 03:29:17,620 [DEBUG] PredPreyGrassEnv.env-7d764eb7: event=StepSummary | env_id=env-7d764eb7 | step=770 | current_step=770 | terminated_agents=[] | truncated_agents=[] | remaining_agents=19 | reward_preview={prey_1:-0.001, predator_6:-0.001, prey_5:-0.001, predator_5:-0.001, prey_0:-0.001} | info_preview={}
2025-11-23 03:29:17,630 [DEBUG] PredPreyGrassEnv.env-7d764eb7: event=StepBegin | env_id=env-7d764eb7 | step=771 | incoming_actions=['prey_1', 'prey_5', 'prey_0', 'prey_18', 'prey_14', ...] | active_agents=19 | current_step=771
2025-11-23 03:29:17,633 [DEBUG] PredPreyGrassEnv.env-7d764eb7: event=StepSummary | env_id=env-7d764eb7 | step=771 | current_step=771 | terminated_agents=[] | truncated_agents=[] | remaining_agents=19 | reward_preview={prey_1:-0.001, predator_6:-0.001, prey_5:-0.001, predator_5:-0.001, prey_0:-0.001} | info_preview={}
2025-11-23 03:29:17,644 [DEBUG] PredPreyGrassEnv.env-7d764eb7: event=StepBegin | env_id=env-7d764eb7 | step=772 | incoming_actions=['prey_1', 'prey_5', 'prey_0', 'prey_18', 'prey_14', ...] | active_agents=19 | current_step=772
2025-11-23 03:29:17,647 [DEBUG] PredPreyGrassEnv.env-7d764eb7: event=StepSummary | env_id=env-7d764eb7 | step=772 | current_step=772 | terminated_agents=[] | truncated_agents=[] | remaining_agents=19 | reward_preview={prey_1:-0.001, predator_6:-0.001, prey_5:-0.001, predator_5:-0.001, prey_0:-0.001} | info_preview={}
2025-11-23 03:29:17,658 [DEBUG] PredPreyGrassEnv.env-7d764eb7: event=StepBegin | env_id=env-7d764eb7 | step=773 | incoming_actions=['prey_1', 'prey_5', 'prey_0', 'prey_18', 'prey_14', ...] | active_agents=19 | current_step=773
2025-11-23 03:29:17,661 [DEBUG] PredPreyGrassEnv.env-7d764eb7: event=StepSummary | env_id=env-7d764eb7 | step=773 | current_step=773 | terminated_agents=[] | truncated_agents=[] | remaining_agents=19 | reward_preview={prey_1:-0.001, predator_6:-0.001, prey_5:-0.001, predator_5:-0.001, prey_0:-0.001} | info_preview={}
2025-11-23 03:29:17,671 [DEBUG] PredPreyGrassEnv.env-7d764eb7: event=StepBegin | env_id=env-7d764eb7 | step=774 | incoming_actions=['prey_1', 'prey_5', 'prey_0', 'prey_18', 'prey_14', ...] | active_agents=19 | current_step=774
2025-11-23 03:29:17,674 [DEBUG] PredPreyGrassEnv.env-7d764eb7: event=StepSummary | env_id=env-7d764eb7 | step=774 | current_step=774 | terminated_agents=[] | truncated_agents=[] | remaining_agents=19 | reward_preview={prey_1:-0.001, predator_6:-0.001, prey_5:-0.001, predator_5:-0.001, prey_0:-0.001} | info_preview={}
2025-11-23 03:29:17,685 [DEBUG] PredPreyGrassEnv.env-7d764eb7: event=StepBegin | env_id=env-7d764eb7 | step=775 | incoming_actions=['prey_1', 'prey_5', 'prey_0', 'prey_18', 'prey_14', ...] | active_agents=19 | current_step=775
2025-11-23 03:29:17,688 [DEBUG] PredPreyGrassEnv.env-7d764eb7: event=StepSummary | env_id=env-7d764eb7 | step=775 | current_step=775 | terminated_agents=[] | truncated_agents=[] | remaining_agents=19 | reward_preview={prey_1:-0.001, predator_6:-0.001, prey_5:-0.001, predator_5:-0.001, prey_0:-0.001} | info_preview={}
2025-11-23 03:29:17,698 [DEBUG] PredPreyGrassEnv.env-7d764eb7: event=StepBegin | env_id=env-7d764eb7 | step=776 | incoming_actions=['prey_1', 'prey_5', 'prey_0', 'prey_18', 'prey_14', ...] | active_agents=19 | current_step=776
2025-11-23 03:29:17,701 [DEBUG] PredPreyGrassEnv.env-7d764eb7: event=StepSummary | env_id=env-7d764eb7 | step=776 | current_step=776 | terminated_agents=[] | truncated_agents=[] | remaining_agents=19 | reward_preview={prey_1:-0.001, predator_6:-0.001, prey_5:-0.001, predator_5:-0.001, prey_0:-0.001} | info_preview={}
2025-11-23 03:29:17,713 [DEBUG] PredPreyGrassEnv.env-7d764eb7: event=StepBegin | env_id=env-7d764eb7 | step=777 | incoming_actions=['prey_1', 'prey_5', 'prey_0', 'prey_18', 'prey_14', ...] | active_agents=19 | current_step=777
2025-11-23 03:29:17,716 [DEBUG] PredPreyGrassEnv.env-7d764eb7: event=StepSummary | env_id=env-7d764eb7 | step=777 | current_step=777 | terminated_agents=[] | truncated_agents=[] | remaining_agents=19 | reward_preview={prey_1:-0.001, predator_6:-0.001, prey_5:-0.001, predator_5:-0.001, prey_0:-0.001} | info_preview={}
2025-11-23 03:29:17,727 [DEBUG] PredPreyGrassEnv.env-7d764eb7: event=StepBegin | env_id=env-7d764eb7 | step=778 | incoming_actions=['prey_1', 'prey_5', 'prey_0', 'prey_18', 'prey_14', ...] | active_agents=19 | current_step=778
2025-11-23 03:29:17,730 [DEBUG] PredPreyGrassEnv.env-7d764eb7: event=StepSummary | env_id=env-7d764eb7 | step=778 | current_step=778 | terminated_agents=[] | truncated_agents=[] | remaining_agents=19 | reward_preview={prey_1:-0.001, predator_6:-0.001, prey_5:-0.001, predator_5:-0.001, prey_0:-0.001} | info_preview={}
2025-11-23 03:29:17,740 [DEBUG] PredPreyGrassEnv.env-7d764eb7: event=StepBegin | env_id=env-7d764eb7 | step=779 | incoming_actions=['prey_1', 'prey_5', 'prey_0', 'prey_18', 'prey_14', ...] | active_agents=19 | current_step=779
2025-11-23 03:29:17,743 [DEBUG] PredPreyGrassEnv.env-7d764eb7: event=StepSummary | env_id=env-7d764eb7 | step=779 | current_step=779 | terminated_agents=[] | truncated_agents=[] | remaining_agents=19 | reward_preview={prey_1:-0.001, predator_6:-0.001, prey_5:-0.001, predator_5:-0.001, prey_0:-0.001} | info_preview={}
2025-11-23 03:29:17,753 [DEBUG] PredPreyGrassEnv.env-7d764eb7: event=StepBegin | env_id=env-7d764eb7 | step=780 | incoming_actions=['prey_1', 'prey_5', 'prey_0', 'prey_18', 'prey_14', ...] | active_agents=19 | current_step=780
2025-11-23 03:29:17,756 [DEBUG] PredPreyGrassEnv.env-7d764eb7: event=StepSummary | env_id=env-7d764eb7 | step=780 | current_step=780 | terminated_agents=[] | truncated_agents=[] | remaining_agents=19 | reward_preview={prey_1:-0.001, predator_6:-0.001, prey_5:-0.001, predator_5:-0.001, prey_0:-0.001} | info_preview={}
2025-11-23 03:29:17,767 [DEBUG] PredPreyGrassEnv.env-7d764eb7: event=StepBegin | env_id=env-7d764eb7 | step=781 | incoming_actions=['prey_1', 'prey_5', 'prey_0', 'prey_18', 'prey_14', ...] | active_agents=19 | current_step=781
2025-11-23 03:29:17,769 [DEBUG] PredPreyGrassEnv.env-7d764eb7: event=StepSummary | env_id=env-7d764eb7 | step=781 | current_step=781 | terminated_agents=[] | truncated_agents=[] | remaining_agents=19 | reward_preview={prey_1:-0.001, predator_6:-0.001, prey_5:-0.001, predator_5:-0.001, prey_0:-0.001} | info_preview={}
2025-11-23 03:29:17,779 [DEBUG] PredPreyGrassEnv.env-7d764eb7: event=StepBegin | env_id=env-7d764eb7 | step=782 | incoming_actions=['prey_1', 'prey_5', 'prey_0', 'prey_18', 'prey_14', ...] | active_agents=19 | current_step=782
2025-11-23 03:29:17,782 [DEBUG] PredPreyGrassEnv.env-7d764eb7: event=StepSummary | env_id=env-7d764eb7 | step=782 | current_step=782 | terminated_agents=[] | truncated_agents=[] | remaining_agents=19 | reward_preview={prey_1:-0.001, predator_6:-0.001, prey_5:-0.001, predator_5:-0.001, prey_0:-0.001} | info_preview={}
2025-11-23 03:29:17,792 [DEBUG] PredPreyGrassEnv.env-7d764eb7: event=StepBegin | env_id=env-7d764eb7 | step=783 | incoming_actions=['prey_1', 'prey_5', 'prey_0', 'prey_18', 'prey_14', ...] | active_agents=19 | current_step=783
2025-11-23 03:29:17,795 [DEBUG] PredPreyGrassEnv.env-7d764eb7: event=StepSummary | env_id=env-7d764eb7 | step=783 | current_step=783 | terminated_agents=[] | truncated_agents=[] | remaining_agents=19 | reward_preview={prey_1:-0.001, predator_6:-0.001, prey_5:-0.001, predator_5:-0.001, prey_0:-0.001} | info_preview={}
2025-11-23 03:29:17,805 [DEBUG] PredPreyGrassEnv.env-7d764eb7: event=StepBegin | env_id=env-7d764eb7 | step=784 | incoming_actions=['prey_1', 'prey_5', 'prey_0', 'prey_18', 'prey_14', ...] | active_agents=19 | current_step=784
2025-11-23 03:29:17,808 [DEBUG] PredPreyGrassEnv.env-7d764eb7: event=StepSummary | env_id=env-7d764eb7 | step=784 | current_step=784 | terminated_agents=[] | truncated_agents=[] | remaining_agents=19 | reward_preview={prey_1:-0.001, predator_6:-0.001, prey_5:-0.001, predator_5:-0.001, prey_0:-0.001} | info_preview={}
2025-11-23 03:29:17,818 [DEBUG] PredPreyGrassEnv.env-7d764eb7: event=StepBegin | env_id=env-7d764eb7 | step=785 | incoming_actions=['prey_1', 'prey_5', 'prey_0', 'prey_18', 'prey_14', ...] | active_agents=19 | current_step=785
2025-11-23 03:29:17,821 [DEBUG] PredPreyGrassEnv.env-7d764eb7: event=StepSummary | env_id=env-7d764eb7 | step=785 | current_step=785 | terminated_agents=[] | truncated_agents=[] | remaining_agents=19 | reward_preview={prey_1:-0.001, predator_6:-0.001, prey_5:-0.001, predator_5:-0.001, prey_0:-0.001} | info_preview={}
2025-11-23 03:29:17,831 [DEBUG] PredPreyGrassEnv.env-7d764eb7: event=StepBegin | env_id=env-7d764eb7 | step=786 | incoming_actions=['prey_1', 'prey_5', 'prey_0', 'prey_18', 'prey_14', ...] | active_agents=19 | current_step=786
2025-11-23 03:29:17,834 [DEBUG] PredPreyGrassEnv.env-7d764eb7: event=StepSummary | env_id=env-7d764eb7 | step=786 | current_step=786 | terminated_agents=[] | truncated_agents=[] | remaining_agents=19 | reward_preview={prey_1:-0.001, predator_6:-0.001, prey_5:-0.001, predator_5:-0.001, prey_0:-0.001} | info_preview={}
2025-11-23 03:29:17,844 [DEBUG] PredPreyGrassEnv.env-7d764eb7: event=StepBegin | env_id=env-7d764eb7 | step=787 | incoming_actions=['prey_1', 'prey_5', 'prey_0', 'prey_18', 'prey_14', ...] | active_agents=19 | current_step=787
2025-11-23 03:29:17,847 [DEBUG] PredPreyGrassEnv.env-7d764eb7: event=StepSummary | env_id=env-7d764eb7 | step=787 | current_step=787 | terminated_agents=[] | truncated_agents=[] | remaining_agents=19 | reward_preview={prey_1:-0.001, predator_6:-0.001, prey_5:-0.001, predator_5:-0.001, prey_0:-0.001} | info_preview={}
2025-11-23 03:29:17,857 [DEBUG] PredPreyGrassEnv.env-7d764eb7: event=StepBegin | env_id=env-7d764eb7 | step=788 | incoming_actions=['prey_1', 'prey_5', 'prey_0', 'prey_18', 'prey_14', ...] | active_agents=19 | current_step=788
2025-11-23 03:29:17,860 [DEBUG] PredPreyGrassEnv.env-7d764eb7: event=StepSummary | env_id=env-7d764eb7 | step=788 | current_step=788 | terminated_agents=[] | truncated_agents=[] | remaining_agents=19 | reward_preview={prey_1:-0.001, predator_6:-0.001, prey_5:-0.001, predator_5:-0.001, prey_0:-0.001} | info_preview={}
2025-11-23 03:29:17,870 [DEBUG] PredPreyGrassEnv.env-7d764eb7: event=StepBegin | env_id=env-7d764eb7 | step=789 | incoming_actions=['prey_1', 'prey_5', 'prey_0', 'prey_18', 'prey_14', ...] | active_agents=19 | current_step=789
2025-11-23 03:29:17,873 [DEBUG] PredPreyGrassEnv.env-7d764eb7: event=StepSummary | env_id=env-7d764eb7 | step=789 | current_step=789 | terminated_agents=[] | truncated_agents=[] | remaining_agents=19 | reward_preview={prey_1:-0.001, predator_6:-0.001, prey_5:-0.001, predator_5:-0.001, prey_0:-0.001} | info_preview={}
2025-11-23 03:29:17,882 [DEBUG] PredPreyGrassEnv.env-7d764eb7: event=StepBegin | env_id=env-7d764eb7 | step=790 | incoming_actions=['prey_1', 'prey_5', 'prey_0', 'prey_18', 'prey_14', ...] | active_agents=19 | current_step=790
2025-11-23 03:29:17,885 [DEBUG] PredPreyGrassEnv.env-7d764eb7: event=StepSummary | env_id=env-7d764eb7 | step=790 | current_step=790 | terminated_agents=[] | truncated_agents=[] | remaining_agents=19 | reward_preview={prey_1:-0.001, predator_6:-0.001, prey_5:-0.001, predator_5:-0.001, prey_0:-0.001} | info_preview={}
2025-11-23 03:29:17,895 [DEBUG] PredPreyGrassEnv.env-7d764eb7: event=StepBegin | env_id=env-7d764eb7 | step=791 | incoming_actions=['prey_1', 'prey_5', 'prey_0', 'prey_18', 'prey_14', ...] | active_agents=19 | current_step=791
2025-11-23 03:29:17,898 [DEBUG] PredPreyGrassEnv.env-7d764eb7: event=PreyAteGrass | env_id=env-7d764eb7 | step=791 | prey='prey_18' | grass='grass_16' | prey_position=[126.62439796746023, 320.44853859748633] | grass_energy=10.0 | energy_gained=9.0 | prey_energy=68.13699788412039
2025-11-23 03:29:17,898 [DEBUG] PredPreyGrassEnv.env-7d764eb7: event=StepSummary | env_id=env-7d764eb7 | step=791 | current_step=791 | terminated_agents=[] | truncated_agents=[] | remaining_agents=19 | reward_preview={prey_1:-0.001, predator_6:-0.001, prey_5:-0.001, predator_5:-0.001, prey_0:-0.001} | info_preview={}
2025-11-23 03:29:17,909 [DEBUG] PredPreyGrassEnv.env-7d764eb7: event=StepBegin | env_id=env-7d764eb7 | step=792 | incoming_actions=['prey_1', 'prey_5', 'prey_0', 'prey_18', 'prey_14', ...] | active_agents=19 | current_step=792
2025-11-23 03:29:17,912 [DEBUG] PredPreyGrassEnv.env-7d764eb7: event=StepSummary | env_id=env-7d764eb7 | step=792 | current_step=792 | terminated_agents=[] | truncated_agents=[] | remaining_agents=19 | reward_preview={prey_1:-0.001, predator_6:-0.001, prey_5:-0.001, predator_5:-0.001, prey_0:-0.001} | info_preview={}
2025-11-23 03:29:17,922 [DEBUG] PredPreyGrassEnv.env-7d764eb7: event=StepBegin | env_id=env-7d764eb7 | step=793 | incoming_actions=['prey_1', 'prey_5', 'prey_0', 'prey_18', 'prey_14', ...] | active_agents=19 | current_step=793
2025-11-23 03:29:17,925 [DEBUG] PredPreyGrassEnv.env-7d764eb7: event=StepSummary | env_id=env-7d764eb7 | step=793 | current_step=793 | terminated_agents=[] | truncated_agents=[] | remaining_agents=19 | reward_preview={prey_1:-0.001, predator_6:-0.001, prey_5:-0.001, predator_5:-0.001, prey_0:-0.001} | info_preview={}
2025-11-23 03:29:17,935 [DEBUG] PredPreyGrassEnv.env-7d764eb7: event=StepBegin | env_id=env-7d764eb7 | step=794 | incoming_actions=['prey_1', 'prey_5', 'prey_0', 'prey_18', 'prey_14', ...] | active_agents=19 | current_step=794
2025-11-23 03:29:17,938 [DEBUG] PredPreyGrassEnv.env-7d764eb7: event=StepSummary | env_id=env-7d764eb7 | step=794 | current_step=794 | terminated_agents=[] | truncated_agents=[] | remaining_agents=19 | reward_preview={prey_1:-0.001, predator_6:-0.001, prey_5:-0.001, predator_5:-0.001, prey_0:-0.001} | info_preview={}
2025-11-23 03:29:17,949 [DEBUG] PredPreyGrassEnv.env-7d764eb7: event=StepBegin | env_id=env-7d764eb7 | step=795 | incoming_actions=['prey_1', 'prey_5', 'prey_0', 'prey_18', 'prey_14', ...] | active_agents=19 | current_step=795
2025-11-23 03:29:17,952 [DEBUG] PredPreyGrassEnv.env-7d764eb7: event=StepSummary | env_id=env-7d764eb7 | step=795 | current_step=795 | terminated_agents=[] | truncated_agents=[] | remaining_agents=19 | reward_preview={prey_1:-0.001, predator_6:-0.001, prey_5:-0.001, predator_5:-0.001, prey_0:-0.001} | info_preview={}
2025-11-23 03:29:17,963 [DEBUG] PredPreyGrassEnv.env-7d764eb7: event=StepBegin | env_id=env-7d764eb7 | step=796 | incoming_actions=['prey_1', 'prey_5', 'prey_0', 'prey_18', 'prey_14', ...] | active_agents=19 | current_step=796
2025-11-23 03:29:17,966 [DEBUG] PredPreyGrassEnv.env-7d764eb7: event=StepSummary | env_id=env-7d764eb7 | step=796 | current_step=796 | terminated_agents=[] | truncated_agents=[] | remaining_agents=19 | reward_preview={prey_1:-0.001, predator_6:-0.001, prey_5:-0.001, predator_5:-0.001, prey_0:-0.001} | info_preview={}
2025-11-23 03:29:17,977 [DEBUG] PredPreyGrassEnv.env-7d764eb7: event=StepBegin | env_id=env-7d764eb7 | step=797 | incoming_actions=['prey_1', 'prey_5', 'prey_0', 'prey_18', 'prey_14', ...] | active_agents=19 | current_step=797
2025-11-23 03:29:17,980 [DEBUG] PredPreyGrassEnv.env-7d764eb7: event=StepSummary | env_id=env-7d764eb7 | step=797 | current_step=797 | terminated_agents=[] | truncated_agents=[] | remaining_agents=19 | reward_preview={prey_1:-0.001, predator_6:-0.001, prey_5:-0.001, predator_5:-0.001, prey_0:-0.001} | info_preview={}
2025-11-23 03:29:17,996 [DEBUG] PredPreyGrassEnv.env-7d764eb7: event=StepBegin | env_id=env-7d764eb7 | step=798 | incoming_actions=['prey_1', 'prey_5', 'prey_0', 'prey_18', 'prey_14', ...] | active_agents=19 | current_step=798
2025-11-23 03:29:18,001 [DEBUG] PredPreyGrassEnv.env-7d764eb7: event=StepSummary | env_id=env-7d764eb7 | step=798 | current_step=798 | terminated_agents=[] | truncated_agents=[] | remaining_agents=19 | reward_preview={prey_1:-0.001, predator_6:-0.001, prey_5:-0.001, predator_5:-0.001, prey_0:-0.001} | info_preview={}
2025-11-23 03:29:18,014 [DEBUG] PredPreyGrassEnv.env-7d764eb7: event=StepBegin | env_id=env-7d764eb7 | step=799 | incoming_actions=['prey_1', 'prey_5', 'prey_0', 'prey_18', 'prey_14', ...] | active_agents=19 | current_step=799
2025-11-23 03:29:18,018 [DEBUG] PredPreyGrassEnv.env-7d764eb7: event=StepSummary | env_id=env-7d764eb7 | step=799 | current_step=799 | terminated_agents=[] | truncated_agents=[] | remaining_agents=19 | reward_preview={prey_1:-0.001, predator_6:-0.001, prey_5:-0.001, predator_5:-0.001, prey_0:-0.001} | info_preview={}
2025-11-23 03:29:18,030 [DEBUG] PredPreyGrassEnv.env-7d764eb7: event=StepBegin | env_id=env-7d764eb7 | step=800 | incoming_actions=['prey_1', 'prey_5', 'prey_0', 'prey_18', 'prey_14', ...] | active_agents=19 | current_step=800
2025-11-23 03:29:18,030 [INFO] PredPreyGrassEnv.env-7d764eb7: event=MaxStepsReached | env_id=env-7d764eb7 | step=800 | current_step=800 | max_steps=800 | active_agents=19
2025-11-23 03:29:18,706 [INFO] PredPreyGrassEnv.env-7d764eb7: event=ResetBegin | env_id=env-7d764eb7 | step=800 | seed=None | options=None | enable_continuous_space=True | n_possible_predators=20000 | n_possible_prey=20000
2025-11-23 03:29:18,710 [DEBUG] PredPreyGrassEnv.env-7d764eb7: event=ResetPositionsGenerated | env_id=env-7d764eb7 | step=0 | predator_samples=[[13.248789324835426, 744.071127075158], [631.3138253424747, 31.355221254071626], [195.50755159247996, 761.4247817729465]] | prey_samples=[[214.8746781586479, 689.2359926730328], [395.33587294164727, 231.870714281696], [215.07726348539722, 135.34619545975366]] | grass_samples=[[44.562168082538676, 238.97903666674173], [339.0557353069975, 667.859668460074], [738.4626864981249, 82.45341241417053]] | total_entities=125
2025-11-23 03:29:18,715 [INFO] PredPreyGrassEnv.env-7d764eb7: event=ResetComplete | env_id=env-7d764eb7 | step=0 | predator_count=5 | prey_count=20 | grass_count=100 | predator_samples=[['predator_0', [13.248789324835426, 744.071127075158]], ['predator_1', [631.3138253424747, 31.355221254071626]], ['predator_2', [195.50755159247996, 761.4247817729465]]] | prey_samples=[['prey_0', [214.8746781586479, 689.2359926730328]], ['prey_1', [395.33587294164727, 231.870714281696]], ['prey_2', [215.07726348539722, 135.34619545975366]]] | grass_samples=[['grass_0', [44.562168082538676, 238.97903666674173]], ['grass_1', [339.0557353069975, 667.859668460074]], ['grass_2', [738.4626864981249, 82.45341241417053]]]
2025-11-23 03:29:19,411 [DEBUG] PredPreyGrassEnv.env-7d764eb7: event=StepBegin | env_id=env-7d764eb7 | step=0 | incoming_actions=['predator_0', 'predator_1', 'predator_2', 'predator_3', 'predator_4', ...] | active_agents=25 | current_step=0
2025-11-23 03:29:19,416 [DEBUG] PredPreyGrassEnv.env-7d764eb7: event=StepSummary | env_id=env-7d764eb7 | step=0 | current_step=0 | terminated_agents=[] | truncated_agents=[] | remaining_agents=25 | reward_preview={prey_1:-0.001, prey_3:-0.001, prey_5:-0.001, prey_0:-0.001, predator_4:-0.001} | info_preview={}
