2025-11-23 03:28:59,169 [INFO] PredPreyGrassEnv.env-0c8aa43e: event=logger_initialised | env_id=env-0c8aa43e | log_path=logs/run_20251123_032851/envs/predpreygrass_env_1358083_env-0c8aa43e.log | level=DEBUG
2025-11-23 03:28:59,176 [INFO] PredPreyGrassEnv.env-0c8aa43e: event=InitComplete | env_id=env-0c8aa43e | step=NA | enable_continuous_space=True | world_size=[800, 800] | grid_size=10 | possible_agents=40000 | initial_agents=25 | max_steps=800 | action_space_type='continuous' | log_path='logs/run_20251123_032851/envs/predpreygrass_env_1358083_env-0c8aa43e.log'
2025-11-23 03:29:02,044 [INFO] PredPreyGrassEnv.env-0c8aa43e: event=ResetBegin | env_id=env-0c8aa43e | step=NA | seed=None | options=None | enable_continuous_space=True | n_possible_predators=20000 | n_possible_prey=20000
2025-11-23 03:29:02,050 [DEBUG] PredPreyGrassEnv.env-0c8aa43e: event=ResetPositionsGenerated | env_id=env-0c8aa43e | step=0 | predator_samples=[[169.84927960442408, 250.02417924121596], [122.28543935318173, 426.9394387098328], [622.3320646398296, 607.6928320671177]] | prey_samples=[[278.09287797148136, 182.6331877055972], [209.0784950924314, 767.1329274645678], [95.70778000367898, 778.5988599038634]] | grass_samples=[[347.02113525710894, 589.7831887544469], [525.0459968442664, 212.98034688832513], [614.9387950870429, 481.90521109032534]] | total_entities=125
2025-11-23 03:29:02,057 [INFO] PredPreyGrassEnv.env-0c8aa43e: event=ResetComplete | env_id=env-0c8aa43e | step=0 | predator_count=5 | prey_count=20 | grass_count=100 | predator_samples=[['predator_0', [169.84927960442408, 250.02417924121596]], ['predator_1', [122.28543935318173, 426.9394387098328]], ['predator_2', [622.3320646398296, 607.6928320671177]]] | prey_samples=[['prey_0', [278.09287797148136, 182.6331877055972]], ['prey_1', [209.0784950924314, 767.1329274645678]], ['prey_2', [95.70778000367898, 778.5988599038634]]] | grass_samples=[['grass_0', [347.02113525710894, 589.7831887544469]], ['grass_1', [525.0459968442664, 212.98034688832513]], ['grass_2', [614.9387950870429, 481.90521109032534]]]
2025-11-23 03:29:02,079 [DEBUG] PredPreyGrassEnv.env-0c8aa43e: event=StepBegin | env_id=env-0c8aa43e | step=0 | incoming_actions=['predator_0', 'predator_1', 'predator_2', 'predator_3', 'predator_4', ...] | active_agents=25 | current_step=0
2025-11-23 03:29:02,084 [DEBUG] PredPreyGrassEnv.env-0c8aa43e: event=StepSummary | env_id=env-0c8aa43e | step=0 | current_step=0 | terminated_agents=[] | truncated_agents=[] | remaining_agents=25 | reward_preview={prey_9:-0.001, predator_2:-0.001, predator_4:-0.001, prey_14:-0.001, prey_17:-0.001} | info_preview={}
2025-11-23 03:29:02,096 [DEBUG] PredPreyGrassEnv.env-0c8aa43e: event=StepBegin | env_id=env-0c8aa43e | step=1 | incoming_actions=['prey_9', 'prey_14', 'prey_17', 'prey_13', 'prey_18', ...] | active_agents=25 | current_step=1
2025-11-23 03:29:02,100 [DEBUG] PredPreyGrassEnv.env-0c8aa43e: event=PreyAteGrass | env_id=env-0c8aa43e | step=1 | prey='prey_3' | grass='grass_18' | prey_position=[507.2201023035294, 343.7338297853709] | grass_energy=10.0 | energy_gained=9.0 | prey_energy=148.95831469708114
2025-11-23 03:29:02,102 [DEBUG] PredPreyGrassEnv.env-0c8aa43e: event=StepSummary | env_id=env-0c8aa43e | step=1 | current_step=1 | terminated_agents=[] | truncated_agents=[] | remaining_agents=25 | reward_preview={prey_9:-0.001, predator_2:-0.001, predator_4:-0.001, prey_14:-0.001, prey_17:-0.001} | info_preview={}
2025-11-23 03:29:02,114 [DEBUG] PredPreyGrassEnv.env-0c8aa43e: event=StepBegin | env_id=env-0c8aa43e | step=2 | incoming_actions=['prey_9', 'prey_14', 'prey_17', 'prey_13', 'prey_18', ...] | active_agents=25 | current_step=2
2025-11-23 03:29:02,119 [DEBUG] PredPreyGrassEnv.env-0c8aa43e: event=StepSummary | env_id=env-0c8aa43e | step=2 | current_step=2 | terminated_agents=[] | truncated_agents=[] | remaining_agents=25 | reward_preview={prey_9:-0.001, predator_2:-0.001, predator_4:-0.001, prey_14:-0.001, prey_17:-0.001} | info_preview={}
2025-11-23 03:29:02,135 [DEBUG] PredPreyGrassEnv.env-0c8aa43e: event=StepBegin | env_id=env-0c8aa43e | step=3 | incoming_actions=['prey_9', 'prey_14', 'prey_17', 'prey_13', 'prey_18', ...] | active_agents=25 | current_step=3
2025-11-23 03:29:02,140 [DEBUG] PredPreyGrassEnv.env-0c8aa43e: event=StepSummary | env_id=env-0c8aa43e | step=3 | current_step=3 | terminated_agents=[] | truncated_agents=[] | remaining_agents=25 | reward_preview={prey_9:-0.001, predator_2:-0.001, predator_4:-0.001, prey_14:-0.001, prey_17:-0.001} | info_preview={}
2025-11-23 03:29:02,155 [DEBUG] PredPreyGrassEnv.env-0c8aa43e: event=StepBegin | env_id=env-0c8aa43e | step=4 | incoming_actions=['prey_9', 'prey_14', 'prey_17', 'prey_13', 'prey_18', ...] | active_agents=25 | current_step=4
2025-11-23 03:29:02,160 [DEBUG] PredPreyGrassEnv.env-0c8aa43e: event=StepSummary | env_id=env-0c8aa43e | step=4 | current_step=4 | terminated_agents=[] | truncated_agents=[] | remaining_agents=25 | reward_preview={prey_9:-0.001, predator_2:-0.001, predator_4:-0.001, prey_14:-0.001, prey_17:-0.001} | info_preview={}
2025-11-23 03:29:02,171 [DEBUG] PredPreyGrassEnv.env-0c8aa43e: event=StepBegin | env_id=env-0c8aa43e | step=5 | incoming_actions=['prey_9', 'prey_14', 'prey_17', 'prey_13', 'prey_18', ...] | active_agents=25 | current_step=5
2025-11-23 03:29:02,174 [DEBUG] PredPreyGrassEnv.env-0c8aa43e: event=StepSummary | env_id=env-0c8aa43e | step=5 | current_step=5 | terminated_agents=[] | truncated_agents=[] | remaining_agents=25 | reward_preview={prey_9:-0.001, predator_2:-0.001, predator_4:-0.001, prey_14:-0.001, prey_17:-0.001} | info_preview={}
2025-11-23 03:29:02,185 [DEBUG] PredPreyGrassEnv.env-0c8aa43e: event=StepBegin | env_id=env-0c8aa43e | step=6 | incoming_actions=['prey_9', 'prey_14', 'prey_17', 'prey_13', 'prey_18', ...] | active_agents=25 | current_step=6
2025-11-23 03:29:02,189 [DEBUG] PredPreyGrassEnv.env-0c8aa43e: event=StepSummary | env_id=env-0c8aa43e | step=6 | current_step=6 | terminated_agents=[] | truncated_agents=[] | remaining_agents=25 | reward_preview={prey_9:-0.001, predator_2:-0.001, predator_4:-0.001, prey_14:-0.001, prey_17:-0.001} | info_preview={}
2025-11-23 03:29:02,199 [DEBUG] PredPreyGrassEnv.env-0c8aa43e: event=StepBegin | env_id=env-0c8aa43e | step=7 | incoming_actions=['prey_9', 'prey_14', 'prey_17', 'prey_13', 'prey_18', ...] | active_agents=25 | current_step=7
2025-11-23 03:29:02,203 [DEBUG] PredPreyGrassEnv.env-0c8aa43e: event=StepSummary | env_id=env-0c8aa43e | step=7 | current_step=7 | terminated_agents=[] | truncated_agents=[] | remaining_agents=25 | reward_preview={prey_9:-0.001, predator_2:-0.001, predator_4:-0.001, prey_14:-0.001, prey_17:-0.001} | info_preview={}
2025-11-23 03:29:02,213 [DEBUG] PredPreyGrassEnv.env-0c8aa43e: event=StepBegin | env_id=env-0c8aa43e | step=8 | incoming_actions=['prey_9', 'prey_14', 'prey_17', 'prey_13', 'prey_18', ...] | active_agents=25 | current_step=8
2025-11-23 03:29:02,217 [DEBUG] PredPreyGrassEnv.env-0c8aa43e: event=StepSummary | env_id=env-0c8aa43e | step=8 | current_step=8 | terminated_agents=[] | truncated_agents=[] | remaining_agents=25 | reward_preview={prey_9:-0.001, predator_2:-0.001, predator_4:-0.001, prey_14:-0.001, prey_17:-0.001} | info_preview={}
2025-11-23 03:29:02,228 [DEBUG] PredPreyGrassEnv.env-0c8aa43e: event=StepBegin | env_id=env-0c8aa43e | step=9 | incoming_actions=['prey_9', 'prey_14', 'prey_17', 'prey_13', 'prey_18', ...] | active_agents=25 | current_step=9
2025-11-23 03:29:02,232 [DEBUG] PredPreyGrassEnv.env-0c8aa43e: event=StepSummary | env_id=env-0c8aa43e | step=9 | current_step=9 | terminated_agents=[] | truncated_agents=[] | remaining_agents=25 | reward_preview={prey_9:-0.001, predator_2:-0.001, predator_4:-0.001, prey_14:-0.001, prey_17:-0.001} | info_preview={}
2025-11-23 03:29:02,242 [DEBUG] PredPreyGrassEnv.env-0c8aa43e: event=StepBegin | env_id=env-0c8aa43e | step=10 | incoming_actions=['prey_9', 'prey_14', 'prey_17', 'prey_13', 'prey_18', ...] | active_agents=25 | current_step=10
2025-11-23 03:29:02,246 [DEBUG] PredPreyGrassEnv.env-0c8aa43e: event=StepSummary | env_id=env-0c8aa43e | step=10 | current_step=10 | terminated_agents=[] | truncated_agents=[] | remaining_agents=25 | reward_preview={prey_9:-0.001, predator_2:-0.001, predator_4:-0.001, prey_14:-0.001, prey_17:-0.001} | info_preview={}
2025-11-23 03:29:02,257 [DEBUG] PredPreyGrassEnv.env-0c8aa43e: event=StepBegin | env_id=env-0c8aa43e | step=11 | incoming_actions=['prey_9', 'prey_14', 'prey_17', 'prey_13', 'prey_18', ...] | active_agents=25 | current_step=11
2025-11-23 03:29:02,261 [DEBUG] PredPreyGrassEnv.env-0c8aa43e: event=StepSummary | env_id=env-0c8aa43e | step=11 | current_step=11 | terminated_agents=[] | truncated_agents=[] | remaining_agents=25 | reward_preview={prey_9:-0.001, predator_2:-0.001, predator_4:-0.001, prey_14:-0.001, prey_17:-0.001} | info_preview={}
2025-11-23 03:29:02,272 [DEBUG] PredPreyGrassEnv.env-0c8aa43e: event=StepBegin | env_id=env-0c8aa43e | step=12 | incoming_actions=['prey_9', 'prey_14', 'prey_17', 'prey_13', 'prey_18', ...] | active_agents=25 | current_step=12
2025-11-23 03:29:02,276 [DEBUG] PredPreyGrassEnv.env-0c8aa43e: event=StepSummary | env_id=env-0c8aa43e | step=12 | current_step=12 | terminated_agents=[] | truncated_agents=[] | remaining_agents=25 | reward_preview={prey_9:-0.001, predator_2:-0.001, predator_4:-0.001, prey_14:-0.001, prey_17:-0.001} | info_preview={}
2025-11-23 03:29:02,287 [DEBUG] PredPreyGrassEnv.env-0c8aa43e: event=StepBegin | env_id=env-0c8aa43e | step=13 | incoming_actions=['prey_9', 'prey_14', 'prey_17', 'prey_13', 'prey_18', ...] | active_agents=25 | current_step=13
2025-11-23 03:29:02,291 [DEBUG] PredPreyGrassEnv.env-0c8aa43e: event=StepSummary | env_id=env-0c8aa43e | step=13 | current_step=13 | terminated_agents=[] | truncated_agents=[] | remaining_agents=25 | reward_preview={prey_9:-0.001, predator_2:-0.001, predator_4:-0.001, prey_14:-0.001, prey_17:-0.001} | info_preview={}
2025-11-23 03:29:02,301 [DEBUG] PredPreyGrassEnv.env-0c8aa43e: event=StepBegin | env_id=env-0c8aa43e | step=14 | incoming_actions=['prey_9', 'prey_14', 'prey_17', 'prey_13', 'prey_18', ...] | active_agents=25 | current_step=14
2025-11-23 03:29:02,305 [DEBUG] PredPreyGrassEnv.env-0c8aa43e: event=StepSummary | env_id=env-0c8aa43e | step=14 | current_step=14 | terminated_agents=[] | truncated_agents=[] | remaining_agents=25 | reward_preview={prey_9:-0.001, predator_2:-0.001, predator_4:-0.001, prey_14:-0.001, prey_17:-0.001} | info_preview={}
2025-11-23 03:29:02,316 [DEBUG] PredPreyGrassEnv.env-0c8aa43e: event=StepBegin | env_id=env-0c8aa43e | step=15 | incoming_actions=['prey_9', 'prey_14', 'prey_17', 'prey_13', 'prey_18', ...] | active_agents=25 | current_step=15
2025-11-23 03:29:02,320 [DEBUG] PredPreyGrassEnv.env-0c8aa43e: event=StepSummary | env_id=env-0c8aa43e | step=15 | current_step=15 | terminated_agents=[] | truncated_agents=[] | remaining_agents=25 | reward_preview={prey_9:-0.001, predator_2:-0.001, predator_4:-0.001, prey_14:-0.001, prey_17:-0.001} | info_preview={}
2025-11-23 03:29:02,331 [DEBUG] PredPreyGrassEnv.env-0c8aa43e: event=StepBegin | env_id=env-0c8aa43e | step=16 | incoming_actions=['prey_9', 'prey_14', 'prey_17', 'prey_13', 'prey_18', ...] | active_agents=25 | current_step=16
2025-11-23 03:29:02,335 [DEBUG] PredPreyGrassEnv.env-0c8aa43e: event=StepSummary | env_id=env-0c8aa43e | step=16 | current_step=16 | terminated_agents=[] | truncated_agents=[] | remaining_agents=25 | reward_preview={prey_9:-0.001, predator_2:-0.001, predator_4:-0.001, prey_14:-0.001, prey_17:-0.001} | info_preview={}
2025-11-23 03:29:02,346 [DEBUG] PredPreyGrassEnv.env-0c8aa43e: event=StepBegin | env_id=env-0c8aa43e | step=17 | incoming_actions=['prey_9', 'prey_14', 'prey_17', 'prey_13', 'prey_18', ...] | active_agents=25 | current_step=17
2025-11-23 03:29:02,350 [DEBUG] PredPreyGrassEnv.env-0c8aa43e: event=StepSummary | env_id=env-0c8aa43e | step=17 | current_step=17 | terminated_agents=[] | truncated_agents=[] | remaining_agents=25 | reward_preview={prey_9:-0.001, predator_2:-0.001, predator_4:-0.001, prey_14:-0.001, prey_17:-0.001} | info_preview={}
2025-11-23 03:29:02,360 [DEBUG] PredPreyGrassEnv.env-0c8aa43e: event=StepBegin | env_id=env-0c8aa43e | step=18 | incoming_actions=['prey_9', 'prey_14', 'prey_17', 'prey_13', 'prey_18', ...] | active_agents=25 | current_step=18
2025-11-23 03:29:02,364 [DEBUG] PredPreyGrassEnv.env-0c8aa43e: event=StepSummary | env_id=env-0c8aa43e | step=18 | current_step=18 | terminated_agents=[] | truncated_agents=[] | remaining_agents=25 | reward_preview={prey_9:-0.001, predator_2:-0.001, predator_4:-0.001, prey_14:-0.001, prey_17:-0.001} | info_preview={}
2025-11-23 03:29:02,375 [DEBUG] PredPreyGrassEnv.env-0c8aa43e: event=StepBegin | env_id=env-0c8aa43e | step=19 | incoming_actions=['prey_9', 'prey_14', 'prey_17', 'prey_13', 'prey_18', ...] | active_agents=25 | current_step=19
2025-11-23 03:29:02,379 [DEBUG] PredPreyGrassEnv.env-0c8aa43e: event=StepSummary | env_id=env-0c8aa43e | step=19 | current_step=19 | terminated_agents=[] | truncated_agents=[] | remaining_agents=25 | reward_preview={prey_9:-0.001, predator_2:-0.001, predator_4:-0.001, prey_14:-0.001, prey_17:-0.001} | info_preview={}
2025-11-23 03:29:02,390 [DEBUG] PredPreyGrassEnv.env-0c8aa43e: event=StepBegin | env_id=env-0c8aa43e | step=20 | incoming_actions=['prey_9', 'prey_14', 'prey_17', 'prey_13', 'prey_18', ...] | active_agents=25 | current_step=20
2025-11-23 03:29:02,394 [DEBUG] PredPreyGrassEnv.env-0c8aa43e: event=StepSummary | env_id=env-0c8aa43e | step=20 | current_step=20 | terminated_agents=[] | truncated_agents=[] | remaining_agents=25 | reward_preview={prey_9:-0.001, predator_2:-0.001, predator_4:-0.001, prey_14:-0.001, prey_17:-0.001} | info_preview={}
2025-11-23 03:29:02,406 [DEBUG] PredPreyGrassEnv.env-0c8aa43e: event=StepBegin | env_id=env-0c8aa43e | step=21 | incoming_actions=['prey_9', 'prey_14', 'prey_17', 'prey_13', 'prey_18', ...] | active_agents=25 | current_step=21
2025-11-23 03:29:02,410 [DEBUG] PredPreyGrassEnv.env-0c8aa43e: event=StepSummary | env_id=env-0c8aa43e | step=21 | current_step=21 | terminated_agents=[] | truncated_agents=[] | remaining_agents=25 | reward_preview={prey_9:-0.001, predator_2:-0.001, predator_4:-0.001, prey_14:-0.001, prey_17:-0.001} | info_preview={}
2025-11-23 03:29:02,421 [DEBUG] PredPreyGrassEnv.env-0c8aa43e: event=StepBegin | env_id=env-0c8aa43e | step=22 | incoming_actions=['prey_9', 'prey_14', 'prey_17', 'prey_13', 'prey_18', ...] | active_agents=25 | current_step=22
2025-11-23 03:29:02,425 [DEBUG] PredPreyGrassEnv.env-0c8aa43e: event=StepSummary | env_id=env-0c8aa43e | step=22 | current_step=22 | terminated_agents=[] | truncated_agents=[] | remaining_agents=25 | reward_preview={prey_9:-0.001, predator_2:-0.001, predator_4:-0.001, prey_14:-0.001, prey_17:-0.001} | info_preview={}
2025-11-23 03:29:02,437 [DEBUG] PredPreyGrassEnv.env-0c8aa43e: event=StepBegin | env_id=env-0c8aa43e | step=23 | incoming_actions=['prey_9', 'prey_14', 'prey_17', 'prey_13', 'prey_18', ...] | active_agents=25 | current_step=23
2025-11-23 03:29:02,441 [DEBUG] PredPreyGrassEnv.env-0c8aa43e: event=StepSummary | env_id=env-0c8aa43e | step=23 | current_step=23 | terminated_agents=[] | truncated_agents=[] | remaining_agents=25 | reward_preview={prey_9:-0.001, predator_2:-0.001, predator_4:-0.001, prey_14:-0.001, prey_17:-0.001} | info_preview={}
2025-11-23 03:29:02,453 [DEBUG] PredPreyGrassEnv.env-0c8aa43e: event=StepBegin | env_id=env-0c8aa43e | step=24 | incoming_actions=['prey_9', 'prey_14', 'prey_17', 'prey_13', 'prey_18', ...] | active_agents=25 | current_step=24
2025-11-23 03:29:02,458 [DEBUG] PredPreyGrassEnv.env-0c8aa43e: event=StepSummary | env_id=env-0c8aa43e | step=24 | current_step=24 | terminated_agents=[] | truncated_agents=[] | remaining_agents=25 | reward_preview={prey_9:-0.001, predator_2:-0.001, predator_4:-0.001, prey_14:-0.001, prey_17:-0.001} | info_preview={}
2025-11-23 03:29:02,470 [DEBUG] PredPreyGrassEnv.env-0c8aa43e: event=StepBegin | env_id=env-0c8aa43e | step=25 | incoming_actions=['prey_9', 'prey_14', 'prey_17', 'prey_13', 'prey_18', ...] | active_agents=25 | current_step=25
2025-11-23 03:29:02,474 [DEBUG] PredPreyGrassEnv.env-0c8aa43e: event=StepSummary | env_id=env-0c8aa43e | step=25 | current_step=25 | terminated_agents=[] | truncated_agents=[] | remaining_agents=25 | reward_preview={prey_9:-0.001, predator_2:-0.001, predator_4:-0.001, prey_14:-0.001, prey_17:-0.001} | info_preview={}
2025-11-23 03:29:02,489 [DEBUG] PredPreyGrassEnv.env-0c8aa43e: event=StepBegin | env_id=env-0c8aa43e | step=26 | incoming_actions=['prey_9', 'prey_14', 'prey_17', 'prey_13', 'prey_18', ...] | active_agents=25 | current_step=26
2025-11-23 03:29:02,493 [DEBUG] PredPreyGrassEnv.env-0c8aa43e: event=StepSummary | env_id=env-0c8aa43e | step=26 | current_step=26 | terminated_agents=[] | truncated_agents=[] | remaining_agents=25 | reward_preview={prey_9:-0.001, predator_2:-0.001, predator_4:-0.001, prey_14:-0.001, prey_17:-0.001} | info_preview={}
2025-11-23 03:29:02,506 [DEBUG] PredPreyGrassEnv.env-0c8aa43e: event=StepBegin | env_id=env-0c8aa43e | step=27 | incoming_actions=['prey_9', 'prey_14', 'prey_17', 'prey_13', 'prey_18', ...] | active_agents=25 | current_step=27
2025-11-23 03:29:02,510 [DEBUG] PredPreyGrassEnv.env-0c8aa43e: event=StepSummary | env_id=env-0c8aa43e | step=27 | current_step=27 | terminated_agents=[] | truncated_agents=[] | remaining_agents=25 | reward_preview={prey_9:-0.001, predator_2:-0.001, predator_4:-0.001, prey_14:-0.001, prey_17:-0.001} | info_preview={}
2025-11-23 03:29:02,521 [DEBUG] PredPreyGrassEnv.env-0c8aa43e: event=StepBegin | env_id=env-0c8aa43e | step=28 | incoming_actions=['prey_9', 'prey_14', 'prey_17', 'prey_13', 'prey_18', ...] | active_agents=25 | current_step=28
2025-11-23 03:29:02,526 [DEBUG] PredPreyGrassEnv.env-0c8aa43e: event=StepSummary | env_id=env-0c8aa43e | step=28 | current_step=28 | terminated_agents=[] | truncated_agents=[] | remaining_agents=25 | reward_preview={prey_9:-0.001, predator_2:-0.001, predator_4:-0.001, prey_14:-0.001, prey_17:-0.001} | info_preview={}
2025-11-23 03:29:02,538 [DEBUG] PredPreyGrassEnv.env-0c8aa43e: event=StepBegin | env_id=env-0c8aa43e | step=29 | incoming_actions=['prey_9', 'prey_14', 'prey_17', 'prey_13', 'prey_18', ...] | active_agents=25 | current_step=29
2025-11-23 03:29:02,543 [DEBUG] PredPreyGrassEnv.env-0c8aa43e: event=StepSummary | env_id=env-0c8aa43e | step=29 | current_step=29 | terminated_agents=[] | truncated_agents=[] | remaining_agents=25 | reward_preview={prey_9:-0.001, predator_2:-0.001, predator_4:-0.001, prey_14:-0.001, prey_17:-0.001} | info_preview={}
2025-11-23 03:29:02,555 [DEBUG] PredPreyGrassEnv.env-0c8aa43e: event=StepBegin | env_id=env-0c8aa43e | step=30 | incoming_actions=['prey_9', 'prey_14', 'prey_17', 'prey_13', 'prey_18', ...] | active_agents=25 | current_step=30
2025-11-23 03:29:02,560 [DEBUG] PredPreyGrassEnv.env-0c8aa43e: event=StepSummary | env_id=env-0c8aa43e | step=30 | current_step=30 | terminated_agents=[] | truncated_agents=[] | remaining_agents=25 | reward_preview={prey_9:-0.001, predator_2:-0.001, predator_4:-0.001, prey_14:-0.001, prey_17:-0.001} | info_preview={}
2025-11-23 03:29:02,574 [DEBUG] PredPreyGrassEnv.env-0c8aa43e: event=StepBegin | env_id=env-0c8aa43e | step=31 | incoming_actions=['prey_9', 'prey_14', 'prey_17', 'prey_13', 'prey_18', ...] | active_agents=25 | current_step=31
2025-11-23 03:29:02,578 [DEBUG] PredPreyGrassEnv.env-0c8aa43e: event=StepSummary | env_id=env-0c8aa43e | step=31 | current_step=31 | terminated_agents=[] | truncated_agents=[] | remaining_agents=25 | reward_preview={prey_9:-0.001, predator_2:-0.001, predator_4:-0.001, prey_14:-0.001, prey_17:-0.001} | info_preview={}
2025-11-23 03:29:02,590 [DEBUG] PredPreyGrassEnv.env-0c8aa43e: event=StepBegin | env_id=env-0c8aa43e | step=32 | incoming_actions=['prey_9', 'prey_14', 'prey_17', 'prey_13', 'prey_18', ...] | active_agents=25 | current_step=32
2025-11-23 03:29:02,594 [DEBUG] PredPreyGrassEnv.env-0c8aa43e: event=StepSummary | env_id=env-0c8aa43e | step=32 | current_step=32 | terminated_agents=[] | truncated_agents=[] | remaining_agents=25 | reward_preview={prey_9:-0.001, predator_2:-0.001, predator_4:-0.001, prey_14:-0.001, prey_17:-0.001} | info_preview={}
2025-11-23 03:29:02,606 [DEBUG] PredPreyGrassEnv.env-0c8aa43e: event=StepBegin | env_id=env-0c8aa43e | step=33 | incoming_actions=['prey_9', 'prey_14', 'prey_17', 'prey_13', 'prey_18', ...] | active_agents=25 | current_step=33
2025-11-23 03:29:02,611 [DEBUG] PredPreyGrassEnv.env-0c8aa43e: event=StepSummary | env_id=env-0c8aa43e | step=33 | current_step=33 | terminated_agents=[] | truncated_agents=[] | remaining_agents=25 | reward_preview={prey_9:-0.001, predator_2:-0.001, predator_4:-0.001, prey_14:-0.001, prey_17:-0.001} | info_preview={}
2025-11-23 03:29:02,624 [DEBUG] PredPreyGrassEnv.env-0c8aa43e: event=StepBegin | env_id=env-0c8aa43e | step=34 | incoming_actions=['prey_9', 'prey_14', 'prey_17', 'prey_13', 'prey_18', ...] | active_agents=25 | current_step=34
2025-11-23 03:29:02,628 [DEBUG] PredPreyGrassEnv.env-0c8aa43e: event=StepSummary | env_id=env-0c8aa43e | step=34 | current_step=34 | terminated_agents=[] | truncated_agents=[] | remaining_agents=25 | reward_preview={prey_9:-0.001, predator_2:-0.001, predator_4:-0.001, prey_14:-0.001, prey_17:-0.001} | info_preview={}
2025-11-23 03:29:02,641 [DEBUG] PredPreyGrassEnv.env-0c8aa43e: event=StepBegin | env_id=env-0c8aa43e | step=35 | incoming_actions=['prey_9', 'prey_14', 'prey_17', 'prey_13', 'prey_18', ...] | active_agents=25 | current_step=35
2025-11-23 03:29:02,645 [DEBUG] PredPreyGrassEnv.env-0c8aa43e: event=StepSummary | env_id=env-0c8aa43e | step=35 | current_step=35 | terminated_agents=[] | truncated_agents=[] | remaining_agents=25 | reward_preview={prey_9:-0.001, predator_2:-0.001, predator_4:-0.001, prey_14:-0.001, prey_17:-0.001} | info_preview={}
2025-11-23 03:29:02,658 [DEBUG] PredPreyGrassEnv.env-0c8aa43e: event=StepBegin | env_id=env-0c8aa43e | step=36 | incoming_actions=['prey_9', 'prey_14', 'prey_17', 'prey_13', 'prey_18', ...] | active_agents=25 | current_step=36
2025-11-23 03:29:02,662 [DEBUG] PredPreyGrassEnv.env-0c8aa43e: event=StepSummary | env_id=env-0c8aa43e | step=36 | current_step=36 | terminated_agents=[] | truncated_agents=[] | remaining_agents=25 | reward_preview={prey_9:-0.001, predator_2:-0.001, predator_4:-0.001, prey_14:-0.001, prey_17:-0.001} | info_preview={}
2025-11-23 03:29:02,679 [DEBUG] PredPreyGrassEnv.env-0c8aa43e: event=StepBegin | env_id=env-0c8aa43e | step=37 | incoming_actions=['prey_9', 'prey_14', 'prey_17', 'prey_13', 'prey_18', ...] | active_agents=25 | current_step=37
2025-11-23 03:29:02,684 [DEBUG] PredPreyGrassEnv.env-0c8aa43e: event=StepSummary | env_id=env-0c8aa43e | step=37 | current_step=37 | terminated_agents=[] | truncated_agents=[] | remaining_agents=25 | reward_preview={prey_9:-0.001, predator_2:-0.001, predator_4:-0.001, prey_14:-0.001, prey_17:-0.001} | info_preview={}
2025-11-23 03:29:02,709 [DEBUG] PredPreyGrassEnv.env-0c8aa43e: event=StepBegin | env_id=env-0c8aa43e | step=38 | incoming_actions=['prey_9', 'prey_14', 'prey_17', 'prey_13', 'prey_18', ...] | active_agents=25 | current_step=38
2025-11-23 03:29:02,716 [DEBUG] PredPreyGrassEnv.env-0c8aa43e: event=StepSummary | env_id=env-0c8aa43e | step=38 | current_step=38 | terminated_agents=[] | truncated_agents=[] | remaining_agents=25 | reward_preview={prey_9:-0.001, predator_2:-0.001, predator_4:-0.001, prey_14:-0.001, prey_17:-0.001} | info_preview={}
2025-11-23 03:29:02,728 [DEBUG] PredPreyGrassEnv.env-0c8aa43e: event=StepBegin | env_id=env-0c8aa43e | step=39 | incoming_actions=['prey_9', 'prey_14', 'prey_17', 'prey_13', 'prey_18', ...] | active_agents=25 | current_step=39
2025-11-23 03:29:02,733 [DEBUG] PredPreyGrassEnv.env-0c8aa43e: event=StepSummary | env_id=env-0c8aa43e | step=39 | current_step=39 | terminated_agents=[] | truncated_agents=[] | remaining_agents=25 | reward_preview={prey_9:-0.001, predator_2:-0.001, predator_4:-0.001, prey_14:-0.001, prey_17:-0.001} | info_preview={}
2025-11-23 03:29:02,744 [DEBUG] PredPreyGrassEnv.env-0c8aa43e: event=StepBegin | env_id=env-0c8aa43e | step=40 | incoming_actions=['prey_9', 'prey_14', 'prey_17', 'prey_13', 'prey_18', ...] | active_agents=25 | current_step=40
2025-11-23 03:29:02,748 [DEBUG] PredPreyGrassEnv.env-0c8aa43e: event=StepSummary | env_id=env-0c8aa43e | step=40 | current_step=40 | terminated_agents=[] | truncated_agents=[] | remaining_agents=25 | reward_preview={prey_9:-0.001, predator_2:-0.001, predator_4:-0.001, prey_14:-0.001, prey_17:-0.001} | info_preview={}
2025-11-23 03:29:02,761 [DEBUG] PredPreyGrassEnv.env-0c8aa43e: event=StepBegin | env_id=env-0c8aa43e | step=41 | incoming_actions=['prey_9', 'prey_14', 'prey_17', 'prey_13', 'prey_18', ...] | active_agents=25 | current_step=41
2025-11-23 03:29:02,765 [DEBUG] PredPreyGrassEnv.env-0c8aa43e: event=StepSummary | env_id=env-0c8aa43e | step=41 | current_step=41 | terminated_agents=[] | truncated_agents=[] | remaining_agents=25 | reward_preview={prey_9:-0.001, predator_2:-0.001, predator_4:-0.001, prey_14:-0.001, prey_17:-0.001} | info_preview={}
2025-11-23 03:29:02,776 [DEBUG] PredPreyGrassEnv.env-0c8aa43e: event=StepBegin | env_id=env-0c8aa43e | step=42 | incoming_actions=['prey_9', 'prey_14', 'prey_17', 'prey_13', 'prey_18', ...] | active_agents=25 | current_step=42
2025-11-23 03:29:02,781 [DEBUG] PredPreyGrassEnv.env-0c8aa43e: event=StepSummary | env_id=env-0c8aa43e | step=42 | current_step=42 | terminated_agents=[] | truncated_agents=[] | remaining_agents=25 | reward_preview={prey_9:-0.001, predator_2:-0.001, predator_4:-0.001, prey_14:-0.001, prey_17:-0.001} | info_preview={}
2025-11-23 03:29:02,792 [DEBUG] PredPreyGrassEnv.env-0c8aa43e: event=StepBegin | env_id=env-0c8aa43e | step=43 | incoming_actions=['prey_9', 'prey_14', 'prey_17', 'prey_13', 'prey_18', ...] | active_agents=25 | current_step=43
2025-11-23 03:29:02,796 [DEBUG] PredPreyGrassEnv.env-0c8aa43e: event=StepSummary | env_id=env-0c8aa43e | step=43 | current_step=43 | terminated_agents=[] | truncated_agents=[] | remaining_agents=25 | reward_preview={prey_9:-0.001, predator_2:-0.001, predator_4:-0.001, prey_14:-0.001, prey_17:-0.001} | info_preview={}
2025-11-23 03:29:02,810 [DEBUG] PredPreyGrassEnv.env-0c8aa43e: event=StepBegin | env_id=env-0c8aa43e | step=44 | incoming_actions=['prey_9', 'prey_14', 'prey_17', 'prey_13', 'prey_18', ...] | active_agents=25 | current_step=44
2025-11-23 03:29:02,815 [DEBUG] PredPreyGrassEnv.env-0c8aa43e: event=StepSummary | env_id=env-0c8aa43e | step=44 | current_step=44 | terminated_agents=[] | truncated_agents=[] | remaining_agents=25 | reward_preview={prey_9:-0.001, predator_2:-0.001, predator_4:-0.001, prey_14:-0.001, prey_17:-0.001} | info_preview={}
2025-11-23 03:29:02,831 [DEBUG] PredPreyGrassEnv.env-0c8aa43e: event=StepBegin | env_id=env-0c8aa43e | step=45 | incoming_actions=['prey_9', 'prey_14', 'prey_17', 'prey_13', 'prey_18', ...] | active_agents=25 | current_step=45
2025-11-23 03:29:02,836 [DEBUG] PredPreyGrassEnv.env-0c8aa43e: event=StepSummary | env_id=env-0c8aa43e | step=45 | current_step=45 | terminated_agents=[] | truncated_agents=[] | remaining_agents=25 | reward_preview={prey_9:-0.001, predator_2:-0.001, predator_4:-0.001, prey_14:-0.001, prey_17:-0.001} | info_preview={}
2025-11-23 03:29:02,852 [DEBUG] PredPreyGrassEnv.env-0c8aa43e: event=StepBegin | env_id=env-0c8aa43e | step=46 | incoming_actions=['prey_9', 'prey_14', 'prey_17', 'prey_13', 'prey_18', ...] | active_agents=25 | current_step=46
2025-11-23 03:29:02,858 [DEBUG] PredPreyGrassEnv.env-0c8aa43e: event=StepSummary | env_id=env-0c8aa43e | step=46 | current_step=46 | terminated_agents=[] | truncated_agents=[] | remaining_agents=25 | reward_preview={prey_9:-0.001, predator_2:-0.001, predator_4:-0.001, prey_14:-0.001, prey_17:-0.001} | info_preview={}
2025-11-23 03:29:02,877 [DEBUG] PredPreyGrassEnv.env-0c8aa43e: event=StepBegin | env_id=env-0c8aa43e | step=47 | incoming_actions=['prey_9', 'prey_14', 'prey_17', 'prey_13', 'prey_18', ...] | active_agents=25 | current_step=47
2025-11-23 03:29:02,882 [DEBUG] PredPreyGrassEnv.env-0c8aa43e: event=StepSummary | env_id=env-0c8aa43e | step=47 | current_step=47 | terminated_agents=[] | truncated_agents=[] | remaining_agents=25 | reward_preview={prey_9:-0.001, predator_2:-0.001, predator_4:-0.001, prey_14:-0.001, prey_17:-0.001} | info_preview={}
2025-11-23 03:29:02,896 [DEBUG] PredPreyGrassEnv.env-0c8aa43e: event=StepBegin | env_id=env-0c8aa43e | step=48 | incoming_actions=['prey_9', 'prey_14', 'prey_17', 'prey_13', 'prey_18', ...] | active_agents=25 | current_step=48
2025-11-23 03:29:02,900 [DEBUG] PredPreyGrassEnv.env-0c8aa43e: event=StepSummary | env_id=env-0c8aa43e | step=48 | current_step=48 | terminated_agents=[] | truncated_agents=[] | remaining_agents=25 | reward_preview={prey_9:-0.001, predator_2:-0.001, predator_4:-0.001, prey_14:-0.001, prey_17:-0.001} | info_preview={}
2025-11-23 03:29:02,913 [DEBUG] PredPreyGrassEnv.env-0c8aa43e: event=StepBegin | env_id=env-0c8aa43e | step=49 | incoming_actions=['prey_9', 'prey_14', 'prey_17', 'prey_13', 'prey_18', ...] | active_agents=25 | current_step=49
2025-11-23 03:29:02,919 [DEBUG] PredPreyGrassEnv.env-0c8aa43e: event=StepSummary | env_id=env-0c8aa43e | step=49 | current_step=49 | terminated_agents=[] | truncated_agents=[] | remaining_agents=25 | reward_preview={prey_9:-0.001, predator_2:-0.001, predator_4:-0.001, prey_14:-0.001, prey_17:-0.001} | info_preview={}
2025-11-23 03:29:02,934 [DEBUG] PredPreyGrassEnv.env-0c8aa43e: event=StepBegin | env_id=env-0c8aa43e | step=50 | incoming_actions=['prey_9', 'prey_14', 'prey_17', 'prey_13', 'prey_18', ...] | active_agents=25 | current_step=50
2025-11-23 03:29:02,940 [DEBUG] PredPreyGrassEnv.env-0c8aa43e: event=StepSummary | env_id=env-0c8aa43e | step=50 | current_step=50 | terminated_agents=[] | truncated_agents=[] | remaining_agents=25 | reward_preview={prey_9:-0.001, predator_2:-0.001, predator_4:-0.001, prey_14:-0.001, prey_17:-0.001} | info_preview={}
2025-11-23 03:29:02,953 [DEBUG] PredPreyGrassEnv.env-0c8aa43e: event=StepBegin | env_id=env-0c8aa43e | step=51 | incoming_actions=['prey_9', 'prey_14', 'prey_17', 'prey_13', 'prey_18', ...] | active_agents=25 | current_step=51
2025-11-23 03:29:02,958 [DEBUG] PredPreyGrassEnv.env-0c8aa43e: event=StepSummary | env_id=env-0c8aa43e | step=51 | current_step=51 | terminated_agents=[] | truncated_agents=[] | remaining_agents=25 | reward_preview={prey_9:-0.001, predator_2:-0.001, predator_4:-0.001, prey_14:-0.001, prey_17:-0.001} | info_preview={}
2025-11-23 03:29:02,974 [DEBUG] PredPreyGrassEnv.env-0c8aa43e: event=StepBegin | env_id=env-0c8aa43e | step=52 | incoming_actions=['prey_9', 'prey_14', 'prey_17', 'prey_13', 'prey_18', ...] | active_agents=25 | current_step=52
2025-11-23 03:29:02,979 [DEBUG] PredPreyGrassEnv.env-0c8aa43e: event=StepSummary | env_id=env-0c8aa43e | step=52 | current_step=52 | terminated_agents=[] | truncated_agents=[] | remaining_agents=25 | reward_preview={prey_9:-0.001, predator_2:-0.001, predator_4:-0.001, prey_14:-0.001, prey_17:-0.001} | info_preview={}
2025-11-23 03:29:02,993 [DEBUG] PredPreyGrassEnv.env-0c8aa43e: event=StepBegin | env_id=env-0c8aa43e | step=53 | incoming_actions=['prey_9', 'prey_14', 'prey_17', 'prey_13', 'prey_18', ...] | active_agents=25 | current_step=53
2025-11-23 03:29:02,997 [DEBUG] PredPreyGrassEnv.env-0c8aa43e: event=StepSummary | env_id=env-0c8aa43e | step=53 | current_step=53 | terminated_agents=[] | truncated_agents=[] | remaining_agents=25 | reward_preview={prey_9:-0.001, predator_2:-0.001, predator_4:-0.001, prey_14:-0.001, prey_17:-0.001} | info_preview={}
2025-11-23 03:29:03,010 [DEBUG] PredPreyGrassEnv.env-0c8aa43e: event=StepBegin | env_id=env-0c8aa43e | step=54 | incoming_actions=['prey_9', 'prey_14', 'prey_17', 'prey_13', 'prey_18', ...] | active_agents=25 | current_step=54
2025-11-23 03:29:03,016 [DEBUG] PredPreyGrassEnv.env-0c8aa43e: event=StepSummary | env_id=env-0c8aa43e | step=54 | current_step=54 | terminated_agents=[] | truncated_agents=[] | remaining_agents=25 | reward_preview={prey_9:-0.001, predator_2:-0.001, predator_4:-0.001, prey_14:-0.001, prey_17:-0.001} | info_preview={}
2025-11-23 03:29:03,031 [DEBUG] PredPreyGrassEnv.env-0c8aa43e: event=StepBegin | env_id=env-0c8aa43e | step=55 | incoming_actions=['prey_9', 'prey_14', 'prey_17', 'prey_13', 'prey_18', ...] | active_agents=25 | current_step=55
2025-11-23 03:29:03,036 [DEBUG] PredPreyGrassEnv.env-0c8aa43e: event=StepSummary | env_id=env-0c8aa43e | step=55 | current_step=55 | terminated_agents=[] | truncated_agents=[] | remaining_agents=25 | reward_preview={prey_9:-0.001, predator_2:-0.001, predator_4:-0.001, prey_14:-0.001, prey_17:-0.001} | info_preview={}
2025-11-23 03:29:03,050 [DEBUG] PredPreyGrassEnv.env-0c8aa43e: event=StepBegin | env_id=env-0c8aa43e | step=56 | incoming_actions=['prey_9', 'prey_14', 'prey_17', 'prey_13', 'prey_18', ...] | active_agents=25 | current_step=56
2025-11-23 03:29:03,055 [DEBUG] PredPreyGrassEnv.env-0c8aa43e: event=StepSummary | env_id=env-0c8aa43e | step=56 | current_step=56 | terminated_agents=[] | truncated_agents=[] | remaining_agents=25 | reward_preview={prey_9:-0.001, predator_2:-0.001, predator_4:-0.001, prey_14:-0.001, prey_17:-0.001} | info_preview={}
2025-11-23 03:29:03,072 [DEBUG] PredPreyGrassEnv.env-0c8aa43e: event=StepBegin | env_id=env-0c8aa43e | step=57 | incoming_actions=['prey_9', 'prey_14', 'prey_17', 'prey_13', 'prey_18', ...] | active_agents=25 | current_step=57
2025-11-23 03:29:03,077 [DEBUG] PredPreyGrassEnv.env-0c8aa43e: event=StepSummary | env_id=env-0c8aa43e | step=57 | current_step=57 | terminated_agents=[] | truncated_agents=[] | remaining_agents=25 | reward_preview={prey_9:-0.001, predator_2:-0.001, predator_4:-0.001, prey_14:-0.001, prey_17:-0.001} | info_preview={}
2025-11-23 03:29:03,092 [DEBUG] PredPreyGrassEnv.env-0c8aa43e: event=StepBegin | env_id=env-0c8aa43e | step=58 | incoming_actions=['prey_9', 'prey_14', 'prey_17', 'prey_13', 'prey_18', ...] | active_agents=25 | current_step=58
2025-11-23 03:29:03,095 [DEBUG] PredPreyGrassEnv.env-0c8aa43e: event=PreyAteGrass | env_id=env-0c8aa43e | step=58 | prey='prey_2' | grass='grass_66' | prey_position=[139.07306464083544, 751.4122384766829] | grass_energy=10.0 | energy_gained=9.0 | prey_energy=141.53336868031082
2025-11-23 03:29:03,097 [DEBUG] PredPreyGrassEnv.env-0c8aa43e: event=StepSummary | env_id=env-0c8aa43e | step=58 | current_step=58 | terminated_agents=[] | truncated_agents=[] | remaining_agents=25 | reward_preview={prey_9:-0.001, predator_2:-0.001, predator_4:-0.001, prey_14:-0.001, prey_17:-0.001} | info_preview={}
2025-11-23 03:29:03,110 [DEBUG] PredPreyGrassEnv.env-0c8aa43e: event=StepBegin | env_id=env-0c8aa43e | step=59 | incoming_actions=['prey_9', 'prey_14', 'prey_17', 'prey_13', 'prey_18', ...] | active_agents=25 | current_step=59
2025-11-23 03:29:03,114 [DEBUG] PredPreyGrassEnv.env-0c8aa43e: event=StepSummary | env_id=env-0c8aa43e | step=59 | current_step=59 | terminated_agents=[] | truncated_agents=[] | remaining_agents=25 | reward_preview={prey_9:-0.001, predator_2:-0.001, predator_4:-0.001, prey_14:-0.001, prey_17:-0.001} | info_preview={}
2025-11-23 03:29:03,128 [DEBUG] PredPreyGrassEnv.env-0c8aa43e: event=StepBegin | env_id=env-0c8aa43e | step=60 | incoming_actions=['prey_9', 'prey_14', 'prey_17', 'prey_13', 'prey_18', ...] | active_agents=25 | current_step=60
2025-11-23 03:29:03,133 [DEBUG] PredPreyGrassEnv.env-0c8aa43e: event=StepSummary | env_id=env-0c8aa43e | step=60 | current_step=60 | terminated_agents=[] | truncated_agents=[] | remaining_agents=25 | reward_preview={prey_9:-0.001, predator_2:-0.001, predator_4:-0.001, prey_14:-0.001, prey_17:-0.001} | info_preview={}
2025-11-23 03:29:03,146 [DEBUG] PredPreyGrassEnv.env-0c8aa43e: event=StepBegin | env_id=env-0c8aa43e | step=61 | incoming_actions=['prey_9', 'prey_14', 'prey_17', 'prey_13', 'prey_18', ...] | active_agents=25 | current_step=61
2025-11-23 03:29:03,150 [DEBUG] PredPreyGrassEnv.env-0c8aa43e: event=StepSummary | env_id=env-0c8aa43e | step=61 | current_step=61 | terminated_agents=[] | truncated_agents=[] | remaining_agents=25 | reward_preview={prey_9:-0.001, predator_2:-0.001, predator_4:-0.001, prey_14:-0.001, prey_17:-0.001} | info_preview={}
2025-11-23 03:29:03,178 [DEBUG] PredPreyGrassEnv.env-0c8aa43e: event=StepBegin | env_id=env-0c8aa43e | step=62 | incoming_actions=['prey_9', 'prey_14', 'prey_17', 'prey_13', 'prey_18', ...] | active_agents=25 | current_step=62
2025-11-23 03:29:03,186 [DEBUG] PredPreyGrassEnv.env-0c8aa43e: event=StepSummary | env_id=env-0c8aa43e | step=62 | current_step=62 | terminated_agents=[] | truncated_agents=[] | remaining_agents=25 | reward_preview={prey_9:-0.001, predator_2:-0.001, predator_4:-0.001, prey_14:-0.001, prey_17:-0.001} | info_preview={}
2025-11-23 03:29:03,215 [DEBUG] PredPreyGrassEnv.env-0c8aa43e: event=StepBegin | env_id=env-0c8aa43e | step=63 | incoming_actions=['prey_9', 'prey_14', 'prey_17', 'prey_13', 'prey_18', ...] | active_agents=25 | current_step=63
2025-11-23 03:29:03,224 [DEBUG] PredPreyGrassEnv.env-0c8aa43e: event=StepSummary | env_id=env-0c8aa43e | step=63 | current_step=63 | terminated_agents=[] | truncated_agents=[] | remaining_agents=25 | reward_preview={prey_9:-0.001, predator_2:-0.001, predator_4:-0.001, prey_14:-0.001, prey_17:-0.001} | info_preview={}
2025-11-23 03:29:03,246 [DEBUG] PredPreyGrassEnv.env-0c8aa43e: event=StepBegin | env_id=env-0c8aa43e | step=64 | incoming_actions=['prey_9', 'prey_14', 'prey_17', 'prey_13', 'prey_18', ...] | active_agents=25 | current_step=64
2025-11-23 03:29:03,253 [DEBUG] PredPreyGrassEnv.env-0c8aa43e: event=StepSummary | env_id=env-0c8aa43e | step=64 | current_step=64 | terminated_agents=[] | truncated_agents=[] | remaining_agents=25 | reward_preview={prey_9:-0.001, predator_2:-0.001, predator_4:-0.001, prey_14:-0.001, prey_17:-0.001} | info_preview={}
2025-11-23 03:29:03,277 [DEBUG] PredPreyGrassEnv.env-0c8aa43e: event=StepBegin | env_id=env-0c8aa43e | step=65 | incoming_actions=['prey_9', 'prey_14', 'prey_17', 'prey_13', 'prey_18', ...] | active_agents=25 | current_step=65
2025-11-23 03:29:03,284 [DEBUG] PredPreyGrassEnv.env-0c8aa43e: event=PreyAteGrass | env_id=env-0c8aa43e | step=65 | prey='prey_2' | grass='grass_43' | prey_position=[149.7374684234862, 747.3465291033842] | grass_energy=10.0 | energy_gained=9.0 | prey_energy=149.03120225492523
2025-11-23 03:29:03,287 [DEBUG] PredPreyGrassEnv.env-0c8aa43e: event=StepSummary | env_id=env-0c8aa43e | step=65 | current_step=65 | terminated_agents=[] | truncated_agents=[] | remaining_agents=25 | reward_preview={prey_9:-0.001, predator_2:-0.001, predator_4:-0.001, prey_14:-0.001, prey_17:-0.001} | info_preview={}
2025-11-23 03:29:03,298 [DEBUG] PredPreyGrassEnv.env-0c8aa43e: event=StepBegin | env_id=env-0c8aa43e | step=66 | incoming_actions=['prey_9', 'prey_14', 'prey_17', 'prey_13', 'prey_18', ...] | active_agents=25 | current_step=66
2025-11-23 03:29:03,304 [DEBUG] PredPreyGrassEnv.env-0c8aa43e: event=StepSummary | env_id=env-0c8aa43e | step=66 | current_step=66 | terminated_agents=[] | truncated_agents=[] | remaining_agents=25 | reward_preview={prey_9:-0.001, predator_2:-0.001, predator_4:-0.001, prey_14:-0.001, prey_17:-0.001} | info_preview={}
2025-11-23 03:29:03,320 [DEBUG] PredPreyGrassEnv.env-0c8aa43e: event=StepBegin | env_id=env-0c8aa43e | step=67 | incoming_actions=['prey_9', 'prey_14', 'prey_17', 'prey_13', 'prey_18', ...] | active_agents=25 | current_step=67
2025-11-23 03:29:03,326 [DEBUG] PredPreyGrassEnv.env-0c8aa43e: event=StepSummary | env_id=env-0c8aa43e | step=67 | current_step=67 | terminated_agents=[] | truncated_agents=[] | remaining_agents=25 | reward_preview={prey_9:-0.001, predator_2:-0.001, predator_4:-0.001, prey_14:-0.001, prey_17:-0.001} | info_preview={}
2025-11-23 03:29:03,342 [DEBUG] PredPreyGrassEnv.env-0c8aa43e: event=StepBegin | env_id=env-0c8aa43e | step=68 | incoming_actions=['prey_9', 'prey_14', 'prey_17', 'prey_13', 'prey_18', ...] | active_agents=25 | current_step=68
2025-11-23 03:29:03,346 [DEBUG] PredPreyGrassEnv.env-0c8aa43e: event=StepSummary | env_id=env-0c8aa43e | step=68 | current_step=68 | terminated_agents=[] | truncated_agents=[] | remaining_agents=25 | reward_preview={prey_9:-0.001, predator_2:-0.001, predator_4:-0.001, prey_14:-0.001, prey_17:-0.001} | info_preview={}
2025-11-23 03:29:03,362 [DEBUG] PredPreyGrassEnv.env-0c8aa43e: event=StepBegin | env_id=env-0c8aa43e | step=69 | incoming_actions=['prey_9', 'prey_14', 'prey_17', 'prey_13', 'prey_18', ...] | active_agents=25 | current_step=69
2025-11-23 03:29:03,372 [DEBUG] PredPreyGrassEnv.env-0c8aa43e: event=StepSummary | env_id=env-0c8aa43e | step=69 | current_step=69 | terminated_agents=[] | truncated_agents=[] | remaining_agents=25 | reward_preview={prey_9:-0.001, predator_2:-0.001, predator_4:-0.001, prey_14:-0.001, prey_17:-0.001} | info_preview={}
2025-11-23 03:29:03,400 [DEBUG] PredPreyGrassEnv.env-0c8aa43e: event=StepBegin | env_id=env-0c8aa43e | step=70 | incoming_actions=['prey_9', 'prey_14', 'prey_17', 'prey_13', 'prey_18', ...] | active_agents=25 | current_step=70
2025-11-23 03:29:03,410 [DEBUG] PredPreyGrassEnv.env-0c8aa43e: event=StepSummary | env_id=env-0c8aa43e | step=70 | current_step=70 | terminated_agents=[] | truncated_agents=[] | remaining_agents=25 | reward_preview={prey_9:-0.001, predator_2:-0.001, predator_4:-0.001, prey_14:-0.001, prey_17:-0.001} | info_preview={}
2025-11-23 03:29:03,437 [DEBUG] PredPreyGrassEnv.env-0c8aa43e: event=StepBegin | env_id=env-0c8aa43e | step=71 | incoming_actions=['prey_9', 'prey_14', 'prey_17', 'prey_13', 'prey_18', ...] | active_agents=25 | current_step=71
2025-11-23 03:29:03,442 [DEBUG] PredPreyGrassEnv.env-0c8aa43e: event=StepSummary | env_id=env-0c8aa43e | step=71 | current_step=71 | terminated_agents=[] | truncated_agents=[] | remaining_agents=25 | reward_preview={prey_9:-0.001, predator_2:-0.001, predator_4:-0.001, prey_14:-0.001, prey_17:-0.001} | info_preview={}
2025-11-23 03:29:03,459 [DEBUG] PredPreyGrassEnv.env-0c8aa43e: event=StepBegin | env_id=env-0c8aa43e | step=72 | incoming_actions=['prey_9', 'prey_14', 'prey_17', 'prey_13', 'prey_18', ...] | active_agents=25 | current_step=72
2025-11-23 03:29:03,464 [DEBUG] PredPreyGrassEnv.env-0c8aa43e: event=StepSummary | env_id=env-0c8aa43e | step=72 | current_step=72 | terminated_agents=[] | truncated_agents=[] | remaining_agents=25 | reward_preview={prey_9:-0.001, predator_2:-0.001, predator_4:-0.001, prey_14:-0.001, prey_17:-0.001} | info_preview={}
2025-11-23 03:29:03,480 [DEBUG] PredPreyGrassEnv.env-0c8aa43e: event=StepBegin | env_id=env-0c8aa43e | step=73 | incoming_actions=['prey_9', 'prey_14', 'prey_17', 'prey_13', 'prey_18', ...] | active_agents=25 | current_step=73
2025-11-23 03:29:03,486 [DEBUG] PredPreyGrassEnv.env-0c8aa43e: event=StepSummary | env_id=env-0c8aa43e | step=73 | current_step=73 | terminated_agents=[] | truncated_agents=[] | remaining_agents=25 | reward_preview={prey_9:-0.001, predator_2:-0.001, predator_4:-0.001, prey_14:-0.001, prey_17:-0.001} | info_preview={}
2025-11-23 03:29:03,502 [DEBUG] PredPreyGrassEnv.env-0c8aa43e: event=StepBegin | env_id=env-0c8aa43e | step=74 | incoming_actions=['prey_9', 'prey_14', 'prey_17', 'prey_13', 'prey_18', ...] | active_agents=25 | current_step=74
2025-11-23 03:29:03,508 [DEBUG] PredPreyGrassEnv.env-0c8aa43e: event=StepSummary | env_id=env-0c8aa43e | step=74 | current_step=74 | terminated_agents=[] | truncated_agents=[] | remaining_agents=25 | reward_preview={prey_9:-0.001, predator_2:-0.001, predator_4:-0.001, prey_14:-0.001, prey_17:-0.001} | info_preview={}
2025-11-23 03:29:03,522 [DEBUG] PredPreyGrassEnv.env-0c8aa43e: event=StepBegin | env_id=env-0c8aa43e | step=75 | incoming_actions=['prey_9', 'prey_14', 'prey_17', 'prey_13', 'prey_18', ...] | active_agents=25 | current_step=75
2025-11-23 03:29:03,526 [DEBUG] PredPreyGrassEnv.env-0c8aa43e: event=StepSummary | env_id=env-0c8aa43e | step=75 | current_step=75 | terminated_agents=[] | truncated_agents=[] | remaining_agents=25 | reward_preview={prey_9:-0.001, predator_2:-0.001, predator_4:-0.001, prey_14:-0.001, prey_17:-0.001} | info_preview={}
2025-11-23 03:29:03,541 [DEBUG] PredPreyGrassEnv.env-0c8aa43e: event=StepBegin | env_id=env-0c8aa43e | step=76 | incoming_actions=['prey_9', 'prey_14', 'prey_17', 'prey_13', 'prey_18', ...] | active_agents=25 | current_step=76
2025-11-23 03:29:03,546 [DEBUG] PredPreyGrassEnv.env-0c8aa43e: event=StepSummary | env_id=env-0c8aa43e | step=76 | current_step=76 | terminated_agents=[] | truncated_agents=[] | remaining_agents=25 | reward_preview={prey_9:-0.001, predator_2:-0.001, predator_4:-0.001, prey_14:-0.001, prey_17:-0.001} | info_preview={}
2025-11-23 03:29:03,561 [DEBUG] PredPreyGrassEnv.env-0c8aa43e: event=StepBegin | env_id=env-0c8aa43e | step=77 | incoming_actions=['prey_9', 'prey_14', 'prey_17', 'prey_13', 'prey_18', ...] | active_agents=25 | current_step=77
2025-11-23 03:29:03,566 [DEBUG] PredPreyGrassEnv.env-0c8aa43e: event=StepSummary | env_id=env-0c8aa43e | step=77 | current_step=77 | terminated_agents=[] | truncated_agents=[] | remaining_agents=25 | reward_preview={prey_9:-0.001, predator_2:-0.001, predator_4:-0.001, prey_14:-0.001, prey_17:-0.001} | info_preview={}
2025-11-23 03:29:03,580 [DEBUG] PredPreyGrassEnv.env-0c8aa43e: event=StepBegin | env_id=env-0c8aa43e | step=78 | incoming_actions=['prey_9', 'prey_14', 'prey_17', 'prey_13', 'prey_18', ...] | active_agents=25 | current_step=78
2025-11-23 03:29:03,584 [DEBUG] PredPreyGrassEnv.env-0c8aa43e: event=StepSummary | env_id=env-0c8aa43e | step=78 | current_step=78 | terminated_agents=[] | truncated_agents=[] | remaining_agents=25 | reward_preview={prey_9:-0.001, predator_2:-0.001, predator_4:-0.001, prey_14:-0.001, prey_17:-0.001} | info_preview={}
2025-11-23 03:29:03,599 [DEBUG] PredPreyGrassEnv.env-0c8aa43e: event=StepBegin | env_id=env-0c8aa43e | step=79 | incoming_actions=['prey_9', 'prey_14', 'prey_17', 'prey_13', 'prey_18', ...] | active_agents=25 | current_step=79
2025-11-23 03:29:03,604 [DEBUG] PredPreyGrassEnv.env-0c8aa43e: event=StepSummary | env_id=env-0c8aa43e | step=79 | current_step=79 | terminated_agents=[] | truncated_agents=[] | remaining_agents=25 | reward_preview={prey_9:-0.001, predator_2:-0.001, predator_4:-0.001, prey_14:-0.001, prey_17:-0.001} | info_preview={}
2025-11-23 03:29:03,621 [DEBUG] PredPreyGrassEnv.env-0c8aa43e: event=StepBegin | env_id=env-0c8aa43e | step=80 | incoming_actions=['prey_9', 'prey_14', 'prey_17', 'prey_13', 'prey_18', ...] | active_agents=25 | current_step=80
2025-11-23 03:29:03,626 [DEBUG] PredPreyGrassEnv.env-0c8aa43e: event=StepSummary | env_id=env-0c8aa43e | step=80 | current_step=80 | terminated_agents=[] | truncated_agents=[] | remaining_agents=25 | reward_preview={prey_9:-0.001, predator_2:-0.001, predator_4:-0.001, prey_14:-0.001, prey_17:-0.001} | info_preview={}
2025-11-23 03:29:03,640 [DEBUG] PredPreyGrassEnv.env-0c8aa43e: event=StepBegin | env_id=env-0c8aa43e | step=81 | incoming_actions=['prey_9', 'prey_14', 'prey_17', 'prey_13', 'prey_18', ...] | active_agents=25 | current_step=81
2025-11-23 03:29:03,644 [DEBUG] PredPreyGrassEnv.env-0c8aa43e: event=StepSummary | env_id=env-0c8aa43e | step=81 | current_step=81 | terminated_agents=[] | truncated_agents=[] | remaining_agents=25 | reward_preview={prey_9:-0.001, predator_2:-0.001, predator_4:-0.001, prey_14:-0.001, prey_17:-0.001} | info_preview={}
2025-11-23 03:29:03,660 [DEBUG] PredPreyGrassEnv.env-0c8aa43e: event=StepBegin | env_id=env-0c8aa43e | step=82 | incoming_actions=['prey_9', 'prey_14', 'prey_17', 'prey_13', 'prey_18', ...] | active_agents=25 | current_step=82
2025-11-23 03:29:03,665 [DEBUG] PredPreyGrassEnv.env-0c8aa43e: event=PreyAteGrass | env_id=env-0c8aa43e | step=82 | prey='prey_6' | grass='grass_41' | prey_position=[74.6210851528331, 237.9275227040355] | grass_energy=10.0 | energy_gained=9.0 | prey_energy=140.06911144710503
2025-11-23 03:29:03,666 [DEBUG] PredPreyGrassEnv.env-0c8aa43e: event=StepSummary | env_id=env-0c8aa43e | step=82 | current_step=82 | terminated_agents=[] | truncated_agents=[] | remaining_agents=25 | reward_preview={prey_9:-0.001, predator_2:-0.001, predator_4:-0.001, prey_14:-0.001, prey_17:-0.001} | info_preview={}
2025-11-23 03:29:03,680 [DEBUG] PredPreyGrassEnv.env-0c8aa43e: event=StepBegin | env_id=env-0c8aa43e | step=83 | incoming_actions=['prey_9', 'prey_14', 'prey_17', 'prey_13', 'prey_18', ...] | active_agents=25 | current_step=83
2025-11-23 03:29:03,685 [DEBUG] PredPreyGrassEnv.env-0c8aa43e: event=StepSummary | env_id=env-0c8aa43e | step=83 | current_step=83 | terminated_agents=[] | truncated_agents=[] | remaining_agents=25 | reward_preview={prey_9:-0.001, predator_2:-0.001, predator_4:-0.001, prey_14:-0.001, prey_17:-0.001} | info_preview={}
2025-11-23 03:29:03,698 [DEBUG] PredPreyGrassEnv.env-0c8aa43e: event=StepBegin | env_id=env-0c8aa43e | step=84 | incoming_actions=['prey_9', 'prey_14', 'prey_17', 'prey_13', 'prey_18', ...] | active_agents=25 | current_step=84
2025-11-23 03:29:03,704 [DEBUG] PredPreyGrassEnv.env-0c8aa43e: event=StepSummary | env_id=env-0c8aa43e | step=84 | current_step=84 | terminated_agents=[] | truncated_agents=[] | remaining_agents=25 | reward_preview={prey_9:-0.001, predator_2:-0.001, predator_4:-0.001, prey_14:-0.001, prey_17:-0.001} | info_preview={}
2025-11-23 03:29:03,721 [DEBUG] PredPreyGrassEnv.env-0c8aa43e: event=StepBegin | env_id=env-0c8aa43e | step=85 | incoming_actions=['prey_9', 'prey_14', 'prey_17', 'prey_13', 'prey_18', ...] | active_agents=25 | current_step=85
2025-11-23 03:29:03,726 [DEBUG] PredPreyGrassEnv.env-0c8aa43e: event=StepSummary | env_id=env-0c8aa43e | step=85 | current_step=85 | terminated_agents=[] | truncated_agents=[] | remaining_agents=25 | reward_preview={prey_9:-0.001, predator_2:-0.001, predator_4:-0.001, prey_14:-0.001, prey_17:-0.001} | info_preview={}
2025-11-23 03:29:03,739 [DEBUG] PredPreyGrassEnv.env-0c8aa43e: event=StepBegin | env_id=env-0c8aa43e | step=86 | incoming_actions=['prey_9', 'prey_14', 'prey_17', 'prey_13', 'prey_18', ...] | active_agents=25 | current_step=86
2025-11-23 03:29:03,743 [DEBUG] PredPreyGrassEnv.env-0c8aa43e: event=StepSummary | env_id=env-0c8aa43e | step=86 | current_step=86 | terminated_agents=[] | truncated_agents=[] | remaining_agents=25 | reward_preview={prey_9:-0.001, predator_2:-0.001, predator_4:-0.001, prey_14:-0.001, prey_17:-0.001} | info_preview={}
2025-11-23 03:29:03,756 [DEBUG] PredPreyGrassEnv.env-0c8aa43e: event=StepBegin | env_id=env-0c8aa43e | step=87 | incoming_actions=['prey_9', 'prey_14', 'prey_17', 'prey_13', 'prey_18', ...] | active_agents=25 | current_step=87
2025-11-23 03:29:03,762 [DEBUG] PredPreyGrassEnv.env-0c8aa43e: event=StepSummary | env_id=env-0c8aa43e | step=87 | current_step=87 | terminated_agents=[] | truncated_agents=[] | remaining_agents=25 | reward_preview={prey_9:-0.001, predator_2:-0.001, predator_4:-0.001, prey_14:-0.001, prey_17:-0.001} | info_preview={}
2025-11-23 03:29:03,778 [DEBUG] PredPreyGrassEnv.env-0c8aa43e: event=StepBegin | env_id=env-0c8aa43e | step=88 | incoming_actions=['prey_9', 'prey_14', 'prey_17', 'prey_13', 'prey_18', ...] | active_agents=25 | current_step=88
2025-11-23 03:29:03,783 [DEBUG] PredPreyGrassEnv.env-0c8aa43e: event=StepSummary | env_id=env-0c8aa43e | step=88 | current_step=88 | terminated_agents=[] | truncated_agents=[] | remaining_agents=25 | reward_preview={prey_9:-0.001, predator_2:-0.001, predator_4:-0.001, prey_14:-0.001, prey_17:-0.001} | info_preview={}
2025-11-23 03:29:03,796 [DEBUG] PredPreyGrassEnv.env-0c8aa43e: event=StepBegin | env_id=env-0c8aa43e | step=89 | incoming_actions=['prey_9', 'prey_14', 'prey_17', 'prey_13', 'prey_18', ...] | active_agents=25 | current_step=89
2025-11-23 03:29:03,805 [DEBUG] PredPreyGrassEnv.env-0c8aa43e: event=StepSummary | env_id=env-0c8aa43e | step=89 | current_step=89 | terminated_agents=[] | truncated_agents=[] | remaining_agents=25 | reward_preview={prey_9:-0.001, predator_2:-0.001, predator_4:-0.001, prey_14:-0.001, prey_17:-0.001} | info_preview={}
2025-11-23 03:29:03,832 [DEBUG] PredPreyGrassEnv.env-0c8aa43e: event=StepBegin | env_id=env-0c8aa43e | step=90 | incoming_actions=['prey_9', 'prey_14', 'prey_17', 'prey_13', 'prey_18', ...] | active_agents=25 | current_step=90
2025-11-23 03:29:03,835 [DEBUG] PredPreyGrassEnv.env-0c8aa43e: event=PreyAteGrass | env_id=env-0c8aa43e | step=90 | prey='prey_0' | grass='grass_7' | prey_position=[286.67870651046104, 201.25119698627898] | grass_energy=10.0 | energy_gained=9.0 | prey_energy=141.82888619990297
2025-11-23 03:29:03,839 [DEBUG] PredPreyGrassEnv.env-0c8aa43e: event=StepSummary | env_id=env-0c8aa43e | step=90 | current_step=90 | terminated_agents=[] | truncated_agents=[] | remaining_agents=25 | reward_preview={prey_9:-0.001, predator_2:-0.001, predator_4:-0.001, prey_14:-0.001, prey_17:-0.001} | info_preview={}
2025-11-23 03:29:03,853 [DEBUG] PredPreyGrassEnv.env-0c8aa43e: event=StepBegin | env_id=env-0c8aa43e | step=91 | incoming_actions=['prey_9', 'prey_14', 'prey_17', 'prey_13', 'prey_18', ...] | active_agents=25 | current_step=91
2025-11-23 03:29:03,858 [DEBUG] PredPreyGrassEnv.env-0c8aa43e: event=StepSummary | env_id=env-0c8aa43e | step=91 | current_step=91 | terminated_agents=[] | truncated_agents=[] | remaining_agents=25 | reward_preview={prey_9:-0.001, predator_2:-0.001, predator_4:-0.001, prey_14:-0.001, prey_17:-0.001} | info_preview={}
2025-11-23 03:29:03,872 [DEBUG] PredPreyGrassEnv.env-0c8aa43e: event=StepBegin | env_id=env-0c8aa43e | step=92 | incoming_actions=['prey_9', 'prey_14', 'prey_17', 'prey_13', 'prey_18', ...] | active_agents=25 | current_step=92
2025-11-23 03:29:03,877 [DEBUG] PredPreyGrassEnv.env-0c8aa43e: event=StepSummary | env_id=env-0c8aa43e | step=92 | current_step=92 | terminated_agents=[] | truncated_agents=[] | remaining_agents=25 | reward_preview={prey_9:-0.001, predator_2:-0.001, predator_4:-0.001, prey_14:-0.001, prey_17:-0.001} | info_preview={}
2025-11-23 03:29:03,895 [DEBUG] PredPreyGrassEnv.env-0c8aa43e: event=StepBegin | env_id=env-0c8aa43e | step=93 | incoming_actions=['prey_9', 'prey_14', 'prey_17', 'prey_13', 'prey_18', ...] | active_agents=25 | current_step=93
2025-11-23 03:29:03,904 [DEBUG] PredPreyGrassEnv.env-0c8aa43e: event=PreyAteGrass | env_id=env-0c8aa43e | step=93 | prey='prey_5' | grass='grass_99' | prey_position=[585.399970652865, 388.39073946024104] | grass_energy=10.0 | energy_gained=9.0 | prey_energy=139.46485476402367
2025-11-23 03:29:03,905 [DEBUG] PredPreyGrassEnv.env-0c8aa43e: event=StepSummary | env_id=env-0c8aa43e | step=93 | current_step=93 | terminated_agents=[] | truncated_agents=[] | remaining_agents=25 | reward_preview={prey_9:-0.001, predator_2:-0.001, predator_4:-0.001, prey_14:-0.001, prey_17:-0.001} | info_preview={}
2025-11-23 03:29:03,920 [DEBUG] PredPreyGrassEnv.env-0c8aa43e: event=StepBegin | env_id=env-0c8aa43e | step=94 | incoming_actions=['prey_9', 'prey_14', 'prey_17', 'prey_13', 'prey_18', ...] | active_agents=25 | current_step=94
2025-11-23 03:29:03,925 [DEBUG] PredPreyGrassEnv.env-0c8aa43e: event=StepSummary | env_id=env-0c8aa43e | step=94 | current_step=94 | terminated_agents=[] | truncated_agents=[] | remaining_agents=25 | reward_preview={prey_9:-0.001, predator_2:-0.001, predator_4:-0.001, prey_14:-0.001, prey_17:-0.001} | info_preview={}
2025-11-23 03:29:03,941 [DEBUG] PredPreyGrassEnv.env-0c8aa43e: event=StepBegin | env_id=env-0c8aa43e | step=95 | incoming_actions=['prey_9', 'prey_14', 'prey_17', 'prey_13', 'prey_18', ...] | active_agents=25 | current_step=95
2025-11-23 03:29:03,945 [DEBUG] PredPreyGrassEnv.env-0c8aa43e: event=StepSummary | env_id=env-0c8aa43e | step=95 | current_step=95 | terminated_agents=[] | truncated_agents=[] | remaining_agents=25 | reward_preview={prey_9:-0.001, predator_2:-0.001, predator_4:-0.001, prey_14:-0.001, prey_17:-0.001} | info_preview={}
2025-11-23 03:29:03,957 [DEBUG] PredPreyGrassEnv.env-0c8aa43e: event=StepBegin | env_id=env-0c8aa43e | step=96 | incoming_actions=['prey_9', 'prey_14', 'prey_17', 'prey_13', 'prey_18', ...] | active_agents=25 | current_step=96
2025-11-23 03:29:03,962 [DEBUG] PredPreyGrassEnv.env-0c8aa43e: event=StepSummary | env_id=env-0c8aa43e | step=96 | current_step=96 | terminated_agents=[] | truncated_agents=[] | remaining_agents=25 | reward_preview={prey_9:-0.001, predator_2:-0.001, predator_4:-0.001, prey_14:-0.001, prey_17:-0.001} | info_preview={}
2025-11-23 03:29:03,978 [DEBUG] PredPreyGrassEnv.env-0c8aa43e: event=StepBegin | env_id=env-0c8aa43e | step=97 | incoming_actions=['prey_9', 'prey_14', 'prey_17', 'prey_13', 'prey_18', ...] | active_agents=25 | current_step=97
2025-11-23 03:29:03,983 [DEBUG] PredPreyGrassEnv.env-0c8aa43e: event=StepSummary | env_id=env-0c8aa43e | step=97 | current_step=97 | terminated_agents=[] | truncated_agents=[] | remaining_agents=25 | reward_preview={prey_9:-0.001, predator_2:-0.001, predator_4:-0.001, prey_14:-0.001, prey_17:-0.001} | info_preview={}
2025-11-23 03:29:03,997 [DEBUG] PredPreyGrassEnv.env-0c8aa43e: event=StepBegin | env_id=env-0c8aa43e | step=98 | incoming_actions=['prey_9', 'prey_14', 'prey_17', 'prey_13', 'prey_18', ...] | active_agents=25 | current_step=98
2025-11-23 03:29:04,001 [DEBUG] PredPreyGrassEnv.env-0c8aa43e: event=StepSummary | env_id=env-0c8aa43e | step=98 | current_step=98 | terminated_agents=[] | truncated_agents=[] | remaining_agents=25 | reward_preview={prey_9:-0.001, predator_2:-0.001, predator_4:-0.001, prey_14:-0.001, prey_17:-0.001} | info_preview={}
2025-11-23 03:29:04,017 [DEBUG] PredPreyGrassEnv.env-0c8aa43e: event=StepBegin | env_id=env-0c8aa43e | step=99 | incoming_actions=['prey_9', 'prey_14', 'prey_17', 'prey_13', 'prey_18', ...] | active_agents=25 | current_step=99
2025-11-23 03:29:04,022 [DEBUG] PredPreyGrassEnv.env-0c8aa43e: event=StepSummary | env_id=env-0c8aa43e | step=99 | current_step=99 | terminated_agents=[] | truncated_agents=[] | remaining_agents=25 | reward_preview={prey_9:-0.001, predator_2:-0.001, predator_4:-0.001, prey_14:-0.001, prey_17:-0.001} | info_preview={}
2025-11-23 03:29:04,037 [DEBUG] PredPreyGrassEnv.env-0c8aa43e: event=StepBegin | env_id=env-0c8aa43e | step=100 | incoming_actions=['prey_9', 'prey_14', 'prey_17', 'prey_13', 'prey_18', ...] | active_agents=25 | current_step=100
2025-11-23 03:29:04,042 [DEBUG] PredPreyGrassEnv.env-0c8aa43e: event=StepSummary | env_id=env-0c8aa43e | step=100 | current_step=100 | terminated_agents=[] | truncated_agents=[] | remaining_agents=25 | reward_preview={prey_9:-0.001, predator_2:-0.001, predator_4:-0.001, prey_14:-0.001, prey_17:-0.001} | info_preview={}
2025-11-23 03:29:04,054 [DEBUG] PredPreyGrassEnv.env-0c8aa43e: event=StepBegin | env_id=env-0c8aa43e | step=101 | incoming_actions=['prey_9', 'prey_14', 'prey_17', 'prey_13', 'prey_18', ...] | active_agents=25 | current_step=101
2025-11-23 03:29:04,059 [DEBUG] PredPreyGrassEnv.env-0c8aa43e: event=StepSummary | env_id=env-0c8aa43e | step=101 | current_step=101 | terminated_agents=[] | truncated_agents=[] | remaining_agents=25 | reward_preview={prey_9:-0.001, predator_2:-0.001, predator_4:-0.001, prey_14:-0.001, prey_17:-0.001} | info_preview={}
2025-11-23 03:29:04,074 [DEBUG] PredPreyGrassEnv.env-0c8aa43e: event=StepBegin | env_id=env-0c8aa43e | step=102 | incoming_actions=['prey_9', 'prey_14', 'prey_17', 'prey_13', 'prey_18', ...] | active_agents=25 | current_step=102
2025-11-23 03:29:04,079 [DEBUG] PredPreyGrassEnv.env-0c8aa43e: event=StepSummary | env_id=env-0c8aa43e | step=102 | current_step=102 | terminated_agents=[] | truncated_agents=[] | remaining_agents=25 | reward_preview={prey_9:-0.001, predator_2:-0.001, predator_4:-0.001, prey_14:-0.001, prey_17:-0.001} | info_preview={}
2025-11-23 03:29:04,094 [DEBUG] PredPreyGrassEnv.env-0c8aa43e: event=StepBegin | env_id=env-0c8aa43e | step=103 | incoming_actions=['prey_9', 'prey_14', 'prey_17', 'prey_13', 'prey_18', ...] | active_agents=25 | current_step=103
2025-11-23 03:29:04,098 [DEBUG] PredPreyGrassEnv.env-0c8aa43e: event=StepSummary | env_id=env-0c8aa43e | step=103 | current_step=103 | terminated_agents=[] | truncated_agents=[] | remaining_agents=25 | reward_preview={prey_9:-0.001, predator_2:-0.001, predator_4:-0.001, prey_14:-0.001, prey_17:-0.001} | info_preview={}
2025-11-23 03:29:04,110 [DEBUG] PredPreyGrassEnv.env-0c8aa43e: event=StepBegin | env_id=env-0c8aa43e | step=104 | incoming_actions=['prey_9', 'prey_14', 'prey_17', 'prey_13', 'prey_18', ...] | active_agents=25 | current_step=104
2025-11-23 03:29:04,115 [DEBUG] PredPreyGrassEnv.env-0c8aa43e: event=StepSummary | env_id=env-0c8aa43e | step=104 | current_step=104 | terminated_agents=[] | truncated_agents=[] | remaining_agents=25 | reward_preview={prey_9:-0.001, predator_2:-0.001, predator_4:-0.001, prey_14:-0.001, prey_17:-0.001} | info_preview={}
2025-11-23 03:29:04,131 [DEBUG] PredPreyGrassEnv.env-0c8aa43e: event=StepBegin | env_id=env-0c8aa43e | step=105 | incoming_actions=['prey_9', 'prey_14', 'prey_17', 'prey_13', 'prey_18', ...] | active_agents=25 | current_step=105
2025-11-23 03:29:04,136 [DEBUG] PredPreyGrassEnv.env-0c8aa43e: event=StepSummary | env_id=env-0c8aa43e | step=105 | current_step=105 | terminated_agents=[] | truncated_agents=[] | remaining_agents=25 | reward_preview={prey_9:-0.001, predator_2:-0.001, predator_4:-0.001, prey_14:-0.001, prey_17:-0.001} | info_preview={}
2025-11-23 03:29:04,152 [DEBUG] PredPreyGrassEnv.env-0c8aa43e: event=StepBegin | env_id=env-0c8aa43e | step=106 | incoming_actions=['prey_9', 'prey_14', 'prey_17', 'prey_13', 'prey_18', ...] | active_agents=25 | current_step=106
2025-11-23 03:29:04,157 [DEBUG] PredPreyGrassEnv.env-0c8aa43e: event=StepSummary | env_id=env-0c8aa43e | step=106 | current_step=106 | terminated_agents=[] | truncated_agents=[] | remaining_agents=25 | reward_preview={prey_9:-0.001, predator_2:-0.001, predator_4:-0.001, prey_14:-0.001, prey_17:-0.001} | info_preview={}
2025-11-23 03:29:04,169 [DEBUG] PredPreyGrassEnv.env-0c8aa43e: event=StepBegin | env_id=env-0c8aa43e | step=107 | incoming_actions=['prey_9', 'prey_14', 'prey_17', 'prey_13', 'prey_18', ...] | active_agents=25 | current_step=107
2025-11-23 03:29:04,174 [DEBUG] PredPreyGrassEnv.env-0c8aa43e: event=StepSummary | env_id=env-0c8aa43e | step=107 | current_step=107 | terminated_agents=[] | truncated_agents=[] | remaining_agents=25 | reward_preview={prey_9:-0.001, predator_2:-0.001, predator_4:-0.001, prey_14:-0.001, prey_17:-0.001} | info_preview={}
2025-11-23 03:29:04,189 [DEBUG] PredPreyGrassEnv.env-0c8aa43e: event=StepBegin | env_id=env-0c8aa43e | step=108 | incoming_actions=['prey_9', 'prey_14', 'prey_17', 'prey_13', 'prey_18', ...] | active_agents=25 | current_step=108
2025-11-23 03:29:04,194 [DEBUG] PredPreyGrassEnv.env-0c8aa43e: event=StepSummary | env_id=env-0c8aa43e | step=108 | current_step=108 | terminated_agents=[] | truncated_agents=[] | remaining_agents=25 | reward_preview={prey_9:-0.001, predator_2:-0.001, predator_4:-0.001, prey_14:-0.001, prey_17:-0.001} | info_preview={}
2025-11-23 03:29:04,208 [DEBUG] PredPreyGrassEnv.env-0c8aa43e: event=StepBegin | env_id=env-0c8aa43e | step=109 | incoming_actions=['prey_9', 'prey_14', 'prey_17', 'prey_13', 'prey_18', ...] | active_agents=25 | current_step=109
2025-11-23 03:29:04,212 [DEBUG] PredPreyGrassEnv.env-0c8aa43e: event=StepSummary | env_id=env-0c8aa43e | step=109 | current_step=109 | terminated_agents=[] | truncated_agents=[] | remaining_agents=25 | reward_preview={prey_9:-0.001, predator_2:-0.001, predator_4:-0.001, prey_14:-0.001, prey_17:-0.001} | info_preview={}
2025-11-23 03:29:04,225 [DEBUG] PredPreyGrassEnv.env-0c8aa43e: event=StepBegin | env_id=env-0c8aa43e | step=110 | incoming_actions=['prey_9', 'prey_14', 'prey_17', 'prey_13', 'prey_18', ...] | active_agents=25 | current_step=110
2025-11-23 03:29:04,230 [DEBUG] PredPreyGrassEnv.env-0c8aa43e: event=StepSummary | env_id=env-0c8aa43e | step=110 | current_step=110 | terminated_agents=[] | truncated_agents=[] | remaining_agents=25 | reward_preview={prey_9:-0.001, predator_2:-0.001, predator_4:-0.001, prey_14:-0.001, prey_17:-0.001} | info_preview={}
2025-11-23 03:29:04,246 [DEBUG] PredPreyGrassEnv.env-0c8aa43e: event=StepBegin | env_id=env-0c8aa43e | step=111 | incoming_actions=['prey_9', 'prey_14', 'prey_17', 'prey_13', 'prey_18', ...] | active_agents=25 | current_step=111
2025-11-23 03:29:04,251 [DEBUG] PredPreyGrassEnv.env-0c8aa43e: event=StepSummary | env_id=env-0c8aa43e | step=111 | current_step=111 | terminated_agents=[] | truncated_agents=[] | remaining_agents=25 | reward_preview={prey_9:-0.001, predator_2:-0.001, predator_4:-0.001, prey_14:-0.001, prey_17:-0.001} | info_preview={}
2025-11-23 03:29:04,263 [DEBUG] PredPreyGrassEnv.env-0c8aa43e: event=StepBegin | env_id=env-0c8aa43e | step=112 | incoming_actions=['prey_9', 'prey_14', 'prey_17', 'prey_13', 'prey_18', ...] | active_agents=25 | current_step=112
2025-11-23 03:29:04,268 [DEBUG] PredPreyGrassEnv.env-0c8aa43e: event=StepSummary | env_id=env-0c8aa43e | step=112 | current_step=112 | terminated_agents=[] | truncated_agents=[] | remaining_agents=25 | reward_preview={prey_9:-0.001, predator_2:-0.001, predator_4:-0.001, prey_14:-0.001, prey_17:-0.001} | info_preview={}
2025-11-23 03:29:04,286 [DEBUG] PredPreyGrassEnv.env-0c8aa43e: event=StepBegin | env_id=env-0c8aa43e | step=113 | incoming_actions=['prey_9', 'prey_14', 'prey_17', 'prey_13', 'prey_18', ...] | active_agents=25 | current_step=113
2025-11-23 03:29:04,296 [DEBUG] PredPreyGrassEnv.env-0c8aa43e: event=StepSummary | env_id=env-0c8aa43e | step=113 | current_step=113 | terminated_agents=[] | truncated_agents=[] | remaining_agents=25 | reward_preview={prey_9:-0.001, predator_2:-0.001, predator_4:-0.001, prey_14:-0.001, prey_17:-0.001} | info_preview={}
2025-11-23 03:29:04,326 [DEBUG] PredPreyGrassEnv.env-0c8aa43e: event=StepBegin | env_id=env-0c8aa43e | step=114 | incoming_actions=['prey_9', 'prey_14', 'prey_17', 'prey_13', 'prey_18', ...] | active_agents=25 | current_step=114
2025-11-23 03:29:04,336 [DEBUG] PredPreyGrassEnv.env-0c8aa43e: event=StepSummary | env_id=env-0c8aa43e | step=114 | current_step=114 | terminated_agents=[] | truncated_agents=[] | remaining_agents=25 | reward_preview={prey_9:-0.001, predator_2:-0.001, predator_4:-0.001, prey_14:-0.001, prey_17:-0.001} | info_preview={}
2025-11-23 03:29:04,363 [DEBUG] PredPreyGrassEnv.env-0c8aa43e: event=StepBegin | env_id=env-0c8aa43e | step=115 | incoming_actions=['prey_9', 'prey_14', 'prey_17', 'prey_13', 'prey_18', ...] | active_agents=25 | current_step=115
2025-11-23 03:29:04,372 [DEBUG] PredPreyGrassEnv.env-0c8aa43e: event=StepSummary | env_id=env-0c8aa43e | step=115 | current_step=115 | terminated_agents=[] | truncated_agents=[] | remaining_agents=25 | reward_preview={prey_9:-0.001, predator_2:-0.001, predator_4:-0.001, prey_14:-0.001, prey_17:-0.001} | info_preview={}
2025-11-23 03:29:04,400 [DEBUG] PredPreyGrassEnv.env-0c8aa43e: event=StepBegin | env_id=env-0c8aa43e | step=116 | incoming_actions=['prey_9', 'prey_14', 'prey_17', 'prey_13', 'prey_18', ...] | active_agents=25 | current_step=116
2025-11-23 03:29:04,409 [DEBUG] PredPreyGrassEnv.env-0c8aa43e: event=StepSummary | env_id=env-0c8aa43e | step=116 | current_step=116 | terminated_agents=[] | truncated_agents=[] | remaining_agents=25 | reward_preview={prey_9:-0.001, predator_2:-0.001, predator_4:-0.001, prey_14:-0.001, prey_17:-0.001} | info_preview={}
2025-11-23 03:29:04,436 [DEBUG] PredPreyGrassEnv.env-0c8aa43e: event=StepBegin | env_id=env-0c8aa43e | step=117 | incoming_actions=['prey_9', 'prey_14', 'prey_17', 'prey_13', 'prey_18', ...] | active_agents=25 | current_step=117
2025-11-23 03:29:04,445 [DEBUG] PredPreyGrassEnv.env-0c8aa43e: event=StepSummary | env_id=env-0c8aa43e | step=117 | current_step=117 | terminated_agents=[] | truncated_agents=[] | remaining_agents=25 | reward_preview={prey_9:-0.001, predator_2:-0.001, predator_4:-0.001, prey_14:-0.001, prey_17:-0.001} | info_preview={}
2025-11-23 03:29:04,473 [DEBUG] PredPreyGrassEnv.env-0c8aa43e: event=StepBegin | env_id=env-0c8aa43e | step=118 | incoming_actions=['prey_9', 'prey_14', 'prey_17', 'prey_13', 'prey_18', ...] | active_agents=25 | current_step=118
2025-11-23 03:29:04,482 [DEBUG] PredPreyGrassEnv.env-0c8aa43e: event=StepSummary | env_id=env-0c8aa43e | step=118 | current_step=118 | terminated_agents=[] | truncated_agents=[] | remaining_agents=25 | reward_preview={prey_9:-0.001, predator_2:-0.001, predator_4:-0.001, prey_14:-0.001, prey_17:-0.001} | info_preview={}
2025-11-23 03:29:04,510 [DEBUG] PredPreyGrassEnv.env-0c8aa43e: event=StepBegin | env_id=env-0c8aa43e | step=119 | incoming_actions=['prey_9', 'prey_14', 'prey_17', 'prey_13', 'prey_18', ...] | active_agents=25 | current_step=119
2025-11-23 03:29:04,519 [DEBUG] PredPreyGrassEnv.env-0c8aa43e: event=StepSummary | env_id=env-0c8aa43e | step=119 | current_step=119 | terminated_agents=[] | truncated_agents=[] | remaining_agents=25 | reward_preview={prey_9:-0.001, predator_2:-0.001, predator_4:-0.001, prey_14:-0.001, prey_17:-0.001} | info_preview={}
2025-11-23 03:29:04,547 [DEBUG] PredPreyGrassEnv.env-0c8aa43e: event=StepBegin | env_id=env-0c8aa43e | step=120 | incoming_actions=['prey_9', 'prey_14', 'prey_17', 'prey_13', 'prey_18', ...] | active_agents=25 | current_step=120
2025-11-23 03:29:04,556 [DEBUG] PredPreyGrassEnv.env-0c8aa43e: event=StepSummary | env_id=env-0c8aa43e | step=120 | current_step=120 | terminated_agents=[] | truncated_agents=[] | remaining_agents=25 | reward_preview={prey_9:-0.001, predator_2:-0.001, predator_4:-0.001, prey_14:-0.001, prey_17:-0.001} | info_preview={}
2025-11-23 03:29:04,585 [DEBUG] PredPreyGrassEnv.env-0c8aa43e: event=StepBegin | env_id=env-0c8aa43e | step=121 | incoming_actions=['prey_9', 'prey_14', 'prey_17', 'prey_13', 'prey_18', ...] | active_agents=25 | current_step=121
2025-11-23 03:29:04,594 [DEBUG] PredPreyGrassEnv.env-0c8aa43e: event=StepSummary | env_id=env-0c8aa43e | step=121 | current_step=121 | terminated_agents=[] | truncated_agents=[] | remaining_agents=25 | reward_preview={prey_9:-0.001, predator_2:-0.001, predator_4:-0.001, prey_14:-0.001, prey_17:-0.001} | info_preview={}
2025-11-23 03:29:04,622 [DEBUG] PredPreyGrassEnv.env-0c8aa43e: event=StepBegin | env_id=env-0c8aa43e | step=122 | incoming_actions=['prey_9', 'prey_14', 'prey_17', 'prey_13', 'prey_18', ...] | active_agents=25 | current_step=122
2025-11-23 03:29:04,631 [DEBUG] PredPreyGrassEnv.env-0c8aa43e: event=StepSummary | env_id=env-0c8aa43e | step=122 | current_step=122 | terminated_agents=[] | truncated_agents=[] | remaining_agents=25 | reward_preview={prey_9:-0.001, predator_2:-0.001, predator_4:-0.001, prey_14:-0.001, prey_17:-0.001} | info_preview={}
2025-11-23 03:29:04,660 [DEBUG] PredPreyGrassEnv.env-0c8aa43e: event=StepBegin | env_id=env-0c8aa43e | step=123 | incoming_actions=['prey_9', 'prey_14', 'prey_17', 'prey_13', 'prey_18', ...] | active_agents=25 | current_step=123
2025-11-23 03:29:04,669 [DEBUG] PredPreyGrassEnv.env-0c8aa43e: event=StepSummary | env_id=env-0c8aa43e | step=123 | current_step=123 | terminated_agents=[] | truncated_agents=[] | remaining_agents=25 | reward_preview={prey_9:-0.001, predator_2:-0.001, predator_4:-0.001, prey_14:-0.001, prey_17:-0.001} | info_preview={}
2025-11-23 03:29:04,695 [DEBUG] PredPreyGrassEnv.env-0c8aa43e: event=StepBegin | env_id=env-0c8aa43e | step=124 | incoming_actions=['prey_9', 'prey_14', 'prey_17', 'prey_13', 'prey_18', ...] | active_agents=25 | current_step=124
2025-11-23 03:29:04,704 [DEBUG] PredPreyGrassEnv.env-0c8aa43e: event=StepSummary | env_id=env-0c8aa43e | step=124 | current_step=124 | terminated_agents=[] | truncated_agents=[] | remaining_agents=25 | reward_preview={prey_9:-0.001, predator_2:-0.001, predator_4:-0.001, prey_14:-0.001, prey_17:-0.001} | info_preview={}
2025-11-23 03:29:04,732 [DEBUG] PredPreyGrassEnv.env-0c8aa43e: event=StepBegin | env_id=env-0c8aa43e | step=125 | incoming_actions=['prey_9', 'prey_14', 'prey_17', 'prey_13', 'prey_18', ...] | active_agents=25 | current_step=125
2025-11-23 03:29:04,741 [DEBUG] PredPreyGrassEnv.env-0c8aa43e: event=StepSummary | env_id=env-0c8aa43e | step=125 | current_step=125 | terminated_agents=[] | truncated_agents=[] | remaining_agents=25 | reward_preview={prey_9:-0.001, predator_2:-0.001, predator_4:-0.001, prey_14:-0.001, prey_17:-0.001} | info_preview={}
2025-11-23 03:29:04,769 [DEBUG] PredPreyGrassEnv.env-0c8aa43e: event=StepBegin | env_id=env-0c8aa43e | step=126 | incoming_actions=['prey_9', 'prey_14', 'prey_17', 'prey_13', 'prey_18', ...] | active_agents=25 | current_step=126
2025-11-23 03:29:04,779 [DEBUG] PredPreyGrassEnv.env-0c8aa43e: event=StepSummary | env_id=env-0c8aa43e | step=126 | current_step=126 | terminated_agents=[] | truncated_agents=[] | remaining_agents=25 | reward_preview={prey_9:-0.001, predator_2:-0.001, predator_4:-0.001, prey_14:-0.001, prey_17:-0.001} | info_preview={}
2025-11-23 03:29:04,806 [DEBUG] PredPreyGrassEnv.env-0c8aa43e: event=StepBegin | env_id=env-0c8aa43e | step=127 | incoming_actions=['prey_9', 'prey_14', 'prey_17', 'prey_13', 'prey_18', ...] | active_agents=25 | current_step=127
2025-11-23 03:29:04,809 [DEBUG] PredPreyGrassEnv.env-0c8aa43e: event=PreyAteGrass | env_id=env-0c8aa43e | step=127 | prey='prey_10' | grass='grass_0' | prey_position=[332.7945649077867, 595.4172191750043] | grass_energy=10.0 | energy_gained=9.0 | prey_energy=139.1040471686177
2025-11-23 03:29:04,815 [DEBUG] PredPreyGrassEnv.env-0c8aa43e: event=StepSummary | env_id=env-0c8aa43e | step=127 | current_step=127 | terminated_agents=[] | truncated_agents=[] | remaining_agents=25 | reward_preview={prey_9:-0.001, predator_2:-0.001, predator_4:-0.001, prey_14:-0.001, prey_17:-0.001} | info_preview={}
2025-11-23 03:29:04,843 [DEBUG] PredPreyGrassEnv.env-0c8aa43e: event=StepBegin | env_id=env-0c8aa43e | step=128 | incoming_actions=['prey_9', 'prey_14', 'prey_17', 'prey_13', 'prey_18', ...] | active_agents=25 | current_step=128
2025-11-23 03:29:04,852 [DEBUG] PredPreyGrassEnv.env-0c8aa43e: event=StepSummary | env_id=env-0c8aa43e | step=128 | current_step=128 | terminated_agents=[] | truncated_agents=[] | remaining_agents=25 | reward_preview={prey_9:-0.001, predator_2:-0.001, predator_4:-0.001, prey_14:-0.001, prey_17:-0.001} | info_preview={}
2025-11-23 03:29:04,879 [DEBUG] PredPreyGrassEnv.env-0c8aa43e: event=StepBegin | env_id=env-0c8aa43e | step=129 | incoming_actions=['prey_9', 'prey_14', 'prey_17', 'prey_13', 'prey_18', ...] | active_agents=25 | current_step=129
2025-11-23 03:29:04,889 [DEBUG] PredPreyGrassEnv.env-0c8aa43e: event=StepSummary | env_id=env-0c8aa43e | step=129 | current_step=129 | terminated_agents=[] | truncated_agents=[] | remaining_agents=25 | reward_preview={prey_9:-0.001, predator_2:-0.001, predator_4:-0.001, prey_14:-0.001, prey_17:-0.001} | info_preview={}
2025-11-23 03:29:04,905 [DEBUG] PredPreyGrassEnv.env-0c8aa43e: event=StepBegin | env_id=env-0c8aa43e | step=130 | incoming_actions=['prey_9', 'prey_14', 'prey_17', 'prey_13', 'prey_18', ...] | active_agents=25 | current_step=130
2025-11-23 03:29:04,910 [DEBUG] PredPreyGrassEnv.env-0c8aa43e: event=PreyAteGrass | env_id=env-0c8aa43e | step=130 | prey='prey_8' | grass='grass_2' | prey_position=[606.27542492086, 470.3952758212768] | grass_energy=10.0 | energy_gained=9.0 | prey_energy=124.6916851386989
2025-11-23 03:29:04,910 [DEBUG] PredPreyGrassEnv.env-0c8aa43e: event=StepSummary | env_id=env-0c8aa43e | step=130 | current_step=130 | terminated_agents=[] | truncated_agents=[] | remaining_agents=25 | reward_preview={prey_9:-0.001, predator_2:-0.001, predator_4:-0.001, prey_14:-0.001, prey_17:-0.001} | info_preview={}
2025-11-23 03:29:04,925 [DEBUG] PredPreyGrassEnv.env-0c8aa43e: event=StepBegin | env_id=env-0c8aa43e | step=131 | incoming_actions=['prey_9', 'prey_14', 'prey_17', 'prey_13', 'prey_18', ...] | active_agents=25 | current_step=131
2025-11-23 03:29:04,930 [DEBUG] PredPreyGrassEnv.env-0c8aa43e: event=StepSummary | env_id=env-0c8aa43e | step=131 | current_step=131 | terminated_agents=[] | truncated_agents=[] | remaining_agents=25 | reward_preview={prey_9:-0.001, predator_2:-0.001, predator_4:-0.001, prey_14:-0.001, prey_17:-0.001} | info_preview={}
2025-11-23 03:29:04,943 [DEBUG] PredPreyGrassEnv.env-0c8aa43e: event=StepBegin | env_id=env-0c8aa43e | step=132 | incoming_actions=['prey_9', 'prey_14', 'prey_17', 'prey_13', 'prey_18', ...] | active_agents=25 | current_step=132
2025-11-23 03:29:04,949 [DEBUG] PredPreyGrassEnv.env-0c8aa43e: event=StepSummary | env_id=env-0c8aa43e | step=132 | current_step=132 | terminated_agents=[] | truncated_agents=[] | remaining_agents=25 | reward_preview={prey_9:-0.001, predator_2:-0.001, predator_4:-0.001, prey_14:-0.001, prey_17:-0.001} | info_preview={}
2025-11-23 03:29:04,964 [DEBUG] PredPreyGrassEnv.env-0c8aa43e: event=StepBegin | env_id=env-0c8aa43e | step=133 | incoming_actions=['prey_9', 'prey_14', 'prey_17', 'prey_13', 'prey_18', ...] | active_agents=25 | current_step=133
2025-11-23 03:29:04,970 [DEBUG] PredPreyGrassEnv.env-0c8aa43e: event=StepSummary | env_id=env-0c8aa43e | step=133 | current_step=133 | terminated_agents=[] | truncated_agents=[] | remaining_agents=25 | reward_preview={prey_9:-0.001, predator_2:-0.001, predator_4:-0.001, prey_14:-0.001, prey_17:-0.001} | info_preview={}
2025-11-23 03:29:04,985 [DEBUG] PredPreyGrassEnv.env-0c8aa43e: event=StepBegin | env_id=env-0c8aa43e | step=134 | incoming_actions=['prey_9', 'prey_14', 'prey_17', 'prey_13', 'prey_18', ...] | active_agents=25 | current_step=134
2025-11-23 03:29:04,991 [DEBUG] PredPreyGrassEnv.env-0c8aa43e: event=StepSummary | env_id=env-0c8aa43e | step=134 | current_step=134 | terminated_agents=[] | truncated_agents=[] | remaining_agents=25 | reward_preview={prey_9:-0.001, predator_2:-0.001, predator_4:-0.001, prey_14:-0.001, prey_17:-0.001} | info_preview={}
2025-11-23 03:29:05,003 [DEBUG] PredPreyGrassEnv.env-0c8aa43e: event=StepBegin | env_id=env-0c8aa43e | step=135 | incoming_actions=['prey_9', 'prey_14', 'prey_17', 'prey_13', 'prey_18', ...] | active_agents=25 | current_step=135
2025-11-23 03:29:05,010 [DEBUG] PredPreyGrassEnv.env-0c8aa43e: event=StepSummary | env_id=env-0c8aa43e | step=135 | current_step=135 | terminated_agents=[] | truncated_agents=[] | remaining_agents=25 | reward_preview={prey_9:-0.001, predator_2:-0.001, predator_4:-0.001, prey_14:-0.001, prey_17:-0.001} | info_preview={}
2025-11-23 03:29:05,026 [DEBUG] PredPreyGrassEnv.env-0c8aa43e: event=StepBegin | env_id=env-0c8aa43e | step=136 | incoming_actions=['prey_9', 'prey_14', 'prey_17', 'prey_13', 'prey_18', ...] | active_agents=25 | current_step=136
2025-11-23 03:29:05,030 [DEBUG] PredPreyGrassEnv.env-0c8aa43e: event=StepSummary | env_id=env-0c8aa43e | step=136 | current_step=136 | terminated_agents=[] | truncated_agents=[] | remaining_agents=25 | reward_preview={prey_9:-0.001, predator_2:-0.001, predator_4:-0.001, prey_14:-0.001, prey_17:-0.001} | info_preview={}
2025-11-23 03:29:05,041 [DEBUG] PredPreyGrassEnv.env-0c8aa43e: event=StepBegin | env_id=env-0c8aa43e | step=137 | incoming_actions=['prey_9', 'prey_14', 'prey_17', 'prey_13', 'prey_18', ...] | active_agents=25 | current_step=137
2025-11-23 03:29:05,045 [DEBUG] PredPreyGrassEnv.env-0c8aa43e: event=StepSummary | env_id=env-0c8aa43e | step=137 | current_step=137 | terminated_agents=[] | truncated_agents=[] | remaining_agents=25 | reward_preview={prey_9:-0.001, predator_2:-0.001, predator_4:-0.001, prey_14:-0.001, prey_17:-0.001} | info_preview={}
2025-11-23 03:29:05,056 [DEBUG] PredPreyGrassEnv.env-0c8aa43e: event=StepBegin | env_id=env-0c8aa43e | step=138 | incoming_actions=['prey_9', 'prey_14', 'prey_17', 'prey_13', 'prey_18', ...] | active_agents=25 | current_step=138
2025-11-23 03:29:05,060 [DEBUG] PredPreyGrassEnv.env-0c8aa43e: event=StepSummary | env_id=env-0c8aa43e | step=138 | current_step=138 | terminated_agents=[] | truncated_agents=[] | remaining_agents=25 | reward_preview={prey_9:-0.001, predator_2:-0.001, predator_4:-0.001, prey_14:-0.001, prey_17:-0.001} | info_preview={}
2025-11-23 03:29:05,071 [DEBUG] PredPreyGrassEnv.env-0c8aa43e: event=StepBegin | env_id=env-0c8aa43e | step=139 | incoming_actions=['prey_9', 'prey_14', 'prey_17', 'prey_13', 'prey_18', ...] | active_agents=25 | current_step=139
2025-11-23 03:29:05,075 [DEBUG] PredPreyGrassEnv.env-0c8aa43e: event=StepSummary | env_id=env-0c8aa43e | step=139 | current_step=139 | terminated_agents=[] | truncated_agents=[] | remaining_agents=25 | reward_preview={prey_9:-0.001, predator_2:-0.001, predator_4:-0.001, prey_14:-0.001, prey_17:-0.001} | info_preview={}
2025-11-23 03:29:05,086 [DEBUG] PredPreyGrassEnv.env-0c8aa43e: event=StepBegin | env_id=env-0c8aa43e | step=140 | incoming_actions=['prey_9', 'prey_14', 'prey_17', 'prey_13', 'prey_18', ...] | active_agents=25 | current_step=140
2025-11-23 03:29:05,090 [DEBUG] PredPreyGrassEnv.env-0c8aa43e: event=StepSummary | env_id=env-0c8aa43e | step=140 | current_step=140 | terminated_agents=[] | truncated_agents=[] | remaining_agents=25 | reward_preview={prey_9:-0.001, predator_2:-0.001, predator_4:-0.001, prey_14:-0.001, prey_17:-0.001} | info_preview={}
2025-11-23 03:29:05,101 [DEBUG] PredPreyGrassEnv.env-0c8aa43e: event=StepBegin | env_id=env-0c8aa43e | step=141 | incoming_actions=['prey_9', 'prey_14', 'prey_17', 'prey_13', 'prey_18', ...] | active_agents=25 | current_step=141
2025-11-23 03:29:05,105 [DEBUG] PredPreyGrassEnv.env-0c8aa43e: event=StepSummary | env_id=env-0c8aa43e | step=141 | current_step=141 | terminated_agents=[] | truncated_agents=[] | remaining_agents=25 | reward_preview={prey_9:-0.001, predator_2:-0.001, predator_4:-0.001, prey_14:-0.001, prey_17:-0.001} | info_preview={}
2025-11-23 03:29:05,116 [DEBUG] PredPreyGrassEnv.env-0c8aa43e: event=StepBegin | env_id=env-0c8aa43e | step=142 | incoming_actions=['prey_9', 'prey_14', 'prey_17', 'prey_13', 'prey_18', ...] | active_agents=25 | current_step=142
2025-11-23 03:29:05,120 [DEBUG] PredPreyGrassEnv.env-0c8aa43e: event=StepSummary | env_id=env-0c8aa43e | step=142 | current_step=142 | terminated_agents=[] | truncated_agents=[] | remaining_agents=25 | reward_preview={prey_9:-0.001, predator_2:-0.001, predator_4:-0.001, prey_14:-0.001, prey_17:-0.001} | info_preview={}
2025-11-23 03:29:05,131 [DEBUG] PredPreyGrassEnv.env-0c8aa43e: event=StepBegin | env_id=env-0c8aa43e | step=143 | incoming_actions=['prey_9', 'prey_14', 'prey_17', 'prey_13', 'prey_18', ...] | active_agents=25 | current_step=143
2025-11-23 03:29:05,135 [DEBUG] PredPreyGrassEnv.env-0c8aa43e: event=StepSummary | env_id=env-0c8aa43e | step=143 | current_step=143 | terminated_agents=[] | truncated_agents=[] | remaining_agents=25 | reward_preview={prey_9:-0.001, predator_2:-0.001, predator_4:-0.001, prey_14:-0.001, prey_17:-0.001} | info_preview={}
2025-11-23 03:29:05,145 [DEBUG] PredPreyGrassEnv.env-0c8aa43e: event=StepBegin | env_id=env-0c8aa43e | step=144 | incoming_actions=['prey_9', 'prey_14', 'prey_17', 'prey_13', 'prey_18', ...] | active_agents=25 | current_step=144
2025-11-23 03:29:05,149 [DEBUG] PredPreyGrassEnv.env-0c8aa43e: event=StepSummary | env_id=env-0c8aa43e | step=144 | current_step=144 | terminated_agents=[] | truncated_agents=[] | remaining_agents=25 | reward_preview={prey_9:-0.001, predator_2:-0.001, predator_4:-0.001, prey_14:-0.001, prey_17:-0.001} | info_preview={}
2025-11-23 03:29:05,160 [DEBUG] PredPreyGrassEnv.env-0c8aa43e: event=StepBegin | env_id=env-0c8aa43e | step=145 | incoming_actions=['prey_9', 'prey_14', 'prey_17', 'prey_13', 'prey_18', ...] | active_agents=25 | current_step=145
2025-11-23 03:29:05,164 [DEBUG] PredPreyGrassEnv.env-0c8aa43e: event=StepSummary | env_id=env-0c8aa43e | step=145 | current_step=145 | terminated_agents=[] | truncated_agents=[] | remaining_agents=25 | reward_preview={prey_9:-0.001, predator_2:-0.001, predator_4:-0.001, prey_14:-0.001, prey_17:-0.001} | info_preview={}
2025-11-23 03:29:05,175 [DEBUG] PredPreyGrassEnv.env-0c8aa43e: event=StepBegin | env_id=env-0c8aa43e | step=146 | incoming_actions=['prey_9', 'prey_14', 'prey_17', 'prey_13', 'prey_18', ...] | active_agents=25 | current_step=146
2025-11-23 03:29:05,178 [DEBUG] PredPreyGrassEnv.env-0c8aa43e: event=PreyAteGrass | env_id=env-0c8aa43e | step=146 | prey='prey_4' | grass='grass_82' | prey_position=[504.05393823724495, 600.5802985281916] | grass_energy=10.0 | energy_gained=9.0 | prey_energy=134.3132747302435
2025-11-23 03:29:05,179 [DEBUG] PredPreyGrassEnv.env-0c8aa43e: event=PreyAteGrass | env_id=env-0c8aa43e | step=146 | prey='prey_8' | grass='grass_40' | prey_position=[647.3319057152635, 467.3180739579709] | grass_energy=10.0 | energy_gained=9.0 | prey_energy=128.53799986977003
2025-11-23 03:29:05,179 [DEBUG] PredPreyGrassEnv.env-0c8aa43e: event=StepSummary | env_id=env-0c8aa43e | step=146 | current_step=146 | terminated_agents=[] | truncated_agents=[] | remaining_agents=25 | reward_preview={prey_9:-0.001, predator_2:-0.001, predator_4:-0.001, prey_14:-0.001, prey_17:-0.001} | info_preview={}
2025-11-23 03:29:05,190 [DEBUG] PredPreyGrassEnv.env-0c8aa43e: event=StepBegin | env_id=env-0c8aa43e | step=147 | incoming_actions=['prey_9', 'prey_14', 'prey_17', 'prey_13', 'prey_18', ...] | active_agents=25 | current_step=147
2025-11-23 03:29:05,194 [DEBUG] PredPreyGrassEnv.env-0c8aa43e: event=StepSummary | env_id=env-0c8aa43e | step=147 | current_step=147 | terminated_agents=[] | truncated_agents=[] | remaining_agents=25 | reward_preview={prey_9:-0.001, predator_2:-0.001, predator_4:-0.001, prey_14:-0.001, prey_17:-0.001} | info_preview={}
2025-11-23 03:29:05,210 [DEBUG] PredPreyGrassEnv.env-0c8aa43e: event=StepBegin | env_id=env-0c8aa43e | step=148 | incoming_actions=['prey_9', 'prey_14', 'prey_17', 'prey_13', 'prey_18', ...] | active_agents=25 | current_step=148
2025-11-23 03:29:05,216 [DEBUG] PredPreyGrassEnv.env-0c8aa43e: event=StepSummary | env_id=env-0c8aa43e | step=148 | current_step=148 | terminated_agents=[] | truncated_agents=[] | remaining_agents=25 | reward_preview={prey_9:-0.001, predator_2:-0.001, predator_4:-0.001, prey_14:-0.001, prey_17:-0.001} | info_preview={}
2025-11-23 03:29:05,230 [DEBUG] PredPreyGrassEnv.env-0c8aa43e: event=StepBegin | env_id=env-0c8aa43e | step=149 | incoming_actions=['prey_9', 'prey_14', 'prey_17', 'prey_13', 'prey_18', ...] | active_agents=25 | current_step=149
2025-11-23 03:29:05,234 [DEBUG] PredPreyGrassEnv.env-0c8aa43e: event=StepSummary | env_id=env-0c8aa43e | step=149 | current_step=149 | terminated_agents=[] | truncated_agents=[] | remaining_agents=25 | reward_preview={prey_9:-0.001, predator_2:-0.001, predator_4:-0.001, prey_14:-0.001, prey_17:-0.001} | info_preview={}
2025-11-23 03:29:05,249 [DEBUG] PredPreyGrassEnv.env-0c8aa43e: event=StepBegin | env_id=env-0c8aa43e | step=150 | incoming_actions=['prey_9', 'prey_14', 'prey_17', 'prey_13', 'prey_18', ...] | active_agents=25 | current_step=150
2025-11-23 03:29:05,254 [DEBUG] PredPreyGrassEnv.env-0c8aa43e: event=StepSummary | env_id=env-0c8aa43e | step=150 | current_step=150 | terminated_agents=[] | truncated_agents=[] | remaining_agents=25 | reward_preview={prey_9:-0.001, predator_2:-0.001, predator_4:-0.001, prey_14:-0.001, prey_17:-0.001} | info_preview={}
2025-11-23 03:29:05,268 [DEBUG] PredPreyGrassEnv.env-0c8aa43e: event=StepBegin | env_id=env-0c8aa43e | step=151 | incoming_actions=['prey_9', 'prey_14', 'prey_17', 'prey_13', 'prey_18', ...] | active_agents=25 | current_step=151
2025-11-23 03:29:05,274 [DEBUG] PredPreyGrassEnv.env-0c8aa43e: event=StepSummary | env_id=env-0c8aa43e | step=151 | current_step=151 | terminated_agents=[] | truncated_agents=[] | remaining_agents=25 | reward_preview={prey_9:-0.001, predator_2:-0.001, predator_4:-0.001, prey_14:-0.001, prey_17:-0.001} | info_preview={}
2025-11-23 03:29:05,286 [DEBUG] PredPreyGrassEnv.env-0c8aa43e: event=StepBegin | env_id=env-0c8aa43e | step=152 | incoming_actions=['prey_9', 'prey_14', 'prey_17', 'prey_13', 'prey_18', ...] | active_agents=25 | current_step=152
2025-11-23 03:29:05,289 [DEBUG] PredPreyGrassEnv.env-0c8aa43e: event=PreyAteGrass | env_id=env-0c8aa43e | step=152 | prey='prey_17' | grass='grass_76' | prey_position=[589.6691196408003, 355.02105161872953] | grass_energy=10.0 | energy_gained=9.0 | prey_energy=134.83123657735104
2025-11-23 03:29:05,291 [DEBUG] PredPreyGrassEnv.env-0c8aa43e: event=StepSummary | env_id=env-0c8aa43e | step=152 | current_step=152 | terminated_agents=[] | truncated_agents=[] | remaining_agents=25 | reward_preview={prey_9:-0.001, predator_2:-0.001, predator_4:-0.001, prey_14:-0.001, prey_17:1.0} | info_preview={}
2025-11-23 03:29:05,307 [DEBUG] PredPreyGrassEnv.env-0c8aa43e: event=StepBegin | env_id=env-0c8aa43e | step=153 | incoming_actions=['prey_9', 'prey_14', 'prey_17', 'prey_13', 'prey_18', ...] | active_agents=25 | current_step=153
2025-11-23 03:29:05,313 [DEBUG] PredPreyGrassEnv.env-0c8aa43e: event=StepSummary | env_id=env-0c8aa43e | step=153 | current_step=153 | terminated_agents=[] | truncated_agents=[] | remaining_agents=25 | reward_preview={prey_9:-0.001, predator_2:-0.001, predator_4:-0.001, prey_14:-0.001, prey_17:-0.001} | info_preview={}
2025-11-23 03:29:05,327 [DEBUG] PredPreyGrassEnv.env-0c8aa43e: event=StepBegin | env_id=env-0c8aa43e | step=154 | incoming_actions=['prey_9', 'prey_14', 'prey_17', 'prey_13', 'prey_18', ...] | active_agents=25 | current_step=154
2025-11-23 03:29:05,331 [DEBUG] PredPreyGrassEnv.env-0c8aa43e: event=StepSummary | env_id=env-0c8aa43e | step=154 | current_step=154 | terminated_agents=[] | truncated_agents=[] | remaining_agents=25 | reward_preview={prey_9:-0.001, predator_2:-0.001, predator_4:-0.001, prey_14:-0.001, prey_17:-0.001} | info_preview={}
2025-11-23 03:29:05,345 [DEBUG] PredPreyGrassEnv.env-0c8aa43e: event=StepBegin | env_id=env-0c8aa43e | step=155 | incoming_actions=['prey_9', 'prey_14', 'prey_17', 'prey_13', 'prey_18', ...] | active_agents=25 | current_step=155
2025-11-23 03:29:05,351 [DEBUG] PredPreyGrassEnv.env-0c8aa43e: event=StepSummary | env_id=env-0c8aa43e | step=155 | current_step=155 | terminated_agents=[] | truncated_agents=[] | remaining_agents=25 | reward_preview={prey_9:-0.001, predator_2:-0.001, predator_4:-0.001, prey_14:-0.001, prey_17:-0.001} | info_preview={}
2025-11-23 03:29:05,366 [DEBUG] PredPreyGrassEnv.env-0c8aa43e: event=StepBegin | env_id=env-0c8aa43e | step=156 | incoming_actions=['prey_9', 'prey_14', 'prey_17', 'prey_13', 'prey_18', ...] | active_agents=25 | current_step=156
2025-11-23 03:29:05,371 [DEBUG] PredPreyGrassEnv.env-0c8aa43e: event=StepSummary | env_id=env-0c8aa43e | step=156 | current_step=156 | terminated_agents=[] | truncated_agents=[] | remaining_agents=25 | reward_preview={prey_9:-0.001, predator_2:-0.001, predator_4:-0.001, prey_14:-0.001, prey_17:-0.001} | info_preview={}
2025-11-23 03:29:05,385 [DEBUG] PredPreyGrassEnv.env-0c8aa43e: event=StepBegin | env_id=env-0c8aa43e | step=157 | incoming_actions=['prey_9', 'prey_14', 'prey_17', 'prey_13', 'prey_18', ...] | active_agents=25 | current_step=157
2025-11-23 03:29:05,388 [DEBUG] PredPreyGrassEnv.env-0c8aa43e: event=PreyAteGrass | env_id=env-0c8aa43e | step=157 | prey='prey_7' | grass='grass_11' | prey_position=[233.45764555295432, 773.5774519287394] | grass_energy=10.0 | energy_gained=9.0 | prey_energy=128.4066400940583
2025-11-23 03:29:05,389 [DEBUG] PredPreyGrassEnv.env-0c8aa43e: event=StepSummary | env_id=env-0c8aa43e | step=157 | current_step=157 | terminated_agents=[] | truncated_agents=[] | remaining_agents=25 | reward_preview={prey_9:-0.001, predator_2:-0.001, predator_4:-0.001, prey_14:-0.001, prey_17:-0.001} | info_preview={}
2025-11-23 03:29:05,403 [DEBUG] PredPreyGrassEnv.env-0c8aa43e: event=StepBegin | env_id=env-0c8aa43e | step=158 | incoming_actions=['prey_9', 'prey_14', 'prey_17', 'prey_13', 'prey_18', ...] | active_agents=25 | current_step=158
2025-11-23 03:29:05,408 [DEBUG] PredPreyGrassEnv.env-0c8aa43e: event=StepSummary | env_id=env-0c8aa43e | step=158 | current_step=158 | terminated_agents=[] | truncated_agents=[] | remaining_agents=25 | reward_preview={prey_9:-0.001, predator_2:-0.001, predator_4:-0.001, prey_14:-0.001, prey_17:-0.001} | info_preview={}
2025-11-23 03:29:05,426 [DEBUG] PredPreyGrassEnv.env-0c8aa43e: event=StepBegin | env_id=env-0c8aa43e | step=159 | incoming_actions=['prey_9', 'prey_14', 'prey_17', 'prey_13', 'prey_18', ...] | active_agents=25 | current_step=159
2025-11-23 03:29:05,432 [DEBUG] PredPreyGrassEnv.env-0c8aa43e: event=PreyAteGrass | env_id=env-0c8aa43e | step=159 | prey='prey_18' | grass='grass_65' | prey_position=[716.743210438027, 435.78950640148446] | grass_energy=10.0 | energy_gained=9.0 | prey_energy=134.7977728712688
2025-11-23 03:29:05,433 [DEBUG] PredPreyGrassEnv.env-0c8aa43e: event=StepSummary | env_id=env-0c8aa43e | step=159 | current_step=159 | terminated_agents=[] | truncated_agents=[] | remaining_agents=25 | reward_preview={prey_9:-0.001, predator_2:-0.001, predator_4:-0.001, prey_14:-0.001, prey_17:-0.001} | info_preview={}
2025-11-23 03:29:05,446 [DEBUG] PredPreyGrassEnv.env-0c8aa43e: event=StepBegin | env_id=env-0c8aa43e | step=160 | incoming_actions=['prey_9', 'prey_14', 'prey_17', 'prey_13', 'prey_18', ...] | active_agents=25 | current_step=160
2025-11-23 03:29:05,452 [DEBUG] PredPreyGrassEnv.env-0c8aa43e: event=StepSummary | env_id=env-0c8aa43e | step=160 | current_step=160 | terminated_agents=[] | truncated_agents=[] | remaining_agents=25 | reward_preview={prey_9:-0.001, predator_2:-0.001, predator_4:-0.001, prey_14:-0.001, prey_17:-0.001} | info_preview={}
2025-11-23 03:29:05,467 [DEBUG] PredPreyGrassEnv.env-0c8aa43e: event=StepBegin | env_id=env-0c8aa43e | step=161 | incoming_actions=['prey_9', 'prey_14', 'prey_17', 'prey_13', 'prey_18', ...] | active_agents=25 | current_step=161
2025-11-23 03:29:05,472 [DEBUG] PredPreyGrassEnv.env-0c8aa43e: event=StepSummary | env_id=env-0c8aa43e | step=161 | current_step=161 | terminated_agents=[] | truncated_agents=[] | remaining_agents=25 | reward_preview={prey_9:-0.001, predator_2:-0.001, predator_4:-0.001, prey_14:-0.001, prey_17:-0.001} | info_preview={}
2025-11-23 03:29:05,487 [DEBUG] PredPreyGrassEnv.env-0c8aa43e: event=StepBegin | env_id=env-0c8aa43e | step=162 | incoming_actions=['prey_9', 'prey_14', 'prey_17', 'prey_13', 'prey_18', ...] | active_agents=25 | current_step=162
2025-11-23 03:29:05,491 [DEBUG] PredPreyGrassEnv.env-0c8aa43e: event=StepSummary | env_id=env-0c8aa43e | step=162 | current_step=162 | terminated_agents=[] | truncated_agents=[] | remaining_agents=25 | reward_preview={prey_9:-0.001, predator_2:-0.001, predator_4:-0.001, prey_14:-0.001, prey_17:-0.001} | info_preview={}
2025-11-23 03:29:05,505 [DEBUG] PredPreyGrassEnv.env-0c8aa43e: event=StepBegin | env_id=env-0c8aa43e | step=163 | incoming_actions=['prey_9', 'prey_14', 'prey_17', 'prey_13', 'prey_18', ...] | active_agents=25 | current_step=163
2025-11-23 03:29:05,510 [DEBUG] PredPreyGrassEnv.env-0c8aa43e: event=StepSummary | env_id=env-0c8aa43e | step=163 | current_step=163 | terminated_agents=[] | truncated_agents=[] | remaining_agents=25 | reward_preview={prey_9:-0.001, predator_2:-0.001, predator_4:-0.001, prey_14:-0.001, prey_17:-0.001} | info_preview={}
2025-11-23 03:29:05,526 [DEBUG] PredPreyGrassEnv.env-0c8aa43e: event=StepBegin | env_id=env-0c8aa43e | step=164 | incoming_actions=['prey_9', 'prey_14', 'prey_17', 'prey_13', 'prey_18', ...] | active_agents=25 | current_step=164
2025-11-23 03:29:05,531 [DEBUG] PredPreyGrassEnv.env-0c8aa43e: event=StepSummary | env_id=env-0c8aa43e | step=164 | current_step=164 | terminated_agents=[] | truncated_agents=[] | remaining_agents=25 | reward_preview={prey_9:-0.001, predator_2:-0.001, predator_4:-0.001, prey_14:-0.001, prey_17:-0.001} | info_preview={}
2025-11-23 03:29:05,548 [DEBUG] PredPreyGrassEnv.env-0c8aa43e: event=StepBegin | env_id=env-0c8aa43e | step=165 | incoming_actions=['prey_9', 'prey_14', 'prey_17', 'prey_13', 'prey_18', ...] | active_agents=25 | current_step=165
2025-11-23 03:29:05,558 [DEBUG] PredPreyGrassEnv.env-0c8aa43e: event=StepSummary | env_id=env-0c8aa43e | step=165 | current_step=165 | terminated_agents=[] | truncated_agents=[] | remaining_agents=25 | reward_preview={prey_9:-0.001, predator_2:-0.001, predator_4:-0.001, prey_14:-0.001, prey_17:-0.001} | info_preview={}
2025-11-23 03:29:05,585 [DEBUG] PredPreyGrassEnv.env-0c8aa43e: event=StepBegin | env_id=env-0c8aa43e | step=166 | incoming_actions=['prey_9', 'prey_14', 'prey_17', 'prey_13', 'prey_18', ...] | active_agents=25 | current_step=166
2025-11-23 03:29:05,594 [DEBUG] PredPreyGrassEnv.env-0c8aa43e: event=StepSummary | env_id=env-0c8aa43e | step=166 | current_step=166 | terminated_agents=[] | truncated_agents=[] | remaining_agents=25 | reward_preview={prey_9:-0.001, predator_2:-0.001, predator_4:-0.001, prey_14:-0.001, prey_17:-0.001} | info_preview={}
2025-11-23 03:29:05,622 [DEBUG] PredPreyGrassEnv.env-0c8aa43e: event=StepBegin | env_id=env-0c8aa43e | step=167 | incoming_actions=['prey_9', 'prey_14', 'prey_17', 'prey_13', 'prey_18', ...] | active_agents=25 | current_step=167
2025-11-23 03:29:05,632 [DEBUG] PredPreyGrassEnv.env-0c8aa43e: event=StepSummary | env_id=env-0c8aa43e | step=167 | current_step=167 | terminated_agents=[] | truncated_agents=[] | remaining_agents=25 | reward_preview={prey_9:-0.001, predator_2:-0.001, predator_4:-0.001, prey_14:-0.001, prey_17:-0.001} | info_preview={}
2025-11-23 03:29:05,661 [DEBUG] PredPreyGrassEnv.env-0c8aa43e: event=StepBegin | env_id=env-0c8aa43e | step=168 | incoming_actions=['prey_9', 'prey_14', 'prey_17', 'prey_13', 'prey_18', ...] | active_agents=25 | current_step=168
2025-11-23 03:29:05,670 [DEBUG] PredPreyGrassEnv.env-0c8aa43e: event=StepSummary | env_id=env-0c8aa43e | step=168 | current_step=168 | terminated_agents=[] | truncated_agents=[] | remaining_agents=25 | reward_preview={prey_9:-0.001, predator_2:-0.001, predator_4:-0.001, prey_14:-0.001, prey_17:-0.001} | info_preview={}
2025-11-23 03:29:05,698 [DEBUG] PredPreyGrassEnv.env-0c8aa43e: event=StepBegin | env_id=env-0c8aa43e | step=169 | incoming_actions=['prey_9', 'prey_14', 'prey_17', 'prey_13', 'prey_18', ...] | active_agents=25 | current_step=169
2025-11-23 03:29:05,707 [DEBUG] PredPreyGrassEnv.env-0c8aa43e: event=StepSummary | env_id=env-0c8aa43e | step=169 | current_step=169 | terminated_agents=[] | truncated_agents=[] | remaining_agents=25 | reward_preview={prey_9:-0.001, predator_2:-0.001, predator_4:-0.001, prey_14:-0.001, prey_17:-0.001} | info_preview={}
2025-11-23 03:29:05,736 [DEBUG] PredPreyGrassEnv.env-0c8aa43e: event=StepBegin | env_id=env-0c8aa43e | step=170 | incoming_actions=['prey_9', 'prey_14', 'prey_17', 'prey_13', 'prey_18', ...] | active_agents=25 | current_step=170
2025-11-23 03:29:05,745 [DEBUG] PredPreyGrassEnv.env-0c8aa43e: event=StepSummary | env_id=env-0c8aa43e | step=170 | current_step=170 | terminated_agents=[] | truncated_agents=[] | remaining_agents=25 | reward_preview={prey_9:-0.001, predator_2:-0.001, predator_4:-0.001, prey_14:-0.001, prey_17:-0.001} | info_preview={}
2025-11-23 03:29:05,772 [DEBUG] PredPreyGrassEnv.env-0c8aa43e: event=StepBegin | env_id=env-0c8aa43e | step=171 | incoming_actions=['prey_9', 'prey_14', 'prey_17', 'prey_13', 'prey_18', ...] | active_agents=25 | current_step=171
2025-11-23 03:29:05,776 [DEBUG] PredPreyGrassEnv.env-0c8aa43e: event=StepSummary | env_id=env-0c8aa43e | step=171 | current_step=171 | terminated_agents=[] | truncated_agents=[] | remaining_agents=25 | reward_preview={prey_9:-0.001, predator_2:-0.001, predator_4:-0.001, prey_14:-0.001, prey_17:-0.001} | info_preview={}
2025-11-23 03:29:05,799 [DEBUG] PredPreyGrassEnv.env-0c8aa43e: event=StepBegin | env_id=env-0c8aa43e | step=172 | incoming_actions=['prey_9', 'prey_14', 'prey_17', 'prey_13', 'prey_18', ...] | active_agents=25 | current_step=172
2025-11-23 03:29:05,804 [DEBUG] PredPreyGrassEnv.env-0c8aa43e: event=PreyAteGrass | env_id=env-0c8aa43e | step=172 | prey='prey_4' | grass='grass_6' | prey_position=[528.4170313901747, 581.5445975364561] | grass_energy=10.0 | energy_gained=9.0 | prey_energy=139.14181873986817
2025-11-23 03:29:05,805 [DEBUG] PredPreyGrassEnv.env-0c8aa43e: event=StepSummary | env_id=env-0c8aa43e | step=172 | current_step=172 | terminated_agents=[] | truncated_agents=[] | remaining_agents=25 | reward_preview={prey_9:-0.001, predator_2:-0.001, predator_4:-0.001, prey_14:-0.001, prey_17:-0.001} | info_preview={}
2025-11-23 03:29:05,821 [DEBUG] PredPreyGrassEnv.env-0c8aa43e: event=StepBegin | env_id=env-0c8aa43e | step=173 | incoming_actions=['prey_9', 'prey_14', 'prey_17', 'prey_13', 'prey_18', ...] | active_agents=25 | current_step=173
2025-11-23 03:29:05,827 [DEBUG] PredPreyGrassEnv.env-0c8aa43e: event=StepSummary | env_id=env-0c8aa43e | step=173 | current_step=173 | terminated_agents=[] | truncated_agents=[] | remaining_agents=25 | reward_preview={prey_9:-0.001, predator_2:-0.001, predator_4:-0.001, prey_14:-0.001, prey_17:-0.001} | info_preview={}
2025-11-23 03:29:05,842 [DEBUG] PredPreyGrassEnv.env-0c8aa43e: event=StepBegin | env_id=env-0c8aa43e | step=174 | incoming_actions=['prey_9', 'prey_14', 'prey_17', 'prey_13', 'prey_18', ...] | active_agents=25 | current_step=174
2025-11-23 03:29:05,847 [DEBUG] PredPreyGrassEnv.env-0c8aa43e: event=StepSummary | env_id=env-0c8aa43e | step=174 | current_step=174 | terminated_agents=[] | truncated_agents=[] | remaining_agents=25 | reward_preview={prey_9:-0.001, predator_2:-0.001, predator_4:-0.001, prey_14:-0.001, prey_17:-0.001} | info_preview={}
2025-11-23 03:29:05,861 [DEBUG] PredPreyGrassEnv.env-0c8aa43e: event=StepBegin | env_id=env-0c8aa43e | step=175 | incoming_actions=['prey_9', 'prey_14', 'prey_17', 'prey_13', 'prey_18', ...] | active_agents=25 | current_step=175
2025-11-23 03:29:05,865 [DEBUG] PredPreyGrassEnv.env-0c8aa43e: event=StepSummary | env_id=env-0c8aa43e | step=175 | current_step=175 | terminated_agents=[] | truncated_agents=[] | remaining_agents=25 | reward_preview={prey_9:-0.001, predator_2:-0.001, predator_4:-0.001, prey_14:-0.001, prey_17:-0.001} | info_preview={}
2025-11-23 03:29:05,877 [DEBUG] PredPreyGrassEnv.env-0c8aa43e: event=StepBegin | env_id=env-0c8aa43e | step=176 | incoming_actions=['prey_9', 'prey_14', 'prey_17', 'prey_13', 'prey_18', ...] | active_agents=25 | current_step=176
2025-11-23 03:29:05,877 [DEBUG] PredPreyGrassEnv.env-0c8aa43e: event=CollisionBatch | env_id=env-0c8aa43e | step=176 | collisions=[['predator_catch_prey', 'predator_3', 'prey_3']]
2025-11-23 03:29:05,880 [DEBUG] PredPreyGrassEnv.env-0c8aa43e: event=AgentEnergyDepleted | env_id=env-0c8aa43e | step=176 | agent='prey_3' | position=[462.79863817201914, 280.82527250227287] | energy=0
2025-11-23 03:29:05,881 [DEBUG] PredPreyGrassEnv.env-0c8aa43e: event=AgentRemovedFromActiveList | env_id=env-0c8aa43e | step=176 | agent='prey_3' | remaining_agents=24
2025-11-23 03:29:05,881 [DEBUG] PredPreyGrassEnv.env-0c8aa43e: event=StepSummary | env_id=env-0c8aa43e | step=176 | current_step=176 | terminated_agents=['prey_3'] | truncated_agents=[] | remaining_agents=24 | reward_preview={prey_9:-0.001, predator_2:-0.001, predator_4:-0.001, prey_14:-0.001, prey_17:-0.001} | info_preview={}
2025-11-23 03:29:05,892 [DEBUG] PredPreyGrassEnv.env-0c8aa43e: event=StepBegin | env_id=env-0c8aa43e | step=177 | incoming_actions=['prey_9', 'prey_14', 'prey_17', 'prey_13', 'prey_18', ...] | active_agents=24 | current_step=177
2025-11-23 03:29:05,896 [DEBUG] PredPreyGrassEnv.env-0c8aa43e: event=StepSummary | env_id=env-0c8aa43e | step=177 | current_step=177 | terminated_agents=[] | truncated_agents=[] | remaining_agents=24 | reward_preview={prey_9:-0.001, predator_2:-0.001, predator_4:-0.001, prey_14:-0.001, prey_17:-0.001} | info_preview={}
2025-11-23 03:29:05,906 [DEBUG] PredPreyGrassEnv.env-0c8aa43e: event=StepBegin | env_id=env-0c8aa43e | step=178 | incoming_actions=['prey_9', 'prey_14', 'prey_17', 'prey_13', 'prey_18', ...] | active_agents=24 | current_step=178
2025-11-23 03:29:05,910 [DEBUG] PredPreyGrassEnv.env-0c8aa43e: event=StepSummary | env_id=env-0c8aa43e | step=178 | current_step=178 | terminated_agents=[] | truncated_agents=[] | remaining_agents=24 | reward_preview={prey_9:-0.001, predator_2:-0.001, predator_4:-0.001, prey_14:-0.001, prey_17:-0.001} | info_preview={}
2025-11-23 03:29:05,921 [DEBUG] PredPreyGrassEnv.env-0c8aa43e: event=StepBegin | env_id=env-0c8aa43e | step=179 | incoming_actions=['prey_9', 'prey_14', 'prey_17', 'prey_13', 'prey_18', ...] | active_agents=24 | current_step=179
2025-11-23 03:29:05,924 [DEBUG] PredPreyGrassEnv.env-0c8aa43e: event=StepSummary | env_id=env-0c8aa43e | step=179 | current_step=179 | terminated_agents=[] | truncated_agents=[] | remaining_agents=24 | reward_preview={prey_9:-0.001, predator_2:-0.001, predator_4:-0.001, prey_14:-0.001, prey_17:-0.001} | info_preview={}
2025-11-23 03:29:05,935 [DEBUG] PredPreyGrassEnv.env-0c8aa43e: event=StepBegin | env_id=env-0c8aa43e | step=180 | incoming_actions=['prey_9', 'prey_14', 'prey_17', 'prey_13', 'prey_18', ...] | active_agents=24 | current_step=180
2025-11-23 03:29:05,938 [DEBUG] PredPreyGrassEnv.env-0c8aa43e: event=StepSummary | env_id=env-0c8aa43e | step=180 | current_step=180 | terminated_agents=[] | truncated_agents=[] | remaining_agents=24 | reward_preview={prey_9:-0.001, predator_2:-0.001, predator_4:-0.001, prey_14:-0.001, prey_17:-0.001} | info_preview={}
2025-11-23 03:29:05,950 [DEBUG] PredPreyGrassEnv.env-0c8aa43e: event=StepBegin | env_id=env-0c8aa43e | step=181 | incoming_actions=['prey_9', 'prey_14', 'prey_17', 'prey_13', 'prey_18', ...] | active_agents=24 | current_step=181
2025-11-23 03:29:05,953 [DEBUG] PredPreyGrassEnv.env-0c8aa43e: event=StepSummary | env_id=env-0c8aa43e | step=181 | current_step=181 | terminated_agents=[] | truncated_agents=[] | remaining_agents=24 | reward_preview={prey_9:-0.001, predator_2:-0.001, predator_4:-0.001, prey_14:-0.001, prey_17:-0.001} | info_preview={}
2025-11-23 03:29:05,965 [DEBUG] PredPreyGrassEnv.env-0c8aa43e: event=StepBegin | env_id=env-0c8aa43e | step=182 | incoming_actions=['prey_9', 'prey_14', 'prey_17', 'prey_13', 'prey_18', ...] | active_agents=24 | current_step=182
2025-11-23 03:29:05,971 [DEBUG] PredPreyGrassEnv.env-0c8aa43e: event=StepSummary | env_id=env-0c8aa43e | step=182 | current_step=182 | terminated_agents=[] | truncated_agents=[] | remaining_agents=24 | reward_preview={prey_9:-0.001, predator_2:-0.001, predator_4:-0.001, prey_14:-0.001, prey_17:-0.001} | info_preview={}
2025-11-23 03:29:05,986 [DEBUG] PredPreyGrassEnv.env-0c8aa43e: event=StepBegin | env_id=env-0c8aa43e | step=183 | incoming_actions=['prey_9', 'prey_14', 'prey_17', 'prey_13', 'prey_18', ...] | active_agents=24 | current_step=183
2025-11-23 03:29:05,991 [DEBUG] PredPreyGrassEnv.env-0c8aa43e: event=StepSummary | env_id=env-0c8aa43e | step=183 | current_step=183 | terminated_agents=[] | truncated_agents=[] | remaining_agents=24 | reward_preview={prey_9:-0.001, predator_2:-0.001, predator_4:-0.001, prey_14:-0.001, prey_17:-0.001} | info_preview={}
2025-11-23 03:29:06,006 [DEBUG] PredPreyGrassEnv.env-0c8aa43e: event=StepBegin | env_id=env-0c8aa43e | step=184 | incoming_actions=['prey_9', 'prey_14', 'prey_17', 'prey_13', 'prey_18', ...] | active_agents=24 | current_step=184
2025-11-23 03:29:06,011 [DEBUG] PredPreyGrassEnv.env-0c8aa43e: event=StepSummary | env_id=env-0c8aa43e | step=184 | current_step=184 | terminated_agents=[] | truncated_agents=[] | remaining_agents=24 | reward_preview={prey_9:-0.001, predator_2:-0.001, predator_4:-0.001, prey_14:-0.001, prey_17:-0.001} | info_preview={}
2025-11-23 03:29:06,025 [DEBUG] PredPreyGrassEnv.env-0c8aa43e: event=StepBegin | env_id=env-0c8aa43e | step=185 | incoming_actions=['prey_9', 'prey_14', 'prey_17', 'prey_13', 'prey_18', ...] | active_agents=24 | current_step=185
2025-11-23 03:29:06,030 [DEBUG] PredPreyGrassEnv.env-0c8aa43e: event=StepSummary | env_id=env-0c8aa43e | step=185 | current_step=185 | terminated_agents=[] | truncated_agents=[] | remaining_agents=24 | reward_preview={prey_9:-0.001, predator_2:-0.001, predator_4:-0.001, prey_14:-0.001, prey_17:-0.001} | info_preview={}
2025-11-23 03:29:06,046 [DEBUG] PredPreyGrassEnv.env-0c8aa43e: event=StepBegin | env_id=env-0c8aa43e | step=186 | incoming_actions=['prey_9', 'prey_14', 'prey_17', 'prey_13', 'prey_18', ...] | active_agents=24 | current_step=186
2025-11-23 03:29:06,053 [DEBUG] PredPreyGrassEnv.env-0c8aa43e: event=StepSummary | env_id=env-0c8aa43e | step=186 | current_step=186 | terminated_agents=[] | truncated_agents=[] | remaining_agents=24 | reward_preview={prey_9:-0.001, predator_2:-0.001, predator_4:-0.001, prey_14:-0.001, prey_17:-0.001} | info_preview={}
2025-11-23 03:29:06,067 [DEBUG] PredPreyGrassEnv.env-0c8aa43e: event=StepBegin | env_id=env-0c8aa43e | step=187 | incoming_actions=['prey_9', 'prey_14', 'prey_17', 'prey_13', 'prey_18', ...] | active_agents=24 | current_step=187
2025-11-23 03:29:06,071 [DEBUG] PredPreyGrassEnv.env-0c8aa43e: event=PreyAteGrass | env_id=env-0c8aa43e | step=187 | prey='prey_7' | grass='grass_29' | prey_position=[274.43991122617837, 742.5083599889846] | grass_energy=10.0 | energy_gained=9.0 | prey_energy=130.86143682739265
2025-11-23 03:29:06,072 [DEBUG] PredPreyGrassEnv.env-0c8aa43e: event=StepSummary | env_id=env-0c8aa43e | step=187 | current_step=187 | terminated_agents=[] | truncated_agents=[] | remaining_agents=24 | reward_preview={prey_9:-0.001, predator_2:-0.001, predator_4:-0.001, prey_14:-0.001, prey_17:-0.001} | info_preview={}
2025-11-23 03:29:06,085 [DEBUG] PredPreyGrassEnv.env-0c8aa43e: event=StepBegin | env_id=env-0c8aa43e | step=188 | incoming_actions=['prey_9', 'prey_14', 'prey_17', 'prey_13', 'prey_18', ...] | active_agents=24 | current_step=188
2025-11-23 03:29:06,090 [DEBUG] PredPreyGrassEnv.env-0c8aa43e: event=StepSummary | env_id=env-0c8aa43e | step=188 | current_step=188 | terminated_agents=[] | truncated_agents=[] | remaining_agents=24 | reward_preview={prey_9:-0.001, predator_2:-0.001, predator_4:-0.001, prey_14:-0.001, prey_17:-0.001} | info_preview={}
2025-11-23 03:29:06,106 [DEBUG] PredPreyGrassEnv.env-0c8aa43e: event=StepBegin | env_id=env-0c8aa43e | step=189 | incoming_actions=['prey_9', 'prey_14', 'prey_17', 'prey_13', 'prey_18', ...] | active_agents=24 | current_step=189
2025-11-23 03:29:06,111 [DEBUG] PredPreyGrassEnv.env-0c8aa43e: event=StepSummary | env_id=env-0c8aa43e | step=189 | current_step=189 | terminated_agents=[] | truncated_agents=[] | remaining_agents=24 | reward_preview={prey_9:-0.001, predator_2:-0.001, predator_4:-0.001, prey_14:-0.001, prey_17:-0.001} | info_preview={}
2025-11-23 03:29:06,127 [DEBUG] PredPreyGrassEnv.env-0c8aa43e: event=StepBegin | env_id=env-0c8aa43e | step=190 | incoming_actions=['prey_9', 'prey_14', 'prey_17', 'prey_13', 'prey_18', ...] | active_agents=24 | current_step=190
2025-11-23 03:29:06,133 [DEBUG] PredPreyGrassEnv.env-0c8aa43e: event=StepSummary | env_id=env-0c8aa43e | step=190 | current_step=190 | terminated_agents=[] | truncated_agents=[] | remaining_agents=24 | reward_preview={prey_9:-0.001, predator_2:-0.001, predator_4:-0.001, prey_14:-0.001, prey_17:-0.001} | info_preview={}
2025-11-23 03:29:06,146 [DEBUG] PredPreyGrassEnv.env-0c8aa43e: event=StepBegin | env_id=env-0c8aa43e | step=191 | incoming_actions=['prey_9', 'prey_14', 'prey_17', 'prey_13', 'prey_18', ...] | active_agents=24 | current_step=191
2025-11-23 03:29:06,148 [DEBUG] PredPreyGrassEnv.env-0c8aa43e: event=PreyAteGrass | env_id=env-0c8aa43e | step=191 | prey='prey_4' | grass='grass_33' | prey_position=[545.0339826230345, 568.0605139145797] | grass_energy=10.0 | energy_gained=9.0 | prey_energy=145.26294997874734
2025-11-23 03:29:06,150 [DEBUG] PredPreyGrassEnv.env-0c8aa43e: event=StepSummary | env_id=env-0c8aa43e | step=191 | current_step=191 | terminated_agents=[] | truncated_agents=[] | remaining_agents=24 | reward_preview={prey_9:-0.001, predator_2:-0.001, predator_4:-0.001, prey_14:-0.001, prey_17:-0.001} | info_preview={}
2025-11-23 03:29:06,176 [DEBUG] PredPreyGrassEnv.env-0c8aa43e: event=StepBegin | env_id=env-0c8aa43e | step=192 | incoming_actions=['prey_9', 'prey_14', 'prey_17', 'prey_13', 'prey_18', ...] | active_agents=24 | current_step=192
2025-11-23 03:29:06,185 [DEBUG] PredPreyGrassEnv.env-0c8aa43e: event=StepSummary | env_id=env-0c8aa43e | step=192 | current_step=192 | terminated_agents=[] | truncated_agents=[] | remaining_agents=24 | reward_preview={prey_9:-0.001, predator_2:-0.001, predator_4:-0.001, prey_14:-0.001, prey_17:-0.001} | info_preview={}
2025-11-23 03:29:06,214 [DEBUG] PredPreyGrassEnv.env-0c8aa43e: event=StepBegin | env_id=env-0c8aa43e | step=193 | incoming_actions=['prey_9', 'prey_14', 'prey_17', 'prey_13', 'prey_18', ...] | active_agents=24 | current_step=193
2025-11-23 03:29:06,220 [DEBUG] PredPreyGrassEnv.env-0c8aa43e: event=StepSummary | env_id=env-0c8aa43e | step=193 | current_step=193 | terminated_agents=[] | truncated_agents=[] | remaining_agents=24 | reward_preview={prey_9:-0.001, predator_2:-0.001, predator_4:-0.001, prey_14:-0.001, prey_17:-0.001} | info_preview={}
2025-11-23 03:29:06,232 [DEBUG] PredPreyGrassEnv.env-0c8aa43e: event=StepBegin | env_id=env-0c8aa43e | step=194 | incoming_actions=['prey_9', 'prey_14', 'prey_17', 'prey_13', 'prey_18', ...] | active_agents=24 | current_step=194
2025-11-23 03:29:06,241 [DEBUG] PredPreyGrassEnv.env-0c8aa43e: event=StepSummary | env_id=env-0c8aa43e | step=194 | current_step=194 | terminated_agents=[] | truncated_agents=[] | remaining_agents=24 | reward_preview={prey_9:-0.001, predator_2:-0.001, predator_4:-0.001, prey_14:-0.001, prey_17:-0.001} | info_preview={}
2025-11-23 03:29:06,268 [DEBUG] PredPreyGrassEnv.env-0c8aa43e: event=StepBegin | env_id=env-0c8aa43e | step=195 | incoming_actions=['prey_9', 'prey_14', 'prey_17', 'prey_13', 'prey_18', ...] | active_agents=24 | current_step=195
2025-11-23 03:29:06,276 [DEBUG] PredPreyGrassEnv.env-0c8aa43e: event=StepSummary | env_id=env-0c8aa43e | step=195 | current_step=195 | terminated_agents=[] | truncated_agents=[] | remaining_agents=24 | reward_preview={prey_9:-0.001, predator_2:-0.001, predator_4:-0.001, prey_14:-0.001, prey_17:-0.001} | info_preview={}
2025-11-23 03:29:06,304 [DEBUG] PredPreyGrassEnv.env-0c8aa43e: event=StepBegin | env_id=env-0c8aa43e | step=196 | incoming_actions=['prey_9', 'prey_14', 'prey_17', 'prey_13', 'prey_18', ...] | active_agents=24 | current_step=196
2025-11-23 03:29:06,312 [DEBUG] PredPreyGrassEnv.env-0c8aa43e: event=StepSummary | env_id=env-0c8aa43e | step=196 | current_step=196 | terminated_agents=[] | truncated_agents=[] | remaining_agents=24 | reward_preview={prey_9:-0.001, predator_2:-0.001, predator_4:-0.001, prey_14:-0.001, prey_17:-0.001} | info_preview={}
2025-11-23 03:29:06,333 [DEBUG] PredPreyGrassEnv.env-0c8aa43e: event=StepBegin | env_id=env-0c8aa43e | step=197 | incoming_actions=['prey_9', 'prey_14', 'prey_17', 'prey_13', 'prey_18', ...] | active_agents=24 | current_step=197
2025-11-23 03:29:06,334 [DEBUG] PredPreyGrassEnv.env-0c8aa43e: event=PreyAteGrass | env_id=env-0c8aa43e | step=197 | prey='prey_0' | grass='grass_97' | prey_position=[310.3493399630561, 242.29744097811133] | grass_energy=10.0 | energy_gained=9.0 | prey_energy=140.82107335667172
2025-11-23 03:29:06,338 [DEBUG] PredPreyGrassEnv.env-0c8aa43e: event=StepSummary | env_id=env-0c8aa43e | step=197 | current_step=197 | terminated_agents=[] | truncated_agents=[] | remaining_agents=24 | reward_preview={prey_9:-0.001, predator_2:-0.001, predator_4:-0.001, prey_14:-0.001, prey_17:-0.001} | info_preview={}
2025-11-23 03:29:06,356 [DEBUG] PredPreyGrassEnv.env-0c8aa43e: event=StepBegin | env_id=env-0c8aa43e | step=198 | incoming_actions=['prey_9', 'prey_14', 'prey_17', 'prey_13', 'prey_18', ...] | active_agents=24 | current_step=198
2025-11-23 03:29:06,367 [DEBUG] PredPreyGrassEnv.env-0c8aa43e: event=StepSummary | env_id=env-0c8aa43e | step=198 | current_step=198 | terminated_agents=[] | truncated_agents=[] | remaining_agents=24 | reward_preview={prey_9:-0.001, predator_2:-0.001, predator_4:-0.001, prey_14:-0.001, prey_17:-0.001} | info_preview={}
2025-11-23 03:29:06,380 [DEBUG] PredPreyGrassEnv.env-0c8aa43e: event=StepBegin | env_id=env-0c8aa43e | step=199 | incoming_actions=['prey_9', 'prey_14', 'prey_17', 'prey_13', 'prey_18', ...] | active_agents=24 | current_step=199
2025-11-23 03:29:06,385 [DEBUG] PredPreyGrassEnv.env-0c8aa43e: event=StepSummary | env_id=env-0c8aa43e | step=199 | current_step=199 | terminated_agents=[] | truncated_agents=[] | remaining_agents=24 | reward_preview={prey_9:-0.001, predator_2:-0.001, predator_4:-0.001, prey_14:-0.001, prey_17:-0.001} | info_preview={}
2025-11-23 03:29:06,402 [DEBUG] PredPreyGrassEnv.env-0c8aa43e: event=StepBegin | env_id=env-0c8aa43e | step=200 | incoming_actions=['prey_9', 'prey_14', 'prey_17', 'prey_13', 'prey_18', ...] | active_agents=24 | current_step=200
2025-11-23 03:29:06,407 [DEBUG] PredPreyGrassEnv.env-0c8aa43e: event=StepSummary | env_id=env-0c8aa43e | step=200 | current_step=200 | terminated_agents=[] | truncated_agents=[] | remaining_agents=24 | reward_preview={prey_9:-0.001, predator_2:-0.001, predator_4:-0.001, prey_14:-0.001, prey_17:-0.001} | info_preview={}
2025-11-23 03:29:06,425 [DEBUG] PredPreyGrassEnv.env-0c8aa43e: event=StepBegin | env_id=env-0c8aa43e | step=201 | incoming_actions=['prey_9', 'prey_14', 'prey_17', 'prey_13', 'prey_18', ...] | active_agents=24 | current_step=201
2025-11-23 03:29:06,431 [DEBUG] PredPreyGrassEnv.env-0c8aa43e: event=StepSummary | env_id=env-0c8aa43e | step=201 | current_step=201 | terminated_agents=[] | truncated_agents=[] | remaining_agents=24 | reward_preview={prey_9:-0.001, predator_2:-0.001, predator_4:-0.001, prey_14:-0.001, prey_17:-0.001} | info_preview={}
2025-11-23 03:29:06,443 [DEBUG] PredPreyGrassEnv.env-0c8aa43e: event=StepBegin | env_id=env-0c8aa43e | step=202 | incoming_actions=['prey_9', 'prey_14', 'prey_17', 'prey_13', 'prey_18', ...] | active_agents=24 | current_step=202
2025-11-23 03:29:06,447 [DEBUG] PredPreyGrassEnv.env-0c8aa43e: event=StepSummary | env_id=env-0c8aa43e | step=202 | current_step=202 | terminated_agents=[] | truncated_agents=[] | remaining_agents=24 | reward_preview={prey_9:-0.001, predator_2:-0.001, predator_4:-0.001, prey_14:-0.001, prey_17:-0.001} | info_preview={}
2025-11-23 03:29:06,461 [DEBUG] PredPreyGrassEnv.env-0c8aa43e: event=StepBegin | env_id=env-0c8aa43e | step=203 | incoming_actions=['prey_9', 'prey_14', 'prey_17', 'prey_13', 'prey_18', ...] | active_agents=24 | current_step=203
2025-11-23 03:29:06,465 [DEBUG] PredPreyGrassEnv.env-0c8aa43e: event=StepSummary | env_id=env-0c8aa43e | step=203 | current_step=203 | terminated_agents=[] | truncated_agents=[] | remaining_agents=24 | reward_preview={prey_9:-0.001, predator_2:-0.001, predator_4:-0.001, prey_14:-0.001, prey_17:-0.001} | info_preview={}
2025-11-23 03:29:06,480 [DEBUG] PredPreyGrassEnv.env-0c8aa43e: event=StepBegin | env_id=env-0c8aa43e | step=204 | incoming_actions=['prey_9', 'prey_14', 'prey_17', 'prey_13', 'prey_18', ...] | active_agents=24 | current_step=204
2025-11-23 03:29:06,485 [DEBUG] PredPreyGrassEnv.env-0c8aa43e: event=StepSummary | env_id=env-0c8aa43e | step=204 | current_step=204 | terminated_agents=[] | truncated_agents=[] | remaining_agents=24 | reward_preview={prey_9:-0.001, predator_2:-0.001, predator_4:-0.001, prey_14:-0.001, prey_17:-0.001} | info_preview={}
2025-11-23 03:29:06,499 [DEBUG] PredPreyGrassEnv.env-0c8aa43e: event=StepBegin | env_id=env-0c8aa43e | step=205 | incoming_actions=['prey_9', 'prey_14', 'prey_17', 'prey_13', 'prey_18', ...] | active_agents=24 | current_step=205
2025-11-23 03:29:06,502 [DEBUG] PredPreyGrassEnv.env-0c8aa43e: event=StepSummary | env_id=env-0c8aa43e | step=205 | current_step=205 | terminated_agents=[] | truncated_agents=[] | remaining_agents=24 | reward_preview={prey_9:-0.001, predator_2:-0.001, predator_4:-0.001, prey_14:-0.001, prey_17:-0.001} | info_preview={}
2025-11-23 03:29:06,513 [DEBUG] PredPreyGrassEnv.env-0c8aa43e: event=StepBegin | env_id=env-0c8aa43e | step=206 | incoming_actions=['prey_9', 'prey_14', 'prey_17', 'prey_13', 'prey_18', ...] | active_agents=24 | current_step=206
2025-11-23 03:29:06,517 [DEBUG] PredPreyGrassEnv.env-0c8aa43e: event=StepSummary | env_id=env-0c8aa43e | step=206 | current_step=206 | terminated_agents=[] | truncated_agents=[] | remaining_agents=24 | reward_preview={prey_9:-0.001, predator_2:-0.001, predator_4:-0.001, prey_14:-0.001, prey_17:-0.001} | info_preview={}
2025-11-23 03:29:06,527 [DEBUG] PredPreyGrassEnv.env-0c8aa43e: event=StepBegin | env_id=env-0c8aa43e | step=207 | incoming_actions=['prey_9', 'prey_14', 'prey_17', 'prey_13', 'prey_18', ...] | active_agents=24 | current_step=207
2025-11-23 03:29:06,531 [DEBUG] PredPreyGrassEnv.env-0c8aa43e: event=StepSummary | env_id=env-0c8aa43e | step=207 | current_step=207 | terminated_agents=[] | truncated_agents=[] | remaining_agents=24 | reward_preview={prey_9:-0.001, predator_2:-0.001, predator_4:-0.001, prey_14:-0.001, prey_17:-0.001} | info_preview={}
2025-11-23 03:29:06,541 [DEBUG] PredPreyGrassEnv.env-0c8aa43e: event=StepBegin | env_id=env-0c8aa43e | step=208 | incoming_actions=['prey_9', 'prey_14', 'prey_17', 'prey_13', 'prey_18', ...] | active_agents=24 | current_step=208
2025-11-23 03:29:06,545 [DEBUG] PredPreyGrassEnv.env-0c8aa43e: event=StepSummary | env_id=env-0c8aa43e | step=208 | current_step=208 | terminated_agents=[] | truncated_agents=[] | remaining_agents=24 | reward_preview={prey_9:-0.001, predator_2:-0.001, predator_4:-0.001, prey_14:-0.001, prey_17:-0.001} | info_preview={}
2025-11-23 03:29:06,557 [DEBUG] PredPreyGrassEnv.env-0c8aa43e: event=StepBegin | env_id=env-0c8aa43e | step=209 | incoming_actions=['prey_9', 'prey_14', 'prey_17', 'prey_13', 'prey_18', ...] | active_agents=24 | current_step=209
2025-11-23 03:29:06,560 [DEBUG] PredPreyGrassEnv.env-0c8aa43e: event=StepSummary | env_id=env-0c8aa43e | step=209 | current_step=209 | terminated_agents=[] | truncated_agents=[] | remaining_agents=24 | reward_preview={prey_9:-0.001, predator_2:-0.001, predator_4:-0.001, prey_14:-0.001, prey_17:-0.001} | info_preview={}
2025-11-23 03:29:06,573 [DEBUG] PredPreyGrassEnv.env-0c8aa43e: event=StepBegin | env_id=env-0c8aa43e | step=210 | incoming_actions=['prey_9', 'prey_14', 'prey_17', 'prey_13', 'prey_18', ...] | active_agents=24 | current_step=210
2025-11-23 03:29:06,577 [DEBUG] PredPreyGrassEnv.env-0c8aa43e: event=StepSummary | env_id=env-0c8aa43e | step=210 | current_step=210 | terminated_agents=[] | truncated_agents=[] | remaining_agents=24 | reward_preview={prey_9:-0.001, predator_2:-0.001, predator_4:-0.001, prey_14:-0.001, prey_17:-0.001} | info_preview={}
2025-11-23 03:29:06,587 [DEBUG] PredPreyGrassEnv.env-0c8aa43e: event=StepBegin | env_id=env-0c8aa43e | step=211 | incoming_actions=['prey_9', 'prey_14', 'prey_17', 'prey_13', 'prey_18', ...] | active_agents=24 | current_step=211
2025-11-23 03:29:06,591 [DEBUG] PredPreyGrassEnv.env-0c8aa43e: event=PreyAteGrass | env_id=env-0c8aa43e | step=211 | prey='prey_6' | grass='grass_91' | prey_position=[34.30326494248873, 34.73104963703164] | grass_energy=10.0 | energy_gained=9.0 | prey_energy=121.55169298099959
2025-11-23 03:29:06,591 [DEBUG] PredPreyGrassEnv.env-0c8aa43e: event=StepSummary | env_id=env-0c8aa43e | step=211 | current_step=211 | terminated_agents=[] | truncated_agents=[] | remaining_agents=24 | reward_preview={prey_9:-0.001, predator_2:-0.001, predator_4:-0.001, prey_14:-0.001, prey_17:-0.001} | info_preview={}
2025-11-23 03:29:06,602 [DEBUG] PredPreyGrassEnv.env-0c8aa43e: event=StepBegin | env_id=env-0c8aa43e | step=212 | incoming_actions=['prey_9', 'prey_14', 'prey_17', 'prey_13', 'prey_18', ...] | active_agents=24 | current_step=212
2025-11-23 03:29:06,605 [DEBUG] PredPreyGrassEnv.env-0c8aa43e: event=StepSummary | env_id=env-0c8aa43e | step=212 | current_step=212 | terminated_agents=[] | truncated_agents=[] | remaining_agents=24 | reward_preview={prey_9:-0.001, predator_2:-0.001, predator_4:-0.001, prey_14:-0.001, prey_17:-0.001} | info_preview={}
2025-11-23 03:29:06,616 [DEBUG] PredPreyGrassEnv.env-0c8aa43e: event=StepBegin | env_id=env-0c8aa43e | step=213 | incoming_actions=['prey_9', 'prey_14', 'prey_17', 'prey_13', 'prey_18', ...] | active_agents=24 | current_step=213
2025-11-23 03:29:06,620 [DEBUG] PredPreyGrassEnv.env-0c8aa43e: event=StepSummary | env_id=env-0c8aa43e | step=213 | current_step=213 | terminated_agents=[] | truncated_agents=[] | remaining_agents=24 | reward_preview={prey_9:-0.001, predator_2:-0.001, predator_4:-0.001, prey_14:-0.001, prey_17:-0.001} | info_preview={}
2025-11-23 03:29:06,630 [DEBUG] PredPreyGrassEnv.env-0c8aa43e: event=StepBegin | env_id=env-0c8aa43e | step=214 | incoming_actions=['prey_9', 'prey_14', 'prey_17', 'prey_13', 'prey_18', ...] | active_agents=24 | current_step=214
2025-11-23 03:29:06,634 [DEBUG] PredPreyGrassEnv.env-0c8aa43e: event=StepSummary | env_id=env-0c8aa43e | step=214 | current_step=214 | terminated_agents=[] | truncated_agents=[] | remaining_agents=24 | reward_preview={prey_9:-0.001, predator_2:-0.001, predator_4:-0.001, prey_14:-0.001, prey_17:-0.001} | info_preview={}
2025-11-23 03:29:06,644 [DEBUG] PredPreyGrassEnv.env-0c8aa43e: event=StepBegin | env_id=env-0c8aa43e | step=215 | incoming_actions=['prey_9', 'prey_14', 'prey_17', 'prey_13', 'prey_18', ...] | active_agents=24 | current_step=215
2025-11-23 03:29:06,648 [DEBUG] PredPreyGrassEnv.env-0c8aa43e: event=StepSummary | env_id=env-0c8aa43e | step=215 | current_step=215 | terminated_agents=[] | truncated_agents=[] | remaining_agents=24 | reward_preview={prey_9:-0.001, predator_2:-0.001, predator_4:-0.001, prey_14:-0.001, prey_17:-0.001} | info_preview={}
2025-11-23 03:29:06,658 [DEBUG] PredPreyGrassEnv.env-0c8aa43e: event=StepBegin | env_id=env-0c8aa43e | step=216 | incoming_actions=['prey_9', 'prey_14', 'prey_17', 'prey_13', 'prey_18', ...] | active_agents=24 | current_step=216
2025-11-23 03:29:06,662 [DEBUG] PredPreyGrassEnv.env-0c8aa43e: event=StepSummary | env_id=env-0c8aa43e | step=216 | current_step=216 | terminated_agents=[] | truncated_agents=[] | remaining_agents=24 | reward_preview={prey_9:-0.001, predator_2:-0.001, predator_4:-0.001, prey_14:-0.001, prey_17:-0.001} | info_preview={}
2025-11-23 03:29:06,672 [DEBUG] PredPreyGrassEnv.env-0c8aa43e: event=StepBegin | env_id=env-0c8aa43e | step=217 | incoming_actions=['prey_9', 'prey_14', 'prey_17', 'prey_13', 'prey_18', ...] | active_agents=24 | current_step=217
2025-11-23 03:29:06,676 [DEBUG] PredPreyGrassEnv.env-0c8aa43e: event=StepSummary | env_id=env-0c8aa43e | step=217 | current_step=217 | terminated_agents=[] | truncated_agents=[] | remaining_agents=24 | reward_preview={prey_9:-0.001, predator_2:-0.001, predator_4:-0.001, prey_14:-0.001, prey_17:-0.001} | info_preview={}
2025-11-23 03:29:06,686 [DEBUG] PredPreyGrassEnv.env-0c8aa43e: event=StepBegin | env_id=env-0c8aa43e | step=218 | incoming_actions=['prey_9', 'prey_14', 'prey_17', 'prey_13', 'prey_18', ...] | active_agents=24 | current_step=218
2025-11-23 03:29:06,693 [DEBUG] PredPreyGrassEnv.env-0c8aa43e: event=StepSummary | env_id=env-0c8aa43e | step=218 | current_step=218 | terminated_agents=[] | truncated_agents=[] | remaining_agents=24 | reward_preview={prey_9:-0.001, predator_2:-0.001, predator_4:-0.001, prey_14:-0.001, prey_17:-0.001} | info_preview={}
2025-11-23 03:29:06,711 [DEBUG] PredPreyGrassEnv.env-0c8aa43e: event=StepBegin | env_id=env-0c8aa43e | step=219 | incoming_actions=['prey_9', 'prey_14', 'prey_17', 'prey_13', 'prey_18', ...] | active_agents=24 | current_step=219
2025-11-23 03:29:06,715 [DEBUG] PredPreyGrassEnv.env-0c8aa43e: event=StepSummary | env_id=env-0c8aa43e | step=219 | current_step=219 | terminated_agents=[] | truncated_agents=[] | remaining_agents=24 | reward_preview={prey_9:-0.001, predator_2:-0.001, predator_4:-0.001, prey_14:-0.001, prey_17:-0.001} | info_preview={}
2025-11-23 03:29:06,729 [DEBUG] PredPreyGrassEnv.env-0c8aa43e: event=StepBegin | env_id=env-0c8aa43e | step=220 | incoming_actions=['prey_9', 'prey_14', 'prey_17', 'prey_13', 'prey_18', ...] | active_agents=24 | current_step=220
2025-11-23 03:29:06,732 [DEBUG] PredPreyGrassEnv.env-0c8aa43e: event=StepSummary | env_id=env-0c8aa43e | step=220 | current_step=220 | terminated_agents=[] | truncated_agents=[] | remaining_agents=24 | reward_preview={prey_9:-0.001, predator_2:-0.001, predator_4:-0.001, prey_14:-0.001, prey_17:-0.001} | info_preview={}
2025-11-23 03:29:06,743 [DEBUG] PredPreyGrassEnv.env-0c8aa43e: event=StepBegin | env_id=env-0c8aa43e | step=221 | incoming_actions=['prey_9', 'prey_14', 'prey_17', 'prey_13', 'prey_18', ...] | active_agents=24 | current_step=221
2025-11-23 03:29:06,747 [DEBUG] PredPreyGrassEnv.env-0c8aa43e: event=StepSummary | env_id=env-0c8aa43e | step=221 | current_step=221 | terminated_agents=[] | truncated_agents=[] | remaining_agents=24 | reward_preview={prey_9:-0.001, predator_2:-0.001, predator_4:-0.001, prey_14:-0.001, prey_17:-0.001} | info_preview={}
2025-11-23 03:29:06,758 [DEBUG] PredPreyGrassEnv.env-0c8aa43e: event=StepBegin | env_id=env-0c8aa43e | step=222 | incoming_actions=['prey_9', 'prey_14', 'prey_17', 'prey_13', 'prey_18', ...] | active_agents=24 | current_step=222
2025-11-23 03:29:06,761 [DEBUG] PredPreyGrassEnv.env-0c8aa43e: event=StepSummary | env_id=env-0c8aa43e | step=222 | current_step=222 | terminated_agents=[] | truncated_agents=[] | remaining_agents=24 | reward_preview={prey_9:-0.001, predator_2:-0.001, predator_4:-0.001, prey_14:-0.001, prey_17:-0.001} | info_preview={}
2025-11-23 03:29:06,772 [DEBUG] PredPreyGrassEnv.env-0c8aa43e: event=StepBegin | env_id=env-0c8aa43e | step=223 | incoming_actions=['prey_9', 'prey_14', 'prey_17', 'prey_13', 'prey_18', ...] | active_agents=24 | current_step=223
2025-11-23 03:29:06,776 [DEBUG] PredPreyGrassEnv.env-0c8aa43e: event=StepSummary | env_id=env-0c8aa43e | step=223 | current_step=223 | terminated_agents=[] | truncated_agents=[] | remaining_agents=24 | reward_preview={prey_9:-0.001, predator_2:-0.001, predator_4:-0.001, prey_14:-0.001, prey_17:-0.001} | info_preview={}
2025-11-23 03:29:06,787 [DEBUG] PredPreyGrassEnv.env-0c8aa43e: event=StepBegin | env_id=env-0c8aa43e | step=224 | incoming_actions=['prey_9', 'prey_14', 'prey_17', 'prey_13', 'prey_18', ...] | active_agents=24 | current_step=224
2025-11-23 03:29:06,791 [DEBUG] PredPreyGrassEnv.env-0c8aa43e: event=StepSummary | env_id=env-0c8aa43e | step=224 | current_step=224 | terminated_agents=[] | truncated_agents=[] | remaining_agents=24 | reward_preview={prey_9:-0.001, predator_2:-0.001, predator_4:-0.001, prey_14:-0.001, prey_17:-0.001} | info_preview={}
2025-11-23 03:29:06,807 [DEBUG] PredPreyGrassEnv.env-0c8aa43e: event=StepBegin | env_id=env-0c8aa43e | step=225 | incoming_actions=['prey_9', 'prey_14', 'prey_17', 'prey_13', 'prey_18', ...] | active_agents=24 | current_step=225
2025-11-23 03:29:06,811 [DEBUG] PredPreyGrassEnv.env-0c8aa43e: event=StepSummary | env_id=env-0c8aa43e | step=225 | current_step=225 | terminated_agents=[] | truncated_agents=[] | remaining_agents=24 | reward_preview={prey_9:-0.001, predator_2:-0.001, predator_4:-0.001, prey_14:-0.001, prey_17:-0.001} | info_preview={}
2025-11-23 03:29:06,821 [DEBUG] PredPreyGrassEnv.env-0c8aa43e: event=StepBegin | env_id=env-0c8aa43e | step=226 | incoming_actions=['prey_9', 'prey_14', 'prey_17', 'prey_13', 'prey_18', ...] | active_agents=24 | current_step=226
2025-11-23 03:29:06,825 [DEBUG] PredPreyGrassEnv.env-0c8aa43e: event=StepSummary | env_id=env-0c8aa43e | step=226 | current_step=226 | terminated_agents=[] | truncated_agents=[] | remaining_agents=24 | reward_preview={prey_9:-0.001, predator_2:-0.001, predator_4:-0.001, prey_14:-0.001, prey_17:-0.001} | info_preview={}
2025-11-23 03:29:06,836 [DEBUG] PredPreyGrassEnv.env-0c8aa43e: event=StepBegin | env_id=env-0c8aa43e | step=227 | incoming_actions=['prey_9', 'prey_14', 'prey_17', 'prey_13', 'prey_18', ...] | active_agents=24 | current_step=227
2025-11-23 03:29:06,840 [DEBUG] PredPreyGrassEnv.env-0c8aa43e: event=StepSummary | env_id=env-0c8aa43e | step=227 | current_step=227 | terminated_agents=[] | truncated_agents=[] | remaining_agents=24 | reward_preview={prey_9:-0.001, predator_2:-0.001, predator_4:-0.001, prey_14:-0.001, prey_17:-0.001} | info_preview={}
2025-11-23 03:29:06,852 [DEBUG] PredPreyGrassEnv.env-0c8aa43e: event=StepBegin | env_id=env-0c8aa43e | step=228 | incoming_actions=['prey_9', 'prey_14', 'prey_17', 'prey_13', 'prey_18', ...] | active_agents=24 | current_step=228
2025-11-23 03:29:06,855 [DEBUG] PredPreyGrassEnv.env-0c8aa43e: event=StepSummary | env_id=env-0c8aa43e | step=228 | current_step=228 | terminated_agents=[] | truncated_agents=[] | remaining_agents=24 | reward_preview={prey_9:-0.001, predator_2:-0.001, predator_4:-0.001, prey_14:-0.001, prey_17:-0.001} | info_preview={}
2025-11-23 03:29:06,866 [DEBUG] PredPreyGrassEnv.env-0c8aa43e: event=StepBegin | env_id=env-0c8aa43e | step=229 | incoming_actions=['prey_9', 'prey_14', 'prey_17', 'prey_13', 'prey_18', ...] | active_agents=24 | current_step=229
2025-11-23 03:29:06,870 [DEBUG] PredPreyGrassEnv.env-0c8aa43e: event=StepSummary | env_id=env-0c8aa43e | step=229 | current_step=229 | terminated_agents=[] | truncated_agents=[] | remaining_agents=24 | reward_preview={prey_9:-0.001, predator_2:-0.001, predator_4:-0.001, prey_14:-0.001, prey_17:-0.001} | info_preview={}
2025-11-23 03:29:06,881 [DEBUG] PredPreyGrassEnv.env-0c8aa43e: event=StepBegin | env_id=env-0c8aa43e | step=230 | incoming_actions=['prey_9', 'prey_14', 'prey_17', 'prey_13', 'prey_18', ...] | active_agents=24 | current_step=230
2025-11-23 03:29:06,884 [DEBUG] PredPreyGrassEnv.env-0c8aa43e: event=StepSummary | env_id=env-0c8aa43e | step=230 | current_step=230 | terminated_agents=[] | truncated_agents=[] | remaining_agents=24 | reward_preview={prey_9:-0.001, predator_2:-0.001, predator_4:-0.001, prey_14:-0.001, prey_17:-0.001} | info_preview={}
2025-11-23 03:29:06,895 [DEBUG] PredPreyGrassEnv.env-0c8aa43e: event=StepBegin | env_id=env-0c8aa43e | step=231 | incoming_actions=['prey_9', 'prey_14', 'prey_17', 'prey_13', 'prey_18', ...] | active_agents=24 | current_step=231
2025-11-23 03:29:06,899 [DEBUG] PredPreyGrassEnv.env-0c8aa43e: event=StepSummary | env_id=env-0c8aa43e | step=231 | current_step=231 | terminated_agents=[] | truncated_agents=[] | remaining_agents=24 | reward_preview={prey_9:-0.001, predator_2:-0.001, predator_4:-0.001, prey_14:-0.001, prey_17:-0.001} | info_preview={}
2025-11-23 03:29:06,909 [DEBUG] PredPreyGrassEnv.env-0c8aa43e: event=StepBegin | env_id=env-0c8aa43e | step=232 | incoming_actions=['prey_9', 'prey_14', 'prey_17', 'prey_13', 'prey_18', ...] | active_agents=24 | current_step=232
2025-11-23 03:29:06,913 [DEBUG] PredPreyGrassEnv.env-0c8aa43e: event=StepSummary | env_id=env-0c8aa43e | step=232 | current_step=232 | terminated_agents=[] | truncated_agents=[] | remaining_agents=24 | reward_preview={prey_9:-0.001, predator_2:-0.001, predator_4:-0.001, prey_14:-0.001, prey_17:-0.001} | info_preview={}
2025-11-23 03:29:06,923 [DEBUG] PredPreyGrassEnv.env-0c8aa43e: event=StepBegin | env_id=env-0c8aa43e | step=233 | incoming_actions=['prey_9', 'prey_14', 'prey_17', 'prey_13', 'prey_18', ...] | active_agents=24 | current_step=233
2025-11-23 03:29:06,927 [DEBUG] PredPreyGrassEnv.env-0c8aa43e: event=StepSummary | env_id=env-0c8aa43e | step=233 | current_step=233 | terminated_agents=[] | truncated_agents=[] | remaining_agents=24 | reward_preview={prey_9:-0.001, predator_2:-0.001, predator_4:-0.001, prey_14:-0.001, prey_17:-0.001} | info_preview={}
2025-11-23 03:29:06,938 [DEBUG] PredPreyGrassEnv.env-0c8aa43e: event=StepBegin | env_id=env-0c8aa43e | step=234 | incoming_actions=['prey_9', 'prey_14', 'prey_17', 'prey_13', 'prey_18', ...] | active_agents=24 | current_step=234
2025-11-23 03:29:06,941 [DEBUG] PredPreyGrassEnv.env-0c8aa43e: event=StepSummary | env_id=env-0c8aa43e | step=234 | current_step=234 | terminated_agents=[] | truncated_agents=[] | remaining_agents=24 | reward_preview={prey_9:-0.001, predator_2:-0.001, predator_4:-0.001, prey_14:-0.001, prey_17:-0.001} | info_preview={}
2025-11-23 03:29:06,952 [DEBUG] PredPreyGrassEnv.env-0c8aa43e: event=StepBegin | env_id=env-0c8aa43e | step=235 | incoming_actions=['prey_9', 'prey_14', 'prey_17', 'prey_13', 'prey_18', ...] | active_agents=24 | current_step=235
2025-11-23 03:29:06,956 [DEBUG] PredPreyGrassEnv.env-0c8aa43e: event=StepSummary | env_id=env-0c8aa43e | step=235 | current_step=235 | terminated_agents=[] | truncated_agents=[] | remaining_agents=24 | reward_preview={prey_9:-0.001, predator_2:-0.001, predator_4:-0.001, prey_14:-0.001, prey_17:-0.001} | info_preview={}
2025-11-23 03:29:06,966 [DEBUG] PredPreyGrassEnv.env-0c8aa43e: event=StepBegin | env_id=env-0c8aa43e | step=236 | incoming_actions=['prey_9', 'prey_14', 'prey_17', 'prey_13', 'prey_18', ...] | active_agents=24 | current_step=236
2025-11-23 03:29:06,970 [DEBUG] PredPreyGrassEnv.env-0c8aa43e: event=StepSummary | env_id=env-0c8aa43e | step=236 | current_step=236 | terminated_agents=[] | truncated_agents=[] | remaining_agents=24 | reward_preview={prey_9:-0.001, predator_2:-0.001, predator_4:-0.001, prey_14:-0.001, prey_17:-0.001} | info_preview={}
2025-11-23 03:29:06,980 [DEBUG] PredPreyGrassEnv.env-0c8aa43e: event=StepBegin | env_id=env-0c8aa43e | step=237 | incoming_actions=['prey_9', 'prey_14', 'prey_17', 'prey_13', 'prey_18', ...] | active_agents=24 | current_step=237
2025-11-23 03:29:06,984 [DEBUG] PredPreyGrassEnv.env-0c8aa43e: event=StepSummary | env_id=env-0c8aa43e | step=237 | current_step=237 | terminated_agents=[] | truncated_agents=[] | remaining_agents=24 | reward_preview={prey_9:-0.001, predator_2:-0.001, predator_4:-0.001, prey_14:-0.001, prey_17:-0.001} | info_preview={}
2025-11-23 03:29:06,995 [DEBUG] PredPreyGrassEnv.env-0c8aa43e: event=StepBegin | env_id=env-0c8aa43e | step=238 | incoming_actions=['prey_9', 'prey_14', 'prey_17', 'prey_13', 'prey_18', ...] | active_agents=24 | current_step=238
2025-11-23 03:29:06,998 [DEBUG] PredPreyGrassEnv.env-0c8aa43e: event=StepSummary | env_id=env-0c8aa43e | step=238 | current_step=238 | terminated_agents=[] | truncated_agents=[] | remaining_agents=24 | reward_preview={prey_9:-0.001, predator_2:-0.001, predator_4:-0.001, prey_14:-0.001, prey_17:-0.001} | info_preview={}
2025-11-23 03:29:07,009 [DEBUG] PredPreyGrassEnv.env-0c8aa43e: event=StepBegin | env_id=env-0c8aa43e | step=239 | incoming_actions=['prey_9', 'prey_14', 'prey_17', 'prey_13', 'prey_18', ...] | active_agents=24 | current_step=239
2025-11-23 03:29:07,012 [DEBUG] PredPreyGrassEnv.env-0c8aa43e: event=StepSummary | env_id=env-0c8aa43e | step=239 | current_step=239 | terminated_agents=[] | truncated_agents=[] | remaining_agents=24 | reward_preview={prey_9:-0.001, predator_2:-0.001, predator_4:-0.001, prey_14:-0.001, prey_17:-0.001} | info_preview={}
2025-11-23 03:29:07,023 [DEBUG] PredPreyGrassEnv.env-0c8aa43e: event=StepBegin | env_id=env-0c8aa43e | step=240 | incoming_actions=['prey_9', 'prey_14', 'prey_17', 'prey_13', 'prey_18', ...] | active_agents=24 | current_step=240
2025-11-23 03:29:07,027 [DEBUG] PredPreyGrassEnv.env-0c8aa43e: event=StepSummary | env_id=env-0c8aa43e | step=240 | current_step=240 | terminated_agents=[] | truncated_agents=[] | remaining_agents=24 | reward_preview={prey_9:-0.001, predator_2:-0.001, predator_4:-0.001, prey_14:-0.001, prey_17:-0.001} | info_preview={}
2025-11-23 03:29:07,038 [DEBUG] PredPreyGrassEnv.env-0c8aa43e: event=StepBegin | env_id=env-0c8aa43e | step=241 | incoming_actions=['prey_9', 'prey_14', 'prey_17', 'prey_13', 'prey_18', ...] | active_agents=24 | current_step=241
2025-11-23 03:29:07,041 [DEBUG] PredPreyGrassEnv.env-0c8aa43e: event=StepSummary | env_id=env-0c8aa43e | step=241 | current_step=241 | terminated_agents=[] | truncated_agents=[] | remaining_agents=24 | reward_preview={prey_9:-0.001, predator_2:-0.001, predator_4:-0.001, prey_14:-0.001, prey_17:-0.001} | info_preview={}
2025-11-23 03:29:07,052 [DEBUG] PredPreyGrassEnv.env-0c8aa43e: event=StepBegin | env_id=env-0c8aa43e | step=242 | incoming_actions=['prey_9', 'prey_14', 'prey_17', 'prey_13', 'prey_18', ...] | active_agents=24 | current_step=242
2025-11-23 03:29:07,053 [DEBUG] PredPreyGrassEnv.env-0c8aa43e: event=PreyAteGrass | env_id=env-0c8aa43e | step=242 | prey='prey_13' | grass='grass_27' | prey_position=[643.8506766554923, 550.8984158029027] | grass_energy=10.0 | energy_gained=9.0 | prey_energy=113.68840312093938
2025-11-23 03:29:07,054 [DEBUG] PredPreyGrassEnv.env-0c8aa43e: event=PreyAteGrass | env_id=env-0c8aa43e | step=242 | prey='prey_19' | grass='grass_13' | prey_position=[694.5892438438404, 315.59488121046536] | grass_energy=10.0 | energy_gained=9.0 | prey_energy=115.50258540629036
2025-11-23 03:29:07,055 [DEBUG] PredPreyGrassEnv.env-0c8aa43e: event=StepSummary | env_id=env-0c8aa43e | step=242 | current_step=242 | terminated_agents=[] | truncated_agents=[] | remaining_agents=24 | reward_preview={prey_9:-0.001, predator_2:-0.001, predator_4:-0.001, prey_14:-0.001, prey_17:-0.001} | info_preview={}
2025-11-23 03:29:07,066 [DEBUG] PredPreyGrassEnv.env-0c8aa43e: event=StepBegin | env_id=env-0c8aa43e | step=243 | incoming_actions=['prey_9', 'prey_14', 'prey_17', 'prey_13', 'prey_18', ...] | active_agents=24 | current_step=243
2025-11-23 03:29:07,070 [DEBUG] PredPreyGrassEnv.env-0c8aa43e: event=StepSummary | env_id=env-0c8aa43e | step=243 | current_step=243 | terminated_agents=[] | truncated_agents=[] | remaining_agents=24 | reward_preview={prey_9:-0.001, predator_2:-0.001, predator_4:-0.001, prey_14:-0.001, prey_17:-0.001} | info_preview={}
2025-11-23 03:29:07,081 [DEBUG] PredPreyGrassEnv.env-0c8aa43e: event=StepBegin | env_id=env-0c8aa43e | step=244 | incoming_actions=['prey_9', 'prey_14', 'prey_17', 'prey_13', 'prey_18', ...] | active_agents=24 | current_step=244
2025-11-23 03:29:07,084 [DEBUG] PredPreyGrassEnv.env-0c8aa43e: event=StepSummary | env_id=env-0c8aa43e | step=244 | current_step=244 | terminated_agents=[] | truncated_agents=[] | remaining_agents=24 | reward_preview={prey_9:-0.001, predator_2:-0.001, predator_4:-0.001, prey_14:-0.001, prey_17:-0.001} | info_preview={}
2025-11-23 03:29:07,095 [DEBUG] PredPreyGrassEnv.env-0c8aa43e: event=StepBegin | env_id=env-0c8aa43e | step=245 | incoming_actions=['prey_9', 'prey_14', 'prey_17', 'prey_13', 'prey_18', ...] | active_agents=24 | current_step=245
2025-11-23 03:29:07,099 [DEBUG] PredPreyGrassEnv.env-0c8aa43e: event=StepSummary | env_id=env-0c8aa43e | step=245 | current_step=245 | terminated_agents=[] | truncated_agents=[] | remaining_agents=24 | reward_preview={prey_9:-0.001, predator_2:-0.001, predator_4:-0.001, prey_14:-0.001, prey_17:-0.001} | info_preview={}
2025-11-23 03:29:07,110 [DEBUG] PredPreyGrassEnv.env-0c8aa43e: event=StepBegin | env_id=env-0c8aa43e | step=246 | incoming_actions=['prey_9', 'prey_14', 'prey_17', 'prey_13', 'prey_18', ...] | active_agents=24 | current_step=246
2025-11-23 03:29:07,114 [DEBUG] PredPreyGrassEnv.env-0c8aa43e: event=StepSummary | env_id=env-0c8aa43e | step=246 | current_step=246 | terminated_agents=[] | truncated_agents=[] | remaining_agents=24 | reward_preview={prey_9:-0.001, predator_2:-0.001, predator_4:-0.001, prey_14:-0.001, prey_17:-0.001} | info_preview={}
2025-11-23 03:29:07,125 [DEBUG] PredPreyGrassEnv.env-0c8aa43e: event=StepBegin | env_id=env-0c8aa43e | step=247 | incoming_actions=['prey_9', 'prey_14', 'prey_17', 'prey_13', 'prey_18', ...] | active_agents=24 | current_step=247
2025-11-23 03:29:07,129 [DEBUG] PredPreyGrassEnv.env-0c8aa43e: event=StepSummary | env_id=env-0c8aa43e | step=247 | current_step=247 | terminated_agents=[] | truncated_agents=[] | remaining_agents=24 | reward_preview={prey_9:-0.001, predator_2:-0.001, predator_4:-0.001, prey_14:-0.001, prey_17:-0.001} | info_preview={}
2025-11-23 03:29:07,141 [DEBUG] PredPreyGrassEnv.env-0c8aa43e: event=StepBegin | env_id=env-0c8aa43e | step=248 | incoming_actions=['prey_9', 'prey_14', 'prey_17', 'prey_13', 'prey_18', ...] | active_agents=24 | current_step=248
2025-11-23 03:29:07,145 [DEBUG] PredPreyGrassEnv.env-0c8aa43e: event=StepSummary | env_id=env-0c8aa43e | step=248 | current_step=248 | terminated_agents=[] | truncated_agents=[] | remaining_agents=24 | reward_preview={prey_9:-0.001, predator_2:-0.001, predator_4:-0.001, prey_14:-0.001, prey_17:-0.001} | info_preview={}
2025-11-23 03:29:07,156 [DEBUG] PredPreyGrassEnv.env-0c8aa43e: event=StepBegin | env_id=env-0c8aa43e | step=249 | incoming_actions=['prey_9', 'prey_14', 'prey_17', 'prey_13', 'prey_18', ...] | active_agents=24 | current_step=249
2025-11-23 03:29:07,160 [DEBUG] PredPreyGrassEnv.env-0c8aa43e: event=StepSummary | env_id=env-0c8aa43e | step=249 | current_step=249 | terminated_agents=[] | truncated_agents=[] | remaining_agents=24 | reward_preview={prey_9:-0.001, predator_2:-0.001, predator_4:-0.001, prey_14:-0.001, prey_17:-0.001} | info_preview={}
2025-11-23 03:29:07,171 [DEBUG] PredPreyGrassEnv.env-0c8aa43e: event=StepBegin | env_id=env-0c8aa43e | step=250 | incoming_actions=['prey_9', 'prey_14', 'prey_17', 'prey_13', 'prey_18', ...] | active_agents=24 | current_step=250
2025-11-23 03:29:07,176 [DEBUG] PredPreyGrassEnv.env-0c8aa43e: event=StepSummary | env_id=env-0c8aa43e | step=250 | current_step=250 | terminated_agents=[] | truncated_agents=[] | remaining_agents=24 | reward_preview={prey_9:-0.001, predator_2:-0.001, predator_4:-0.001, prey_14:-0.001, prey_17:-0.001} | info_preview={}
2025-11-23 03:29:07,187 [DEBUG] PredPreyGrassEnv.env-0c8aa43e: event=StepBegin | env_id=env-0c8aa43e | step=251 | incoming_actions=['prey_9', 'prey_14', 'prey_17', 'prey_13', 'prey_18', ...] | active_agents=24 | current_step=251
2025-11-23 03:29:07,191 [DEBUG] PredPreyGrassEnv.env-0c8aa43e: event=StepSummary | env_id=env-0c8aa43e | step=251 | current_step=251 | terminated_agents=[] | truncated_agents=[] | remaining_agents=24 | reward_preview={prey_9:-0.001, predator_2:-0.001, predator_4:-0.001, prey_14:-0.001, prey_17:-0.001} | info_preview={}
2025-11-23 03:29:07,202 [DEBUG] PredPreyGrassEnv.env-0c8aa43e: event=StepBegin | env_id=env-0c8aa43e | step=252 | incoming_actions=['prey_9', 'prey_14', 'prey_17', 'prey_13', 'prey_18', ...] | active_agents=24 | current_step=252
2025-11-23 03:29:07,203 [DEBUG] PredPreyGrassEnv.env-0c8aa43e: event=PreyAteGrass | env_id=env-0c8aa43e | step=252 | prey='prey_10' | grass='grass_82' | prey_position=[516.6862288901486, 576.3503328995316] | grass_energy=10.0 | energy_gained=9.0 | prey_energy=123.13042681259117
2025-11-23 03:29:07,206 [DEBUG] PredPreyGrassEnv.env-0c8aa43e: event=StepSummary | env_id=env-0c8aa43e | step=252 | current_step=252 | terminated_agents=[] | truncated_agents=[] | remaining_agents=24 | reward_preview={prey_9:-0.001, predator_2:-0.001, predator_4:-0.001, prey_14:-0.001, prey_17:-0.001} | info_preview={}
2025-11-23 03:29:07,217 [DEBUG] PredPreyGrassEnv.env-0c8aa43e: event=StepBegin | env_id=env-0c8aa43e | step=253 | incoming_actions=['prey_9', 'prey_14', 'prey_17', 'prey_13', 'prey_18', ...] | active_agents=24 | current_step=253
2025-11-23 03:29:07,220 [DEBUG] PredPreyGrassEnv.env-0c8aa43e: event=StepSummary | env_id=env-0c8aa43e | step=253 | current_step=253 | terminated_agents=[] | truncated_agents=[] | remaining_agents=24 | reward_preview={prey_9:-0.001, predator_2:-0.001, predator_4:-0.001, prey_14:-0.001, prey_17:-0.001} | info_preview={}
2025-11-23 03:29:07,232 [DEBUG] PredPreyGrassEnv.env-0c8aa43e: event=StepBegin | env_id=env-0c8aa43e | step=254 | incoming_actions=['prey_9', 'prey_14', 'prey_17', 'prey_13', 'prey_18', ...] | active_agents=24 | current_step=254
2025-11-23 03:29:07,235 [DEBUG] PredPreyGrassEnv.env-0c8aa43e: event=PreyAteGrass | env_id=env-0c8aa43e | step=254 | prey='prey_8' | grass='grass_15' | prey_position=[778.4881733442163, 514.4882029526004] | grass_energy=10.0 | energy_gained=9.0 | prey_energy=111.36694871779525
2025-11-23 03:29:07,235 [DEBUG] PredPreyGrassEnv.env-0c8aa43e: event=StepSummary | env_id=env-0c8aa43e | step=254 | current_step=254 | terminated_agents=[] | truncated_agents=[] | remaining_agents=24 | reward_preview={prey_9:-0.001, predator_2:-0.001, predator_4:-0.001, prey_14:-0.001, prey_17:-0.001} | info_preview={}
2025-11-23 03:29:07,246 [DEBUG] PredPreyGrassEnv.env-0c8aa43e: event=StepBegin | env_id=env-0c8aa43e | step=255 | incoming_actions=['prey_9', 'prey_14', 'prey_17', 'prey_13', 'prey_18', ...] | active_agents=24 | current_step=255
2025-11-23 03:29:07,250 [DEBUG] PredPreyGrassEnv.env-0c8aa43e: event=StepSummary | env_id=env-0c8aa43e | step=255 | current_step=255 | terminated_agents=[] | truncated_agents=[] | remaining_agents=24 | reward_preview={prey_9:-0.001, predator_2:-0.001, predator_4:-0.001, prey_14:-0.001, prey_17:-0.001} | info_preview={}
2025-11-23 03:29:07,261 [DEBUG] PredPreyGrassEnv.env-0c8aa43e: event=StepBegin | env_id=env-0c8aa43e | step=256 | incoming_actions=['prey_9', 'prey_14', 'prey_17', 'prey_13', 'prey_18', ...] | active_agents=24 | current_step=256
2025-11-23 03:29:07,265 [DEBUG] PredPreyGrassEnv.env-0c8aa43e: event=StepSummary | env_id=env-0c8aa43e | step=256 | current_step=256 | terminated_agents=[] | truncated_agents=[] | remaining_agents=24 | reward_preview={prey_9:-0.001, predator_2:-0.001, predator_4:-0.001, prey_14:-0.001, prey_17:-0.001} | info_preview={}
2025-11-23 03:29:07,276 [DEBUG] PredPreyGrassEnv.env-0c8aa43e: event=StepBegin | env_id=env-0c8aa43e | step=257 | incoming_actions=['prey_9', 'prey_14', 'prey_17', 'prey_13', 'prey_18', ...] | active_agents=24 | current_step=257
2025-11-23 03:29:07,280 [DEBUG] PredPreyGrassEnv.env-0c8aa43e: event=StepSummary | env_id=env-0c8aa43e | step=257 | current_step=257 | terminated_agents=[] | truncated_agents=[] | remaining_agents=24 | reward_preview={prey_9:-0.001, predator_2:-0.001, predator_4:-0.001, prey_14:-0.001, prey_17:-0.001} | info_preview={}
2025-11-23 03:29:07,290 [DEBUG] PredPreyGrassEnv.env-0c8aa43e: event=StepBegin | env_id=env-0c8aa43e | step=258 | incoming_actions=['prey_9', 'prey_14', 'prey_17', 'prey_13', 'prey_18', ...] | active_agents=24 | current_step=258
2025-11-23 03:29:07,294 [DEBUG] PredPreyGrassEnv.env-0c8aa43e: event=StepSummary | env_id=env-0c8aa43e | step=258 | current_step=258 | terminated_agents=[] | truncated_agents=[] | remaining_agents=24 | reward_preview={prey_9:-0.001, predator_2:-0.001, predator_4:-0.001, prey_14:-0.001, prey_17:-0.001} | info_preview={}
2025-11-23 03:29:07,305 [DEBUG] PredPreyGrassEnv.env-0c8aa43e: event=StepBegin | env_id=env-0c8aa43e | step=259 | incoming_actions=['prey_9', 'prey_14', 'prey_17', 'prey_13', 'prey_18', ...] | active_agents=24 | current_step=259
2025-11-23 03:29:07,309 [DEBUG] PredPreyGrassEnv.env-0c8aa43e: event=StepSummary | env_id=env-0c8aa43e | step=259 | current_step=259 | terminated_agents=[] | truncated_agents=[] | remaining_agents=24 | reward_preview={prey_9:-0.001, predator_2:-0.001, predator_4:-0.001, prey_14:-0.001, prey_17:-0.001} | info_preview={}
2025-11-23 03:29:07,319 [DEBUG] PredPreyGrassEnv.env-0c8aa43e: event=StepBegin | env_id=env-0c8aa43e | step=260 | incoming_actions=['prey_9', 'prey_14', 'prey_17', 'prey_13', 'prey_18', ...] | active_agents=24 | current_step=260
2025-11-23 03:29:07,323 [DEBUG] PredPreyGrassEnv.env-0c8aa43e: event=StepSummary | env_id=env-0c8aa43e | step=260 | current_step=260 | terminated_agents=[] | truncated_agents=[] | remaining_agents=24 | reward_preview={prey_9:-0.001, predator_2:-0.001, predator_4:-0.001, prey_14:-0.001, prey_17:-0.001} | info_preview={}
2025-11-23 03:29:07,335 [DEBUG] PredPreyGrassEnv.env-0c8aa43e: event=StepBegin | env_id=env-0c8aa43e | step=261 | incoming_actions=['prey_9', 'prey_14', 'prey_17', 'prey_13', 'prey_18', ...] | active_agents=24 | current_step=261
2025-11-23 03:29:07,339 [DEBUG] PredPreyGrassEnv.env-0c8aa43e: event=StepSummary | env_id=env-0c8aa43e | step=261 | current_step=261 | terminated_agents=[] | truncated_agents=[] | remaining_agents=24 | reward_preview={prey_9:-0.001, predator_2:-0.001, predator_4:-0.001, prey_14:-0.001, prey_17:-0.001} | info_preview={}
2025-11-23 03:29:07,351 [DEBUG] PredPreyGrassEnv.env-0c8aa43e: event=StepBegin | env_id=env-0c8aa43e | step=262 | incoming_actions=['prey_9', 'prey_14', 'prey_17', 'prey_13', 'prey_18', ...] | active_agents=24 | current_step=262
2025-11-23 03:29:07,354 [DEBUG] PredPreyGrassEnv.env-0c8aa43e: event=StepSummary | env_id=env-0c8aa43e | step=262 | current_step=262 | terminated_agents=[] | truncated_agents=[] | remaining_agents=24 | reward_preview={prey_9:-0.001, predator_2:-0.001, predator_4:-0.001, prey_14:-0.001, prey_17:-0.001} | info_preview={}
2025-11-23 03:29:07,366 [DEBUG] PredPreyGrassEnv.env-0c8aa43e: event=StepBegin | env_id=env-0c8aa43e | step=263 | incoming_actions=['prey_9', 'prey_14', 'prey_17', 'prey_13', 'prey_18', ...] | active_agents=24 | current_step=263
2025-11-23 03:29:07,369 [DEBUG] PredPreyGrassEnv.env-0c8aa43e: event=StepSummary | env_id=env-0c8aa43e | step=263 | current_step=263 | terminated_agents=[] | truncated_agents=[] | remaining_agents=24 | reward_preview={prey_9:-0.001, predator_2:-0.001, predator_4:-0.001, prey_14:-0.001, prey_17:-0.001} | info_preview={}
2025-11-23 03:29:07,381 [DEBUG] PredPreyGrassEnv.env-0c8aa43e: event=StepBegin | env_id=env-0c8aa43e | step=264 | incoming_actions=['prey_9', 'prey_14', 'prey_17', 'prey_13', 'prey_18', ...] | active_agents=24 | current_step=264
2025-11-23 03:29:07,384 [DEBUG] PredPreyGrassEnv.env-0c8aa43e: event=StepSummary | env_id=env-0c8aa43e | step=264 | current_step=264 | terminated_agents=[] | truncated_agents=[] | remaining_agents=24 | reward_preview={prey_9:-0.001, predator_2:-0.001, predator_4:-0.001, prey_14:-0.001, prey_17:-0.001} | info_preview={}
2025-11-23 03:29:07,395 [DEBUG] PredPreyGrassEnv.env-0c8aa43e: event=StepBegin | env_id=env-0c8aa43e | step=265 | incoming_actions=['prey_9', 'prey_14', 'prey_17', 'prey_13', 'prey_18', ...] | active_agents=24 | current_step=265
2025-11-23 03:29:07,398 [DEBUG] PredPreyGrassEnv.env-0c8aa43e: event=StepSummary | env_id=env-0c8aa43e | step=265 | current_step=265 | terminated_agents=[] | truncated_agents=[] | remaining_agents=24 | reward_preview={prey_9:-0.001, predator_2:-0.001, predator_4:-0.001, prey_14:-0.001, prey_17:-0.001} | info_preview={}
2025-11-23 03:29:07,409 [DEBUG] PredPreyGrassEnv.env-0c8aa43e: event=StepBegin | env_id=env-0c8aa43e | step=266 | incoming_actions=['prey_9', 'prey_14', 'prey_17', 'prey_13', 'prey_18', ...] | active_agents=24 | current_step=266
2025-11-23 03:29:07,413 [DEBUG] PredPreyGrassEnv.env-0c8aa43e: event=StepSummary | env_id=env-0c8aa43e | step=266 | current_step=266 | terminated_agents=[] | truncated_agents=[] | remaining_agents=24 | reward_preview={prey_9:-0.001, predator_2:-0.001, predator_4:-0.001, prey_14:-0.001, prey_17:-0.001} | info_preview={}
2025-11-23 03:29:07,423 [DEBUG] PredPreyGrassEnv.env-0c8aa43e: event=StepBegin | env_id=env-0c8aa43e | step=267 | incoming_actions=['prey_9', 'prey_14', 'prey_17', 'prey_13', 'prey_18', ...] | active_agents=24 | current_step=267
2025-11-23 03:29:07,427 [DEBUG] PredPreyGrassEnv.env-0c8aa43e: event=StepSummary | env_id=env-0c8aa43e | step=267 | current_step=267 | terminated_agents=[] | truncated_agents=[] | remaining_agents=24 | reward_preview={prey_9:-0.001, predator_2:-0.001, predator_4:-0.001, prey_14:-0.001, prey_17:-0.001} | info_preview={}
2025-11-23 03:29:07,439 [DEBUG] PredPreyGrassEnv.env-0c8aa43e: event=StepBegin | env_id=env-0c8aa43e | step=268 | incoming_actions=['prey_9', 'prey_14', 'prey_17', 'prey_13', 'prey_18', ...] | active_agents=24 | current_step=268
2025-11-23 03:29:07,443 [DEBUG] PredPreyGrassEnv.env-0c8aa43e: event=StepSummary | env_id=env-0c8aa43e | step=268 | current_step=268 | terminated_agents=[] | truncated_agents=[] | remaining_agents=24 | reward_preview={prey_9:-0.001, predator_2:-0.001, predator_4:-0.001, prey_14:-0.001, prey_17:-0.001} | info_preview={}
2025-11-23 03:29:07,454 [DEBUG] PredPreyGrassEnv.env-0c8aa43e: event=StepBegin | env_id=env-0c8aa43e | step=269 | incoming_actions=['prey_9', 'prey_14', 'prey_17', 'prey_13', 'prey_18', ...] | active_agents=24 | current_step=269
2025-11-23 03:29:07,457 [DEBUG] PredPreyGrassEnv.env-0c8aa43e: event=StepSummary | env_id=env-0c8aa43e | step=269 | current_step=269 | terminated_agents=[] | truncated_agents=[] | remaining_agents=24 | reward_preview={prey_9:-0.001, predator_2:-0.001, predator_4:-0.001, prey_14:-0.001, prey_17:-0.001} | info_preview={}
2025-11-23 03:29:07,469 [DEBUG] PredPreyGrassEnv.env-0c8aa43e: event=StepBegin | env_id=env-0c8aa43e | step=270 | incoming_actions=['prey_9', 'prey_14', 'prey_17', 'prey_13', 'prey_18', ...] | active_agents=24 | current_step=270
2025-11-23 03:29:07,472 [DEBUG] PredPreyGrassEnv.env-0c8aa43e: event=StepSummary | env_id=env-0c8aa43e | step=270 | current_step=270 | terminated_agents=[] | truncated_agents=[] | remaining_agents=24 | reward_preview={prey_9:-0.001, predator_2:-0.001, predator_4:-0.001, prey_14:-0.001, prey_17:-0.001} | info_preview={}
2025-11-23 03:29:07,483 [DEBUG] PredPreyGrassEnv.env-0c8aa43e: event=StepBegin | env_id=env-0c8aa43e | step=271 | incoming_actions=['prey_9', 'prey_14', 'prey_17', 'prey_13', 'prey_18', ...] | active_agents=24 | current_step=271
2025-11-23 03:29:07,487 [DEBUG] PredPreyGrassEnv.env-0c8aa43e: event=StepSummary | env_id=env-0c8aa43e | step=271 | current_step=271 | terminated_agents=[] | truncated_agents=[] | remaining_agents=24 | reward_preview={prey_9:-0.001, predator_2:-0.001, predator_4:-0.001, prey_14:-0.001, prey_17:-0.001} | info_preview={}
2025-11-23 03:29:07,498 [DEBUG] PredPreyGrassEnv.env-0c8aa43e: event=StepBegin | env_id=env-0c8aa43e | step=272 | incoming_actions=['prey_9', 'prey_14', 'prey_17', 'prey_13', 'prey_18', ...] | active_agents=24 | current_step=272
2025-11-23 03:29:07,498 [DEBUG] PredPreyGrassEnv.env-0c8aa43e: event=CollisionBatch | env_id=env-0c8aa43e | step=272 | collisions=[['prey_eat_grass', 'prey_10', 'grass_6']]
2025-11-23 03:29:07,502 [DEBUG] PredPreyGrassEnv.env-0c8aa43e: event=StepSummary | env_id=env-0c8aa43e | step=272 | current_step=272 | terminated_agents=[] | truncated_agents=[] | remaining_agents=24 | reward_preview={prey_9:-0.001, predator_2:-0.001, predator_4:-0.001, prey_14:-0.001, prey_17:-0.001} | info_preview={}
2025-11-23 03:29:07,513 [DEBUG] PredPreyGrassEnv.env-0c8aa43e: event=StepBegin | env_id=env-0c8aa43e | step=273 | incoming_actions=['prey_9', 'prey_14', 'prey_17', 'prey_13', 'prey_18', ...] | active_agents=24 | current_step=273
2025-11-23 03:29:07,517 [DEBUG] PredPreyGrassEnv.env-0c8aa43e: event=StepSummary | env_id=env-0c8aa43e | step=273 | current_step=273 | terminated_agents=[] | truncated_agents=[] | remaining_agents=24 | reward_preview={prey_9:-0.001, predator_2:-0.001, predator_4:-0.001, prey_14:-0.001, prey_17:-0.001} | info_preview={}
2025-11-23 03:29:07,527 [DEBUG] PredPreyGrassEnv.env-0c8aa43e: event=StepBegin | env_id=env-0c8aa43e | step=274 | incoming_actions=['prey_9', 'prey_14', 'prey_17', 'prey_13', 'prey_18', ...] | active_agents=24 | current_step=274
2025-11-23 03:29:07,531 [DEBUG] PredPreyGrassEnv.env-0c8aa43e: event=StepSummary | env_id=env-0c8aa43e | step=274 | current_step=274 | terminated_agents=[] | truncated_agents=[] | remaining_agents=24 | reward_preview={prey_9:-0.001, predator_2:-0.001, predator_4:-0.001, prey_14:-0.001, prey_17:-0.001} | info_preview={}
2025-11-23 03:29:07,542 [DEBUG] PredPreyGrassEnv.env-0c8aa43e: event=StepBegin | env_id=env-0c8aa43e | step=275 | incoming_actions=['prey_9', 'prey_14', 'prey_17', 'prey_13', 'prey_18', ...] | active_agents=24 | current_step=275
2025-11-23 03:29:07,546 [DEBUG] PredPreyGrassEnv.env-0c8aa43e: event=StepSummary | env_id=env-0c8aa43e | step=275 | current_step=275 | terminated_agents=[] | truncated_agents=[] | remaining_agents=24 | reward_preview={prey_9:-0.001, predator_2:-0.001, predator_4:-0.001, prey_14:-0.001, prey_17:-0.001} | info_preview={}
2025-11-23 03:29:07,557 [DEBUG] PredPreyGrassEnv.env-0c8aa43e: event=StepBegin | env_id=env-0c8aa43e | step=276 | incoming_actions=['prey_9', 'prey_14', 'prey_17', 'prey_13', 'prey_18', ...] | active_agents=24 | current_step=276
2025-11-23 03:29:07,561 [DEBUG] PredPreyGrassEnv.env-0c8aa43e: event=StepSummary | env_id=env-0c8aa43e | step=276 | current_step=276 | terminated_agents=[] | truncated_agents=[] | remaining_agents=24 | reward_preview={prey_9:-0.001, predator_2:-0.001, predator_4:-0.001, prey_14:-0.001, prey_17:-0.001} | info_preview={}
2025-11-23 03:29:07,572 [DEBUG] PredPreyGrassEnv.env-0c8aa43e: event=StepBegin | env_id=env-0c8aa43e | step=277 | incoming_actions=['prey_9', 'prey_14', 'prey_17', 'prey_13', 'prey_18', ...] | active_agents=24 | current_step=277
2025-11-23 03:29:07,576 [DEBUG] PredPreyGrassEnv.env-0c8aa43e: event=StepSummary | env_id=env-0c8aa43e | step=277 | current_step=277 | terminated_agents=[] | truncated_agents=[] | remaining_agents=24 | reward_preview={prey_9:-0.001, predator_2:-0.001, predator_4:-0.001, prey_14:-0.001, prey_17:-0.001} | info_preview={}
2025-11-23 03:29:07,586 [DEBUG] PredPreyGrassEnv.env-0c8aa43e: event=StepBegin | env_id=env-0c8aa43e | step=278 | incoming_actions=['prey_9', 'prey_14', 'prey_17', 'prey_13', 'prey_18', ...] | active_agents=24 | current_step=278
2025-11-23 03:29:07,590 [DEBUG] PredPreyGrassEnv.env-0c8aa43e: event=StepSummary | env_id=env-0c8aa43e | step=278 | current_step=278 | terminated_agents=[] | truncated_agents=[] | remaining_agents=24 | reward_preview={prey_9:-0.001, predator_2:-0.001, predator_4:-0.001, prey_14:-0.001, prey_17:-0.001} | info_preview={}
2025-11-23 03:29:07,601 [DEBUG] PredPreyGrassEnv.env-0c8aa43e: event=StepBegin | env_id=env-0c8aa43e | step=279 | incoming_actions=['prey_9', 'prey_14', 'prey_17', 'prey_13', 'prey_18', ...] | active_agents=24 | current_step=279
2025-11-23 03:29:07,604 [DEBUG] PredPreyGrassEnv.env-0c8aa43e: event=StepSummary | env_id=env-0c8aa43e | step=279 | current_step=279 | terminated_agents=[] | truncated_agents=[] | remaining_agents=24 | reward_preview={prey_9:-0.001, predator_2:-0.001, predator_4:-0.001, prey_14:-0.001, prey_17:-0.001} | info_preview={}
2025-11-23 03:29:07,616 [DEBUG] PredPreyGrassEnv.env-0c8aa43e: event=StepBegin | env_id=env-0c8aa43e | step=280 | incoming_actions=['prey_9', 'prey_14', 'prey_17', 'prey_13', 'prey_18', ...] | active_agents=24 | current_step=280
2025-11-23 03:29:07,620 [DEBUG] PredPreyGrassEnv.env-0c8aa43e: event=StepSummary | env_id=env-0c8aa43e | step=280 | current_step=280 | terminated_agents=[] | truncated_agents=[] | remaining_agents=24 | reward_preview={prey_9:-0.001, predator_2:-0.001, predator_4:-0.001, prey_14:-0.001, prey_17:-0.001} | info_preview={}
2025-11-23 03:29:07,630 [DEBUG] PredPreyGrassEnv.env-0c8aa43e: event=StepBegin | env_id=env-0c8aa43e | step=281 | incoming_actions=['prey_9', 'prey_14', 'prey_17', 'prey_13', 'prey_18', ...] | active_agents=24 | current_step=281
2025-11-23 03:29:07,634 [DEBUG] PredPreyGrassEnv.env-0c8aa43e: event=StepSummary | env_id=env-0c8aa43e | step=281 | current_step=281 | terminated_agents=[] | truncated_agents=[] | remaining_agents=24 | reward_preview={prey_9:-0.001, predator_2:-0.001, predator_4:-0.001, prey_14:-0.001, prey_17:-0.001} | info_preview={}
2025-11-23 03:29:07,645 [DEBUG] PredPreyGrassEnv.env-0c8aa43e: event=StepBegin | env_id=env-0c8aa43e | step=282 | incoming_actions=['prey_9', 'prey_14', 'prey_17', 'prey_13', 'prey_18', ...] | active_agents=24 | current_step=282
2025-11-23 03:29:07,648 [DEBUG] PredPreyGrassEnv.env-0c8aa43e: event=StepSummary | env_id=env-0c8aa43e | step=282 | current_step=282 | terminated_agents=[] | truncated_agents=[] | remaining_agents=24 | reward_preview={prey_9:-0.001, predator_2:-0.001, predator_4:-0.001, prey_14:-0.001, prey_17:-0.001} | info_preview={}
2025-11-23 03:29:07,659 [DEBUG] PredPreyGrassEnv.env-0c8aa43e: event=StepBegin | env_id=env-0c8aa43e | step=283 | incoming_actions=['prey_9', 'prey_14', 'prey_17', 'prey_13', 'prey_18', ...] | active_agents=24 | current_step=283
2025-11-23 03:29:07,661 [DEBUG] PredPreyGrassEnv.env-0c8aa43e: event=PreyAteGrass | env_id=env-0c8aa43e | step=283 | prey='prey_13' | grass='grass_83' | prey_position=[685.9927539058699, 538.854025435182] | grass_energy=10.0 | energy_gained=9.0 | prey_energy=116.54899512684987
2025-11-23 03:29:07,663 [DEBUG] PredPreyGrassEnv.env-0c8aa43e: event=StepSummary | env_id=env-0c8aa43e | step=283 | current_step=283 | terminated_agents=[] | truncated_agents=[] | remaining_agents=24 | reward_preview={prey_9:-0.001, predator_2:-0.001, predator_4:-0.001, prey_14:-0.001, prey_17:-0.001} | info_preview={}
2025-11-23 03:29:07,673 [DEBUG] PredPreyGrassEnv.env-0c8aa43e: event=StepBegin | env_id=env-0c8aa43e | step=284 | incoming_actions=['prey_9', 'prey_14', 'prey_17', 'prey_13', 'prey_18', ...] | active_agents=24 | current_step=284
2025-11-23 03:29:07,677 [DEBUG] PredPreyGrassEnv.env-0c8aa43e: event=StepSummary | env_id=env-0c8aa43e | step=284 | current_step=284 | terminated_agents=[] | truncated_agents=[] | remaining_agents=24 | reward_preview={prey_9:-0.001, predator_2:-0.001, predator_4:-0.001, prey_14:-0.001, prey_17:-0.001} | info_preview={}
2025-11-23 03:29:07,688 [DEBUG] PredPreyGrassEnv.env-0c8aa43e: event=StepBegin | env_id=env-0c8aa43e | step=285 | incoming_actions=['prey_9', 'prey_14', 'prey_17', 'prey_13', 'prey_18', ...] | active_agents=24 | current_step=285
2025-11-23 03:29:07,691 [DEBUG] PredPreyGrassEnv.env-0c8aa43e: event=StepSummary | env_id=env-0c8aa43e | step=285 | current_step=285 | terminated_agents=[] | truncated_agents=[] | remaining_agents=24 | reward_preview={prey_9:-0.001, predator_2:-0.001, predator_4:-0.001, prey_14:-0.001, prey_17:-0.001} | info_preview={}
2025-11-23 03:29:07,702 [DEBUG] PredPreyGrassEnv.env-0c8aa43e: event=StepBegin | env_id=env-0c8aa43e | step=286 | incoming_actions=['prey_9', 'prey_14', 'prey_17', 'prey_13', 'prey_18', ...] | active_agents=24 | current_step=286
2025-11-23 03:29:07,705 [DEBUG] PredPreyGrassEnv.env-0c8aa43e: event=StepSummary | env_id=env-0c8aa43e | step=286 | current_step=286 | terminated_agents=[] | truncated_agents=[] | remaining_agents=24 | reward_preview={prey_9:-0.001, predator_2:-0.001, predator_4:-0.001, prey_14:-0.001, prey_17:-0.001} | info_preview={}
2025-11-23 03:29:07,716 [DEBUG] PredPreyGrassEnv.env-0c8aa43e: event=StepBegin | env_id=env-0c8aa43e | step=287 | incoming_actions=['prey_9', 'prey_14', 'prey_17', 'prey_13', 'prey_18', ...] | active_agents=24 | current_step=287
2025-11-23 03:29:07,720 [DEBUG] PredPreyGrassEnv.env-0c8aa43e: event=StepSummary | env_id=env-0c8aa43e | step=287 | current_step=287 | terminated_agents=[] | truncated_agents=[] | remaining_agents=24 | reward_preview={prey_9:-0.001, predator_2:-0.001, predator_4:-0.001, prey_14:-0.001, prey_17:-0.001} | info_preview={}
2025-11-23 03:29:07,730 [DEBUG] PredPreyGrassEnv.env-0c8aa43e: event=StepBegin | env_id=env-0c8aa43e | step=288 | incoming_actions=['prey_9', 'prey_14', 'prey_17', 'prey_13', 'prey_18', ...] | active_agents=24 | current_step=288
2025-11-23 03:29:07,734 [DEBUG] PredPreyGrassEnv.env-0c8aa43e: event=StepSummary | env_id=env-0c8aa43e | step=288 | current_step=288 | terminated_agents=[] | truncated_agents=[] | remaining_agents=24 | reward_preview={prey_9:-0.001, predator_2:-0.001, predator_4:-0.001, prey_14:-0.001, prey_17:-0.001} | info_preview={}
2025-11-23 03:29:07,744 [DEBUG] PredPreyGrassEnv.env-0c8aa43e: event=StepBegin | env_id=env-0c8aa43e | step=289 | incoming_actions=['prey_9', 'prey_14', 'prey_17', 'prey_13', 'prey_18', ...] | active_agents=24 | current_step=289
2025-11-23 03:29:07,748 [DEBUG] PredPreyGrassEnv.env-0c8aa43e: event=StepSummary | env_id=env-0c8aa43e | step=289 | current_step=289 | terminated_agents=[] | truncated_agents=[] | remaining_agents=24 | reward_preview={prey_9:-0.001, predator_2:-0.001, predator_4:-0.001, prey_14:-0.001, prey_17:-0.001} | info_preview={}
2025-11-23 03:29:07,759 [DEBUG] PredPreyGrassEnv.env-0c8aa43e: event=StepBegin | env_id=env-0c8aa43e | step=290 | incoming_actions=['prey_9', 'prey_14', 'prey_17', 'prey_13', 'prey_18', ...] | active_agents=24 | current_step=290
2025-11-23 03:29:07,762 [DEBUG] PredPreyGrassEnv.env-0c8aa43e: event=StepSummary | env_id=env-0c8aa43e | step=290 | current_step=290 | terminated_agents=[] | truncated_agents=[] | remaining_agents=24 | reward_preview={prey_9:-0.001, predator_2:-0.001, predator_4:-0.001, prey_14:-0.001, prey_17:-0.001} | info_preview={}
2025-11-23 03:29:07,773 [DEBUG] PredPreyGrassEnv.env-0c8aa43e: event=StepBegin | env_id=env-0c8aa43e | step=291 | incoming_actions=['prey_9', 'prey_14', 'prey_17', 'prey_13', 'prey_18', ...] | active_agents=24 | current_step=291
2025-11-23 03:29:07,776 [DEBUG] PredPreyGrassEnv.env-0c8aa43e: event=StepSummary | env_id=env-0c8aa43e | step=291 | current_step=291 | terminated_agents=[] | truncated_agents=[] | remaining_agents=24 | reward_preview={prey_9:-0.001, predator_2:-0.001, predator_4:-0.001, prey_14:-0.001, prey_17:-0.001} | info_preview={}
2025-11-23 03:29:07,787 [DEBUG] PredPreyGrassEnv.env-0c8aa43e: event=StepBegin | env_id=env-0c8aa43e | step=292 | incoming_actions=['prey_9', 'prey_14', 'prey_17', 'prey_13', 'prey_18', ...] | active_agents=24 | current_step=292
2025-11-23 03:29:07,791 [DEBUG] PredPreyGrassEnv.env-0c8aa43e: event=StepSummary | env_id=env-0c8aa43e | step=292 | current_step=292 | terminated_agents=[] | truncated_agents=[] | remaining_agents=24 | reward_preview={prey_9:-0.001, predator_2:-0.001, predator_4:-0.001, prey_14:-0.001, prey_17:-0.001} | info_preview={}
2025-11-23 03:29:07,802 [DEBUG] PredPreyGrassEnv.env-0c8aa43e: event=StepBegin | env_id=env-0c8aa43e | step=293 | incoming_actions=['prey_9', 'prey_14', 'prey_17', 'prey_13', 'prey_18', ...] | active_agents=24 | current_step=293
2025-11-23 03:29:07,805 [DEBUG] PredPreyGrassEnv.env-0c8aa43e: event=StepSummary | env_id=env-0c8aa43e | step=293 | current_step=293 | terminated_agents=[] | truncated_agents=[] | remaining_agents=24 | reward_preview={prey_9:-0.001, predator_2:-0.001, predator_4:-0.001, prey_14:-0.001, prey_17:-0.001} | info_preview={}
2025-11-23 03:29:07,816 [DEBUG] PredPreyGrassEnv.env-0c8aa43e: event=StepBegin | env_id=env-0c8aa43e | step=294 | incoming_actions=['prey_9', 'prey_14', 'prey_17', 'prey_13', 'prey_18', ...] | active_agents=24 | current_step=294
2025-11-23 03:29:07,820 [DEBUG] PredPreyGrassEnv.env-0c8aa43e: event=StepSummary | env_id=env-0c8aa43e | step=294 | current_step=294 | terminated_agents=[] | truncated_agents=[] | remaining_agents=24 | reward_preview={prey_9:-0.001, predator_2:-0.001, predator_4:-0.001, prey_14:-0.001, prey_17:-0.001} | info_preview={}
2025-11-23 03:29:07,831 [DEBUG] PredPreyGrassEnv.env-0c8aa43e: event=StepBegin | env_id=env-0c8aa43e | step=295 | incoming_actions=['prey_9', 'prey_14', 'prey_17', 'prey_13', 'prey_18', ...] | active_agents=24 | current_step=295
2025-11-23 03:29:07,835 [DEBUG] PredPreyGrassEnv.env-0c8aa43e: event=StepSummary | env_id=env-0c8aa43e | step=295 | current_step=295 | terminated_agents=[] | truncated_agents=[] | remaining_agents=24 | reward_preview={prey_9:-0.001, predator_2:-0.001, predator_4:-0.001, prey_14:-0.001, prey_17:-0.001} | info_preview={}
2025-11-23 03:29:07,851 [DEBUG] PredPreyGrassEnv.env-0c8aa43e: event=StepBegin | env_id=env-0c8aa43e | step=296 | incoming_actions=['prey_9', 'prey_14', 'prey_17', 'prey_13', 'prey_18', ...] | active_agents=24 | current_step=296
2025-11-23 03:29:07,856 [DEBUG] PredPreyGrassEnv.env-0c8aa43e: event=StepSummary | env_id=env-0c8aa43e | step=296 | current_step=296 | terminated_agents=[] | truncated_agents=[] | remaining_agents=24 | reward_preview={prey_9:-0.001, predator_2:-0.001, predator_4:-0.001, prey_14:-0.001, prey_17:-0.001} | info_preview={}
2025-11-23 03:29:07,873 [DEBUG] PredPreyGrassEnv.env-0c8aa43e: event=StepBegin | env_id=env-0c8aa43e | step=297 | incoming_actions=['prey_9', 'prey_14', 'prey_17', 'prey_13', 'prey_18', ...] | active_agents=24 | current_step=297
2025-11-23 03:29:07,879 [DEBUG] PredPreyGrassEnv.env-0c8aa43e: event=StepSummary | env_id=env-0c8aa43e | step=297 | current_step=297 | terminated_agents=[] | truncated_agents=[] | remaining_agents=24 | reward_preview={prey_9:-0.001, predator_2:-0.001, predator_4:-0.001, prey_14:-0.001, prey_17:-0.001} | info_preview={}
2025-11-23 03:29:07,896 [DEBUG] PredPreyGrassEnv.env-0c8aa43e: event=StepBegin | env_id=env-0c8aa43e | step=298 | incoming_actions=['prey_9', 'prey_14', 'prey_17', 'prey_13', 'prey_18', ...] | active_agents=24 | current_step=298
2025-11-23 03:29:07,902 [DEBUG] PredPreyGrassEnv.env-0c8aa43e: event=StepSummary | env_id=env-0c8aa43e | step=298 | current_step=298 | terminated_agents=[] | truncated_agents=[] | remaining_agents=24 | reward_preview={prey_9:-0.001, predator_2:-0.001, predator_4:-0.001, prey_14:-0.001, prey_17:-0.001} | info_preview={}
2025-11-23 03:29:07,913 [DEBUG] PredPreyGrassEnv.env-0c8aa43e: event=StepBegin | env_id=env-0c8aa43e | step=299 | incoming_actions=['prey_9', 'prey_14', 'prey_17', 'prey_13', 'prey_18', ...] | active_agents=24 | current_step=299
2025-11-23 03:29:07,916 [DEBUG] PredPreyGrassEnv.env-0c8aa43e: event=StepSummary | env_id=env-0c8aa43e | step=299 | current_step=299 | terminated_agents=[] | truncated_agents=[] | remaining_agents=24 | reward_preview={prey_9:-0.001, predator_2:-0.001, predator_4:-0.001, prey_14:-0.001, prey_17:-0.001} | info_preview={}
2025-11-23 03:29:07,927 [DEBUG] PredPreyGrassEnv.env-0c8aa43e: event=StepBegin | env_id=env-0c8aa43e | step=300 | incoming_actions=['prey_9', 'prey_14', 'prey_17', 'prey_13', 'prey_18', ...] | active_agents=24 | current_step=300
2025-11-23 03:29:07,931 [DEBUG] PredPreyGrassEnv.env-0c8aa43e: event=StepSummary | env_id=env-0c8aa43e | step=300 | current_step=300 | terminated_agents=[] | truncated_agents=[] | remaining_agents=24 | reward_preview={prey_9:-0.001, predator_2:-0.001, predator_4:-0.001, prey_14:-0.001, prey_17:-0.001} | info_preview={}
2025-11-23 03:29:07,943 [DEBUG] PredPreyGrassEnv.env-0c8aa43e: event=StepBegin | env_id=env-0c8aa43e | step=301 | incoming_actions=['prey_9', 'prey_14', 'prey_17', 'prey_13', 'prey_18', ...] | active_agents=24 | current_step=301
2025-11-23 03:29:07,947 [DEBUG] PredPreyGrassEnv.env-0c8aa43e: event=StepSummary | env_id=env-0c8aa43e | step=301 | current_step=301 | terminated_agents=[] | truncated_agents=[] | remaining_agents=24 | reward_preview={prey_9:-0.001, predator_2:-0.001, predator_4:-0.001, prey_14:-0.001, prey_17:-0.001} | info_preview={}
2025-11-23 03:29:07,959 [DEBUG] PredPreyGrassEnv.env-0c8aa43e: event=StepBegin | env_id=env-0c8aa43e | step=302 | incoming_actions=['prey_9', 'prey_14', 'prey_17', 'prey_13', 'prey_18', ...] | active_agents=24 | current_step=302
2025-11-23 03:29:07,963 [DEBUG] PredPreyGrassEnv.env-0c8aa43e: event=StepSummary | env_id=env-0c8aa43e | step=302 | current_step=302 | terminated_agents=[] | truncated_agents=[] | remaining_agents=24 | reward_preview={prey_9:-0.001, predator_2:-0.001, predator_4:-0.001, prey_14:-0.001, prey_17:-0.001} | info_preview={}
2025-11-23 03:29:07,975 [DEBUG] PredPreyGrassEnv.env-0c8aa43e: event=StepBegin | env_id=env-0c8aa43e | step=303 | incoming_actions=['prey_9', 'prey_14', 'prey_17', 'prey_13', 'prey_18', ...] | active_agents=24 | current_step=303
2025-11-23 03:29:07,980 [DEBUG] PredPreyGrassEnv.env-0c8aa43e: event=StepSummary | env_id=env-0c8aa43e | step=303 | current_step=303 | terminated_agents=[] | truncated_agents=[] | remaining_agents=24 | reward_preview={prey_9:-0.001, predator_2:-0.001, predator_4:-0.001, prey_14:-0.001, prey_17:-0.001} | info_preview={}
2025-11-23 03:29:07,992 [DEBUG] PredPreyGrassEnv.env-0c8aa43e: event=StepBegin | env_id=env-0c8aa43e | step=304 | incoming_actions=['prey_9', 'prey_14', 'prey_17', 'prey_13', 'prey_18', ...] | active_agents=24 | current_step=304
2025-11-23 03:29:07,997 [DEBUG] PredPreyGrassEnv.env-0c8aa43e: event=StepSummary | env_id=env-0c8aa43e | step=304 | current_step=304 | terminated_agents=[] | truncated_agents=[] | remaining_agents=24 | reward_preview={prey_9:-0.001, predator_2:-0.001, predator_4:-0.001, prey_14:-0.001, prey_17:-0.001} | info_preview={}
2025-11-23 03:29:08,010 [DEBUG] PredPreyGrassEnv.env-0c8aa43e: event=StepBegin | env_id=env-0c8aa43e | step=305 | incoming_actions=['prey_9', 'prey_14', 'prey_17', 'prey_13', 'prey_18', ...] | active_agents=24 | current_step=305
2025-11-23 03:29:08,012 [DEBUG] PredPreyGrassEnv.env-0c8aa43e: event=PreyAteGrass | env_id=env-0c8aa43e | step=305 | prey='prey_14' | grass='grass_47' | prey_position=[499.1777138013546, 124.90352244817576] | grass_energy=10.0 | energy_gained=9.0 | prey_energy=116.03192571069306
2025-11-23 03:29:08,014 [DEBUG] PredPreyGrassEnv.env-0c8aa43e: event=StepSummary | env_id=env-0c8aa43e | step=305 | current_step=305 | terminated_agents=[] | truncated_agents=[] | remaining_agents=24 | reward_preview={prey_9:-0.001, predator_2:-0.001, predator_4:-0.001, prey_14:1.0, prey_17:-0.001} | info_preview={}
2025-11-23 03:29:08,027 [DEBUG] PredPreyGrassEnv.env-0c8aa43e: event=StepBegin | env_id=env-0c8aa43e | step=306 | incoming_actions=['prey_9', 'prey_14', 'prey_17', 'prey_13', 'prey_18', ...] | active_agents=24 | current_step=306
2025-11-23 03:29:08,032 [DEBUG] PredPreyGrassEnv.env-0c8aa43e: event=StepSummary | env_id=env-0c8aa43e | step=306 | current_step=306 | terminated_agents=[] | truncated_agents=[] | remaining_agents=24 | reward_preview={prey_9:-0.001, predator_2:-0.001, predator_4:-0.001, prey_14:-0.001, prey_17:-0.001} | info_preview={}
2025-11-23 03:29:08,043 [DEBUG] PredPreyGrassEnv.env-0c8aa43e: event=StepBegin | env_id=env-0c8aa43e | step=307 | incoming_actions=['prey_9', 'prey_14', 'prey_17', 'prey_13', 'prey_18', ...] | active_agents=24 | current_step=307
2025-11-23 03:29:08,048 [DEBUG] PredPreyGrassEnv.env-0c8aa43e: event=StepSummary | env_id=env-0c8aa43e | step=307 | current_step=307 | terminated_agents=[] | truncated_agents=[] | remaining_agents=24 | reward_preview={prey_9:-0.001, predator_2:-0.001, predator_4:-0.001, prey_14:-0.001, prey_17:-0.001} | info_preview={}
2025-11-23 03:29:08,061 [DEBUG] PredPreyGrassEnv.env-0c8aa43e: event=StepBegin | env_id=env-0c8aa43e | step=308 | incoming_actions=['prey_9', 'prey_14', 'prey_17', 'prey_13', 'prey_18', ...] | active_agents=24 | current_step=308
2025-11-23 03:29:08,062 [DEBUG] PredPreyGrassEnv.env-0c8aa43e: event=PreyAteGrass | env_id=env-0c8aa43e | step=308 | prey='prey_12' | grass='grass_55' | prey_position=[540.7051799961614, 455.198429609373] | grass_energy=10.0 | energy_gained=9.0 | prey_energy=112.15481618354914
2025-11-23 03:29:08,065 [DEBUG] PredPreyGrassEnv.env-0c8aa43e: event=StepSummary | env_id=env-0c8aa43e | step=308 | current_step=308 | terminated_agents=[] | truncated_agents=[] | remaining_agents=24 | reward_preview={prey_9:-0.001, predator_2:-0.001, predator_4:-0.001, prey_14:-0.001, prey_17:-0.001} | info_preview={}
2025-11-23 03:29:08,077 [DEBUG] PredPreyGrassEnv.env-0c8aa43e: event=StepBegin | env_id=env-0c8aa43e | step=309 | incoming_actions=['prey_9', 'prey_14', 'prey_17', 'prey_13', 'prey_18', ...] | active_agents=24 | current_step=309
2025-11-23 03:29:08,082 [DEBUG] PredPreyGrassEnv.env-0c8aa43e: event=StepSummary | env_id=env-0c8aa43e | step=309 | current_step=309 | terminated_agents=[] | truncated_agents=[] | remaining_agents=24 | reward_preview={prey_9:-0.001, predator_2:-0.001, predator_4:-0.001, prey_14:-0.001, prey_17:-0.001} | info_preview={}
2025-11-23 03:29:08,095 [DEBUG] PredPreyGrassEnv.env-0c8aa43e: event=StepBegin | env_id=env-0c8aa43e | step=310 | incoming_actions=['prey_9', 'prey_14', 'prey_17', 'prey_13', 'prey_18', ...] | active_agents=24 | current_step=310
2025-11-23 03:29:08,099 [DEBUG] PredPreyGrassEnv.env-0c8aa43e: event=StepSummary | env_id=env-0c8aa43e | step=310 | current_step=310 | terminated_agents=[] | truncated_agents=[] | remaining_agents=24 | reward_preview={prey_9:-0.001, predator_2:-0.001, predator_4:-0.001, prey_14:-0.001, prey_17:-0.001} | info_preview={}
2025-11-23 03:29:08,112 [DEBUG] PredPreyGrassEnv.env-0c8aa43e: event=StepBegin | env_id=env-0c8aa43e | step=311 | incoming_actions=['prey_9', 'prey_14', 'prey_17', 'prey_13', 'prey_18', ...] | active_agents=24 | current_step=311
2025-11-23 03:29:08,116 [DEBUG] PredPreyGrassEnv.env-0c8aa43e: event=StepSummary | env_id=env-0c8aa43e | step=311 | current_step=311 | terminated_agents=[] | truncated_agents=[] | remaining_agents=24 | reward_preview={prey_9:-0.001, predator_2:-0.001, predator_4:-0.001, prey_14:-0.001, prey_17:-0.001} | info_preview={}
2025-11-23 03:29:08,129 [DEBUG] PredPreyGrassEnv.env-0c8aa43e: event=StepBegin | env_id=env-0c8aa43e | step=312 | incoming_actions=['prey_9', 'prey_14', 'prey_17', 'prey_13', 'prey_18', ...] | active_agents=24 | current_step=312
2025-11-23 03:29:08,134 [DEBUG] PredPreyGrassEnv.env-0c8aa43e: event=StepSummary | env_id=env-0c8aa43e | step=312 | current_step=312 | terminated_agents=[] | truncated_agents=[] | remaining_agents=24 | reward_preview={prey_9:-0.001, predator_2:-0.001, predator_4:-0.001, prey_14:-0.001, prey_17:-0.001} | info_preview={}
2025-11-23 03:29:08,146 [DEBUG] PredPreyGrassEnv.env-0c8aa43e: event=StepBegin | env_id=env-0c8aa43e | step=313 | incoming_actions=['prey_9', 'prey_14', 'prey_17', 'prey_13', 'prey_18', ...] | active_agents=24 | current_step=313
2025-11-23 03:29:08,150 [DEBUG] PredPreyGrassEnv.env-0c8aa43e: event=StepSummary | env_id=env-0c8aa43e | step=313 | current_step=313 | terminated_agents=[] | truncated_agents=[] | remaining_agents=24 | reward_preview={prey_9:-0.001, predator_2:-0.001, predator_4:-0.001, prey_14:-0.001, prey_17:-0.001} | info_preview={}
2025-11-23 03:29:08,163 [DEBUG] PredPreyGrassEnv.env-0c8aa43e: event=StepBegin | env_id=env-0c8aa43e | step=314 | incoming_actions=['prey_9', 'prey_14', 'prey_17', 'prey_13', 'prey_18', ...] | active_agents=24 | current_step=314
2025-11-23 03:29:08,166 [DEBUG] PredPreyGrassEnv.env-0c8aa43e: event=StepSummary | env_id=env-0c8aa43e | step=314 | current_step=314 | terminated_agents=[] | truncated_agents=[] | remaining_agents=24 | reward_preview={prey_9:-0.001, predator_2:-0.001, predator_4:-0.001, prey_14:-0.001, prey_17:-0.001} | info_preview={}
2025-11-23 03:29:08,179 [DEBUG] PredPreyGrassEnv.env-0c8aa43e: event=StepBegin | env_id=env-0c8aa43e | step=315 | incoming_actions=['prey_9', 'prey_14', 'prey_17', 'prey_13', 'prey_18', ...] | active_agents=24 | current_step=315
2025-11-23 03:29:08,183 [DEBUG] PredPreyGrassEnv.env-0c8aa43e: event=StepSummary | env_id=env-0c8aa43e | step=315 | current_step=315 | terminated_agents=[] | truncated_agents=[] | remaining_agents=24 | reward_preview={prey_9:-0.001, predator_2:-0.001, predator_4:-0.001, prey_14:-0.001, prey_17:-0.001} | info_preview={}
2025-11-23 03:29:08,195 [DEBUG] PredPreyGrassEnv.env-0c8aa43e: event=StepBegin | env_id=env-0c8aa43e | step=316 | incoming_actions=['prey_9', 'prey_14', 'prey_17', 'prey_13', 'prey_18', ...] | active_agents=24 | current_step=316
2025-11-23 03:29:08,199 [DEBUG] PredPreyGrassEnv.env-0c8aa43e: event=StepSummary | env_id=env-0c8aa43e | step=316 | current_step=316 | terminated_agents=[] | truncated_agents=[] | remaining_agents=24 | reward_preview={prey_9:-0.001, predator_2:-0.001, predator_4:-0.001, prey_14:-0.001, prey_17:-0.001} | info_preview={}
2025-11-23 03:29:08,215 [DEBUG] PredPreyGrassEnv.env-0c8aa43e: event=StepBegin | env_id=env-0c8aa43e | step=317 | incoming_actions=['prey_9', 'prey_14', 'prey_17', 'prey_13', 'prey_18', ...] | active_agents=24 | current_step=317
2025-11-23 03:29:08,220 [DEBUG] PredPreyGrassEnv.env-0c8aa43e: event=StepSummary | env_id=env-0c8aa43e | step=317 | current_step=317 | terminated_agents=[] | truncated_agents=[] | remaining_agents=24 | reward_preview={prey_9:-0.001, predator_2:-0.001, predator_4:-0.001, prey_14:-0.001, prey_17:-0.001} | info_preview={}
2025-11-23 03:29:08,236 [DEBUG] PredPreyGrassEnv.env-0c8aa43e: event=StepBegin | env_id=env-0c8aa43e | step=318 | incoming_actions=['prey_9', 'prey_14', 'prey_17', 'prey_13', 'prey_18', ...] | active_agents=24 | current_step=318
2025-11-23 03:29:08,241 [DEBUG] PredPreyGrassEnv.env-0c8aa43e: event=StepSummary | env_id=env-0c8aa43e | step=318 | current_step=318 | terminated_agents=[] | truncated_agents=[] | remaining_agents=24 | reward_preview={prey_9:-0.001, predator_2:-0.001, predator_4:-0.001, prey_14:-0.001, prey_17:-0.001} | info_preview={}
2025-11-23 03:29:08,257 [DEBUG] PredPreyGrassEnv.env-0c8aa43e: event=StepBegin | env_id=env-0c8aa43e | step=319 | incoming_actions=['prey_9', 'prey_14', 'prey_17', 'prey_13', 'prey_18', ...] | active_agents=24 | current_step=319
2025-11-23 03:29:08,260 [DEBUG] PredPreyGrassEnv.env-0c8aa43e: event=PreyAteGrass | env_id=env-0c8aa43e | step=319 | prey='prey_19' | grass='grass_40' | prey_position=[656.967929052284, 447.11170554601716] | grass_energy=10.0 | energy_gained=9.0 | prey_energy=106.6876238616508
2025-11-23 03:29:08,262 [DEBUG] PredPreyGrassEnv.env-0c8aa43e: event=StepSummary | env_id=env-0c8aa43e | step=319 | current_step=319 | terminated_agents=[] | truncated_agents=[] | remaining_agents=24 | reward_preview={prey_9:-0.001, predator_2:-0.001, predator_4:-0.001, prey_14:-0.001, prey_17:-0.001} | info_preview={}
2025-11-23 03:29:08,276 [DEBUG] PredPreyGrassEnv.env-0c8aa43e: event=StepBegin | env_id=env-0c8aa43e | step=320 | incoming_actions=['prey_9', 'prey_14', 'prey_17', 'prey_13', 'prey_18', ...] | active_agents=24 | current_step=320
2025-11-23 03:29:08,280 [DEBUG] PredPreyGrassEnv.env-0c8aa43e: event=StepSummary | env_id=env-0c8aa43e | step=320 | current_step=320 | terminated_agents=[] | truncated_agents=[] | remaining_agents=24 | reward_preview={prey_9:-0.001, predator_2:-0.001, predator_4:-0.001, prey_14:-0.001, prey_17:-0.001} | info_preview={}
2025-11-23 03:29:08,295 [DEBUG] PredPreyGrassEnv.env-0c8aa43e: event=StepBegin | env_id=env-0c8aa43e | step=321 | incoming_actions=['prey_9', 'prey_14', 'prey_17', 'prey_13', 'prey_18', ...] | active_agents=24 | current_step=321
2025-11-23 03:29:08,300 [DEBUG] PredPreyGrassEnv.env-0c8aa43e: event=StepSummary | env_id=env-0c8aa43e | step=321 | current_step=321 | terminated_agents=[] | truncated_agents=[] | remaining_agents=24 | reward_preview={prey_9:-0.001, predator_2:-0.001, predator_4:-0.001, prey_14:-0.001, prey_17:-0.001} | info_preview={}
2025-11-23 03:29:08,315 [DEBUG] PredPreyGrassEnv.env-0c8aa43e: event=StepBegin | env_id=env-0c8aa43e | step=322 | incoming_actions=['prey_9', 'prey_14', 'prey_17', 'prey_13', 'prey_18', ...] | active_agents=24 | current_step=322
2025-11-23 03:29:08,320 [DEBUG] PredPreyGrassEnv.env-0c8aa43e: event=StepSummary | env_id=env-0c8aa43e | step=322 | current_step=322 | terminated_agents=[] | truncated_agents=[] | remaining_agents=24 | reward_preview={prey_9:-0.001, predator_2:-0.001, predator_4:-0.001, prey_14:-0.001, prey_17:-0.001} | info_preview={}
2025-11-23 03:29:08,336 [DEBUG] PredPreyGrassEnv.env-0c8aa43e: event=StepBegin | env_id=env-0c8aa43e | step=323 | incoming_actions=['prey_9', 'prey_14', 'prey_17', 'prey_13', 'prey_18', ...] | active_agents=24 | current_step=323
2025-11-23 03:29:08,341 [DEBUG] PredPreyGrassEnv.env-0c8aa43e: event=StepSummary | env_id=env-0c8aa43e | step=323 | current_step=323 | terminated_agents=[] | truncated_agents=[] | remaining_agents=24 | reward_preview={prey_9:-0.001, predator_2:-0.001, predator_4:-0.001, prey_14:-0.001, prey_17:-0.001} | info_preview={}
2025-11-23 03:29:08,354 [DEBUG] PredPreyGrassEnv.env-0c8aa43e: event=StepBegin | env_id=env-0c8aa43e | step=324 | incoming_actions=['prey_9', 'prey_14', 'prey_17', 'prey_13', 'prey_18', ...] | active_agents=24 | current_step=324
2025-11-23 03:29:08,359 [DEBUG] PredPreyGrassEnv.env-0c8aa43e: event=StepSummary | env_id=env-0c8aa43e | step=324 | current_step=324 | terminated_agents=[] | truncated_agents=[] | remaining_agents=24 | reward_preview={prey_9:-0.001, predator_2:-0.001, predator_4:-0.001, prey_14:-0.001, prey_17:-0.001} | info_preview={}
2025-11-23 03:29:08,374 [DEBUG] PredPreyGrassEnv.env-0c8aa43e: event=StepBegin | env_id=env-0c8aa43e | step=325 | incoming_actions=['prey_9', 'prey_14', 'prey_17', 'prey_13', 'prey_18', ...] | active_agents=24 | current_step=325
2025-11-23 03:29:08,379 [DEBUG] PredPreyGrassEnv.env-0c8aa43e: event=StepSummary | env_id=env-0c8aa43e | step=325 | current_step=325 | terminated_agents=[] | truncated_agents=[] | remaining_agents=24 | reward_preview={prey_9:-0.001, predator_2:-0.001, predator_4:-0.001, prey_14:-0.001, prey_17:-0.001} | info_preview={}
2025-11-23 03:29:08,394 [DEBUG] PredPreyGrassEnv.env-0c8aa43e: event=StepBegin | env_id=env-0c8aa43e | step=326 | incoming_actions=['prey_9', 'prey_14', 'prey_17', 'prey_13', 'prey_18', ...] | active_agents=24 | current_step=326
2025-11-23 03:29:08,398 [DEBUG] PredPreyGrassEnv.env-0c8aa43e: event=PreyAteGrass | env_id=env-0c8aa43e | step=326 | prey='prey_4' | grass='grass_2' | prey_position=[621.8210511799025, 496.12352925531724] | grass_energy=10.0 | energy_gained=9.0 | prey_energy=138.95375240268322
2025-11-23 03:29:08,399 [DEBUG] PredPreyGrassEnv.env-0c8aa43e: event=StepSummary | env_id=env-0c8aa43e | step=326 | current_step=326 | terminated_agents=[] | truncated_agents=[] | remaining_agents=24 | reward_preview={prey_9:-0.001, predator_2:-0.001, predator_4:-0.001, prey_14:-0.001, prey_17:-0.001} | info_preview={}
2025-11-23 03:29:08,414 [DEBUG] PredPreyGrassEnv.env-0c8aa43e: event=StepBegin | env_id=env-0c8aa43e | step=327 | incoming_actions=['prey_9', 'prey_14', 'prey_17', 'prey_13', 'prey_18', ...] | active_agents=24 | current_step=327
2025-11-23 03:29:08,418 [DEBUG] PredPreyGrassEnv.env-0c8aa43e: event=StepSummary | env_id=env-0c8aa43e | step=327 | current_step=327 | terminated_agents=[] | truncated_agents=[] | remaining_agents=24 | reward_preview={prey_9:-0.001, predator_2:-0.001, predator_4:-0.001, prey_14:-0.001, prey_17:-0.001} | info_preview={}
2025-11-23 03:29:08,428 [DEBUG] PredPreyGrassEnv.env-0c8aa43e: event=StepBegin | env_id=env-0c8aa43e | step=328 | incoming_actions=['prey_9', 'prey_14', 'prey_17', 'prey_13', 'prey_18', ...] | active_agents=24 | current_step=328
2025-11-23 03:29:08,432 [DEBUG] PredPreyGrassEnv.env-0c8aa43e: event=StepSummary | env_id=env-0c8aa43e | step=328 | current_step=328 | terminated_agents=[] | truncated_agents=[] | remaining_agents=24 | reward_preview={prey_9:-0.001, predator_2:-0.001, predator_4:-0.001, prey_14:-0.001, prey_17:-0.001} | info_preview={}
2025-11-23 03:29:08,442 [DEBUG] PredPreyGrassEnv.env-0c8aa43e: event=StepBegin | env_id=env-0c8aa43e | step=329 | incoming_actions=['prey_9', 'prey_14', 'prey_17', 'prey_13', 'prey_18', ...] | active_agents=24 | current_step=329
2025-11-23 03:29:08,446 [DEBUG] PredPreyGrassEnv.env-0c8aa43e: event=StepSummary | env_id=env-0c8aa43e | step=329 | current_step=329 | terminated_agents=[] | truncated_agents=[] | remaining_agents=24 | reward_preview={prey_9:-0.001, predator_2:-0.001, predator_4:-0.001, prey_14:-0.001, prey_17:-0.001} | info_preview={}
2025-11-23 03:29:08,456 [DEBUG] PredPreyGrassEnv.env-0c8aa43e: event=StepBegin | env_id=env-0c8aa43e | step=330 | incoming_actions=['prey_9', 'prey_14', 'prey_17', 'prey_13', 'prey_18', ...] | active_agents=24 | current_step=330
2025-11-23 03:29:08,459 [DEBUG] PredPreyGrassEnv.env-0c8aa43e: event=StepSummary | env_id=env-0c8aa43e | step=330 | current_step=330 | terminated_agents=[] | truncated_agents=[] | remaining_agents=24 | reward_preview={prey_9:-0.001, predator_2:-0.001, predator_4:-0.001, prey_14:-0.001, prey_17:-0.001} | info_preview={}
2025-11-23 03:29:08,469 [DEBUG] PredPreyGrassEnv.env-0c8aa43e: event=StepBegin | env_id=env-0c8aa43e | step=331 | incoming_actions=['prey_9', 'prey_14', 'prey_17', 'prey_13', 'prey_18', ...] | active_agents=24 | current_step=331
2025-11-23 03:29:08,473 [DEBUG] PredPreyGrassEnv.env-0c8aa43e: event=StepSummary | env_id=env-0c8aa43e | step=331 | current_step=331 | terminated_agents=[] | truncated_agents=[] | remaining_agents=24 | reward_preview={prey_9:-0.001, predator_2:-0.001, predator_4:-0.001, prey_14:-0.001, prey_17:-0.001} | info_preview={}
2025-11-23 03:29:08,484 [DEBUG] PredPreyGrassEnv.env-0c8aa43e: event=StepBegin | env_id=env-0c8aa43e | step=332 | incoming_actions=['prey_9', 'prey_14', 'prey_17', 'prey_13', 'prey_18', ...] | active_agents=24 | current_step=332
2025-11-23 03:29:08,487 [DEBUG] PredPreyGrassEnv.env-0c8aa43e: event=StepSummary | env_id=env-0c8aa43e | step=332 | current_step=332 | terminated_agents=[] | truncated_agents=[] | remaining_agents=24 | reward_preview={prey_9:-0.001, predator_2:-0.001, predator_4:-0.001, prey_14:-0.001, prey_17:-0.001} | info_preview={}
2025-11-23 03:29:08,500 [DEBUG] PredPreyGrassEnv.env-0c8aa43e: event=StepBegin | env_id=env-0c8aa43e | step=333 | incoming_actions=['prey_9', 'prey_14', 'prey_17', 'prey_13', 'prey_18', ...] | active_agents=24 | current_step=333
2025-11-23 03:29:08,505 [DEBUG] PredPreyGrassEnv.env-0c8aa43e: event=StepSummary | env_id=env-0c8aa43e | step=333 | current_step=333 | terminated_agents=[] | truncated_agents=[] | remaining_agents=24 | reward_preview={prey_9:-0.001, predator_2:-0.001, predator_4:-0.001, prey_14:-0.001, prey_17:-0.001} | info_preview={}
2025-11-23 03:29:08,519 [DEBUG] PredPreyGrassEnv.env-0c8aa43e: event=StepBegin | env_id=env-0c8aa43e | step=334 | incoming_actions=['prey_9', 'prey_14', 'prey_17', 'prey_13', 'prey_18', ...] | active_agents=24 | current_step=334
2025-11-23 03:29:08,525 [DEBUG] PredPreyGrassEnv.env-0c8aa43e: event=StepSummary | env_id=env-0c8aa43e | step=334 | current_step=334 | terminated_agents=[] | truncated_agents=[] | remaining_agents=24 | reward_preview={prey_9:-0.001, predator_2:-0.001, predator_4:-0.001, prey_14:-0.001, prey_17:-0.001} | info_preview={}
2025-11-23 03:29:08,539 [DEBUG] PredPreyGrassEnv.env-0c8aa43e: event=StepBegin | env_id=env-0c8aa43e | step=335 | incoming_actions=['prey_9', 'prey_14', 'prey_17', 'prey_13', 'prey_18', ...] | active_agents=24 | current_step=335
2025-11-23 03:29:08,544 [DEBUG] PredPreyGrassEnv.env-0c8aa43e: event=StepSummary | env_id=env-0c8aa43e | step=335 | current_step=335 | terminated_agents=[] | truncated_agents=[] | remaining_agents=24 | reward_preview={prey_9:-0.001, predator_2:-0.001, predator_4:-0.001, prey_14:-0.001, prey_17:-0.001} | info_preview={}
2025-11-23 03:29:08,559 [DEBUG] PredPreyGrassEnv.env-0c8aa43e: event=StepBegin | env_id=env-0c8aa43e | step=336 | incoming_actions=['prey_9', 'prey_14', 'prey_17', 'prey_13', 'prey_18', ...] | active_agents=24 | current_step=336
2025-11-23 03:29:08,563 [DEBUG] PredPreyGrassEnv.env-0c8aa43e: event=StepSummary | env_id=env-0c8aa43e | step=336 | current_step=336 | terminated_agents=[] | truncated_agents=[] | remaining_agents=24 | reward_preview={prey_9:-0.001, predator_2:-0.001, predator_4:-0.001, prey_14:-0.001, prey_17:-0.001} | info_preview={}
2025-11-23 03:29:08,577 [DEBUG] PredPreyGrassEnv.env-0c8aa43e: event=StepBegin | env_id=env-0c8aa43e | step=337 | incoming_actions=['prey_9', 'prey_14', 'prey_17', 'prey_13', 'prey_18', ...] | active_agents=24 | current_step=337
2025-11-23 03:29:08,581 [DEBUG] PredPreyGrassEnv.env-0c8aa43e: event=StepSummary | env_id=env-0c8aa43e | step=337 | current_step=337 | terminated_agents=[] | truncated_agents=[] | remaining_agents=24 | reward_preview={prey_9:-0.001, predator_2:-0.001, predator_4:-0.001, prey_14:-0.001, prey_17:-0.001} | info_preview={}
2025-11-23 03:29:08,593 [DEBUG] PredPreyGrassEnv.env-0c8aa43e: event=StepBegin | env_id=env-0c8aa43e | step=338 | incoming_actions=['prey_9', 'prey_14', 'prey_17', 'prey_13', 'prey_18', ...] | active_agents=24 | current_step=338
2025-11-23 03:29:08,597 [DEBUG] PredPreyGrassEnv.env-0c8aa43e: event=StepSummary | env_id=env-0c8aa43e | step=338 | current_step=338 | terminated_agents=[] | truncated_agents=[] | remaining_agents=24 | reward_preview={prey_9:-0.001, predator_2:-0.001, predator_4:-0.001, prey_14:-0.001, prey_17:-0.001} | info_preview={}
2025-11-23 03:29:08,608 [DEBUG] PredPreyGrassEnv.env-0c8aa43e: event=StepBegin | env_id=env-0c8aa43e | step=339 | incoming_actions=['prey_9', 'prey_14', 'prey_17', 'prey_13', 'prey_18', ...] | active_agents=24 | current_step=339
2025-11-23 03:29:08,612 [DEBUG] PredPreyGrassEnv.env-0c8aa43e: event=StepSummary | env_id=env-0c8aa43e | step=339 | current_step=339 | terminated_agents=[] | truncated_agents=[] | remaining_agents=24 | reward_preview={prey_9:-0.001, predator_2:-0.001, predator_4:-0.001, prey_14:-0.001, prey_17:-0.001} | info_preview={}
2025-11-23 03:29:08,624 [DEBUG] PredPreyGrassEnv.env-0c8aa43e: event=StepBegin | env_id=env-0c8aa43e | step=340 | incoming_actions=['prey_9', 'prey_14', 'prey_17', 'prey_13', 'prey_18', ...] | active_agents=24 | current_step=340
2025-11-23 03:29:08,628 [DEBUG] PredPreyGrassEnv.env-0c8aa43e: event=StepSummary | env_id=env-0c8aa43e | step=340 | current_step=340 | terminated_agents=[] | truncated_agents=[] | remaining_agents=24 | reward_preview={prey_9:-0.001, predator_2:-0.001, predator_4:-0.001, prey_14:-0.001, prey_17:-0.001} | info_preview={}
2025-11-23 03:29:08,638 [DEBUG] PredPreyGrassEnv.env-0c8aa43e: event=StepBegin | env_id=env-0c8aa43e | step=341 | incoming_actions=['prey_9', 'prey_14', 'prey_17', 'prey_13', 'prey_18', ...] | active_agents=24 | current_step=341
2025-11-23 03:29:08,642 [DEBUG] PredPreyGrassEnv.env-0c8aa43e: event=StepSummary | env_id=env-0c8aa43e | step=341 | current_step=341 | terminated_agents=[] | truncated_agents=[] | remaining_agents=24 | reward_preview={prey_9:-0.001, predator_2:-0.001, predator_4:-0.001, prey_14:-0.001, prey_17:-0.001} | info_preview={}
2025-11-23 03:29:08,653 [DEBUG] PredPreyGrassEnv.env-0c8aa43e: event=StepBegin | env_id=env-0c8aa43e | step=342 | incoming_actions=['prey_9', 'prey_14', 'prey_17', 'prey_13', 'prey_18', ...] | active_agents=24 | current_step=342
2025-11-23 03:29:08,657 [DEBUG] PredPreyGrassEnv.env-0c8aa43e: event=StepSummary | env_id=env-0c8aa43e | step=342 | current_step=342 | terminated_agents=[] | truncated_agents=[] | remaining_agents=24 | reward_preview={prey_9:-0.001, predator_2:-0.001, predator_4:-0.001, prey_14:-0.001, prey_17:-0.001} | info_preview={}
2025-11-23 03:29:08,668 [DEBUG] PredPreyGrassEnv.env-0c8aa43e: event=StepBegin | env_id=env-0c8aa43e | step=343 | incoming_actions=['prey_9', 'prey_14', 'prey_17', 'prey_13', 'prey_18', ...] | active_agents=24 | current_step=343
2025-11-23 03:29:08,672 [DEBUG] PredPreyGrassEnv.env-0c8aa43e: event=StepSummary | env_id=env-0c8aa43e | step=343 | current_step=343 | terminated_agents=[] | truncated_agents=[] | remaining_agents=24 | reward_preview={prey_9:-0.001, predator_2:-0.001, predator_4:-0.001, prey_14:-0.001, prey_17:-0.001} | info_preview={}
2025-11-23 03:29:08,682 [DEBUG] PredPreyGrassEnv.env-0c8aa43e: event=StepBegin | env_id=env-0c8aa43e | step=344 | incoming_actions=['prey_9', 'prey_14', 'prey_17', 'prey_13', 'prey_18', ...] | active_agents=24 | current_step=344
2025-11-23 03:29:08,686 [DEBUG] PredPreyGrassEnv.env-0c8aa43e: event=StepSummary | env_id=env-0c8aa43e | step=344 | current_step=344 | terminated_agents=[] | truncated_agents=[] | remaining_agents=24 | reward_preview={prey_9:-0.001, predator_2:-0.001, predator_4:-0.001, prey_14:-0.001, prey_17:-0.001} | info_preview={}
2025-11-23 03:29:08,696 [DEBUG] PredPreyGrassEnv.env-0c8aa43e: event=StepBegin | env_id=env-0c8aa43e | step=345 | incoming_actions=['prey_9', 'prey_14', 'prey_17', 'prey_13', 'prey_18', ...] | active_agents=24 | current_step=345
2025-11-23 03:29:08,700 [DEBUG] PredPreyGrassEnv.env-0c8aa43e: event=StepSummary | env_id=env-0c8aa43e | step=345 | current_step=345 | terminated_agents=[] | truncated_agents=[] | remaining_agents=24 | reward_preview={prey_9:-0.001, predator_2:-0.001, predator_4:-0.001, prey_14:-0.001, prey_17:-0.001} | info_preview={}
2025-11-23 03:29:08,710 [DEBUG] PredPreyGrassEnv.env-0c8aa43e: event=StepBegin | env_id=env-0c8aa43e | step=346 | incoming_actions=['prey_9', 'prey_14', 'prey_17', 'prey_13', 'prey_18', ...] | active_agents=24 | current_step=346
2025-11-23 03:29:08,714 [DEBUG] PredPreyGrassEnv.env-0c8aa43e: event=StepSummary | env_id=env-0c8aa43e | step=346 | current_step=346 | terminated_agents=[] | truncated_agents=[] | remaining_agents=24 | reward_preview={prey_9:-0.001, predator_2:-0.001, predator_4:-0.001, prey_14:-0.001, prey_17:-0.001} | info_preview={}
2025-11-23 03:29:08,724 [DEBUG] PredPreyGrassEnv.env-0c8aa43e: event=StepBegin | env_id=env-0c8aa43e | step=347 | incoming_actions=['prey_9', 'prey_14', 'prey_17', 'prey_13', 'prey_18', ...] | active_agents=24 | current_step=347
2025-11-23 03:29:08,725 [DEBUG] PredPreyGrassEnv.env-0c8aa43e: event=PreyAteGrass | env_id=env-0c8aa43e | step=347 | prey='prey_1' | grass='grass_61' | prey_position=[171.94625836758593, 384.6075250590348] | grass_energy=10.0 | energy_gained=9.0 | prey_energy=90.98678453284921
2025-11-23 03:29:08,728 [DEBUG] PredPreyGrassEnv.env-0c8aa43e: event=StepSummary | env_id=env-0c8aa43e | step=347 | current_step=347 | terminated_agents=[] | truncated_agents=[] | remaining_agents=24 | reward_preview={prey_9:-0.001, predator_2:-0.001, predator_4:-0.001, prey_14:-0.001, prey_17:-0.001} | info_preview={}
2025-11-23 03:29:08,738 [DEBUG] PredPreyGrassEnv.env-0c8aa43e: event=StepBegin | env_id=env-0c8aa43e | step=348 | incoming_actions=['prey_9', 'prey_14', 'prey_17', 'prey_13', 'prey_18', ...] | active_agents=24 | current_step=348
2025-11-23 03:29:08,741 [DEBUG] PredPreyGrassEnv.env-0c8aa43e: event=StepSummary | env_id=env-0c8aa43e | step=348 | current_step=348 | terminated_agents=[] | truncated_agents=[] | remaining_agents=24 | reward_preview={prey_9:-0.001, predator_2:-0.001, predator_4:-0.001, prey_14:-0.001, prey_17:-0.001} | info_preview={}
2025-11-23 03:29:08,751 [DEBUG] PredPreyGrassEnv.env-0c8aa43e: event=StepBegin | env_id=env-0c8aa43e | step=349 | incoming_actions=['prey_9', 'prey_14', 'prey_17', 'prey_13', 'prey_18', ...] | active_agents=24 | current_step=349
2025-11-23 03:29:08,755 [DEBUG] PredPreyGrassEnv.env-0c8aa43e: event=StepSummary | env_id=env-0c8aa43e | step=349 | current_step=349 | terminated_agents=[] | truncated_agents=[] | remaining_agents=24 | reward_preview={prey_9:-0.001, predator_2:-0.001, predator_4:-0.001, prey_14:-0.001, prey_17:-0.001} | info_preview={}
2025-11-23 03:29:08,765 [DEBUG] PredPreyGrassEnv.env-0c8aa43e: event=StepBegin | env_id=env-0c8aa43e | step=350 | incoming_actions=['prey_9', 'prey_14', 'prey_17', 'prey_13', 'prey_18', ...] | active_agents=24 | current_step=350
2025-11-23 03:29:08,769 [DEBUG] PredPreyGrassEnv.env-0c8aa43e: event=StepSummary | env_id=env-0c8aa43e | step=350 | current_step=350 | terminated_agents=[] | truncated_agents=[] | remaining_agents=24 | reward_preview={prey_9:-0.001, predator_2:-0.001, predator_4:-0.001, prey_14:-0.001, prey_17:-0.001} | info_preview={}
2025-11-23 03:29:08,779 [DEBUG] PredPreyGrassEnv.env-0c8aa43e: event=StepBegin | env_id=env-0c8aa43e | step=351 | incoming_actions=['prey_9', 'prey_14', 'prey_17', 'prey_13', 'prey_18', ...] | active_agents=24 | current_step=351
2025-11-23 03:29:08,783 [DEBUG] PredPreyGrassEnv.env-0c8aa43e: event=StepSummary | env_id=env-0c8aa43e | step=351 | current_step=351 | terminated_agents=[] | truncated_agents=[] | remaining_agents=24 | reward_preview={prey_9:-0.001, predator_2:-0.001, predator_4:-0.001, prey_14:-0.001, prey_17:-0.001} | info_preview={}
2025-11-23 03:29:08,798 [DEBUG] PredPreyGrassEnv.env-0c8aa43e: event=StepBegin | env_id=env-0c8aa43e | step=352 | incoming_actions=['prey_9', 'prey_14', 'prey_17', 'prey_13', 'prey_18', ...] | active_agents=24 | current_step=352
2025-11-23 03:29:08,803 [DEBUG] PredPreyGrassEnv.env-0c8aa43e: event=StepSummary | env_id=env-0c8aa43e | step=352 | current_step=352 | terminated_agents=[] | truncated_agents=[] | remaining_agents=24 | reward_preview={prey_9:-0.001, predator_2:-0.001, predator_4:-0.001, prey_14:-0.001, prey_17:-0.001} | info_preview={}
2025-11-23 03:29:08,818 [DEBUG] PredPreyGrassEnv.env-0c8aa43e: event=StepBegin | env_id=env-0c8aa43e | step=353 | incoming_actions=['prey_9', 'prey_14', 'prey_17', 'prey_13', 'prey_18', ...] | active_agents=24 | current_step=353
2025-11-23 03:29:08,823 [DEBUG] PredPreyGrassEnv.env-0c8aa43e: event=StepSummary | env_id=env-0c8aa43e | step=353 | current_step=353 | terminated_agents=[] | truncated_agents=[] | remaining_agents=24 | reward_preview={prey_9:-0.001, predator_2:-0.001, predator_4:-0.001, prey_14:-0.001, prey_17:-0.001} | info_preview={}
2025-11-23 03:29:08,837 [DEBUG] PredPreyGrassEnv.env-0c8aa43e: event=StepBegin | env_id=env-0c8aa43e | step=354 | incoming_actions=['prey_9', 'prey_14', 'prey_17', 'prey_13', 'prey_18', ...] | active_agents=24 | current_step=354
2025-11-23 03:29:08,841 [DEBUG] PredPreyGrassEnv.env-0c8aa43e: event=StepSummary | env_id=env-0c8aa43e | step=354 | current_step=354 | terminated_agents=[] | truncated_agents=[] | remaining_agents=24 | reward_preview={prey_9:-0.001, predator_2:-0.001, predator_4:-0.001, prey_14:-0.001, prey_17:-0.001} | info_preview={}
2025-11-23 03:29:08,854 [DEBUG] PredPreyGrassEnv.env-0c8aa43e: event=StepBegin | env_id=env-0c8aa43e | step=355 | incoming_actions=['prey_9', 'prey_14', 'prey_17', 'prey_13', 'prey_18', ...] | active_agents=24 | current_step=355
2025-11-23 03:29:08,859 [DEBUG] PredPreyGrassEnv.env-0c8aa43e: event=StepSummary | env_id=env-0c8aa43e | step=355 | current_step=355 | terminated_agents=[] | truncated_agents=[] | remaining_agents=24 | reward_preview={prey_9:-0.001, predator_2:-0.001, predator_4:-0.001, prey_14:-0.001, prey_17:-0.001} | info_preview={}
2025-11-23 03:29:08,874 [DEBUG] PredPreyGrassEnv.env-0c8aa43e: event=StepBegin | env_id=env-0c8aa43e | step=356 | incoming_actions=['prey_9', 'prey_14', 'prey_17', 'prey_13', 'prey_18', ...] | active_agents=24 | current_step=356
2025-11-23 03:29:08,877 [DEBUG] PredPreyGrassEnv.env-0c8aa43e: event=PreyAteGrass | env_id=env-0c8aa43e | step=356 | prey='prey_18' | grass='grass_53' | prey_position=[728.2004639916125, 358.77823192792283] | grass_energy=10.0 | energy_gained=9.0 | prey_energy=120.94372676066033
2025-11-23 03:29:08,879 [DEBUG] PredPreyGrassEnv.env-0c8aa43e: event=StepSummary | env_id=env-0c8aa43e | step=356 | current_step=356 | terminated_agents=[] | truncated_agents=[] | remaining_agents=24 | reward_preview={prey_9:-0.001, predator_2:-0.001, predator_4:-0.001, prey_14:-0.001, prey_17:-0.001} | info_preview={}
2025-11-23 03:29:08,894 [DEBUG] PredPreyGrassEnv.env-0c8aa43e: event=StepBegin | env_id=env-0c8aa43e | step=357 | incoming_actions=['prey_9', 'prey_14', 'prey_17', 'prey_13', 'prey_18', ...] | active_agents=24 | current_step=357
2025-11-23 03:29:08,899 [DEBUG] PredPreyGrassEnv.env-0c8aa43e: event=StepSummary | env_id=env-0c8aa43e | step=357 | current_step=357 | terminated_agents=[] | truncated_agents=[] | remaining_agents=24 | reward_preview={prey_9:-0.001, predator_2:-0.001, predator_4:-0.001, prey_14:-0.001, prey_17:-0.001} | info_preview={}
2025-11-23 03:29:08,910 [DEBUG] PredPreyGrassEnv.env-0c8aa43e: event=StepBegin | env_id=env-0c8aa43e | step=358 | incoming_actions=['prey_9', 'prey_14', 'prey_17', 'prey_13', 'prey_18', ...] | active_agents=24 | current_step=358
2025-11-23 03:29:08,913 [DEBUG] PredPreyGrassEnv.env-0c8aa43e: event=StepSummary | env_id=env-0c8aa43e | step=358 | current_step=358 | terminated_agents=[] | truncated_agents=[] | remaining_agents=24 | reward_preview={prey_9:-0.001, predator_2:-0.001, predator_4:-0.001, prey_14:-0.001, prey_17:-0.001} | info_preview={}
2025-11-23 03:29:08,928 [DEBUG] PredPreyGrassEnv.env-0c8aa43e: event=StepBegin | env_id=env-0c8aa43e | step=359 | incoming_actions=['prey_9', 'prey_14', 'prey_17', 'prey_13', 'prey_18', ...] | active_agents=24 | current_step=359
2025-11-23 03:29:08,932 [DEBUG] PredPreyGrassEnv.env-0c8aa43e: event=StepSummary | env_id=env-0c8aa43e | step=359 | current_step=359 | terminated_agents=[] | truncated_agents=[] | remaining_agents=24 | reward_preview={prey_9:-0.001, predator_2:-0.001, predator_4:-0.001, prey_14:-0.001, prey_17:-0.001} | info_preview={}
2025-11-23 03:29:08,946 [DEBUG] PredPreyGrassEnv.env-0c8aa43e: event=StepBegin | env_id=env-0c8aa43e | step=360 | incoming_actions=['prey_9', 'prey_14', 'prey_17', 'prey_13', 'prey_18', ...] | active_agents=24 | current_step=360
2025-11-23 03:29:08,951 [DEBUG] PredPreyGrassEnv.env-0c8aa43e: event=StepSummary | env_id=env-0c8aa43e | step=360 | current_step=360 | terminated_agents=[] | truncated_agents=[] | remaining_agents=24 | reward_preview={prey_9:-0.001, predator_2:-0.001, predator_4:-0.001, prey_14:-0.001, prey_17:-0.001} | info_preview={}
2025-11-23 03:29:08,966 [DEBUG] PredPreyGrassEnv.env-0c8aa43e: event=StepBegin | env_id=env-0c8aa43e | step=361 | incoming_actions=['prey_9', 'prey_14', 'prey_17', 'prey_13', 'prey_18', ...] | active_agents=24 | current_step=361
2025-11-23 03:29:08,967 [DEBUG] PredPreyGrassEnv.env-0c8aa43e: event=PreyAteGrass | env_id=env-0c8aa43e | step=361 | prey='prey_1' | grass='grass_23' | prey_position=[183.07321193441254, 351.7918937418285] | grass_energy=10.0 | energy_gained=9.0 | prey_energy=95.58233705920908
2025-11-23 03:29:08,970 [DEBUG] PredPreyGrassEnv.env-0c8aa43e: event=StepSummary | env_id=env-0c8aa43e | step=361 | current_step=361 | terminated_agents=[] | truncated_agents=[] | remaining_agents=24 | reward_preview={prey_9:-0.001, predator_2:-0.001, predator_4:-0.001, prey_14:-0.001, prey_17:-0.001} | info_preview={}
2025-11-23 03:29:08,982 [DEBUG] PredPreyGrassEnv.env-0c8aa43e: event=StepBegin | env_id=env-0c8aa43e | step=362 | incoming_actions=['prey_9', 'prey_14', 'prey_17', 'prey_13', 'prey_18', ...] | active_agents=24 | current_step=362
2025-11-23 03:29:08,987 [DEBUG] PredPreyGrassEnv.env-0c8aa43e: event=StepSummary | env_id=env-0c8aa43e | step=362 | current_step=362 | terminated_agents=[] | truncated_agents=[] | remaining_agents=24 | reward_preview={prey_9:-0.001, predator_2:-0.001, predator_4:-0.001, prey_14:-0.001, prey_17:-0.001} | info_preview={}
2025-11-23 03:29:09,001 [DEBUG] PredPreyGrassEnv.env-0c8aa43e: event=StepBegin | env_id=env-0c8aa43e | step=363 | incoming_actions=['prey_9', 'prey_14', 'prey_17', 'prey_13', 'prey_18', ...] | active_agents=24 | current_step=363
2025-11-23 03:29:09,006 [DEBUG] PredPreyGrassEnv.env-0c8aa43e: event=StepSummary | env_id=env-0c8aa43e | step=363 | current_step=363 | terminated_agents=[] | truncated_agents=[] | remaining_agents=24 | reward_preview={prey_9:-0.001, predator_2:-0.001, predator_4:-0.001, prey_14:-0.001, prey_17:-0.001} | info_preview={}
2025-11-23 03:29:09,020 [DEBUG] PredPreyGrassEnv.env-0c8aa43e: event=StepBegin | env_id=env-0c8aa43e | step=364 | incoming_actions=['prey_9', 'prey_14', 'prey_17', 'prey_13', 'prey_18', ...] | active_agents=24 | current_step=364
2025-11-23 03:29:09,025 [DEBUG] PredPreyGrassEnv.env-0c8aa43e: event=StepSummary | env_id=env-0c8aa43e | step=364 | current_step=364 | terminated_agents=[] | truncated_agents=[] | remaining_agents=24 | reward_preview={prey_9:-0.001, predator_2:-0.001, predator_4:-0.001, prey_14:-0.001, prey_17:-0.001} | info_preview={}
2025-11-23 03:29:09,037 [DEBUG] PredPreyGrassEnv.env-0c8aa43e: event=StepBegin | env_id=env-0c8aa43e | step=365 | incoming_actions=['prey_9', 'prey_14', 'prey_17', 'prey_13', 'prey_18', ...] | active_agents=24 | current_step=365
2025-11-23 03:29:09,049 [DEBUG] PredPreyGrassEnv.env-0c8aa43e: event=StepSummary | env_id=env-0c8aa43e | step=365 | current_step=365 | terminated_agents=[] | truncated_agents=[] | remaining_agents=24 | reward_preview={prey_9:-0.001, predator_2:-0.001, predator_4:-0.001, prey_14:-0.001, prey_17:-0.001} | info_preview={}
2025-11-23 03:29:09,076 [DEBUG] PredPreyGrassEnv.env-0c8aa43e: event=StepBegin | env_id=env-0c8aa43e | step=366 | incoming_actions=['prey_9', 'prey_14', 'prey_17', 'prey_13', 'prey_18', ...] | active_agents=24 | current_step=366
2025-11-23 03:29:09,082 [DEBUG] PredPreyGrassEnv.env-0c8aa43e: event=StepSummary | env_id=env-0c8aa43e | step=366 | current_step=366 | terminated_agents=[] | truncated_agents=[] | remaining_agents=24 | reward_preview={prey_9:-0.001, predator_2:-0.001, predator_4:-0.001, prey_14:-0.001, prey_17:-0.001} | info_preview={}
2025-11-23 03:29:09,109 [DEBUG] PredPreyGrassEnv.env-0c8aa43e: event=StepBegin | env_id=env-0c8aa43e | step=367 | incoming_actions=['prey_9', 'prey_14', 'prey_17', 'prey_13', 'prey_18', ...] | active_agents=24 | current_step=367
2025-11-23 03:29:09,118 [DEBUG] PredPreyGrassEnv.env-0c8aa43e: event=StepSummary | env_id=env-0c8aa43e | step=367 | current_step=367 | terminated_agents=[] | truncated_agents=[] | remaining_agents=24 | reward_preview={prey_9:-0.001, predator_2:-0.001, predator_4:-0.001, prey_14:-0.001, prey_17:-0.001} | info_preview={}
2025-11-23 03:29:09,146 [DEBUG] PredPreyGrassEnv.env-0c8aa43e: event=StepBegin | env_id=env-0c8aa43e | step=368 | incoming_actions=['prey_9', 'prey_14', 'prey_17', 'prey_13', 'prey_18', ...] | active_agents=24 | current_step=368
2025-11-23 03:29:09,155 [DEBUG] PredPreyGrassEnv.env-0c8aa43e: event=StepSummary | env_id=env-0c8aa43e | step=368 | current_step=368 | terminated_agents=[] | truncated_agents=[] | remaining_agents=24 | reward_preview={prey_9:-0.001, predator_2:-0.001, predator_4:-0.001, prey_14:-0.001, prey_17:-0.001} | info_preview={}
2025-11-23 03:29:09,185 [DEBUG] PredPreyGrassEnv.env-0c8aa43e: event=StepBegin | env_id=env-0c8aa43e | step=369 | incoming_actions=['prey_9', 'prey_14', 'prey_17', 'prey_13', 'prey_18', ...] | active_agents=24 | current_step=369
2025-11-23 03:29:09,194 [DEBUG] PredPreyGrassEnv.env-0c8aa43e: event=StepSummary | env_id=env-0c8aa43e | step=369 | current_step=369 | terminated_agents=[] | truncated_agents=[] | remaining_agents=24 | reward_preview={prey_9:-0.001, predator_2:-0.001, predator_4:-0.001, prey_14:-0.001, prey_17:-0.001} | info_preview={}
2025-11-23 03:29:09,221 [DEBUG] PredPreyGrassEnv.env-0c8aa43e: event=StepBegin | env_id=env-0c8aa43e | step=370 | incoming_actions=['prey_9', 'prey_14', 'prey_17', 'prey_13', 'prey_18', ...] | active_agents=24 | current_step=370
2025-11-23 03:29:09,229 [DEBUG] PredPreyGrassEnv.env-0c8aa43e: event=StepSummary | env_id=env-0c8aa43e | step=370 | current_step=370 | terminated_agents=[] | truncated_agents=[] | remaining_agents=24 | reward_preview={prey_9:-0.001, predator_2:-0.001, predator_4:-0.001, prey_14:-0.001, prey_17:-0.001} | info_preview={}
2025-11-23 03:29:09,256 [DEBUG] PredPreyGrassEnv.env-0c8aa43e: event=StepBegin | env_id=env-0c8aa43e | step=371 | incoming_actions=['prey_9', 'prey_14', 'prey_17', 'prey_13', 'prey_18', ...] | active_agents=24 | current_step=371
2025-11-23 03:29:09,267 [DEBUG] PredPreyGrassEnv.env-0c8aa43e: event=StepSummary | env_id=env-0c8aa43e | step=371 | current_step=371 | terminated_agents=[] | truncated_agents=[] | remaining_agents=24 | reward_preview={prey_9:-0.001, predator_2:-0.001, predator_4:-0.001, prey_14:-0.001, prey_17:-0.001} | info_preview={}
2025-11-23 03:29:09,294 [DEBUG] PredPreyGrassEnv.env-0c8aa43e: event=StepBegin | env_id=env-0c8aa43e | step=372 | incoming_actions=['prey_9', 'prey_14', 'prey_17', 'prey_13', 'prey_18', ...] | active_agents=24 | current_step=372
2025-11-23 03:29:09,304 [DEBUG] PredPreyGrassEnv.env-0c8aa43e: event=StepSummary | env_id=env-0c8aa43e | step=372 | current_step=372 | terminated_agents=[] | truncated_agents=[] | remaining_agents=24 | reward_preview={prey_9:-0.001, predator_2:-0.001, predator_4:-0.001, prey_14:-0.001, prey_17:-0.001} | info_preview={}
2025-11-23 03:29:09,331 [DEBUG] PredPreyGrassEnv.env-0c8aa43e: event=StepBegin | env_id=env-0c8aa43e | step=373 | incoming_actions=['prey_9', 'prey_14', 'prey_17', 'prey_13', 'prey_18', ...] | active_agents=24 | current_step=373
2025-11-23 03:29:09,334 [DEBUG] PredPreyGrassEnv.env-0c8aa43e: event=PreyAteGrass | env_id=env-0c8aa43e | step=373 | prey='prey_1' | grass='grass_30' | prey_position=[192.90160798175333, 324.51910624872136] | grass_energy=10.0 | energy_gained=9.0 | prey_energy=100.92636977985673
2025-11-23 03:29:09,341 [DEBUG] PredPreyGrassEnv.env-0c8aa43e: event=StepSummary | env_id=env-0c8aa43e | step=373 | current_step=373 | terminated_agents=[] | truncated_agents=[] | remaining_agents=24 | reward_preview={prey_9:-0.001, predator_2:-0.001, predator_4:-0.001, prey_14:-0.001, prey_17:-0.001} | info_preview={}
2025-11-23 03:29:09,394 [DEBUG] PredPreyGrassEnv.env-0c8aa43e: event=StepBegin | env_id=env-0c8aa43e | step=374 | incoming_actions=['prey_9', 'prey_14', 'prey_17', 'prey_13', 'prey_18', ...] | active_agents=24 | current_step=374
2025-11-23 03:29:09,404 [DEBUG] PredPreyGrassEnv.env-0c8aa43e: event=StepSummary | env_id=env-0c8aa43e | step=374 | current_step=374 | terminated_agents=[] | truncated_agents=[] | remaining_agents=24 | reward_preview={prey_9:-0.001, predator_2:-0.001, predator_4:-0.001, prey_14:-0.001, prey_17:-0.001} | info_preview={}
2025-11-23 03:29:09,429 [DEBUG] PredPreyGrassEnv.env-0c8aa43e: event=StepBegin | env_id=env-0c8aa43e | step=375 | incoming_actions=['prey_9', 'prey_14', 'prey_17', 'prey_13', 'prey_18', ...] | active_agents=24 | current_step=375
2025-11-23 03:29:09,435 [DEBUG] PredPreyGrassEnv.env-0c8aa43e: event=PreyAteGrass | env_id=env-0c8aa43e | step=375 | prey='prey_19' | grass='grass_27' | prey_position=[656.9598609577939, 547.9477599155746] | grass_energy=10.0 | energy_gained=9.0 | prey_energy=102.6218031068475
2025-11-23 03:29:09,438 [DEBUG] PredPreyGrassEnv.env-0c8aa43e: event=StepSummary | env_id=env-0c8aa43e | step=375 | current_step=375 | terminated_agents=[] | truncated_agents=[] | remaining_agents=24 | reward_preview={prey_9:-0.001, predator_2:-0.001, predator_4:-0.001, prey_14:-0.001, prey_17:-0.001} | info_preview={}
2025-11-23 03:29:09,465 [DEBUG] PredPreyGrassEnv.env-0c8aa43e: event=StepBegin | env_id=env-0c8aa43e | step=376 | incoming_actions=['prey_9', 'prey_14', 'prey_17', 'prey_13', 'prey_18', ...] | active_agents=24 | current_step=376
2025-11-23 03:29:09,474 [DEBUG] PredPreyGrassEnv.env-0c8aa43e: event=StepSummary | env_id=env-0c8aa43e | step=376 | current_step=376 | terminated_agents=[] | truncated_agents=[] | remaining_agents=24 | reward_preview={prey_9:-0.001, predator_2:-0.001, predator_4:-0.001, prey_14:-0.001, prey_17:-0.001} | info_preview={}
2025-11-23 03:29:09,500 [DEBUG] PredPreyGrassEnv.env-0c8aa43e: event=StepBegin | env_id=env-0c8aa43e | step=377 | incoming_actions=['prey_9', 'prey_14', 'prey_17', 'prey_13', 'prey_18', ...] | active_agents=24 | current_step=377
2025-11-23 03:29:09,508 [DEBUG] PredPreyGrassEnv.env-0c8aa43e: event=StepSummary | env_id=env-0c8aa43e | step=377 | current_step=377 | terminated_agents=[] | truncated_agents=[] | remaining_agents=24 | reward_preview={prey_9:-0.001, predator_2:-0.001, predator_4:-0.001, prey_14:-0.001, prey_17:-0.001} | info_preview={}
2025-11-23 03:29:09,534 [DEBUG] PredPreyGrassEnv.env-0c8aa43e: event=StepBegin | env_id=env-0c8aa43e | step=378 | incoming_actions=['prey_9', 'prey_14', 'prey_17', 'prey_13', 'prey_18', ...] | active_agents=24 | current_step=378
2025-11-23 03:29:09,543 [DEBUG] PredPreyGrassEnv.env-0c8aa43e: event=StepSummary | env_id=env-0c8aa43e | step=378 | current_step=378 | terminated_agents=[] | truncated_agents=[] | remaining_agents=24 | reward_preview={prey_9:-0.001, predator_2:-0.001, predator_4:-0.001, prey_14:-0.001, prey_17:-0.001} | info_preview={}
2025-11-23 03:29:09,570 [DEBUG] PredPreyGrassEnv.env-0c8aa43e: event=StepBegin | env_id=env-0c8aa43e | step=379 | incoming_actions=['prey_9', 'prey_14', 'prey_17', 'prey_13', 'prey_18', ...] | active_agents=24 | current_step=379
2025-11-23 03:29:09,579 [DEBUG] PredPreyGrassEnv.env-0c8aa43e: event=StepSummary | env_id=env-0c8aa43e | step=379 | current_step=379 | terminated_agents=[] | truncated_agents=[] | remaining_agents=24 | reward_preview={prey_9:-0.001, predator_2:-0.001, predator_4:-0.001, prey_14:-0.001, prey_17:-0.001} | info_preview={}
2025-11-23 03:29:09,606 [DEBUG] PredPreyGrassEnv.env-0c8aa43e: event=StepBegin | env_id=env-0c8aa43e | step=380 | incoming_actions=['prey_9', 'prey_14', 'prey_17', 'prey_13', 'prey_18', ...] | active_agents=24 | current_step=380
2025-11-23 03:29:09,614 [DEBUG] PredPreyGrassEnv.env-0c8aa43e: event=StepSummary | env_id=env-0c8aa43e | step=380 | current_step=380 | terminated_agents=[] | truncated_agents=[] | remaining_agents=24 | reward_preview={prey_9:-0.001, predator_2:-0.001, predator_4:-0.001, prey_14:-0.001, prey_17:-0.001} | info_preview={}
2025-11-23 03:29:09,641 [DEBUG] PredPreyGrassEnv.env-0c8aa43e: event=StepBegin | env_id=env-0c8aa43e | step=381 | incoming_actions=['prey_9', 'prey_14', 'prey_17', 'prey_13', 'prey_18', ...] | active_agents=24 | current_step=381
2025-11-23 03:29:09,650 [DEBUG] PredPreyGrassEnv.env-0c8aa43e: event=StepSummary | env_id=env-0c8aa43e | step=381 | current_step=381 | terminated_agents=[] | truncated_agents=[] | remaining_agents=24 | reward_preview={prey_9:-0.001, predator_2:-0.001, predator_4:-0.001, prey_14:-0.001, prey_17:-0.001} | info_preview={}
2025-11-23 03:29:09,676 [DEBUG] PredPreyGrassEnv.env-0c8aa43e: event=StepBegin | env_id=env-0c8aa43e | step=382 | incoming_actions=['prey_9', 'prey_14', 'prey_17', 'prey_13', 'prey_18', ...] | active_agents=24 | current_step=382
2025-11-23 03:29:09,685 [DEBUG] PredPreyGrassEnv.env-0c8aa43e: event=StepSummary | env_id=env-0c8aa43e | step=382 | current_step=382 | terminated_agents=[] | truncated_agents=[] | remaining_agents=24 | reward_preview={prey_9:-0.001, predator_2:-0.001, predator_4:-0.001, prey_14:-0.001, prey_17:-0.001} | info_preview={}
2025-11-23 03:29:09,711 [DEBUG] PredPreyGrassEnv.env-0c8aa43e: event=StepBegin | env_id=env-0c8aa43e | step=383 | incoming_actions=['prey_9', 'prey_14', 'prey_17', 'prey_13', 'prey_18', ...] | active_agents=24 | current_step=383
2025-11-23 03:29:09,721 [DEBUG] PredPreyGrassEnv.env-0c8aa43e: event=StepSummary | env_id=env-0c8aa43e | step=383 | current_step=383 | terminated_agents=[] | truncated_agents=[] | remaining_agents=24 | reward_preview={prey_9:-0.001, predator_2:-0.001, predator_4:-0.001, prey_14:-0.001, prey_17:-0.001} | info_preview={}
2025-11-23 03:29:09,748 [DEBUG] PredPreyGrassEnv.env-0c8aa43e: event=StepBegin | env_id=env-0c8aa43e | step=384 | incoming_actions=['prey_9', 'prey_14', 'prey_17', 'prey_13', 'prey_18', ...] | active_agents=24 | current_step=384
2025-11-23 03:29:09,757 [DEBUG] PredPreyGrassEnv.env-0c8aa43e: event=StepSummary | env_id=env-0c8aa43e | step=384 | current_step=384 | terminated_agents=[] | truncated_agents=[] | remaining_agents=24 | reward_preview={prey_9:-0.001, predator_2:-0.001, predator_4:-0.001, prey_14:-0.001, prey_17:-0.001} | info_preview={}
2025-11-23 03:29:09,784 [DEBUG] PredPreyGrassEnv.env-0c8aa43e: event=StepBegin | env_id=env-0c8aa43e | step=385 | incoming_actions=['prey_9', 'prey_14', 'prey_17', 'prey_13', 'prey_18', ...] | active_agents=24 | current_step=385
2025-11-23 03:29:09,787 [DEBUG] PredPreyGrassEnv.env-0c8aa43e: event=PreyAteGrass | env_id=env-0c8aa43e | step=385 | prey='prey_10' | grass='grass_16' | prey_position=[715.1968863140111, 633.8424822645663] | grass_energy=10.0 | energy_gained=9.0 | prey_energy=113.74127517641344
2025-11-23 03:29:09,791 [DEBUG] PredPreyGrassEnv.env-0c8aa43e: event=PreyAteGrass | env_id=env-0c8aa43e | step=385 | prey='prey_7' | grass='grass_74' | prey_position=[553.0719634303852, 700.0602097634659] | grass_energy=10.0 | energy_gained=9.0 | prey_energy=100.8304367434838
2025-11-23 03:29:09,793 [DEBUG] PredPreyGrassEnv.env-0c8aa43e: event=StepSummary | env_id=env-0c8aa43e | step=385 | current_step=385 | terminated_agents=[] | truncated_agents=[] | remaining_agents=24 | reward_preview={prey_9:-0.001, predator_2:-0.001, predator_4:-0.001, prey_14:-0.001, prey_17:-0.001} | info_preview={}
2025-11-23 03:29:09,820 [DEBUG] PredPreyGrassEnv.env-0c8aa43e: event=StepBegin | env_id=env-0c8aa43e | step=386 | incoming_actions=['prey_9', 'prey_14', 'prey_17', 'prey_13', 'prey_18', ...] | active_agents=24 | current_step=386
2025-11-23 03:29:09,829 [DEBUG] PredPreyGrassEnv.env-0c8aa43e: event=StepSummary | env_id=env-0c8aa43e | step=386 | current_step=386 | terminated_agents=[] | truncated_agents=[] | remaining_agents=24 | reward_preview={prey_9:-0.001, predator_2:-0.001, predator_4:-0.001, prey_14:-0.001, prey_17:-0.001} | info_preview={}
2025-11-23 03:29:09,852 [DEBUG] PredPreyGrassEnv.env-0c8aa43e: event=StepBegin | env_id=env-0c8aa43e | step=387 | incoming_actions=['prey_9', 'prey_14', 'prey_17', 'prey_13', 'prey_18', ...] | active_agents=24 | current_step=387
2025-11-23 03:29:09,863 [DEBUG] PredPreyGrassEnv.env-0c8aa43e: event=StepSummary | env_id=env-0c8aa43e | step=387 | current_step=387 | terminated_agents=[] | truncated_agents=[] | remaining_agents=24 | reward_preview={prey_9:-0.001, predator_2:-0.001, predator_4:-0.001, prey_14:-0.001, prey_17:-0.001} | info_preview={}
2025-11-23 03:29:09,899 [DEBUG] PredPreyGrassEnv.env-0c8aa43e: event=StepBegin | env_id=env-0c8aa43e | step=388 | incoming_actions=['prey_9', 'prey_14', 'prey_17', 'prey_13', 'prey_18', ...] | active_agents=24 | current_step=388
2025-11-23 03:29:09,907 [DEBUG] PredPreyGrassEnv.env-0c8aa43e: event=StepSummary | env_id=env-0c8aa43e | step=388 | current_step=388 | terminated_agents=[] | truncated_agents=[] | remaining_agents=24 | reward_preview={prey_9:-0.001, predator_2:-0.001, predator_4:-0.001, prey_14:-0.001, prey_17:-0.001} | info_preview={}
2025-11-23 03:29:09,939 [DEBUG] PredPreyGrassEnv.env-0c8aa43e: event=StepBegin | env_id=env-0c8aa43e | step=389 | incoming_actions=['prey_9', 'prey_14', 'prey_17', 'prey_13', 'prey_18', ...] | active_agents=24 | current_step=389
2025-11-23 03:29:09,948 [DEBUG] PredPreyGrassEnv.env-0c8aa43e: event=StepSummary | env_id=env-0c8aa43e | step=389 | current_step=389 | terminated_agents=[] | truncated_agents=[] | remaining_agents=24 | reward_preview={prey_9:-0.001, predator_2:-0.001, predator_4:-0.001, prey_14:-0.001, prey_17:-0.001} | info_preview={}
2025-11-23 03:29:09,977 [DEBUG] PredPreyGrassEnv.env-0c8aa43e: event=StepBegin | env_id=env-0c8aa43e | step=390 | incoming_actions=['prey_9', 'prey_14', 'prey_17', 'prey_13', 'prey_18', ...] | active_agents=24 | current_step=390
2025-11-23 03:29:09,986 [DEBUG] PredPreyGrassEnv.env-0c8aa43e: event=StepSummary | env_id=env-0c8aa43e | step=390 | current_step=390 | terminated_agents=[] | truncated_agents=[] | remaining_agents=24 | reward_preview={prey_9:-0.001, predator_2:-0.001, predator_4:-0.001, prey_14:-0.001, prey_17:-0.001} | info_preview={}
2025-11-23 03:29:10,013 [DEBUG] PredPreyGrassEnv.env-0c8aa43e: event=StepBegin | env_id=env-0c8aa43e | step=391 | incoming_actions=['prey_9', 'prey_14', 'prey_17', 'prey_13', 'prey_18', ...] | active_agents=24 | current_step=391
2025-11-23 03:29:10,022 [DEBUG] PredPreyGrassEnv.env-0c8aa43e: event=StepSummary | env_id=env-0c8aa43e | step=391 | current_step=391 | terminated_agents=[] | truncated_agents=[] | remaining_agents=24 | reward_preview={prey_9:-0.001, predator_2:-0.001, predator_4:-0.001, prey_14:-0.001, prey_17:-0.001} | info_preview={}
2025-11-23 03:29:10,050 [DEBUG] PredPreyGrassEnv.env-0c8aa43e: event=StepBegin | env_id=env-0c8aa43e | step=392 | incoming_actions=['prey_9', 'prey_14', 'prey_17', 'prey_13', 'prey_18', ...] | active_agents=24 | current_step=392
2025-11-23 03:29:10,059 [DEBUG] PredPreyGrassEnv.env-0c8aa43e: event=StepSummary | env_id=env-0c8aa43e | step=392 | current_step=392 | terminated_agents=[] | truncated_agents=[] | remaining_agents=24 | reward_preview={prey_9:-0.001, predator_2:-0.001, predator_4:-0.001, prey_14:-0.001, prey_17:-0.001} | info_preview={}
2025-11-23 03:29:10,089 [DEBUG] PredPreyGrassEnv.env-0c8aa43e: event=StepBegin | env_id=env-0c8aa43e | step=393 | incoming_actions=['prey_9', 'prey_14', 'prey_17', 'prey_13', 'prey_18', ...] | active_agents=24 | current_step=393
2025-11-23 03:29:10,098 [DEBUG] PredPreyGrassEnv.env-0c8aa43e: event=StepSummary | env_id=env-0c8aa43e | step=393 | current_step=393 | terminated_agents=[] | truncated_agents=[] | remaining_agents=24 | reward_preview={prey_9:-0.001, predator_2:-0.001, predator_4:-0.001, prey_14:-0.001, prey_17:-0.001} | info_preview={}
2025-11-23 03:29:10,125 [DEBUG] PredPreyGrassEnv.env-0c8aa43e: event=StepBegin | env_id=env-0c8aa43e | step=394 | incoming_actions=['prey_9', 'prey_14', 'prey_17', 'prey_13', 'prey_18', ...] | active_agents=24 | current_step=394
2025-11-23 03:29:10,133 [DEBUG] PredPreyGrassEnv.env-0c8aa43e: event=StepSummary | env_id=env-0c8aa43e | step=394 | current_step=394 | terminated_agents=[] | truncated_agents=[] | remaining_agents=24 | reward_preview={prey_9:-0.001, predator_2:-0.001, predator_4:-0.001, prey_14:-0.001, prey_17:-0.001} | info_preview={}
2025-11-23 03:29:10,161 [DEBUG] PredPreyGrassEnv.env-0c8aa43e: event=StepBegin | env_id=env-0c8aa43e | step=395 | incoming_actions=['prey_9', 'prey_14', 'prey_17', 'prey_13', 'prey_18', ...] | active_agents=24 | current_step=395
2025-11-23 03:29:10,170 [DEBUG] PredPreyGrassEnv.env-0c8aa43e: event=StepSummary | env_id=env-0c8aa43e | step=395 | current_step=395 | terminated_agents=[] | truncated_agents=[] | remaining_agents=24 | reward_preview={prey_9:-0.001, predator_2:-0.001, predator_4:-0.001, prey_14:-0.001, prey_17:-0.001} | info_preview={}
2025-11-23 03:29:10,183 [DEBUG] PredPreyGrassEnv.env-0c8aa43e: event=StepBegin | env_id=env-0c8aa43e | step=396 | incoming_actions=['prey_9', 'prey_14', 'prey_17', 'prey_13', 'prey_18', ...] | active_agents=24 | current_step=396
2025-11-23 03:29:10,186 [DEBUG] PredPreyGrassEnv.env-0c8aa43e: event=StepSummary | env_id=env-0c8aa43e | step=396 | current_step=396 | terminated_agents=[] | truncated_agents=[] | remaining_agents=24 | reward_preview={prey_9:-0.001, predator_2:-0.001, predator_4:-0.001, prey_14:-0.001, prey_17:-0.001} | info_preview={}
2025-11-23 03:29:10,199 [DEBUG] PredPreyGrassEnv.env-0c8aa43e: event=StepBegin | env_id=env-0c8aa43e | step=397 | incoming_actions=['prey_9', 'prey_14', 'prey_17', 'prey_13', 'prey_18', ...] | active_agents=24 | current_step=397
2025-11-23 03:29:10,203 [DEBUG] PredPreyGrassEnv.env-0c8aa43e: event=StepSummary | env_id=env-0c8aa43e | step=397 | current_step=397 | terminated_agents=[] | truncated_agents=[] | remaining_agents=24 | reward_preview={prey_9:-0.001, predator_2:-0.001, predator_4:-0.001, prey_14:-0.001, prey_17:-0.001} | info_preview={}
2025-11-23 03:29:10,216 [DEBUG] PredPreyGrassEnv.env-0c8aa43e: event=StepBegin | env_id=env-0c8aa43e | step=398 | incoming_actions=['prey_9', 'prey_14', 'prey_17', 'prey_13', 'prey_18', ...] | active_agents=24 | current_step=398
2025-11-23 03:29:10,220 [DEBUG] PredPreyGrassEnv.env-0c8aa43e: event=StepSummary | env_id=env-0c8aa43e | step=398 | current_step=398 | terminated_agents=[] | truncated_agents=[] | remaining_agents=24 | reward_preview={prey_9:-0.001, predator_2:-0.001, predator_4:-0.001, prey_14:-0.001, prey_17:-0.001} | info_preview={}
2025-11-23 03:29:10,236 [DEBUG] PredPreyGrassEnv.env-0c8aa43e: event=StepBegin | env_id=env-0c8aa43e | step=399 | incoming_actions=['prey_9', 'prey_14', 'prey_17', 'prey_13', 'prey_18', ...] | active_agents=24 | current_step=399
2025-11-23 03:29:10,239 [DEBUG] PredPreyGrassEnv.env-0c8aa43e: event=StepSummary | env_id=env-0c8aa43e | step=399 | current_step=399 | terminated_agents=[] | truncated_agents=[] | remaining_agents=24 | reward_preview={prey_9:-0.001, predator_2:-0.001, predator_4:-0.001, prey_14:-0.001, prey_17:-0.001} | info_preview={}
2025-11-23 03:29:10,254 [DEBUG] PredPreyGrassEnv.env-0c8aa43e: event=StepBegin | env_id=env-0c8aa43e | step=400 | incoming_actions=['prey_9', 'prey_14', 'prey_17', 'prey_13', 'prey_18', ...] | active_agents=24 | current_step=400
2025-11-23 03:29:10,260 [DEBUG] PredPreyGrassEnv.env-0c8aa43e: event=StepSummary | env_id=env-0c8aa43e | step=400 | current_step=400 | terminated_agents=[] | truncated_agents=[] | remaining_agents=24 | reward_preview={prey_9:-0.001, predator_2:-0.001, predator_4:-0.001, prey_14:-0.001, prey_17:-0.001} | info_preview={}
2025-11-23 03:29:10,272 [DEBUG] PredPreyGrassEnv.env-0c8aa43e: event=StepBegin | env_id=env-0c8aa43e | step=401 | incoming_actions=['prey_9', 'prey_14', 'prey_17', 'prey_13', 'prey_18', ...] | active_agents=24 | current_step=401
2025-11-23 03:29:10,273 [DEBUG] PredPreyGrassEnv.env-0c8aa43e: event=PreyAteGrass | env_id=env-0c8aa43e | step=401 | prey='prey_11' | grass='grass_98' | prey_position=[319.2998193784361, 532.5016439483194] | grass_energy=10.0 | energy_gained=9.0 | prey_energy=62.78627528022972
2025-11-23 03:29:10,276 [DEBUG] PredPreyGrassEnv.env-0c8aa43e: event=StepSummary | env_id=env-0c8aa43e | step=401 | current_step=401 | terminated_agents=[] | truncated_agents=[] | remaining_agents=24 | reward_preview={prey_9:-0.001, predator_2:-0.001, predator_4:-0.001, prey_14:-0.001, prey_17:-0.001} | info_preview={}
2025-11-23 03:29:10,289 [DEBUG] PredPreyGrassEnv.env-0c8aa43e: event=StepBegin | env_id=env-0c8aa43e | step=402 | incoming_actions=['prey_9', 'prey_14', 'prey_17', 'prey_13', 'prey_18', ...] | active_agents=24 | current_step=402
2025-11-23 03:29:10,292 [DEBUG] PredPreyGrassEnv.env-0c8aa43e: event=StepSummary | env_id=env-0c8aa43e | step=402 | current_step=402 | terminated_agents=[] | truncated_agents=[] | remaining_agents=24 | reward_preview={prey_9:-0.001, predator_2:-0.001, predator_4:-0.001, prey_14:-0.001, prey_17:-0.001} | info_preview={}
2025-11-23 03:29:10,392 [DEBUG] PredPreyGrassEnv.env-0c8aa43e: event=StepBegin | env_id=env-0c8aa43e | step=403 | incoming_actions=['prey_9', 'prey_14', 'prey_17', 'prey_13', 'prey_18', ...] | active_agents=24 | current_step=403
2025-11-23 03:29:10,395 [DEBUG] PredPreyGrassEnv.env-0c8aa43e: event=StepSummary | env_id=env-0c8aa43e | step=403 | current_step=403 | terminated_agents=[] | truncated_agents=[] | remaining_agents=24 | reward_preview={prey_9:-0.001, predator_2:-0.001, predator_4:-0.001, prey_14:-0.001, prey_17:-0.001} | info_preview={}
2025-11-23 03:29:10,407 [DEBUG] PredPreyGrassEnv.env-0c8aa43e: event=StepBegin | env_id=env-0c8aa43e | step=404 | incoming_actions=['prey_9', 'prey_14', 'prey_17', 'prey_13', 'prey_18', ...] | active_agents=24 | current_step=404
2025-11-23 03:29:10,410 [DEBUG] PredPreyGrassEnv.env-0c8aa43e: event=StepSummary | env_id=env-0c8aa43e | step=404 | current_step=404 | terminated_agents=[] | truncated_agents=[] | remaining_agents=24 | reward_preview={prey_9:-0.001, predator_2:-0.001, predator_4:-0.001, prey_14:-0.001, prey_17:-0.001} | info_preview={}
2025-11-23 03:29:10,422 [DEBUG] PredPreyGrassEnv.env-0c8aa43e: event=StepBegin | env_id=env-0c8aa43e | step=405 | incoming_actions=['prey_9', 'prey_14', 'prey_17', 'prey_13', 'prey_18', ...] | active_agents=24 | current_step=405
2025-11-23 03:29:10,425 [DEBUG] PredPreyGrassEnv.env-0c8aa43e: event=StepSummary | env_id=env-0c8aa43e | step=405 | current_step=405 | terminated_agents=[] | truncated_agents=[] | remaining_agents=24 | reward_preview={prey_9:-0.001, predator_2:-0.001, predator_4:-0.001, prey_14:-0.001, prey_17:-0.001} | info_preview={}
2025-11-23 03:29:10,436 [DEBUG] PredPreyGrassEnv.env-0c8aa43e: event=StepBegin | env_id=env-0c8aa43e | step=406 | incoming_actions=['prey_9', 'prey_14', 'prey_17', 'prey_13', 'prey_18', ...] | active_agents=24 | current_step=406
2025-11-23 03:29:10,440 [DEBUG] PredPreyGrassEnv.env-0c8aa43e: event=StepSummary | env_id=env-0c8aa43e | step=406 | current_step=406 | terminated_agents=[] | truncated_agents=[] | remaining_agents=24 | reward_preview={prey_9:-0.001, predator_2:-0.001, predator_4:-0.001, prey_14:-0.001, prey_17:-0.001} | info_preview={}
2025-11-23 03:29:10,450 [DEBUG] PredPreyGrassEnv.env-0c8aa43e: event=StepBegin | env_id=env-0c8aa43e | step=407 | incoming_actions=['prey_9', 'prey_14', 'prey_17', 'prey_13', 'prey_18', ...] | active_agents=24 | current_step=407
2025-11-23 03:29:10,454 [DEBUG] PredPreyGrassEnv.env-0c8aa43e: event=StepSummary | env_id=env-0c8aa43e | step=407 | current_step=407 | terminated_agents=[] | truncated_agents=[] | remaining_agents=24 | reward_preview={prey_9:-0.001, predator_2:-0.001, predator_4:-0.001, prey_14:-0.001, prey_17:-0.001} | info_preview={}
2025-11-23 03:29:10,465 [DEBUG] PredPreyGrassEnv.env-0c8aa43e: event=StepBegin | env_id=env-0c8aa43e | step=408 | incoming_actions=['prey_9', 'prey_14', 'prey_17', 'prey_13', 'prey_18', ...] | active_agents=24 | current_step=408
2025-11-23 03:29:10,469 [DEBUG] PredPreyGrassEnv.env-0c8aa43e: event=StepSummary | env_id=env-0c8aa43e | step=408 | current_step=408 | terminated_agents=[] | truncated_agents=[] | remaining_agents=24 | reward_preview={prey_9:-0.001, predator_2:-0.001, predator_4:-0.001, prey_14:-0.001, prey_17:-0.001} | info_preview={}
2025-11-23 03:29:10,480 [DEBUG] PredPreyGrassEnv.env-0c8aa43e: event=StepBegin | env_id=env-0c8aa43e | step=409 | incoming_actions=['prey_9', 'prey_14', 'prey_17', 'prey_13', 'prey_18', ...] | active_agents=24 | current_step=409
2025-11-23 03:29:10,483 [DEBUG] PredPreyGrassEnv.env-0c8aa43e: event=StepSummary | env_id=env-0c8aa43e | step=409 | current_step=409 | terminated_agents=[] | truncated_agents=[] | remaining_agents=24 | reward_preview={prey_9:-0.001, predator_2:-0.001, predator_4:-0.001, prey_14:-0.001, prey_17:-0.001} | info_preview={}
2025-11-23 03:29:10,497 [DEBUG] PredPreyGrassEnv.env-0c8aa43e: event=StepBegin | env_id=env-0c8aa43e | step=410 | incoming_actions=['prey_9', 'prey_14', 'prey_17', 'prey_13', 'prey_18', ...] | active_agents=24 | current_step=410
2025-11-23 03:29:10,500 [DEBUG] PredPreyGrassEnv.env-0c8aa43e: event=PreyAteGrass | env_id=env-0c8aa43e | step=410 | prey='prey_19' | grass='grass_4' | prey_position=[668.3540192625885, 597.472672235153] | grass_energy=10.0 | energy_gained=9.0 | prey_energy=104.83915817290745
2025-11-23 03:29:10,502 [DEBUG] PredPreyGrassEnv.env-0c8aa43e: event=StepSummary | env_id=env-0c8aa43e | step=410 | current_step=410 | terminated_agents=[] | truncated_agents=[] | remaining_agents=24 | reward_preview={prey_9:-0.001, predator_2:-0.001, predator_4:-0.001, prey_14:-0.001, prey_17:-0.001} | info_preview={}
2025-11-23 03:29:10,515 [DEBUG] PredPreyGrassEnv.env-0c8aa43e: event=StepBegin | env_id=env-0c8aa43e | step=411 | incoming_actions=['prey_9', 'prey_14', 'prey_17', 'prey_13', 'prey_18', ...] | active_agents=24 | current_step=411
2025-11-23 03:29:10,517 [DEBUG] PredPreyGrassEnv.env-0c8aa43e: event=PreyAteGrass | env_id=env-0c8aa43e | step=411 | prey='prey_17' | grass='grass_39' | prey_position=[502.89699095345156, 428.038581763761] | grass_energy=10.0 | energy_gained=9.0 | prey_energy=110.90259699287755
2025-11-23 03:29:10,519 [DEBUG] PredPreyGrassEnv.env-0c8aa43e: event=StepSummary | env_id=env-0c8aa43e | step=411 | current_step=411 | terminated_agents=[] | truncated_agents=[] | remaining_agents=24 | reward_preview={prey_9:-0.001, predator_2:-0.001, predator_4:-0.001, prey_14:-0.001, prey_17:1.0} | info_preview={}
2025-11-23 03:29:10,531 [DEBUG] PredPreyGrassEnv.env-0c8aa43e: event=StepBegin | env_id=env-0c8aa43e | step=412 | incoming_actions=['prey_9', 'prey_14', 'prey_17', 'prey_13', 'prey_18', ...] | active_agents=24 | current_step=412
2025-11-23 03:29:10,534 [DEBUG] PredPreyGrassEnv.env-0c8aa43e: event=StepSummary | env_id=env-0c8aa43e | step=412 | current_step=412 | terminated_agents=[] | truncated_agents=[] | remaining_agents=24 | reward_preview={prey_9:-0.001, predator_2:-0.001, predator_4:-0.001, prey_14:-0.001, prey_17:-0.001} | info_preview={}
2025-11-23 03:29:10,548 [DEBUG] PredPreyGrassEnv.env-0c8aa43e: event=StepBegin | env_id=env-0c8aa43e | step=413 | incoming_actions=['prey_9', 'prey_14', 'prey_17', 'prey_13', 'prey_18', ...] | active_agents=24 | current_step=413
2025-11-23 03:29:10,549 [DEBUG] PredPreyGrassEnv.env-0c8aa43e: event=PreyAteGrass | env_id=env-0c8aa43e | step=413 | prey='prey_0' | grass='grass_18' | prey_position=[491.78342084088587, 346.1230611952614] | grass_energy=10.0 | energy_gained=9.0 | prey_energy=117.99782033290526
2025-11-23 03:29:10,553 [DEBUG] PredPreyGrassEnv.env-0c8aa43e: event=StepSummary | env_id=env-0c8aa43e | step=413 | current_step=413 | terminated_agents=[] | truncated_agents=[] | remaining_agents=24 | reward_preview={prey_9:-0.001, predator_2:-0.001, predator_4:-0.001, prey_14:-0.001, prey_17:-0.001} | info_preview={}
2025-11-23 03:29:10,563 [DEBUG] PredPreyGrassEnv.env-0c8aa43e: event=StepBegin | env_id=env-0c8aa43e | step=414 | incoming_actions=['prey_9', 'prey_14', 'prey_17', 'prey_13', 'prey_18', ...] | active_agents=24 | current_step=414
2025-11-23 03:29:10,567 [DEBUG] PredPreyGrassEnv.env-0c8aa43e: event=StepSummary | env_id=env-0c8aa43e | step=414 | current_step=414 | terminated_agents=[] | truncated_agents=[] | remaining_agents=24 | reward_preview={prey_9:-0.001, predator_2:-0.001, predator_4:-0.001, prey_14:-0.001, prey_17:-0.001} | info_preview={}
2025-11-23 03:29:10,578 [DEBUG] PredPreyGrassEnv.env-0c8aa43e: event=StepBegin | env_id=env-0c8aa43e | step=415 | incoming_actions=['prey_9', 'prey_14', 'prey_17', 'prey_13', 'prey_18', ...] | active_agents=24 | current_step=415
2025-11-23 03:29:10,581 [DEBUG] PredPreyGrassEnv.env-0c8aa43e: event=StepSummary | env_id=env-0c8aa43e | step=415 | current_step=415 | terminated_agents=[] | truncated_agents=[] | remaining_agents=24 | reward_preview={prey_9:-0.001, predator_2:-0.001, predator_4:-0.001, prey_14:-0.001, prey_17:-0.001} | info_preview={}
2025-11-23 03:29:10,592 [DEBUG] PredPreyGrassEnv.env-0c8aa43e: event=StepBegin | env_id=env-0c8aa43e | step=416 | incoming_actions=['prey_9', 'prey_14', 'prey_17', 'prey_13', 'prey_18', ...] | active_agents=24 | current_step=416
2025-11-23 03:29:10,595 [DEBUG] PredPreyGrassEnv.env-0c8aa43e: event=StepSummary | env_id=env-0c8aa43e | step=416 | current_step=416 | terminated_agents=[] | truncated_agents=[] | remaining_agents=24 | reward_preview={prey_9:-0.001, predator_2:-0.001, predator_4:-0.001, prey_14:-0.001, prey_17:-0.001} | info_preview={}
2025-11-23 03:29:10,605 [DEBUG] PredPreyGrassEnv.env-0c8aa43e: event=StepBegin | env_id=env-0c8aa43e | step=417 | incoming_actions=['prey_9', 'prey_14', 'prey_17', 'prey_13', 'prey_18', ...] | active_agents=24 | current_step=417
2025-11-23 03:29:10,607 [DEBUG] PredPreyGrassEnv.env-0c8aa43e: event=PreyAteGrass | env_id=env-0c8aa43e | step=417 | prey='prey_11' | grass='grass_12' | prey_position=[268.5060196517531, 529.783166629538] | grass_energy=10.0 | energy_gained=9.0 | prey_energy=65.45265011770326
2025-11-23 03:29:10,609 [DEBUG] PredPreyGrassEnv.env-0c8aa43e: event=StepSummary | env_id=env-0c8aa43e | step=417 | current_step=417 | terminated_agents=[] | truncated_agents=[] | remaining_agents=24 | reward_preview={prey_9:-0.001, predator_2:-0.001, predator_4:-0.001, prey_14:-0.001, prey_17:-0.001} | info_preview={}
2025-11-23 03:29:10,620 [DEBUG] PredPreyGrassEnv.env-0c8aa43e: event=StepBegin | env_id=env-0c8aa43e | step=418 | incoming_actions=['prey_9', 'prey_14', 'prey_17', 'prey_13', 'prey_18', ...] | active_agents=24 | current_step=418
2025-11-23 03:29:10,624 [DEBUG] PredPreyGrassEnv.env-0c8aa43e: event=StepSummary | env_id=env-0c8aa43e | step=418 | current_step=418 | terminated_agents=[] | truncated_agents=[] | remaining_agents=24 | reward_preview={prey_9:-0.001, predator_2:-0.001, predator_4:-0.001, prey_14:-0.001, prey_17:-0.001} | info_preview={}
2025-11-23 03:29:10,634 [DEBUG] PredPreyGrassEnv.env-0c8aa43e: event=StepBegin | env_id=env-0c8aa43e | step=419 | incoming_actions=['prey_9', 'prey_14', 'prey_17', 'prey_13', 'prey_18', ...] | active_agents=24 | current_step=419
2025-11-23 03:29:10,638 [DEBUG] PredPreyGrassEnv.env-0c8aa43e: event=PreyAteGrass | env_id=env-0c8aa43e | step=419 | prey='prey_8' | grass='grass_46' | prey_position=[702.649033569658, 701.2022446315337] | grass_energy=10.0 | energy_gained=9.0 | prey_energy=91.59961355004076
2025-11-23 03:29:10,638 [DEBUG] PredPreyGrassEnv.env-0c8aa43e: event=StepSummary | env_id=env-0c8aa43e | step=419 | current_step=419 | terminated_agents=[] | truncated_agents=[] | remaining_agents=24 | reward_preview={prey_9:-0.001, predator_2:-0.001, predator_4:-0.001, prey_14:-0.001, prey_17:-0.001} | info_preview={}
2025-11-23 03:29:10,651 [DEBUG] PredPreyGrassEnv.env-0c8aa43e: event=StepBegin | env_id=env-0c8aa43e | step=420 | incoming_actions=['prey_9', 'prey_14', 'prey_17', 'prey_13', 'prey_18', ...] | active_agents=24 | current_step=420
2025-11-23 03:29:10,655 [DEBUG] PredPreyGrassEnv.env-0c8aa43e: event=StepSummary | env_id=env-0c8aa43e | step=420 | current_step=420 | terminated_agents=[] | truncated_agents=[] | remaining_agents=24 | reward_preview={prey_9:-0.001, predator_2:-0.001, predator_4:-0.001, prey_14:-0.001, prey_17:-0.001} | info_preview={}
2025-11-23 03:29:10,666 [DEBUG] PredPreyGrassEnv.env-0c8aa43e: event=StepBegin | env_id=env-0c8aa43e | step=421 | incoming_actions=['prey_9', 'prey_14', 'prey_17', 'prey_13', 'prey_18', ...] | active_agents=24 | current_step=421
2025-11-23 03:29:10,669 [DEBUG] PredPreyGrassEnv.env-0c8aa43e: event=StepSummary | env_id=env-0c8aa43e | step=421 | current_step=421 | terminated_agents=[] | truncated_agents=[] | remaining_agents=24 | reward_preview={prey_9:-0.001, predator_2:-0.001, predator_4:-0.001, prey_14:-0.001, prey_17:-0.001} | info_preview={}
2025-11-23 03:29:10,680 [DEBUG] PredPreyGrassEnv.env-0c8aa43e: event=StepBegin | env_id=env-0c8aa43e | step=422 | incoming_actions=['prey_9', 'prey_14', 'prey_17', 'prey_13', 'prey_18', ...] | active_agents=24 | current_step=422
2025-11-23 03:29:10,683 [DEBUG] PredPreyGrassEnv.env-0c8aa43e: event=PreyAteGrass | env_id=env-0c8aa43e | step=422 | prey='prey_18' | grass='grass_80' | prey_position=[765.7877716323665, 339.51280953895247] | grass_energy=10.0 | energy_gained=9.0 | prey_energy=122.95425795267532
2025-11-23 03:29:10,684 [DEBUG] PredPreyGrassEnv.env-0c8aa43e: event=StepSummary | env_id=env-0c8aa43e | step=422 | current_step=422 | terminated_agents=[] | truncated_agents=[] | remaining_agents=24 | reward_preview={prey_9:-0.001, predator_2:-0.001, predator_4:-0.001, prey_14:-0.001, prey_17:-0.001} | info_preview={}
2025-11-23 03:29:10,696 [DEBUG] PredPreyGrassEnv.env-0c8aa43e: event=StepBegin | env_id=env-0c8aa43e | step=423 | incoming_actions=['prey_9', 'prey_14', 'prey_17', 'prey_13', 'prey_18', ...] | active_agents=24 | current_step=423
2025-11-23 03:29:10,699 [DEBUG] PredPreyGrassEnv.env-0c8aa43e: event=StepSummary | env_id=env-0c8aa43e | step=423 | current_step=423 | terminated_agents=[] | truncated_agents=[] | remaining_agents=24 | reward_preview={prey_9:-0.001, predator_2:-0.001, predator_4:-0.001, prey_14:-0.001, prey_17:-0.001} | info_preview={}
2025-11-23 03:29:10,710 [DEBUG] PredPreyGrassEnv.env-0c8aa43e: event=StepBegin | env_id=env-0c8aa43e | step=424 | incoming_actions=['prey_9', 'prey_14', 'prey_17', 'prey_13', 'prey_18', ...] | active_agents=24 | current_step=424
2025-11-23 03:29:10,714 [DEBUG] PredPreyGrassEnv.env-0c8aa43e: event=StepSummary | env_id=env-0c8aa43e | step=424 | current_step=424 | terminated_agents=[] | truncated_agents=[] | remaining_agents=24 | reward_preview={prey_9:-0.001, predator_2:-0.001, predator_4:-0.001, prey_14:-0.001, prey_17:-0.001} | info_preview={}
2025-11-23 03:29:10,725 [DEBUG] PredPreyGrassEnv.env-0c8aa43e: event=StepBegin | env_id=env-0c8aa43e | step=425 | incoming_actions=['prey_9', 'prey_14', 'prey_17', 'prey_13', 'prey_18', ...] | active_agents=24 | current_step=425
2025-11-23 03:29:10,729 [DEBUG] PredPreyGrassEnv.env-0c8aa43e: event=StepSummary | env_id=env-0c8aa43e | step=425 | current_step=425 | terminated_agents=[] | truncated_agents=[] | remaining_agents=24 | reward_preview={prey_9:-0.001, predator_2:-0.001, predator_4:-0.001, prey_14:-0.001, prey_17:-0.001} | info_preview={}
2025-11-23 03:29:10,740 [DEBUG] PredPreyGrassEnv.env-0c8aa43e: event=StepBegin | env_id=env-0c8aa43e | step=426 | incoming_actions=['prey_9', 'prey_14', 'prey_17', 'prey_13', 'prey_18', ...] | active_agents=24 | current_step=426
2025-11-23 03:29:10,744 [DEBUG] PredPreyGrassEnv.env-0c8aa43e: event=StepSummary | env_id=env-0c8aa43e | step=426 | current_step=426 | terminated_agents=[] | truncated_agents=[] | remaining_agents=24 | reward_preview={prey_9:-0.001, predator_2:-0.001, predator_4:-0.001, prey_14:-0.001, prey_17:-0.001} | info_preview={}
2025-11-23 03:29:10,754 [DEBUG] PredPreyGrassEnv.env-0c8aa43e: event=StepBegin | env_id=env-0c8aa43e | step=427 | incoming_actions=['prey_9', 'prey_14', 'prey_17', 'prey_13', 'prey_18', ...] | active_agents=24 | current_step=427
2025-11-23 03:29:10,755 [DEBUG] PredPreyGrassEnv.env-0c8aa43e: event=PreyAteGrass | env_id=env-0c8aa43e | step=427 | prey='prey_11' | grass='grass_25' | prey_position=[237.45326429028668, 525.7562332372408] | grass_energy=10.0 | energy_gained=9.0 | prey_energy=70.51704566625335
2025-11-23 03:29:10,757 [DEBUG] PredPreyGrassEnv.env-0c8aa43e: event=StepSummary | env_id=env-0c8aa43e | step=427 | current_step=427 | terminated_agents=[] | truncated_agents=[] | remaining_agents=24 | reward_preview={prey_9:-0.001, predator_2:-0.001, predator_4:-0.001, prey_14:-0.001, prey_17:-0.001} | info_preview={}
2025-11-23 03:29:10,768 [DEBUG] PredPreyGrassEnv.env-0c8aa43e: event=StepBegin | env_id=env-0c8aa43e | step=428 | incoming_actions=['prey_9', 'prey_14', 'prey_17', 'prey_13', 'prey_18', ...] | active_agents=24 | current_step=428
2025-11-23 03:29:10,771 [DEBUG] PredPreyGrassEnv.env-0c8aa43e: event=StepSummary | env_id=env-0c8aa43e | step=428 | current_step=428 | terminated_agents=[] | truncated_agents=[] | remaining_agents=24 | reward_preview={prey_9:-0.001, predator_2:-0.001, predator_4:-0.001, prey_14:-0.001, prey_17:-0.001} | info_preview={}
2025-11-23 03:29:10,782 [DEBUG] PredPreyGrassEnv.env-0c8aa43e: event=StepBegin | env_id=env-0c8aa43e | step=429 | incoming_actions=['prey_9', 'prey_14', 'prey_17', 'prey_13', 'prey_18', ...] | active_agents=24 | current_step=429
2025-11-23 03:29:10,785 [DEBUG] PredPreyGrassEnv.env-0c8aa43e: event=StepSummary | env_id=env-0c8aa43e | step=429 | current_step=429 | terminated_agents=[] | truncated_agents=[] | remaining_agents=24 | reward_preview={prey_9:-0.001, predator_2:-0.001, predator_4:-0.001, prey_14:-0.001, prey_17:-0.001} | info_preview={}
2025-11-23 03:29:10,796 [DEBUG] PredPreyGrassEnv.env-0c8aa43e: event=StepBegin | env_id=env-0c8aa43e | step=430 | incoming_actions=['prey_9', 'prey_14', 'prey_17', 'prey_13', 'prey_18', ...] | active_agents=24 | current_step=430
2025-11-23 03:29:10,800 [DEBUG] PredPreyGrassEnv.env-0c8aa43e: event=StepSummary | env_id=env-0c8aa43e | step=430 | current_step=430 | terminated_agents=[] | truncated_agents=[] | remaining_agents=24 | reward_preview={prey_9:-0.001, predator_2:-0.001, predator_4:-0.001, prey_14:-0.001, prey_17:-0.001} | info_preview={}
2025-11-23 03:29:10,810 [DEBUG] PredPreyGrassEnv.env-0c8aa43e: event=StepBegin | env_id=env-0c8aa43e | step=431 | incoming_actions=['prey_9', 'prey_14', 'prey_17', 'prey_13', 'prey_18', ...] | active_agents=24 | current_step=431
2025-11-23 03:29:10,814 [DEBUG] PredPreyGrassEnv.env-0c8aa43e: event=StepSummary | env_id=env-0c8aa43e | step=431 | current_step=431 | terminated_agents=[] | truncated_agents=[] | remaining_agents=24 | reward_preview={prey_9:-0.001, predator_2:-0.001, predator_4:-0.001, prey_14:-0.001, prey_17:-0.001} | info_preview={}
2025-11-23 03:29:10,824 [DEBUG] PredPreyGrassEnv.env-0c8aa43e: event=StepBegin | env_id=env-0c8aa43e | step=432 | incoming_actions=['prey_9', 'prey_14', 'prey_17', 'prey_13', 'prey_18', ...] | active_agents=24 | current_step=432
2025-11-23 03:29:10,828 [DEBUG] PredPreyGrassEnv.env-0c8aa43e: event=StepSummary | env_id=env-0c8aa43e | step=432 | current_step=432 | terminated_agents=[] | truncated_agents=[] | remaining_agents=24 | reward_preview={prey_9:-0.001, predator_2:-0.001, predator_4:-0.001, prey_14:-0.001, prey_17:-0.001} | info_preview={}
2025-11-23 03:29:10,839 [DEBUG] PredPreyGrassEnv.env-0c8aa43e: event=StepBegin | env_id=env-0c8aa43e | step=433 | incoming_actions=['prey_9', 'prey_14', 'prey_17', 'prey_13', 'prey_18', ...] | active_agents=24 | current_step=433
2025-11-23 03:29:10,840 [DEBUG] PredPreyGrassEnv.env-0c8aa43e: event=PreyAteGrass | env_id=env-0c8aa43e | step=433 | prey='prey_1' | grass='grass_88' | prey_position=[238.922101822441, 187.3516700217143] | grass_energy=10.0 | energy_gained=9.0 | prey_energy=91.49609027061352
2025-11-23 03:29:10,843 [DEBUG] PredPreyGrassEnv.env-0c8aa43e: event=StepSummary | env_id=env-0c8aa43e | step=433 | current_step=433 | terminated_agents=[] | truncated_agents=[] | remaining_agents=24 | reward_preview={prey_9:-0.001, predator_2:-0.001, predator_4:-0.001, prey_14:-0.001, prey_17:-0.001} | info_preview={}
2025-11-23 03:29:10,853 [DEBUG] PredPreyGrassEnv.env-0c8aa43e: event=StepBegin | env_id=env-0c8aa43e | step=434 | incoming_actions=['prey_9', 'prey_14', 'prey_17', 'prey_13', 'prey_18', ...] | active_agents=24 | current_step=434
2025-11-23 03:29:10,857 [DEBUG] PredPreyGrassEnv.env-0c8aa43e: event=StepSummary | env_id=env-0c8aa43e | step=434 | current_step=434 | terminated_agents=[] | truncated_agents=[] | remaining_agents=24 | reward_preview={prey_9:-0.001, predator_2:-0.001, predator_4:-0.001, prey_14:-0.001, prey_17:-0.001} | info_preview={}
2025-11-23 03:29:10,867 [DEBUG] PredPreyGrassEnv.env-0c8aa43e: event=StepBegin | env_id=env-0c8aa43e | step=435 | incoming_actions=['prey_9', 'prey_14', 'prey_17', 'prey_13', 'prey_18', ...] | active_agents=24 | current_step=435
2025-11-23 03:29:10,871 [DEBUG] PredPreyGrassEnv.env-0c8aa43e: event=StepSummary | env_id=env-0c8aa43e | step=435 | current_step=435 | terminated_agents=[] | truncated_agents=[] | remaining_agents=24 | reward_preview={prey_9:-0.001, predator_2:-0.001, predator_4:-0.001, prey_14:-0.001, prey_17:-0.001} | info_preview={}
2025-11-23 03:29:10,881 [DEBUG] PredPreyGrassEnv.env-0c8aa43e: event=StepBegin | env_id=env-0c8aa43e | step=436 | incoming_actions=['prey_9', 'prey_14', 'prey_17', 'prey_13', 'prey_18', ...] | active_agents=24 | current_step=436
2025-11-23 03:29:10,885 [DEBUG] PredPreyGrassEnv.env-0c8aa43e: event=StepSummary | env_id=env-0c8aa43e | step=436 | current_step=436 | terminated_agents=[] | truncated_agents=[] | remaining_agents=24 | reward_preview={prey_9:-0.001, predator_2:-0.001, predator_4:-0.001, prey_14:-0.001, prey_17:-0.001} | info_preview={}
2025-11-23 03:29:10,895 [DEBUG] PredPreyGrassEnv.env-0c8aa43e: event=StepBegin | env_id=env-0c8aa43e | step=437 | incoming_actions=['prey_9', 'prey_14', 'prey_17', 'prey_13', 'prey_18', ...] | active_agents=24 | current_step=437
2025-11-23 03:29:10,899 [DEBUG] PredPreyGrassEnv.env-0c8aa43e: event=StepSummary | env_id=env-0c8aa43e | step=437 | current_step=437 | terminated_agents=[] | truncated_agents=[] | remaining_agents=24 | reward_preview={prey_9:-0.001, predator_2:-0.001, predator_4:-0.001, prey_14:-0.001, prey_17:-0.001} | info_preview={}
2025-11-23 03:29:10,909 [DEBUG] PredPreyGrassEnv.env-0c8aa43e: event=StepBegin | env_id=env-0c8aa43e | step=438 | incoming_actions=['prey_9', 'prey_14', 'prey_17', 'prey_13', 'prey_18', ...] | active_agents=24 | current_step=438
2025-11-23 03:29:10,913 [DEBUG] PredPreyGrassEnv.env-0c8aa43e: event=StepSummary | env_id=env-0c8aa43e | step=438 | current_step=438 | terminated_agents=[] | truncated_agents=[] | remaining_agents=24 | reward_preview={prey_9:-0.001, predator_2:-0.001, predator_4:-0.001, prey_14:-0.001, prey_17:-0.001} | info_preview={}
2025-11-23 03:29:10,923 [DEBUG] PredPreyGrassEnv.env-0c8aa43e: event=StepBegin | env_id=env-0c8aa43e | step=439 | incoming_actions=['prey_9', 'prey_14', 'prey_17', 'prey_13', 'prey_18', ...] | active_agents=24 | current_step=439
2025-11-23 03:29:10,926 [DEBUG] PredPreyGrassEnv.env-0c8aa43e: event=StepSummary | env_id=env-0c8aa43e | step=439 | current_step=439 | terminated_agents=[] | truncated_agents=[] | remaining_agents=24 | reward_preview={prey_9:-0.001, predator_2:-0.001, predator_4:-0.001, prey_14:-0.001, prey_17:-0.001} | info_preview={}
2025-11-23 03:29:10,937 [DEBUG] PredPreyGrassEnv.env-0c8aa43e: event=StepBegin | env_id=env-0c8aa43e | step=440 | incoming_actions=['prey_9', 'prey_14', 'prey_17', 'prey_13', 'prey_18', ...] | active_agents=24 | current_step=440
2025-11-23 03:29:10,941 [DEBUG] PredPreyGrassEnv.env-0c8aa43e: event=StepSummary | env_id=env-0c8aa43e | step=440 | current_step=440 | terminated_agents=[] | truncated_agents=[] | remaining_agents=24 | reward_preview={prey_9:-0.001, predator_2:-0.001, predator_4:-0.001, prey_14:-0.001, prey_17:-0.001} | info_preview={}
2025-11-23 03:29:10,951 [DEBUG] PredPreyGrassEnv.env-0c8aa43e: event=StepBegin | env_id=env-0c8aa43e | step=441 | incoming_actions=['prey_9', 'prey_14', 'prey_17', 'prey_13', 'prey_18', ...] | active_agents=24 | current_step=441
2025-11-23 03:29:10,955 [DEBUG] PredPreyGrassEnv.env-0c8aa43e: event=StepSummary | env_id=env-0c8aa43e | step=441 | current_step=441 | terminated_agents=[] | truncated_agents=[] | remaining_agents=24 | reward_preview={prey_9:-0.001, predator_2:-0.001, predator_4:-0.001, prey_14:-0.001, prey_17:-0.001} | info_preview={}
2025-11-23 03:29:10,965 [DEBUG] PredPreyGrassEnv.env-0c8aa43e: event=StepBegin | env_id=env-0c8aa43e | step=442 | incoming_actions=['prey_9', 'prey_14', 'prey_17', 'prey_13', 'prey_18', ...] | active_agents=24 | current_step=442
2025-11-23 03:29:10,969 [DEBUG] PredPreyGrassEnv.env-0c8aa43e: event=StepSummary | env_id=env-0c8aa43e | step=442 | current_step=442 | terminated_agents=[] | truncated_agents=[] | remaining_agents=24 | reward_preview={prey_9:-0.001, predator_2:-0.001, predator_4:-0.001, prey_14:-0.001, prey_17:-0.001} | info_preview={}
2025-11-23 03:29:10,979 [DEBUG] PredPreyGrassEnv.env-0c8aa43e: event=StepBegin | env_id=env-0c8aa43e | step=443 | incoming_actions=['prey_9', 'prey_14', 'prey_17', 'prey_13', 'prey_18', ...] | active_agents=24 | current_step=443
2025-11-23 03:29:10,983 [DEBUG] PredPreyGrassEnv.env-0c8aa43e: event=StepSummary | env_id=env-0c8aa43e | step=443 | current_step=443 | terminated_agents=[] | truncated_agents=[] | remaining_agents=24 | reward_preview={prey_9:-0.001, predator_2:-0.001, predator_4:-0.001, prey_14:-0.001, prey_17:-0.001} | info_preview={}
2025-11-23 03:29:10,993 [DEBUG] PredPreyGrassEnv.env-0c8aa43e: event=StepBegin | env_id=env-0c8aa43e | step=444 | incoming_actions=['prey_9', 'prey_14', 'prey_17', 'prey_13', 'prey_18', ...] | active_agents=24 | current_step=444
2025-11-23 03:29:10,997 [DEBUG] PredPreyGrassEnv.env-0c8aa43e: event=StepSummary | env_id=env-0c8aa43e | step=444 | current_step=444 | terminated_agents=[] | truncated_agents=[] | remaining_agents=24 | reward_preview={prey_9:-0.001, predator_2:-0.001, predator_4:-0.001, prey_14:-0.001, prey_17:-0.001} | info_preview={}
2025-11-23 03:29:11,008 [DEBUG] PredPreyGrassEnv.env-0c8aa43e: event=StepBegin | env_id=env-0c8aa43e | step=445 | incoming_actions=['prey_9', 'prey_14', 'prey_17', 'prey_13', 'prey_18', ...] | active_agents=24 | current_step=445
2025-11-23 03:29:11,011 [DEBUG] PredPreyGrassEnv.env-0c8aa43e: event=StepSummary | env_id=env-0c8aa43e | step=445 | current_step=445 | terminated_agents=[] | truncated_agents=[] | remaining_agents=24 | reward_preview={prey_9:-0.001, predator_2:-0.001, predator_4:-0.001, prey_14:-0.001, prey_17:-0.001} | info_preview={}
2025-11-23 03:29:11,022 [DEBUG] PredPreyGrassEnv.env-0c8aa43e: event=StepBegin | env_id=env-0c8aa43e | step=446 | incoming_actions=['prey_9', 'prey_14', 'prey_17', 'prey_13', 'prey_18', ...] | active_agents=24 | current_step=446
2025-11-23 03:29:11,025 [DEBUG] PredPreyGrassEnv.env-0c8aa43e: event=StepSummary | env_id=env-0c8aa43e | step=446 | current_step=446 | terminated_agents=[] | truncated_agents=[] | remaining_agents=24 | reward_preview={prey_9:-0.001, predator_2:-0.001, predator_4:-0.001, prey_14:-0.001, prey_17:-0.001} | info_preview={}
2025-11-23 03:29:11,036 [DEBUG] PredPreyGrassEnv.env-0c8aa43e: event=StepBegin | env_id=env-0c8aa43e | step=447 | incoming_actions=['prey_9', 'prey_14', 'prey_17', 'prey_13', 'prey_18', ...] | active_agents=24 | current_step=447
2025-11-23 03:29:11,040 [DEBUG] PredPreyGrassEnv.env-0c8aa43e: event=StepSummary | env_id=env-0c8aa43e | step=447 | current_step=447 | terminated_agents=[] | truncated_agents=[] | remaining_agents=24 | reward_preview={prey_9:-0.001, predator_2:-0.001, predator_4:-0.001, prey_14:-0.001, prey_17:-0.001} | info_preview={}
2025-11-23 03:29:11,050 [DEBUG] PredPreyGrassEnv.env-0c8aa43e: event=StepBegin | env_id=env-0c8aa43e | step=448 | incoming_actions=['prey_9', 'prey_14', 'prey_17', 'prey_13', 'prey_18', ...] | active_agents=24 | current_step=448
2025-11-23 03:29:11,054 [DEBUG] PredPreyGrassEnv.env-0c8aa43e: event=StepSummary | env_id=env-0c8aa43e | step=448 | current_step=448 | terminated_agents=[] | truncated_agents=[] | remaining_agents=24 | reward_preview={prey_9:-0.001, predator_2:-0.001, predator_4:-0.001, prey_14:-0.001, prey_17:-0.001} | info_preview={}
2025-11-23 03:29:11,064 [DEBUG] PredPreyGrassEnv.env-0c8aa43e: event=StepBegin | env_id=env-0c8aa43e | step=449 | incoming_actions=['prey_9', 'prey_14', 'prey_17', 'prey_13', 'prey_18', ...] | active_agents=24 | current_step=449
2025-11-23 03:29:11,068 [DEBUG] PredPreyGrassEnv.env-0c8aa43e: event=StepSummary | env_id=env-0c8aa43e | step=449 | current_step=449 | terminated_agents=[] | truncated_agents=[] | remaining_agents=24 | reward_preview={prey_9:-0.001, predator_2:-0.001, predator_4:-0.001, prey_14:-0.001, prey_17:-0.001} | info_preview={}
2025-11-23 03:29:11,078 [DEBUG] PredPreyGrassEnv.env-0c8aa43e: event=StepBegin | env_id=env-0c8aa43e | step=450 | incoming_actions=['prey_9', 'prey_14', 'prey_17', 'prey_13', 'prey_18', ...] | active_agents=24 | current_step=450
2025-11-23 03:29:11,082 [DEBUG] PredPreyGrassEnv.env-0c8aa43e: event=StepSummary | env_id=env-0c8aa43e | step=450 | current_step=450 | terminated_agents=[] | truncated_agents=[] | remaining_agents=24 | reward_preview={prey_9:-0.001, predator_2:-0.001, predator_4:-0.001, prey_14:-0.001, prey_17:-0.001} | info_preview={}
2025-11-23 03:29:11,092 [DEBUG] PredPreyGrassEnv.env-0c8aa43e: event=StepBegin | env_id=env-0c8aa43e | step=451 | incoming_actions=['prey_9', 'prey_14', 'prey_17', 'prey_13', 'prey_18', ...] | active_agents=24 | current_step=451
2025-11-23 03:29:11,096 [DEBUG] PredPreyGrassEnv.env-0c8aa43e: event=StepSummary | env_id=env-0c8aa43e | step=451 | current_step=451 | terminated_agents=[] | truncated_agents=[] | remaining_agents=24 | reward_preview={prey_9:-0.001, predator_2:-0.001, predator_4:-0.001, prey_14:-0.001, prey_17:-0.001} | info_preview={}
2025-11-23 03:29:11,106 [DEBUG] PredPreyGrassEnv.env-0c8aa43e: event=StepBegin | env_id=env-0c8aa43e | step=452 | incoming_actions=['prey_9', 'prey_14', 'prey_17', 'prey_13', 'prey_18', ...] | active_agents=24 | current_step=452
2025-11-23 03:29:11,111 [DEBUG] PredPreyGrassEnv.env-0c8aa43e: event=StepSummary | env_id=env-0c8aa43e | step=452 | current_step=452 | terminated_agents=[] | truncated_agents=[] | remaining_agents=24 | reward_preview={prey_9:-0.001, predator_2:-0.001, predator_4:-0.001, prey_14:-0.001, prey_17:-0.001} | info_preview={}
2025-11-23 03:29:11,121 [DEBUG] PredPreyGrassEnv.env-0c8aa43e: event=StepBegin | env_id=env-0c8aa43e | step=453 | incoming_actions=['prey_9', 'prey_14', 'prey_17', 'prey_13', 'prey_18', ...] | active_agents=24 | current_step=453
2025-11-23 03:29:11,125 [DEBUG] PredPreyGrassEnv.env-0c8aa43e: event=StepSummary | env_id=env-0c8aa43e | step=453 | current_step=453 | terminated_agents=[] | truncated_agents=[] | remaining_agents=24 | reward_preview={prey_9:-0.001, predator_2:-0.001, predator_4:-0.001, prey_14:-0.001, prey_17:-0.001} | info_preview={}
2025-11-23 03:29:11,135 [DEBUG] PredPreyGrassEnv.env-0c8aa43e: event=StepBegin | env_id=env-0c8aa43e | step=454 | incoming_actions=['prey_9', 'prey_14', 'prey_17', 'prey_13', 'prey_18', ...] | active_agents=24 | current_step=454
2025-11-23 03:29:11,139 [DEBUG] PredPreyGrassEnv.env-0c8aa43e: event=StepSummary | env_id=env-0c8aa43e | step=454 | current_step=454 | terminated_agents=[] | truncated_agents=[] | remaining_agents=24 | reward_preview={prey_9:-0.001, predator_2:-0.001, predator_4:-0.001, prey_14:-0.001, prey_17:-0.001} | info_preview={}
2025-11-23 03:29:11,150 [DEBUG] PredPreyGrassEnv.env-0c8aa43e: event=StepBegin | env_id=env-0c8aa43e | step=455 | incoming_actions=['prey_9', 'prey_14', 'prey_17', 'prey_13', 'prey_18', ...] | active_agents=24 | current_step=455
2025-11-23 03:29:11,154 [DEBUG] PredPreyGrassEnv.env-0c8aa43e: event=StepSummary | env_id=env-0c8aa43e | step=455 | current_step=455 | terminated_agents=[] | truncated_agents=[] | remaining_agents=24 | reward_preview={prey_9:-0.001, predator_2:-0.001, predator_4:-0.001, prey_14:-0.001, prey_17:-0.001} | info_preview={}
2025-11-23 03:29:11,165 [DEBUG] PredPreyGrassEnv.env-0c8aa43e: event=StepBegin | env_id=env-0c8aa43e | step=456 | incoming_actions=['prey_9', 'prey_14', 'prey_17', 'prey_13', 'prey_18', ...] | active_agents=24 | current_step=456
2025-11-23 03:29:11,169 [DEBUG] PredPreyGrassEnv.env-0c8aa43e: event=StepSummary | env_id=env-0c8aa43e | step=456 | current_step=456 | terminated_agents=[] | truncated_agents=[] | remaining_agents=24 | reward_preview={prey_9:-0.001, predator_2:-0.001, predator_4:-0.001, prey_14:-0.001, prey_17:-0.001} | info_preview={}
2025-11-23 03:29:11,180 [DEBUG] PredPreyGrassEnv.env-0c8aa43e: event=StepBegin | env_id=env-0c8aa43e | step=457 | incoming_actions=['prey_9', 'prey_14', 'prey_17', 'prey_13', 'prey_18', ...] | active_agents=24 | current_step=457
2025-11-23 03:29:11,184 [DEBUG] PredPreyGrassEnv.env-0c8aa43e: event=StepSummary | env_id=env-0c8aa43e | step=457 | current_step=457 | terminated_agents=[] | truncated_agents=[] | remaining_agents=24 | reward_preview={prey_9:-0.001, predator_2:-0.001, predator_4:-0.001, prey_14:-0.001, prey_17:-0.001} | info_preview={}
2025-11-23 03:29:11,195 [DEBUG] PredPreyGrassEnv.env-0c8aa43e: event=StepBegin | env_id=env-0c8aa43e | step=458 | incoming_actions=['prey_9', 'prey_14', 'prey_17', 'prey_13', 'prey_18', ...] | active_agents=24 | current_step=458
2025-11-23 03:29:11,198 [DEBUG] PredPreyGrassEnv.env-0c8aa43e: event=StepSummary | env_id=env-0c8aa43e | step=458 | current_step=458 | terminated_agents=[] | truncated_agents=[] | remaining_agents=24 | reward_preview={prey_9:-0.001, predator_2:-0.001, predator_4:-0.001, prey_14:-0.001, prey_17:-0.001} | info_preview={}
2025-11-23 03:29:11,209 [DEBUG] PredPreyGrassEnv.env-0c8aa43e: event=StepBegin | env_id=env-0c8aa43e | step=459 | incoming_actions=['prey_9', 'prey_14', 'prey_17', 'prey_13', 'prey_18', ...] | active_agents=24 | current_step=459
2025-11-23 03:29:11,213 [DEBUG] PredPreyGrassEnv.env-0c8aa43e: event=StepSummary | env_id=env-0c8aa43e | step=459 | current_step=459 | terminated_agents=[] | truncated_agents=[] | remaining_agents=24 | reward_preview={prey_9:-0.001, predator_2:-0.001, predator_4:-0.001, prey_14:-0.001, prey_17:-0.001} | info_preview={}
2025-11-23 03:29:11,224 [DEBUG] PredPreyGrassEnv.env-0c8aa43e: event=StepBegin | env_id=env-0c8aa43e | step=460 | incoming_actions=['prey_9', 'prey_14', 'prey_17', 'prey_13', 'prey_18', ...] | active_agents=24 | current_step=460
2025-11-23 03:29:11,228 [DEBUG] PredPreyGrassEnv.env-0c8aa43e: event=StepSummary | env_id=env-0c8aa43e | step=460 | current_step=460 | terminated_agents=[] | truncated_agents=[] | remaining_agents=24 | reward_preview={prey_9:-0.001, predator_2:-0.001, predator_4:-0.001, prey_14:-0.001, prey_17:-0.001} | info_preview={}
2025-11-23 03:29:11,239 [DEBUG] PredPreyGrassEnv.env-0c8aa43e: event=StepBegin | env_id=env-0c8aa43e | step=461 | incoming_actions=['prey_9', 'prey_14', 'prey_17', 'prey_13', 'prey_18', ...] | active_agents=24 | current_step=461
2025-11-23 03:29:11,243 [DEBUG] PredPreyGrassEnv.env-0c8aa43e: event=StepSummary | env_id=env-0c8aa43e | step=461 | current_step=461 | terminated_agents=[] | truncated_agents=[] | remaining_agents=24 | reward_preview={prey_9:-0.001, predator_2:-0.001, predator_4:-0.001, prey_14:-0.001, prey_17:-0.001} | info_preview={}
2025-11-23 03:29:11,254 [DEBUG] PredPreyGrassEnv.env-0c8aa43e: event=StepBegin | env_id=env-0c8aa43e | step=462 | incoming_actions=['prey_9', 'prey_14', 'prey_17', 'prey_13', 'prey_18', ...] | active_agents=24 | current_step=462
2025-11-23 03:29:11,258 [DEBUG] PredPreyGrassEnv.env-0c8aa43e: event=StepSummary | env_id=env-0c8aa43e | step=462 | current_step=462 | terminated_agents=[] | truncated_agents=[] | remaining_agents=24 | reward_preview={prey_9:-0.001, predator_2:-0.001, predator_4:-0.001, prey_14:-0.001, prey_17:-0.001} | info_preview={}
2025-11-23 03:29:11,269 [DEBUG] PredPreyGrassEnv.env-0c8aa43e: event=StepBegin | env_id=env-0c8aa43e | step=463 | incoming_actions=['prey_9', 'prey_14', 'prey_17', 'prey_13', 'prey_18', ...] | active_agents=24 | current_step=463
2025-11-23 03:29:11,270 [DEBUG] PredPreyGrassEnv.env-0c8aa43e: event=PreyAteGrass | env_id=env-0c8aa43e | step=463 | prey='prey_11' | grass='grass_69' | prey_position=[142.44616394264804, 519.832851469181] | grass_energy=10.0 | energy_gained=9.0 | prey_energy=67.38965097147272
2025-11-23 03:29:11,271 [DEBUG] PredPreyGrassEnv.env-0c8aa43e: event=PreyAteGrass | env_id=env-0c8aa43e | step=463 | prey='prey_13' | grass='grass_15' | prey_position=[773.6172770047775, 539.771188132228] | grass_energy=10.0 | energy_gained=9.0 | prey_energy=110.54774839175066
2025-11-23 03:29:11,273 [DEBUG] PredPreyGrassEnv.env-0c8aa43e: event=StepSummary | env_id=env-0c8aa43e | step=463 | current_step=463 | terminated_agents=[] | truncated_agents=[] | remaining_agents=24 | reward_preview={prey_9:-0.001, predator_2:-0.001, predator_4:-0.001, prey_14:-0.001, prey_17:-0.001} | info_preview={}
2025-11-23 03:29:11,284 [DEBUG] PredPreyGrassEnv.env-0c8aa43e: event=StepBegin | env_id=env-0c8aa43e | step=464 | incoming_actions=['prey_9', 'prey_14', 'prey_17', 'prey_13', 'prey_18', ...] | active_agents=24 | current_step=464
2025-11-23 03:29:11,287 [DEBUG] PredPreyGrassEnv.env-0c8aa43e: event=PreyAteGrass | env_id=env-0c8aa43e | step=464 | prey='prey_9' | grass='grass_34' | prey_position=[735.4736634710015, 187.31060959329392] | grass_energy=10.0 | energy_gained=9.0 | prey_energy=100.61397666891096
2025-11-23 03:29:11,288 [DEBUG] PredPreyGrassEnv.env-0c8aa43e: event=StepSummary | env_id=env-0c8aa43e | step=464 | current_step=464 | terminated_agents=[] | truncated_agents=[] | remaining_agents=24 | reward_preview={prey_9:1.0, predator_2:-0.001, predator_4:-0.001, prey_14:-0.001, prey_17:-0.001} | info_preview={}
2025-11-23 03:29:11,299 [DEBUG] PredPreyGrassEnv.env-0c8aa43e: event=StepBegin | env_id=env-0c8aa43e | step=465 | incoming_actions=['prey_9', 'prey_14', 'prey_17', 'prey_13', 'prey_18', ...] | active_agents=24 | current_step=465
2025-11-23 03:29:11,302 [DEBUG] PredPreyGrassEnv.env-0c8aa43e: event=StepSummary | env_id=env-0c8aa43e | step=465 | current_step=465 | terminated_agents=[] | truncated_agents=[] | remaining_agents=24 | reward_preview={prey_9:-0.001, predator_2:-0.001, predator_4:-0.001, prey_14:-0.001, prey_17:-0.001} | info_preview={}
2025-11-23 03:29:11,313 [DEBUG] PredPreyGrassEnv.env-0c8aa43e: event=StepBegin | env_id=env-0c8aa43e | step=466 | incoming_actions=['prey_9', 'prey_14', 'prey_17', 'prey_13', 'prey_18', ...] | active_agents=24 | current_step=466
2025-11-23 03:29:11,317 [DEBUG] PredPreyGrassEnv.env-0c8aa43e: event=StepSummary | env_id=env-0c8aa43e | step=466 | current_step=466 | terminated_agents=[] | truncated_agents=[] | remaining_agents=24 | reward_preview={prey_9:-0.001, predator_2:-0.001, predator_4:-0.001, prey_14:-0.001, prey_17:-0.001} | info_preview={}
2025-11-23 03:29:11,328 [DEBUG] PredPreyGrassEnv.env-0c8aa43e: event=StepBegin | env_id=env-0c8aa43e | step=467 | incoming_actions=['prey_9', 'prey_14', 'prey_17', 'prey_13', 'prey_18', ...] | active_agents=24 | current_step=467
2025-11-23 03:29:11,331 [DEBUG] PredPreyGrassEnv.env-0c8aa43e: event=StepSummary | env_id=env-0c8aa43e | step=467 | current_step=467 | terminated_agents=[] | truncated_agents=[] | remaining_agents=24 | reward_preview={prey_9:-0.001, predator_2:-0.001, predator_4:-0.001, prey_14:-0.001, prey_17:-0.001} | info_preview={}
2025-11-23 03:29:11,342 [DEBUG] PredPreyGrassEnv.env-0c8aa43e: event=StepBegin | env_id=env-0c8aa43e | step=468 | incoming_actions=['prey_9', 'prey_14', 'prey_17', 'prey_13', 'prey_18', ...] | active_agents=24 | current_step=468
2025-11-23 03:29:11,346 [DEBUG] PredPreyGrassEnv.env-0c8aa43e: event=StepSummary | env_id=env-0c8aa43e | step=468 | current_step=468 | terminated_agents=[] | truncated_agents=[] | remaining_agents=24 | reward_preview={prey_9:-0.001, predator_2:-0.001, predator_4:-0.001, prey_14:-0.001, prey_17:-0.001} | info_preview={}
2025-11-23 03:29:11,356 [DEBUG] PredPreyGrassEnv.env-0c8aa43e: event=StepBegin | env_id=env-0c8aa43e | step=469 | incoming_actions=['prey_9', 'prey_14', 'prey_17', 'prey_13', 'prey_18', ...] | active_agents=24 | current_step=469
2025-11-23 03:29:11,360 [DEBUG] PredPreyGrassEnv.env-0c8aa43e: event=StepSummary | env_id=env-0c8aa43e | step=469 | current_step=469 | terminated_agents=[] | truncated_agents=[] | remaining_agents=24 | reward_preview={prey_9:-0.001, predator_2:-0.001, predator_4:-0.001, prey_14:-0.001, prey_17:-0.001} | info_preview={}
2025-11-23 03:29:11,370 [DEBUG] PredPreyGrassEnv.env-0c8aa43e: event=StepBegin | env_id=env-0c8aa43e | step=470 | incoming_actions=['prey_9', 'prey_14', 'prey_17', 'prey_13', 'prey_18', ...] | active_agents=24 | current_step=470
2025-11-23 03:29:11,374 [DEBUG] PredPreyGrassEnv.env-0c8aa43e: event=StepSummary | env_id=env-0c8aa43e | step=470 | current_step=470 | terminated_agents=[] | truncated_agents=[] | remaining_agents=24 | reward_preview={prey_9:-0.001, predator_2:-0.001, predator_4:-0.001, prey_14:-0.001, prey_17:-0.001} | info_preview={}
2025-11-23 03:29:11,385 [DEBUG] PredPreyGrassEnv.env-0c8aa43e: event=StepBegin | env_id=env-0c8aa43e | step=471 | incoming_actions=['prey_9', 'prey_14', 'prey_17', 'prey_13', 'prey_18', ...] | active_agents=24 | current_step=471
2025-11-23 03:29:11,388 [DEBUG] PredPreyGrassEnv.env-0c8aa43e: event=StepSummary | env_id=env-0c8aa43e | step=471 | current_step=471 | terminated_agents=[] | truncated_agents=[] | remaining_agents=24 | reward_preview={prey_9:-0.001, predator_2:-0.001, predator_4:-0.001, prey_14:-0.001, prey_17:-0.001} | info_preview={}
2025-11-23 03:29:11,399 [DEBUG] PredPreyGrassEnv.env-0c8aa43e: event=StepBegin | env_id=env-0c8aa43e | step=472 | incoming_actions=['prey_9', 'prey_14', 'prey_17', 'prey_13', 'prey_18', ...] | active_agents=24 | current_step=472
2025-11-23 03:29:11,403 [DEBUG] PredPreyGrassEnv.env-0c8aa43e: event=StepSummary | env_id=env-0c8aa43e | step=472 | current_step=472 | terminated_agents=[] | truncated_agents=[] | remaining_agents=24 | reward_preview={prey_9:-0.001, predator_2:-0.001, predator_4:-0.001, prey_14:-0.001, prey_17:-0.001} | info_preview={}
2025-11-23 03:29:11,414 [DEBUG] PredPreyGrassEnv.env-0c8aa43e: event=StepBegin | env_id=env-0c8aa43e | step=473 | incoming_actions=['prey_9', 'prey_14', 'prey_17', 'prey_13', 'prey_18', ...] | active_agents=24 | current_step=473
2025-11-23 03:29:11,417 [DEBUG] PredPreyGrassEnv.env-0c8aa43e: event=StepSummary | env_id=env-0c8aa43e | step=473 | current_step=473 | terminated_agents=[] | truncated_agents=[] | remaining_agents=24 | reward_preview={prey_9:-0.001, predator_2:-0.001, predator_4:-0.001, prey_14:-0.001, prey_17:-0.001} | info_preview={}
2025-11-23 03:29:11,428 [DEBUG] PredPreyGrassEnv.env-0c8aa43e: event=StepBegin | env_id=env-0c8aa43e | step=474 | incoming_actions=['prey_9', 'prey_14', 'prey_17', 'prey_13', 'prey_18', ...] | active_agents=24 | current_step=474
2025-11-23 03:29:11,432 [DEBUG] PredPreyGrassEnv.env-0c8aa43e: event=StepSummary | env_id=env-0c8aa43e | step=474 | current_step=474 | terminated_agents=[] | truncated_agents=[] | remaining_agents=24 | reward_preview={prey_9:-0.001, predator_2:-0.001, predator_4:-0.001, prey_14:-0.001, prey_17:-0.001} | info_preview={}
2025-11-23 03:29:11,444 [DEBUG] PredPreyGrassEnv.env-0c8aa43e: event=StepBegin | env_id=env-0c8aa43e | step=475 | incoming_actions=['prey_9', 'prey_14', 'prey_17', 'prey_13', 'prey_18', ...] | active_agents=24 | current_step=475
2025-11-23 03:29:11,449 [DEBUG] PredPreyGrassEnv.env-0c8aa43e: event=StepSummary | env_id=env-0c8aa43e | step=475 | current_step=475 | terminated_agents=[] | truncated_agents=[] | remaining_agents=24 | reward_preview={prey_9:-0.001, predator_2:-0.001, predator_4:-0.001, prey_14:-0.001, prey_17:-0.001} | info_preview={}
2025-11-23 03:29:11,463 [DEBUG] PredPreyGrassEnv.env-0c8aa43e: event=StepBegin | env_id=env-0c8aa43e | step=476 | incoming_actions=['prey_9', 'prey_14', 'prey_17', 'prey_13', 'prey_18', ...] | active_agents=24 | current_step=476
2025-11-23 03:29:11,468 [DEBUG] PredPreyGrassEnv.env-0c8aa43e: event=StepSummary | env_id=env-0c8aa43e | step=476 | current_step=476 | terminated_agents=[] | truncated_agents=[] | remaining_agents=24 | reward_preview={prey_9:-0.001, predator_2:-0.001, predator_4:-0.001, prey_14:-0.001, prey_17:-0.001} | info_preview={}
2025-11-23 03:29:11,483 [DEBUG] PredPreyGrassEnv.env-0c8aa43e: event=StepBegin | env_id=env-0c8aa43e | step=477 | incoming_actions=['prey_9', 'prey_14', 'prey_17', 'prey_13', 'prey_18', ...] | active_agents=24 | current_step=477
2025-11-23 03:29:11,486 [DEBUG] PredPreyGrassEnv.env-0c8aa43e: event=StepSummary | env_id=env-0c8aa43e | step=477 | current_step=477 | terminated_agents=[] | truncated_agents=[] | remaining_agents=24 | reward_preview={prey_9:-0.001, predator_2:-0.001, predator_4:-0.001, prey_14:-0.001, prey_17:-0.001} | info_preview={}
2025-11-23 03:29:11,497 [DEBUG] PredPreyGrassEnv.env-0c8aa43e: event=StepBegin | env_id=env-0c8aa43e | step=478 | incoming_actions=['prey_9', 'prey_14', 'prey_17', 'prey_13', 'prey_18', ...] | active_agents=24 | current_step=478
2025-11-23 03:29:11,501 [DEBUG] PredPreyGrassEnv.env-0c8aa43e: event=StepSummary | env_id=env-0c8aa43e | step=478 | current_step=478 | terminated_agents=[] | truncated_agents=[] | remaining_agents=24 | reward_preview={prey_9:-0.001, predator_2:-0.001, predator_4:-0.001, prey_14:-0.001, prey_17:-0.001} | info_preview={}
2025-11-23 03:29:11,511 [DEBUG] PredPreyGrassEnv.env-0c8aa43e: event=StepBegin | env_id=env-0c8aa43e | step=479 | incoming_actions=['prey_9', 'prey_14', 'prey_17', 'prey_13', 'prey_18', ...] | active_agents=24 | current_step=479
2025-11-23 03:29:11,515 [DEBUG] PredPreyGrassEnv.env-0c8aa43e: event=StepSummary | env_id=env-0c8aa43e | step=479 | current_step=479 | terminated_agents=[] | truncated_agents=[] | remaining_agents=24 | reward_preview={prey_9:-0.001, predator_2:-0.001, predator_4:-0.001, prey_14:-0.001, prey_17:-0.001} | info_preview={}
2025-11-23 03:29:11,526 [DEBUG] PredPreyGrassEnv.env-0c8aa43e: event=StepBegin | env_id=env-0c8aa43e | step=480 | incoming_actions=['prey_9', 'prey_14', 'prey_17', 'prey_13', 'prey_18', ...] | active_agents=24 | current_step=480
2025-11-23 03:29:11,530 [DEBUG] PredPreyGrassEnv.env-0c8aa43e: event=OffspringCreated | env_id=env-0c8aa43e | step=480 | parent_a='predator_0' | parent_b='predator_2' | offspring='predator_5' | distance=79.60088045328521
2025-11-23 03:29:11,530 [DEBUG] PredPreyGrassEnv.env-0c8aa43e: event=StepSummary | env_id=env-0c8aa43e | step=480 | current_step=480 | terminated_agents=[] | truncated_agents=[] | remaining_agents=25 | reward_preview={prey_9:-0.001, predator_5:0.0, predator_2:0.999, predator_4:-0.001, prey_14:-0.001} | info_preview={}
2025-11-23 03:29:11,542 [DEBUG] PredPreyGrassEnv.env-0c8aa43e: event=StepBegin | env_id=env-0c8aa43e | step=481 | incoming_actions=['prey_9', 'prey_14', 'prey_17', 'prey_13', 'prey_18', ...] | active_agents=25 | current_step=481
2025-11-23 03:29:11,546 [DEBUG] PredPreyGrassEnv.env-0c8aa43e: event=StepSummary | env_id=env-0c8aa43e | step=481 | current_step=481 | terminated_agents=[] | truncated_agents=[] | remaining_agents=25 | reward_preview={prey_9:-0.001, predator_5:-0.001, predator_2:-0.001, predator_4:-0.001, prey_14:-0.001} | info_preview={}
2025-11-23 03:29:11,556 [DEBUG] PredPreyGrassEnv.env-0c8aa43e: event=StepBegin | env_id=env-0c8aa43e | step=482 | incoming_actions=['prey_9', 'prey_14', 'prey_17', 'prey_13', 'prey_18', ...] | active_agents=25 | current_step=482
2025-11-23 03:29:11,558 [DEBUG] PredPreyGrassEnv.env-0c8aa43e: event=PreyAteGrass | env_id=env-0c8aa43e | step=482 | prey='prey_12' | grass='grass_6' | prey_position=[538.7450741684219, 573.8028705065866] | grass_energy=10.0 | energy_gained=9.0 | prey_energy=99.86537576866758
2025-11-23 03:29:11,561 [DEBUG] PredPreyGrassEnv.env-0c8aa43e: event=StepSummary | env_id=env-0c8aa43e | step=482 | current_step=482 | terminated_agents=[] | truncated_agents=[] | remaining_agents=25 | reward_preview={prey_9:-0.001, predator_5:-0.001, predator_2:-0.001, predator_4:-0.001, prey_14:-0.001} | info_preview={}
2025-11-23 03:29:11,571 [DEBUG] PredPreyGrassEnv.env-0c8aa43e: event=StepBegin | env_id=env-0c8aa43e | step=483 | incoming_actions=['prey_9', 'prey_14', 'prey_17', 'prey_13', 'prey_18', ...] | active_agents=25 | current_step=483
2025-11-23 03:29:11,575 [DEBUG] PredPreyGrassEnv.env-0c8aa43e: event=StepSummary | env_id=env-0c8aa43e | step=483 | current_step=483 | terminated_agents=[] | truncated_agents=[] | remaining_agents=25 | reward_preview={prey_9:-0.001, predator_5:-0.001, predator_2:-0.001, predator_4:-0.001, prey_14:-0.001} | info_preview={}
2025-11-23 03:29:11,586 [DEBUG] PredPreyGrassEnv.env-0c8aa43e: event=StepBegin | env_id=env-0c8aa43e | step=484 | incoming_actions=['prey_9', 'prey_14', 'prey_17', 'prey_13', 'prey_18', ...] | active_agents=25 | current_step=484
2025-11-23 03:29:11,589 [DEBUG] PredPreyGrassEnv.env-0c8aa43e: event=StepSummary | env_id=env-0c8aa43e | step=484 | current_step=484 | terminated_agents=[] | truncated_agents=[] | remaining_agents=25 | reward_preview={prey_9:-0.001, predator_5:-0.001, predator_2:-0.001, predator_4:-0.001, prey_14:-0.001} | info_preview={}
2025-11-23 03:29:11,600 [DEBUG] PredPreyGrassEnv.env-0c8aa43e: event=StepBegin | env_id=env-0c8aa43e | step=485 | incoming_actions=['prey_9', 'prey_14', 'prey_17', 'prey_13', 'prey_18', ...] | active_agents=25 | current_step=485
2025-11-23 03:29:11,602 [DEBUG] PredPreyGrassEnv.env-0c8aa43e: event=PreyAteGrass | env_id=env-0c8aa43e | step=485 | prey='prey_11' | grass='grass_9' | prey_position=[80.52313323030255, 511.70625699208296] | grass_energy=10.0 | energy_gained=9.0 | prey_energy=68.67722550788497
2025-11-23 03:29:11,604 [DEBUG] PredPreyGrassEnv.env-0c8aa43e: event=StepSummary | env_id=env-0c8aa43e | step=485 | current_step=485 | terminated_agents=[] | truncated_agents=[] | remaining_agents=25 | reward_preview={prey_9:-0.001, predator_5:-0.001, predator_2:-0.001, predator_4:-0.001, prey_14:-0.001} | info_preview={}
2025-11-23 03:29:11,615 [DEBUG] PredPreyGrassEnv.env-0c8aa43e: event=StepBegin | env_id=env-0c8aa43e | step=486 | incoming_actions=['prey_9', 'prey_14', 'prey_17', 'prey_13', 'prey_18', ...] | active_agents=25 | current_step=486
2025-11-23 03:29:11,619 [DEBUG] PredPreyGrassEnv.env-0c8aa43e: event=StepSummary | env_id=env-0c8aa43e | step=486 | current_step=486 | terminated_agents=[] | truncated_agents=[] | remaining_agents=25 | reward_preview={prey_9:-0.001, predator_5:-0.001, predator_2:-0.001, predator_4:-0.001, prey_14:-0.001} | info_preview={}
2025-11-23 03:29:11,629 [DEBUG] PredPreyGrassEnv.env-0c8aa43e: event=StepBegin | env_id=env-0c8aa43e | step=487 | incoming_actions=['prey_9', 'prey_14', 'prey_17', 'prey_13', 'prey_18', ...] | active_agents=25 | current_step=487
2025-11-23 03:29:11,633 [DEBUG] PredPreyGrassEnv.env-0c8aa43e: event=StepSummary | env_id=env-0c8aa43e | step=487 | current_step=487 | terminated_agents=[] | truncated_agents=[] | remaining_agents=25 | reward_preview={prey_9:-0.001, predator_5:-0.001, predator_2:-0.001, predator_4:-0.001, prey_14:-0.001} | info_preview={}
2025-11-23 03:29:11,644 [DEBUG] PredPreyGrassEnv.env-0c8aa43e: event=StepBegin | env_id=env-0c8aa43e | step=488 | incoming_actions=['prey_9', 'prey_14', 'prey_17', 'prey_13', 'prey_18', ...] | active_agents=25 | current_step=488
2025-11-23 03:29:11,647 [DEBUG] PredPreyGrassEnv.env-0c8aa43e: event=StepSummary | env_id=env-0c8aa43e | step=488 | current_step=488 | terminated_agents=[] | truncated_agents=[] | remaining_agents=25 | reward_preview={prey_9:-0.001, predator_5:-0.001, predator_2:-0.001, predator_4:-0.001, prey_14:-0.001} | info_preview={}
2025-11-23 03:29:11,659 [DEBUG] PredPreyGrassEnv.env-0c8aa43e: event=StepBegin | env_id=env-0c8aa43e | step=489 | incoming_actions=['prey_9', 'prey_14', 'prey_17', 'prey_13', 'prey_18', ...] | active_agents=25 | current_step=489
2025-11-23 03:29:11,663 [DEBUG] PredPreyGrassEnv.env-0c8aa43e: event=StepSummary | env_id=env-0c8aa43e | step=489 | current_step=489 | terminated_agents=[] | truncated_agents=[] | remaining_agents=25 | reward_preview={prey_9:-0.001, predator_5:-0.001, predator_2:-0.001, predator_4:-0.001, prey_14:-0.001} | info_preview={}
2025-11-23 03:29:11,673 [DEBUG] PredPreyGrassEnv.env-0c8aa43e: event=StepBegin | env_id=env-0c8aa43e | step=490 | incoming_actions=['prey_9', 'prey_14', 'prey_17', 'prey_13', 'prey_18', ...] | active_agents=25 | current_step=490
2025-11-23 03:29:11,677 [DEBUG] PredPreyGrassEnv.env-0c8aa43e: event=StepSummary | env_id=env-0c8aa43e | step=490 | current_step=490 | terminated_agents=[] | truncated_agents=[] | remaining_agents=25 | reward_preview={prey_9:-0.001, predator_5:-0.001, predator_2:-0.001, predator_4:-0.001, prey_14:-0.001} | info_preview={}
2025-11-23 03:29:11,688 [DEBUG] PredPreyGrassEnv.env-0c8aa43e: event=StepBegin | env_id=env-0c8aa43e | step=491 | incoming_actions=['prey_9', 'prey_14', 'prey_17', 'prey_13', 'prey_18', ...] | active_agents=25 | current_step=491
2025-11-23 03:29:11,692 [DEBUG] PredPreyGrassEnv.env-0c8aa43e: event=StepSummary | env_id=env-0c8aa43e | step=491 | current_step=491 | terminated_agents=[] | truncated_agents=[] | remaining_agents=25 | reward_preview={prey_9:-0.001, predator_5:-0.001, predator_2:-0.001, predator_4:-0.001, prey_14:-0.001} | info_preview={}
2025-11-23 03:29:11,703 [DEBUG] PredPreyGrassEnv.env-0c8aa43e: event=StepBegin | env_id=env-0c8aa43e | step=492 | incoming_actions=['prey_9', 'prey_14', 'prey_17', 'prey_13', 'prey_18', ...] | active_agents=25 | current_step=492
2025-11-23 03:29:11,707 [DEBUG] PredPreyGrassEnv.env-0c8aa43e: event=StepSummary | env_id=env-0c8aa43e | step=492 | current_step=492 | terminated_agents=[] | truncated_agents=[] | remaining_agents=25 | reward_preview={prey_9:-0.001, predator_5:-0.001, predator_2:-0.001, predator_4:-0.001, prey_14:-0.001} | info_preview={}
2025-11-23 03:29:11,718 [DEBUG] PredPreyGrassEnv.env-0c8aa43e: event=StepBegin | env_id=env-0c8aa43e | step=493 | incoming_actions=['prey_9', 'prey_14', 'prey_17', 'prey_13', 'prey_18', ...] | active_agents=25 | current_step=493
2025-11-23 03:29:11,722 [DEBUG] PredPreyGrassEnv.env-0c8aa43e: event=StepSummary | env_id=env-0c8aa43e | step=493 | current_step=493 | terminated_agents=[] | truncated_agents=[] | remaining_agents=25 | reward_preview={prey_9:-0.001, predator_5:-0.001, predator_2:-0.001, predator_4:-0.001, prey_14:-0.001} | info_preview={}
2025-11-23 03:29:11,733 [DEBUG] PredPreyGrassEnv.env-0c8aa43e: event=StepBegin | env_id=env-0c8aa43e | step=494 | incoming_actions=['prey_9', 'prey_14', 'prey_17', 'prey_13', 'prey_18', ...] | active_agents=25 | current_step=494
2025-11-23 03:29:11,735 [DEBUG] PredPreyGrassEnv.env-0c8aa43e: event=PreyAteGrass | env_id=env-0c8aa43e | step=494 | prey='prey_12' | grass='grass_33' | prey_position=[550.2111914946042, 579.406039665127] | grass_energy=10.0 | energy_gained=9.0 | prey_energy=107.15245806198735
2025-11-23 03:29:11,737 [DEBUG] PredPreyGrassEnv.env-0c8aa43e: event=StepSummary | env_id=env-0c8aa43e | step=494 | current_step=494 | terminated_agents=[] | truncated_agents=[] | remaining_agents=25 | reward_preview={prey_9:-0.001, predator_5:-0.001, predator_2:-0.001, predator_4:-0.001, prey_14:-0.001} | info_preview={}
2025-11-23 03:29:11,749 [DEBUG] PredPreyGrassEnv.env-0c8aa43e: event=StepBegin | env_id=env-0c8aa43e | step=495 | incoming_actions=['prey_9', 'prey_14', 'prey_17', 'prey_13', 'prey_18', ...] | active_agents=25 | current_step=495
2025-11-23 03:29:11,752 [DEBUG] PredPreyGrassEnv.env-0c8aa43e: event=StepSummary | env_id=env-0c8aa43e | step=495 | current_step=495 | terminated_agents=[] | truncated_agents=[] | remaining_agents=25 | reward_preview={prey_9:-0.001, predator_5:-0.001, predator_2:-0.001, predator_4:-0.001, prey_14:-0.001} | info_preview={}
2025-11-23 03:29:11,764 [DEBUG] PredPreyGrassEnv.env-0c8aa43e: event=StepBegin | env_id=env-0c8aa43e | step=496 | incoming_actions=['prey_9', 'prey_14', 'prey_17', 'prey_13', 'prey_18', ...] | active_agents=25 | current_step=496
2025-11-23 03:29:11,767 [DEBUG] PredPreyGrassEnv.env-0c8aa43e: event=StepSummary | env_id=env-0c8aa43e | step=496 | current_step=496 | terminated_agents=[] | truncated_agents=[] | remaining_agents=25 | reward_preview={prey_9:-0.001, predator_5:-0.001, predator_2:-0.001, predator_4:-0.001, prey_14:-0.001} | info_preview={}
2025-11-23 03:29:11,778 [DEBUG] PredPreyGrassEnv.env-0c8aa43e: event=StepBegin | env_id=env-0c8aa43e | step=497 | incoming_actions=['prey_9', 'prey_14', 'prey_17', 'prey_13', 'prey_18', ...] | active_agents=25 | current_step=497
2025-11-23 03:29:11,782 [DEBUG] PredPreyGrassEnv.env-0c8aa43e: event=StepSummary | env_id=env-0c8aa43e | step=497 | current_step=497 | terminated_agents=[] | truncated_agents=[] | remaining_agents=25 | reward_preview={prey_9:-0.001, predator_5:-0.001, predator_2:-0.001, predator_4:-0.001, prey_14:-0.001} | info_preview={}
2025-11-23 03:29:11,793 [DEBUG] PredPreyGrassEnv.env-0c8aa43e: event=StepBegin | env_id=env-0c8aa43e | step=498 | incoming_actions=['prey_9', 'prey_14', 'prey_17', 'prey_13', 'prey_18', ...] | active_agents=25 | current_step=498
2025-11-23 03:29:11,797 [DEBUG] PredPreyGrassEnv.env-0c8aa43e: event=StepSummary | env_id=env-0c8aa43e | step=498 | current_step=498 | terminated_agents=[] | truncated_agents=[] | remaining_agents=25 | reward_preview={prey_9:-0.001, predator_5:-0.001, predator_2:-0.001, predator_4:-0.001, prey_14:-0.001} | info_preview={}
2025-11-23 03:29:11,807 [DEBUG] PredPreyGrassEnv.env-0c8aa43e: event=StepBegin | env_id=env-0c8aa43e | step=499 | incoming_actions=['prey_9', 'prey_14', 'prey_17', 'prey_13', 'prey_18', ...] | active_agents=25 | current_step=499
2025-11-23 03:29:11,811 [DEBUG] PredPreyGrassEnv.env-0c8aa43e: event=StepSummary | env_id=env-0c8aa43e | step=499 | current_step=499 | terminated_agents=[] | truncated_agents=[] | remaining_agents=25 | reward_preview={prey_9:-0.001, predator_5:-0.001, predator_2:-0.001, predator_4:-0.001, prey_14:-0.001} | info_preview={}
2025-11-23 03:29:11,821 [DEBUG] PredPreyGrassEnv.env-0c8aa43e: event=StepBegin | env_id=env-0c8aa43e | step=500 | incoming_actions=['prey_9', 'prey_14', 'prey_17', 'prey_13', 'prey_18', ...] | active_agents=25 | current_step=500
2025-11-23 03:29:11,825 [DEBUG] PredPreyGrassEnv.env-0c8aa43e: event=StepSummary | env_id=env-0c8aa43e | step=500 | current_step=500 | terminated_agents=[] | truncated_agents=[] | remaining_agents=25 | reward_preview={prey_9:-0.001, predator_5:-0.001, predator_2:-0.001, predator_4:-0.001, prey_14:-0.001} | info_preview={}
2025-11-23 03:29:11,835 [DEBUG] PredPreyGrassEnv.env-0c8aa43e: event=StepBegin | env_id=env-0c8aa43e | step=501 | incoming_actions=['prey_9', 'prey_14', 'prey_17', 'prey_13', 'prey_18', ...] | active_agents=25 | current_step=501
2025-11-23 03:29:11,839 [DEBUG] PredPreyGrassEnv.env-0c8aa43e: event=StepSummary | env_id=env-0c8aa43e | step=501 | current_step=501 | terminated_agents=[] | truncated_agents=[] | remaining_agents=25 | reward_preview={prey_9:-0.001, predator_5:-0.001, predator_2:-0.001, predator_4:-0.001, prey_14:-0.001} | info_preview={}
2025-11-23 03:29:11,849 [DEBUG] PredPreyGrassEnv.env-0c8aa43e: event=StepBegin | env_id=env-0c8aa43e | step=502 | incoming_actions=['prey_9', 'prey_14', 'prey_17', 'prey_13', 'prey_18', ...] | active_agents=25 | current_step=502
2025-11-23 03:29:11,853 [DEBUG] PredPreyGrassEnv.env-0c8aa43e: event=StepSummary | env_id=env-0c8aa43e | step=502 | current_step=502 | terminated_agents=[] | truncated_agents=[] | remaining_agents=25 | reward_preview={prey_9:-0.001, predator_5:-0.001, predator_2:-0.001, predator_4:-0.001, prey_14:-0.001} | info_preview={}
2025-11-23 03:29:11,863 [DEBUG] PredPreyGrassEnv.env-0c8aa43e: event=StepBegin | env_id=env-0c8aa43e | step=503 | incoming_actions=['prey_9', 'prey_14', 'prey_17', 'prey_13', 'prey_18', ...] | active_agents=25 | current_step=503
2025-11-23 03:29:11,867 [DEBUG] PredPreyGrassEnv.env-0c8aa43e: event=StepSummary | env_id=env-0c8aa43e | step=503 | current_step=503 | terminated_agents=[] | truncated_agents=[] | remaining_agents=25 | reward_preview={prey_9:-0.001, predator_5:-0.001, predator_2:-0.001, predator_4:-0.001, prey_14:-0.001} | info_preview={}
2025-11-23 03:29:11,877 [DEBUG] PredPreyGrassEnv.env-0c8aa43e: event=StepBegin | env_id=env-0c8aa43e | step=504 | incoming_actions=['prey_9', 'prey_14', 'prey_17', 'prey_13', 'prey_18', ...] | active_agents=25 | current_step=504
2025-11-23 03:29:11,880 [DEBUG] PredPreyGrassEnv.env-0c8aa43e: event=StepSummary | env_id=env-0c8aa43e | step=504 | current_step=504 | terminated_agents=[] | truncated_agents=[] | remaining_agents=25 | reward_preview={prey_9:-0.001, predator_5:-0.001, predator_2:-0.001, predator_4:-0.001, prey_14:-0.001} | info_preview={}
2025-11-23 03:29:11,891 [DEBUG] PredPreyGrassEnv.env-0c8aa43e: event=StepBegin | env_id=env-0c8aa43e | step=505 | incoming_actions=['prey_9', 'prey_14', 'prey_17', 'prey_13', 'prey_18', ...] | active_agents=25 | current_step=505
2025-11-23 03:29:11,894 [DEBUG] PredPreyGrassEnv.env-0c8aa43e: event=StepSummary | env_id=env-0c8aa43e | step=505 | current_step=505 | terminated_agents=[] | truncated_agents=[] | remaining_agents=25 | reward_preview={prey_9:-0.001, predator_5:-0.001, predator_2:-0.001, predator_4:-0.001, prey_14:-0.001} | info_preview={}
2025-11-23 03:29:11,904 [DEBUG] PredPreyGrassEnv.env-0c8aa43e: event=StepBegin | env_id=env-0c8aa43e | step=506 | incoming_actions=['prey_9', 'prey_14', 'prey_17', 'prey_13', 'prey_18', ...] | active_agents=25 | current_step=506
2025-11-23 03:29:11,908 [DEBUG] PredPreyGrassEnv.env-0c8aa43e: event=StepSummary | env_id=env-0c8aa43e | step=506 | current_step=506 | terminated_agents=[] | truncated_agents=[] | remaining_agents=25 | reward_preview={prey_9:-0.001, predator_5:-0.001, predator_2:-0.001, predator_4:-0.001, prey_14:-0.001} | info_preview={}
2025-11-23 03:29:11,918 [DEBUG] PredPreyGrassEnv.env-0c8aa43e: event=StepBegin | env_id=env-0c8aa43e | step=507 | incoming_actions=['prey_9', 'prey_14', 'prey_17', 'prey_13', 'prey_18', ...] | active_agents=25 | current_step=507
2025-11-23 03:29:11,922 [DEBUG] PredPreyGrassEnv.env-0c8aa43e: event=StepSummary | env_id=env-0c8aa43e | step=507 | current_step=507 | terminated_agents=[] | truncated_agents=[] | remaining_agents=25 | reward_preview={prey_9:-0.001, predator_5:-0.001, predator_2:-0.001, predator_4:-0.001, prey_14:-0.001} | info_preview={}
2025-11-23 03:29:11,932 [DEBUG] PredPreyGrassEnv.env-0c8aa43e: event=StepBegin | env_id=env-0c8aa43e | step=508 | incoming_actions=['prey_9', 'prey_14', 'prey_17', 'prey_13', 'prey_18', ...] | active_agents=25 | current_step=508
2025-11-23 03:29:11,936 [DEBUG] PredPreyGrassEnv.env-0c8aa43e: event=StepSummary | env_id=env-0c8aa43e | step=508 | current_step=508 | terminated_agents=[] | truncated_agents=[] | remaining_agents=25 | reward_preview={prey_9:-0.001, predator_5:-0.001, predator_2:-0.001, predator_4:-0.001, prey_14:-0.001} | info_preview={}
2025-11-23 03:29:11,946 [DEBUG] PredPreyGrassEnv.env-0c8aa43e: event=StepBegin | env_id=env-0c8aa43e | step=509 | incoming_actions=['prey_9', 'prey_14', 'prey_17', 'prey_13', 'prey_18', ...] | active_agents=25 | current_step=509
2025-11-23 03:29:11,950 [DEBUG] PredPreyGrassEnv.env-0c8aa43e: event=StepSummary | env_id=env-0c8aa43e | step=509 | current_step=509 | terminated_agents=[] | truncated_agents=[] | remaining_agents=25 | reward_preview={prey_9:-0.001, predator_5:-0.001, predator_2:-0.001, predator_4:-0.001, prey_14:-0.001} | info_preview={}
2025-11-23 03:29:11,963 [DEBUG] PredPreyGrassEnv.env-0c8aa43e: event=StepBegin | env_id=env-0c8aa43e | step=510 | incoming_actions=['prey_9', 'prey_14', 'prey_17', 'prey_13', 'prey_18', ...] | active_agents=25 | current_step=510
2025-11-23 03:29:11,966 [DEBUG] PredPreyGrassEnv.env-0c8aa43e: event=StepSummary | env_id=env-0c8aa43e | step=510 | current_step=510 | terminated_agents=[] | truncated_agents=[] | remaining_agents=25 | reward_preview={prey_9:-0.001, predator_5:-0.001, predator_2:-0.001, predator_4:-0.001, prey_14:-0.001} | info_preview={}
2025-11-23 03:29:11,977 [DEBUG] PredPreyGrassEnv.env-0c8aa43e: event=StepBegin | env_id=env-0c8aa43e | step=511 | incoming_actions=['prey_9', 'prey_14', 'prey_17', 'prey_13', 'prey_18', ...] | active_agents=25 | current_step=511
2025-11-23 03:29:11,981 [DEBUG] PredPreyGrassEnv.env-0c8aa43e: event=StepSummary | env_id=env-0c8aa43e | step=511 | current_step=511 | terminated_agents=[] | truncated_agents=[] | remaining_agents=25 | reward_preview={prey_9:-0.001, predator_5:-0.001, predator_2:-0.001, predator_4:-0.001, prey_14:-0.001} | info_preview={}
2025-11-23 03:29:11,991 [DEBUG] PredPreyGrassEnv.env-0c8aa43e: event=StepBegin | env_id=env-0c8aa43e | step=512 | incoming_actions=['prey_9', 'prey_14', 'prey_17', 'prey_13', 'prey_18', ...] | active_agents=25 | current_step=512
2025-11-23 03:29:11,994 [DEBUG] PredPreyGrassEnv.env-0c8aa43e: event=StepSummary | env_id=env-0c8aa43e | step=512 | current_step=512 | terminated_agents=[] | truncated_agents=[] | remaining_agents=25 | reward_preview={prey_9:-0.001, predator_5:-0.001, predator_2:-0.001, predator_4:-0.001, prey_14:-0.001} | info_preview={}
2025-11-23 03:29:12,005 [DEBUG] PredPreyGrassEnv.env-0c8aa43e: event=StepBegin | env_id=env-0c8aa43e | step=513 | incoming_actions=['prey_9', 'prey_14', 'prey_17', 'prey_13', 'prey_18', ...] | active_agents=25 | current_step=513
2025-11-23 03:29:12,009 [DEBUG] PredPreyGrassEnv.env-0c8aa43e: event=StepSummary | env_id=env-0c8aa43e | step=513 | current_step=513 | terminated_agents=[] | truncated_agents=[] | remaining_agents=25 | reward_preview={prey_9:-0.001, predator_5:-0.001, predator_2:-0.001, predator_4:-0.001, prey_14:-0.001} | info_preview={}
2025-11-23 03:29:12,019 [DEBUG] PredPreyGrassEnv.env-0c8aa43e: event=StepBegin | env_id=env-0c8aa43e | step=514 | incoming_actions=['prey_9', 'prey_14', 'prey_17', 'prey_13', 'prey_18', ...] | active_agents=25 | current_step=514
2025-11-23 03:29:12,023 [DEBUG] PredPreyGrassEnv.env-0c8aa43e: event=StepSummary | env_id=env-0c8aa43e | step=514 | current_step=514 | terminated_agents=[] | truncated_agents=[] | remaining_agents=25 | reward_preview={prey_9:-0.001, predator_5:-0.001, predator_2:-0.001, predator_4:-0.001, prey_14:-0.001} | info_preview={}
2025-11-23 03:29:12,033 [DEBUG] PredPreyGrassEnv.env-0c8aa43e: event=StepBegin | env_id=env-0c8aa43e | step=515 | incoming_actions=['prey_9', 'prey_14', 'prey_17', 'prey_13', 'prey_18', ...] | active_agents=25 | current_step=515
2025-11-23 03:29:12,037 [DEBUG] PredPreyGrassEnv.env-0c8aa43e: event=StepSummary | env_id=env-0c8aa43e | step=515 | current_step=515 | terminated_agents=[] | truncated_agents=[] | remaining_agents=25 | reward_preview={prey_9:-0.001, predator_5:-0.001, predator_2:-0.001, predator_4:-0.001, prey_14:-0.001} | info_preview={}
2025-11-23 03:29:12,047 [DEBUG] PredPreyGrassEnv.env-0c8aa43e: event=StepBegin | env_id=env-0c8aa43e | step=516 | incoming_actions=['prey_9', 'prey_14', 'prey_17', 'prey_13', 'prey_18', ...] | active_agents=25 | current_step=516
2025-11-23 03:29:12,051 [DEBUG] PredPreyGrassEnv.env-0c8aa43e: event=StepSummary | env_id=env-0c8aa43e | step=516 | current_step=516 | terminated_agents=[] | truncated_agents=[] | remaining_agents=25 | reward_preview={prey_9:-0.001, predator_5:-0.001, predator_2:-0.001, predator_4:-0.001, prey_14:-0.001} | info_preview={}
2025-11-23 03:29:12,062 [DEBUG] PredPreyGrassEnv.env-0c8aa43e: event=StepBegin | env_id=env-0c8aa43e | step=517 | incoming_actions=['prey_9', 'prey_14', 'prey_17', 'prey_13', 'prey_18', ...] | active_agents=25 | current_step=517
2025-11-23 03:29:12,066 [DEBUG] PredPreyGrassEnv.env-0c8aa43e: event=StepSummary | env_id=env-0c8aa43e | step=517 | current_step=517 | terminated_agents=[] | truncated_agents=[] | remaining_agents=25 | reward_preview={prey_9:-0.001, predator_5:-0.001, predator_2:-0.001, predator_4:-0.001, prey_14:-0.001} | info_preview={}
2025-11-23 03:29:12,076 [DEBUG] PredPreyGrassEnv.env-0c8aa43e: event=StepBegin | env_id=env-0c8aa43e | step=518 | incoming_actions=['prey_9', 'prey_14', 'prey_17', 'prey_13', 'prey_18', ...] | active_agents=25 | current_step=518
2025-11-23 03:29:12,080 [DEBUG] PredPreyGrassEnv.env-0c8aa43e: event=StepSummary | env_id=env-0c8aa43e | step=518 | current_step=518 | terminated_agents=[] | truncated_agents=[] | remaining_agents=25 | reward_preview={prey_9:-0.001, predator_5:-0.001, predator_2:-0.001, predator_4:-0.001, prey_14:-0.001} | info_preview={}
2025-11-23 03:29:12,090 [DEBUG] PredPreyGrassEnv.env-0c8aa43e: event=StepBegin | env_id=env-0c8aa43e | step=519 | incoming_actions=['prey_9', 'prey_14', 'prey_17', 'prey_13', 'prey_18', ...] | active_agents=25 | current_step=519
2025-11-23 03:29:12,094 [DEBUG] PredPreyGrassEnv.env-0c8aa43e: event=StepSummary | env_id=env-0c8aa43e | step=519 | current_step=519 | terminated_agents=[] | truncated_agents=[] | remaining_agents=25 | reward_preview={prey_9:-0.001, predator_5:-0.001, predator_2:-0.001, predator_4:-0.001, prey_14:-0.001} | info_preview={}
2025-11-23 03:29:12,105 [DEBUG] PredPreyGrassEnv.env-0c8aa43e: event=StepBegin | env_id=env-0c8aa43e | step=520 | incoming_actions=['prey_9', 'prey_14', 'prey_17', 'prey_13', 'prey_18', ...] | active_agents=25 | current_step=520
2025-11-23 03:29:12,109 [DEBUG] PredPreyGrassEnv.env-0c8aa43e: event=StepSummary | env_id=env-0c8aa43e | step=520 | current_step=520 | terminated_agents=[] | truncated_agents=[] | remaining_agents=25 | reward_preview={prey_9:-0.001, predator_5:-0.001, predator_2:-0.001, predator_4:-0.001, prey_14:-0.001} | info_preview={}
2025-11-23 03:29:12,119 [DEBUG] PredPreyGrassEnv.env-0c8aa43e: event=StepBegin | env_id=env-0c8aa43e | step=521 | incoming_actions=['prey_9', 'prey_14', 'prey_17', 'prey_13', 'prey_18', ...] | active_agents=25 | current_step=521
2025-11-23 03:29:12,123 [DEBUG] PredPreyGrassEnv.env-0c8aa43e: event=StepSummary | env_id=env-0c8aa43e | step=521 | current_step=521 | terminated_agents=[] | truncated_agents=[] | remaining_agents=25 | reward_preview={prey_9:-0.001, predator_5:-0.001, predator_2:-0.001, predator_4:-0.001, prey_14:-0.001} | info_preview={}
2025-11-23 03:29:12,133 [DEBUG] PredPreyGrassEnv.env-0c8aa43e: event=StepBegin | env_id=env-0c8aa43e | step=522 | incoming_actions=['prey_9', 'prey_14', 'prey_17', 'prey_13', 'prey_18', ...] | active_agents=25 | current_step=522
2025-11-23 03:29:12,137 [DEBUG] PredPreyGrassEnv.env-0c8aa43e: event=StepSummary | env_id=env-0c8aa43e | step=522 | current_step=522 | terminated_agents=[] | truncated_agents=[] | remaining_agents=25 | reward_preview={prey_9:-0.001, predator_5:-0.001, predator_2:-0.001, predator_4:-0.001, prey_14:-0.001} | info_preview={}
2025-11-23 03:29:12,147 [DEBUG] PredPreyGrassEnv.env-0c8aa43e: event=StepBegin | env_id=env-0c8aa43e | step=523 | incoming_actions=['prey_9', 'prey_14', 'prey_17', 'prey_13', 'prey_18', ...] | active_agents=25 | current_step=523
2025-11-23 03:29:12,151 [DEBUG] PredPreyGrassEnv.env-0c8aa43e: event=StepSummary | env_id=env-0c8aa43e | step=523 | current_step=523 | terminated_agents=[] | truncated_agents=[] | remaining_agents=25 | reward_preview={prey_9:-0.001, predator_5:-0.001, predator_2:-0.001, predator_4:-0.001, prey_14:-0.001} | info_preview={}
2025-11-23 03:29:12,162 [DEBUG] PredPreyGrassEnv.env-0c8aa43e: event=StepBegin | env_id=env-0c8aa43e | step=524 | incoming_actions=['prey_9', 'prey_14', 'prey_17', 'prey_13', 'prey_18', ...] | active_agents=25 | current_step=524
2025-11-23 03:29:12,165 [DEBUG] PredPreyGrassEnv.env-0c8aa43e: event=StepSummary | env_id=env-0c8aa43e | step=524 | current_step=524 | terminated_agents=[] | truncated_agents=[] | remaining_agents=25 | reward_preview={prey_9:-0.001, predator_5:-0.001, predator_2:-0.001, predator_4:-0.001, prey_14:-0.001} | info_preview={}
2025-11-23 03:29:12,175 [DEBUG] PredPreyGrassEnv.env-0c8aa43e: event=StepBegin | env_id=env-0c8aa43e | step=525 | incoming_actions=['prey_9', 'prey_14', 'prey_17', 'prey_13', 'prey_18', ...] | active_agents=25 | current_step=525
2025-11-23 03:29:12,176 [DEBUG] PredPreyGrassEnv.env-0c8aa43e: event=CollisionBatch | env_id=env-0c8aa43e | step=525 | collisions=[['predator_catch_prey', 'predator_3', 'prey_2']]
2025-11-23 03:29:12,178 [DEBUG] PredPreyGrassEnv.env-0c8aa43e: event=AgentEnergyDepleted | env_id=env-0c8aa43e | step=525 | agent='prey_2' | position=[29.350877403474065, 450.45139459239977] | energy=0
2025-11-23 03:29:12,179 [DEBUG] PredPreyGrassEnv.env-0c8aa43e: event=AgentRemovedFromActiveList | env_id=env-0c8aa43e | step=525 | agent='prey_2' | remaining_agents=24
2025-11-23 03:29:12,179 [DEBUG] PredPreyGrassEnv.env-0c8aa43e: event=StepSummary | env_id=env-0c8aa43e | step=525 | current_step=525 | terminated_agents=['prey_2'] | truncated_agents=[] | remaining_agents=24 | reward_preview={prey_9:-0.001, predator_5:-0.001, predator_2:-0.001, predator_4:-0.001, prey_14:-0.001} | info_preview={}
2025-11-23 03:29:12,189 [DEBUG] PredPreyGrassEnv.env-0c8aa43e: event=StepBegin | env_id=env-0c8aa43e | step=526 | incoming_actions=['prey_9', 'prey_14', 'prey_17', 'prey_13', 'prey_18', ...] | active_agents=24 | current_step=526
2025-11-23 03:29:12,193 [DEBUG] PredPreyGrassEnv.env-0c8aa43e: event=StepSummary | env_id=env-0c8aa43e | step=526 | current_step=526 | terminated_agents=[] | truncated_agents=[] | remaining_agents=24 | reward_preview={prey_9:-0.001, predator_5:-0.001, predator_2:-0.001, predator_4:-0.001, prey_14:-0.001} | info_preview={}
2025-11-23 03:29:12,203 [DEBUG] PredPreyGrassEnv.env-0c8aa43e: event=StepBegin | env_id=env-0c8aa43e | step=527 | incoming_actions=['prey_9', 'prey_14', 'prey_17', 'prey_13', 'prey_18', ...] | active_agents=24 | current_step=527
2025-11-23 03:29:12,207 [DEBUG] PredPreyGrassEnv.env-0c8aa43e: event=StepSummary | env_id=env-0c8aa43e | step=527 | current_step=527 | terminated_agents=[] | truncated_agents=[] | remaining_agents=24 | reward_preview={prey_9:-0.001, predator_5:-0.001, predator_2:-0.001, predator_4:-0.001, prey_14:-0.001} | info_preview={}
2025-11-23 03:29:12,217 [DEBUG] PredPreyGrassEnv.env-0c8aa43e: event=StepBegin | env_id=env-0c8aa43e | step=528 | incoming_actions=['prey_9', 'prey_14', 'prey_17', 'prey_13', 'prey_18', ...] | active_agents=24 | current_step=528
2025-11-23 03:29:12,221 [DEBUG] PredPreyGrassEnv.env-0c8aa43e: event=StepSummary | env_id=env-0c8aa43e | step=528 | current_step=528 | terminated_agents=[] | truncated_agents=[] | remaining_agents=24 | reward_preview={prey_9:-0.001, predator_5:-0.001, predator_2:-0.001, predator_4:-0.001, prey_14:-0.001} | info_preview={}
2025-11-23 03:29:12,231 [DEBUG] PredPreyGrassEnv.env-0c8aa43e: event=StepBegin | env_id=env-0c8aa43e | step=529 | incoming_actions=['prey_9', 'prey_14', 'prey_17', 'prey_13', 'prey_18', ...] | active_agents=24 | current_step=529
2025-11-23 03:29:12,234 [DEBUG] PredPreyGrassEnv.env-0c8aa43e: event=StepSummary | env_id=env-0c8aa43e | step=529 | current_step=529 | terminated_agents=[] | truncated_agents=[] | remaining_agents=24 | reward_preview={prey_9:-0.001, predator_5:-0.001, predator_2:-0.001, predator_4:-0.001, prey_14:-0.001} | info_preview={}
2025-11-23 03:29:12,245 [DEBUG] PredPreyGrassEnv.env-0c8aa43e: event=StepBegin | env_id=env-0c8aa43e | step=530 | incoming_actions=['prey_9', 'prey_14', 'prey_17', 'prey_13', 'prey_18', ...] | active_agents=24 | current_step=530
2025-11-23 03:29:12,249 [DEBUG] PredPreyGrassEnv.env-0c8aa43e: event=StepSummary | env_id=env-0c8aa43e | step=530 | current_step=530 | terminated_agents=[] | truncated_agents=[] | remaining_agents=24 | reward_preview={prey_9:-0.001, predator_5:-0.001, predator_2:-0.001, predator_4:-0.001, prey_14:-0.001} | info_preview={}
2025-11-23 03:29:12,260 [DEBUG] PredPreyGrassEnv.env-0c8aa43e: event=StepBegin | env_id=env-0c8aa43e | step=531 | incoming_actions=['prey_9', 'prey_14', 'prey_17', 'prey_13', 'prey_18', ...] | active_agents=24 | current_step=531
2025-11-23 03:29:12,264 [DEBUG] PredPreyGrassEnv.env-0c8aa43e: event=StepSummary | env_id=env-0c8aa43e | step=531 | current_step=531 | terminated_agents=[] | truncated_agents=[] | remaining_agents=24 | reward_preview={prey_9:-0.001, predator_5:-0.001, predator_2:-0.001, predator_4:-0.001, prey_14:-0.001} | info_preview={}
2025-11-23 03:29:12,275 [DEBUG] PredPreyGrassEnv.env-0c8aa43e: event=StepBegin | env_id=env-0c8aa43e | step=532 | incoming_actions=['prey_9', 'prey_14', 'prey_17', 'prey_13', 'prey_18', ...] | active_agents=24 | current_step=532
2025-11-23 03:29:12,279 [DEBUG] PredPreyGrassEnv.env-0c8aa43e: event=StepSummary | env_id=env-0c8aa43e | step=532 | current_step=532 | terminated_agents=[] | truncated_agents=[] | remaining_agents=24 | reward_preview={prey_9:-0.001, predator_5:-0.001, predator_2:-0.001, predator_4:-0.001, prey_14:-0.001} | info_preview={}
2025-11-23 03:29:12,290 [DEBUG] PredPreyGrassEnv.env-0c8aa43e: event=StepBegin | env_id=env-0c8aa43e | step=533 | incoming_actions=['prey_9', 'prey_14', 'prey_17', 'prey_13', 'prey_18', ...] | active_agents=24 | current_step=533
2025-11-23 03:29:12,294 [DEBUG] PredPreyGrassEnv.env-0c8aa43e: event=StepSummary | env_id=env-0c8aa43e | step=533 | current_step=533 | terminated_agents=[] | truncated_agents=[] | remaining_agents=24 | reward_preview={prey_9:-0.001, predator_5:-0.001, predator_2:-0.001, predator_4:-0.001, prey_14:-0.001} | info_preview={}
2025-11-23 03:29:12,304 [DEBUG] PredPreyGrassEnv.env-0c8aa43e: event=StepBegin | env_id=env-0c8aa43e | step=534 | incoming_actions=['prey_9', 'prey_14', 'prey_17', 'prey_13', 'prey_18', ...] | active_agents=24 | current_step=534
2025-11-23 03:29:12,309 [DEBUG] PredPreyGrassEnv.env-0c8aa43e: event=StepSummary | env_id=env-0c8aa43e | step=534 | current_step=534 | terminated_agents=[] | truncated_agents=[] | remaining_agents=24 | reward_preview={prey_9:-0.001, predator_5:-0.001, predator_2:-0.001, predator_4:-0.001, prey_14:-0.001} | info_preview={}
2025-11-23 03:29:12,319 [DEBUG] PredPreyGrassEnv.env-0c8aa43e: event=StepBegin | env_id=env-0c8aa43e | step=535 | incoming_actions=['prey_9', 'prey_14', 'prey_17', 'prey_13', 'prey_18', ...] | active_agents=24 | current_step=535
2025-11-23 03:29:12,323 [DEBUG] PredPreyGrassEnv.env-0c8aa43e: event=StepSummary | env_id=env-0c8aa43e | step=535 | current_step=535 | terminated_agents=[] | truncated_agents=[] | remaining_agents=24 | reward_preview={prey_9:-0.001, predator_5:-0.001, predator_2:-0.001, predator_4:-0.001, prey_14:-0.001} | info_preview={}
2025-11-23 03:29:12,333 [DEBUG] PredPreyGrassEnv.env-0c8aa43e: event=StepBegin | env_id=env-0c8aa43e | step=536 | incoming_actions=['prey_9', 'prey_14', 'prey_17', 'prey_13', 'prey_18', ...] | active_agents=24 | current_step=536
2025-11-23 03:29:12,337 [DEBUG] PredPreyGrassEnv.env-0c8aa43e: event=StepSummary | env_id=env-0c8aa43e | step=536 | current_step=536 | terminated_agents=[] | truncated_agents=[] | remaining_agents=24 | reward_preview={prey_9:-0.001, predator_5:-0.001, predator_2:-0.001, predator_4:-0.001, prey_14:-0.001} | info_preview={}
2025-11-23 03:29:12,347 [DEBUG] PredPreyGrassEnv.env-0c8aa43e: event=StepBegin | env_id=env-0c8aa43e | step=537 | incoming_actions=['prey_9', 'prey_14', 'prey_17', 'prey_13', 'prey_18', ...] | active_agents=24 | current_step=537
2025-11-23 03:29:12,348 [DEBUG] PredPreyGrassEnv.env-0c8aa43e: event=PreyAteGrass | env_id=env-0c8aa43e | step=537 | prey='prey_10' | grass='grass_46' | prey_position=[695.7373771460007, 689.5621887797131] | grass_energy=10.0 | energy_gained=9.0 | prey_energy=98.41341902827571
2025-11-23 03:29:12,351 [DEBUG] PredPreyGrassEnv.env-0c8aa43e: event=StepSummary | env_id=env-0c8aa43e | step=537 | current_step=537 | terminated_agents=[] | truncated_agents=[] | remaining_agents=24 | reward_preview={prey_9:-0.001, predator_5:-0.001, predator_2:-0.001, predator_4:-0.001, prey_14:-0.001} | info_preview={}
2025-11-23 03:29:12,361 [DEBUG] PredPreyGrassEnv.env-0c8aa43e: event=StepBegin | env_id=env-0c8aa43e | step=538 | incoming_actions=['prey_9', 'prey_14', 'prey_17', 'prey_13', 'prey_18', ...] | active_agents=24 | current_step=538
2025-11-23 03:29:12,365 [DEBUG] PredPreyGrassEnv.env-0c8aa43e: event=StepSummary | env_id=env-0c8aa43e | step=538 | current_step=538 | terminated_agents=[] | truncated_agents=[] | remaining_agents=24 | reward_preview={prey_9:-0.001, predator_5:-0.001, predator_2:-0.001, predator_4:-0.001, prey_14:-0.001} | info_preview={}
2025-11-23 03:29:12,375 [DEBUG] PredPreyGrassEnv.env-0c8aa43e: event=StepBegin | env_id=env-0c8aa43e | step=539 | incoming_actions=['prey_9', 'prey_14', 'prey_17', 'prey_13', 'prey_18', ...] | active_agents=24 | current_step=539
2025-11-23 03:29:12,378 [DEBUG] PredPreyGrassEnv.env-0c8aa43e: event=PreyAteGrass | env_id=env-0c8aa43e | step=539 | prey='prey_7' | grass='grass_26' | prey_position=[517.8224559177092, 672.1322709108069] | grass_energy=10.0 | energy_gained=9.0 | prey_energy=75.87207625541475
2025-11-23 03:29:12,379 [DEBUG] PredPreyGrassEnv.env-0c8aa43e: event=StepSummary | env_id=env-0c8aa43e | step=539 | current_step=539 | terminated_agents=[] | truncated_agents=[] | remaining_agents=24 | reward_preview={prey_9:-0.001, predator_5:-0.001, predator_2:-0.001, predator_4:-0.001, prey_14:-0.001} | info_preview={}
2025-11-23 03:29:12,389 [DEBUG] PredPreyGrassEnv.env-0c8aa43e: event=StepBegin | env_id=env-0c8aa43e | step=540 | incoming_actions=['prey_9', 'prey_14', 'prey_17', 'prey_13', 'prey_18', ...] | active_agents=24 | current_step=540
2025-11-23 03:29:12,393 [DEBUG] PredPreyGrassEnv.env-0c8aa43e: event=StepSummary | env_id=env-0c8aa43e | step=540 | current_step=540 | terminated_agents=[] | truncated_agents=[] | remaining_agents=24 | reward_preview={prey_9:-0.001, predator_5:-0.001, predator_2:-0.001, predator_4:-0.001, prey_14:-0.001} | info_preview={}
2025-11-23 03:29:12,404 [DEBUG] PredPreyGrassEnv.env-0c8aa43e: event=StepBegin | env_id=env-0c8aa43e | step=541 | incoming_actions=['prey_9', 'prey_14', 'prey_17', 'prey_13', 'prey_18', ...] | active_agents=24 | current_step=541
2025-11-23 03:29:12,406 [DEBUG] PredPreyGrassEnv.env-0c8aa43e: event=PreyAteGrass | env_id=env-0c8aa43e | step=541 | prey='prey_18' | grass='grass_65' | prey_position=[726.1963924135508, 413.3984158365616] | grass_energy=10.0 | energy_gained=9.0 | prey_energy=116.72455291656138
2025-11-23 03:29:12,407 [DEBUG] PredPreyGrassEnv.env-0c8aa43e: event=StepSummary | env_id=env-0c8aa43e | step=541 | current_step=541 | terminated_agents=[] | truncated_agents=[] | remaining_agents=24 | reward_preview={prey_9:-0.001, predator_5:-0.001, predator_2:-0.001, predator_4:-0.001, prey_14:-0.001} | info_preview={}
2025-11-23 03:29:12,418 [DEBUG] PredPreyGrassEnv.env-0c8aa43e: event=StepBegin | env_id=env-0c8aa43e | step=542 | incoming_actions=['prey_9', 'prey_14', 'prey_17', 'prey_13', 'prey_18', ...] | active_agents=24 | current_step=542
2025-11-23 03:29:12,421 [DEBUG] PredPreyGrassEnv.env-0c8aa43e: event=StepSummary | env_id=env-0c8aa43e | step=542 | current_step=542 | terminated_agents=[] | truncated_agents=[] | remaining_agents=24 | reward_preview={prey_9:-0.001, predator_5:-0.001, predator_2:-0.001, predator_4:-0.001, prey_14:-0.001} | info_preview={}
2025-11-23 03:29:12,432 [DEBUG] PredPreyGrassEnv.env-0c8aa43e: event=StepBegin | env_id=env-0c8aa43e | step=543 | incoming_actions=['prey_9', 'prey_14', 'prey_17', 'prey_13', 'prey_18', ...] | active_agents=24 | current_step=543
2025-11-23 03:29:12,433 [DEBUG] PredPreyGrassEnv.env-0c8aa43e: event=PreyAteGrass | env_id=env-0c8aa43e | step=543 | prey='prey_1' | grass='grass_5' | prey_position=[264.0677889406562, 28.156157068039846] | grass_energy=10.0 | energy_gained=9.0 | prey_energy=75.14136128643116
2025-11-23 03:29:12,435 [DEBUG] PredPreyGrassEnv.env-0c8aa43e: event=StepSummary | env_id=env-0c8aa43e | step=543 | current_step=543 | terminated_agents=[] | truncated_agents=[] | remaining_agents=24 | reward_preview={prey_9:-0.001, predator_5:-0.001, predator_2:-0.001, predator_4:-0.001, prey_14:-0.001} | info_preview={}
2025-11-23 03:29:12,446 [DEBUG] PredPreyGrassEnv.env-0c8aa43e: event=StepBegin | env_id=env-0c8aa43e | step=544 | incoming_actions=['prey_9', 'prey_14', 'prey_17', 'prey_13', 'prey_18', ...] | active_agents=24 | current_step=544
2025-11-23 03:29:12,450 [DEBUG] PredPreyGrassEnv.env-0c8aa43e: event=StepSummary | env_id=env-0c8aa43e | step=544 | current_step=544 | terminated_agents=[] | truncated_agents=[] | remaining_agents=24 | reward_preview={prey_9:-0.001, predator_5:-0.001, predator_2:-0.001, predator_4:-0.001, prey_14:-0.001} | info_preview={}
2025-11-23 03:29:12,461 [DEBUG] PredPreyGrassEnv.env-0c8aa43e: event=StepBegin | env_id=env-0c8aa43e | step=545 | incoming_actions=['prey_9', 'prey_14', 'prey_17', 'prey_13', 'prey_18', ...] | active_agents=24 | current_step=545
2025-11-23 03:29:12,461 [DEBUG] PredPreyGrassEnv.env-0c8aa43e: event=CollisionBatch | env_id=env-0c8aa43e | step=545 | collisions=[['predator_catch_prey', 'predator_0', 'prey_15']]
2025-11-23 03:29:12,463 [DEBUG] PredPreyGrassEnv.env-0c8aa43e: event=AgentEnergyDepleted | env_id=env-0c8aa43e | step=545 | agent='prey_15' | position=[598.5546844614241, 209.26492634610088] | energy=0
2025-11-23 03:29:12,465 [DEBUG] PredPreyGrassEnv.env-0c8aa43e: event=AgentRemovedFromActiveList | env_id=env-0c8aa43e | step=545 | agent='prey_15' | remaining_agents=23
2025-11-23 03:29:12,465 [DEBUG] PredPreyGrassEnv.env-0c8aa43e: event=StepSummary | env_id=env-0c8aa43e | step=545 | current_step=545 | terminated_agents=['prey_15'] | truncated_agents=[] | remaining_agents=23 | reward_preview={prey_9:-0.001, predator_5:-0.001, predator_2:-0.001, predator_4:-0.001, prey_14:-0.001} | info_preview={}
2025-11-23 03:29:12,476 [DEBUG] PredPreyGrassEnv.env-0c8aa43e: event=StepBegin | env_id=env-0c8aa43e | step=546 | incoming_actions=['prey_9', 'prey_14', 'prey_17', 'prey_13', 'prey_18', ...] | active_agents=23 | current_step=546
2025-11-23 03:29:12,479 [DEBUG] PredPreyGrassEnv.env-0c8aa43e: event=StepSummary | env_id=env-0c8aa43e | step=546 | current_step=546 | terminated_agents=[] | truncated_agents=[] | remaining_agents=23 | reward_preview={prey_9:-0.001, predator_5:-0.001, predator_2:-0.001, predator_4:-0.001, prey_14:-0.001} | info_preview={}
2025-11-23 03:29:12,490 [DEBUG] PredPreyGrassEnv.env-0c8aa43e: event=StepBegin | env_id=env-0c8aa43e | step=547 | incoming_actions=['prey_9', 'prey_14', 'prey_17', 'prey_13', 'prey_18', ...] | active_agents=23 | current_step=547
2025-11-23 03:29:12,494 [DEBUG] PredPreyGrassEnv.env-0c8aa43e: event=StepSummary | env_id=env-0c8aa43e | step=547 | current_step=547 | terminated_agents=[] | truncated_agents=[] | remaining_agents=23 | reward_preview={prey_9:-0.001, predator_5:-0.001, predator_2:-0.001, predator_4:-0.001, prey_14:-0.001} | info_preview={}
2025-11-23 03:29:12,506 [DEBUG] PredPreyGrassEnv.env-0c8aa43e: event=StepBegin | env_id=env-0c8aa43e | step=548 | incoming_actions=['prey_9', 'prey_14', 'prey_17', 'prey_13', 'prey_18', ...] | active_agents=23 | current_step=548
2025-11-23 03:29:12,511 [DEBUG] PredPreyGrassEnv.env-0c8aa43e: event=StepSummary | env_id=env-0c8aa43e | step=548 | current_step=548 | terminated_agents=[] | truncated_agents=[] | remaining_agents=23 | reward_preview={prey_9:-0.001, predator_5:-0.001, predator_2:-0.001, predator_4:-0.001, prey_14:-0.001} | info_preview={}
2025-11-23 03:29:12,524 [DEBUG] PredPreyGrassEnv.env-0c8aa43e: event=StepBegin | env_id=env-0c8aa43e | step=549 | incoming_actions=['prey_9', 'prey_14', 'prey_17', 'prey_13', 'prey_18', ...] | active_agents=23 | current_step=549
2025-11-23 03:29:12,528 [DEBUG] PredPreyGrassEnv.env-0c8aa43e: event=StepSummary | env_id=env-0c8aa43e | step=549 | current_step=549 | terminated_agents=[] | truncated_agents=[] | remaining_agents=23 | reward_preview={prey_9:-0.001, predator_5:-0.001, predator_2:-0.001, predator_4:-0.001, prey_14:-0.001} | info_preview={}
2025-11-23 03:29:12,543 [DEBUG] PredPreyGrassEnv.env-0c8aa43e: event=StepBegin | env_id=env-0c8aa43e | step=550 | incoming_actions=['prey_9', 'prey_14', 'prey_17', 'prey_13', 'prey_18', ...] | active_agents=23 | current_step=550
2025-11-23 03:29:12,548 [DEBUG] PredPreyGrassEnv.env-0c8aa43e: event=StepSummary | env_id=env-0c8aa43e | step=550 | current_step=550 | terminated_agents=[] | truncated_agents=[] | remaining_agents=23 | reward_preview={prey_9:-0.001, predator_5:-0.001, predator_2:-0.001, predator_4:-0.001, prey_14:-0.001} | info_preview={}
2025-11-23 03:29:12,563 [DEBUG] PredPreyGrassEnv.env-0c8aa43e: event=StepBegin | env_id=env-0c8aa43e | step=551 | incoming_actions=['prey_9', 'prey_14', 'prey_17', 'prey_13', 'prey_18', ...] | active_agents=23 | current_step=551
2025-11-23 03:29:12,568 [DEBUG] PredPreyGrassEnv.env-0c8aa43e: event=StepSummary | env_id=env-0c8aa43e | step=551 | current_step=551 | terminated_agents=[] | truncated_agents=[] | remaining_agents=23 | reward_preview={prey_9:-0.001, predator_5:-0.001, predator_2:-0.001, predator_4:-0.001, prey_14:-0.001} | info_preview={}
2025-11-23 03:29:12,584 [DEBUG] PredPreyGrassEnv.env-0c8aa43e: event=StepBegin | env_id=env-0c8aa43e | step=552 | incoming_actions=['prey_9', 'prey_14', 'prey_17', 'prey_13', 'prey_18', ...] | active_agents=23 | current_step=552
2025-11-23 03:29:12,587 [DEBUG] PredPreyGrassEnv.env-0c8aa43e: event=StepSummary | env_id=env-0c8aa43e | step=552 | current_step=552 | terminated_agents=[] | truncated_agents=[] | remaining_agents=23 | reward_preview={prey_9:-0.001, predator_5:-0.001, predator_2:-0.001, predator_4:-0.001, prey_14:-0.001} | info_preview={}
2025-11-23 03:29:12,601 [DEBUG] PredPreyGrassEnv.env-0c8aa43e: event=StepBegin | env_id=env-0c8aa43e | step=553 | incoming_actions=['prey_9', 'prey_14', 'prey_17', 'prey_13', 'prey_18', ...] | active_agents=23 | current_step=553
2025-11-23 03:29:12,606 [DEBUG] PredPreyGrassEnv.env-0c8aa43e: event=StepSummary | env_id=env-0c8aa43e | step=553 | current_step=553 | terminated_agents=[] | truncated_agents=[] | remaining_agents=23 | reward_preview={prey_9:-0.001, predator_5:-0.001, predator_2:-0.001, predator_4:-0.001, prey_14:-0.001} | info_preview={}
2025-11-23 03:29:12,623 [DEBUG] PredPreyGrassEnv.env-0c8aa43e: event=StepBegin | env_id=env-0c8aa43e | step=554 | incoming_actions=['prey_9', 'prey_14', 'prey_17', 'prey_13', 'prey_18', ...] | active_agents=23 | current_step=554
2025-11-23 03:29:12,628 [DEBUG] PredPreyGrassEnv.env-0c8aa43e: event=StepSummary | env_id=env-0c8aa43e | step=554 | current_step=554 | terminated_agents=[] | truncated_agents=[] | remaining_agents=23 | reward_preview={prey_9:-0.001, predator_5:-0.001, predator_2:-0.001, predator_4:-0.001, prey_14:-0.001} | info_preview={}
2025-11-23 03:29:12,639 [DEBUG] PredPreyGrassEnv.env-0c8aa43e: event=StepBegin | env_id=env-0c8aa43e | step=555 | incoming_actions=['prey_9', 'prey_14', 'prey_17', 'prey_13', 'prey_18', ...] | active_agents=23 | current_step=555
2025-11-23 03:29:12,643 [DEBUG] PredPreyGrassEnv.env-0c8aa43e: event=StepSummary | env_id=env-0c8aa43e | step=555 | current_step=555 | terminated_agents=[] | truncated_agents=[] | remaining_agents=23 | reward_preview={prey_9:-0.001, predator_5:-0.001, predator_2:-0.001, predator_4:-0.001, prey_14:-0.001} | info_preview={}
2025-11-23 03:29:12,656 [DEBUG] PredPreyGrassEnv.env-0c8aa43e: event=StepBegin | env_id=env-0c8aa43e | step=556 | incoming_actions=['prey_9', 'prey_14', 'prey_17', 'prey_13', 'prey_18', ...] | active_agents=23 | current_step=556
2025-11-23 03:29:12,661 [DEBUG] PredPreyGrassEnv.env-0c8aa43e: event=StepSummary | env_id=env-0c8aa43e | step=556 | current_step=556 | terminated_agents=[] | truncated_agents=[] | remaining_agents=23 | reward_preview={prey_9:-0.001, predator_5:-0.001, predator_2:-0.001, predator_4:-0.001, prey_14:-0.001} | info_preview={}
2025-11-23 03:29:12,679 [DEBUG] PredPreyGrassEnv.env-0c8aa43e: event=StepBegin | env_id=env-0c8aa43e | step=557 | incoming_actions=['prey_9', 'prey_14', 'prey_17', 'prey_13', 'prey_18', ...] | active_agents=23 | current_step=557
2025-11-23 03:29:12,685 [DEBUG] PredPreyGrassEnv.env-0c8aa43e: event=StepSummary | env_id=env-0c8aa43e | step=557 | current_step=557 | terminated_agents=[] | truncated_agents=[] | remaining_agents=23 | reward_preview={prey_9:-0.001, predator_5:-0.001, predator_2:-0.001, predator_4:-0.001, prey_14:-0.001} | info_preview={}
2025-11-23 03:29:12,700 [DEBUG] PredPreyGrassEnv.env-0c8aa43e: event=StepBegin | env_id=env-0c8aa43e | step=558 | incoming_actions=['prey_9', 'prey_14', 'prey_17', 'prey_13', 'prey_18', ...] | active_agents=23 | current_step=558
2025-11-23 03:29:12,704 [DEBUG] PredPreyGrassEnv.env-0c8aa43e: event=StepSummary | env_id=env-0c8aa43e | step=558 | current_step=558 | terminated_agents=[] | truncated_agents=[] | remaining_agents=23 | reward_preview={prey_9:-0.001, predator_5:-0.001, predator_2:-0.001, predator_4:-0.001, prey_14:-0.001} | info_preview={}
2025-11-23 03:29:12,715 [DEBUG] PredPreyGrassEnv.env-0c8aa43e: event=StepBegin | env_id=env-0c8aa43e | step=559 | incoming_actions=['prey_9', 'prey_14', 'prey_17', 'prey_13', 'prey_18', ...] | active_agents=23 | current_step=559
2025-11-23 03:29:12,719 [DEBUG] PredPreyGrassEnv.env-0c8aa43e: event=StepSummary | env_id=env-0c8aa43e | step=559 | current_step=559 | terminated_agents=[] | truncated_agents=[] | remaining_agents=23 | reward_preview={prey_9:-0.001, predator_5:-0.001, predator_2:-0.001, predator_4:-0.001, prey_14:-0.001} | info_preview={}
2025-11-23 03:29:12,731 [DEBUG] PredPreyGrassEnv.env-0c8aa43e: event=StepBegin | env_id=env-0c8aa43e | step=560 | incoming_actions=['prey_9', 'prey_14', 'prey_17', 'prey_13', 'prey_18', ...] | active_agents=23 | current_step=560
2025-11-23 03:29:12,735 [DEBUG] PredPreyGrassEnv.env-0c8aa43e: event=StepSummary | env_id=env-0c8aa43e | step=560 | current_step=560 | terminated_agents=[] | truncated_agents=[] | remaining_agents=23 | reward_preview={prey_9:-0.001, predator_5:-0.001, predator_2:-0.001, predator_4:-0.001, prey_14:-0.001} | info_preview={}
2025-11-23 03:29:12,745 [DEBUG] PredPreyGrassEnv.env-0c8aa43e: event=StepBegin | env_id=env-0c8aa43e | step=561 | incoming_actions=['prey_9', 'prey_14', 'prey_17', 'prey_13', 'prey_18', ...] | active_agents=23 | current_step=561
2025-11-23 03:29:12,749 [DEBUG] PredPreyGrassEnv.env-0c8aa43e: event=StepSummary | env_id=env-0c8aa43e | step=561 | current_step=561 | terminated_agents=[] | truncated_agents=[] | remaining_agents=23 | reward_preview={prey_9:-0.001, predator_5:-0.001, predator_2:-0.001, predator_4:-0.001, prey_14:-0.001} | info_preview={}
2025-11-23 03:29:12,760 [DEBUG] PredPreyGrassEnv.env-0c8aa43e: event=StepBegin | env_id=env-0c8aa43e | step=562 | incoming_actions=['prey_9', 'prey_14', 'prey_17', 'prey_13', 'prey_18', ...] | active_agents=23 | current_step=562
2025-11-23 03:29:12,763 [DEBUG] PredPreyGrassEnv.env-0c8aa43e: event=StepSummary | env_id=env-0c8aa43e | step=562 | current_step=562 | terminated_agents=[] | truncated_agents=[] | remaining_agents=23 | reward_preview={prey_9:-0.001, predator_5:-0.001, predator_2:-0.001, predator_4:-0.001, prey_14:-0.001} | info_preview={}
2025-11-23 03:29:12,774 [DEBUG] PredPreyGrassEnv.env-0c8aa43e: event=StepBegin | env_id=env-0c8aa43e | step=563 | incoming_actions=['prey_9', 'prey_14', 'prey_17', 'prey_13', 'prey_18', ...] | active_agents=23 | current_step=563
2025-11-23 03:29:12,778 [DEBUG] PredPreyGrassEnv.env-0c8aa43e: event=StepSummary | env_id=env-0c8aa43e | step=563 | current_step=563 | terminated_agents=[] | truncated_agents=[] | remaining_agents=23 | reward_preview={prey_9:-0.001, predator_5:-0.001, predator_2:-0.001, predator_4:-0.001, prey_14:-0.001} | info_preview={}
2025-11-23 03:29:12,788 [DEBUG] PredPreyGrassEnv.env-0c8aa43e: event=StepBegin | env_id=env-0c8aa43e | step=564 | incoming_actions=['prey_9', 'prey_14', 'prey_17', 'prey_13', 'prey_18', ...] | active_agents=23 | current_step=564
2025-11-23 03:29:12,792 [DEBUG] PredPreyGrassEnv.env-0c8aa43e: event=StepSummary | env_id=env-0c8aa43e | step=564 | current_step=564 | terminated_agents=[] | truncated_agents=[] | remaining_agents=23 | reward_preview={prey_9:-0.001, predator_5:-0.001, predator_2:-0.001, predator_4:-0.001, prey_14:-0.001} | info_preview={}
2025-11-23 03:29:12,803 [DEBUG] PredPreyGrassEnv.env-0c8aa43e: event=StepBegin | env_id=env-0c8aa43e | step=565 | incoming_actions=['prey_9', 'prey_14', 'prey_17', 'prey_13', 'prey_18', ...] | active_agents=23 | current_step=565
2025-11-23 03:29:12,806 [DEBUG] PredPreyGrassEnv.env-0c8aa43e: event=StepSummary | env_id=env-0c8aa43e | step=565 | current_step=565 | terminated_agents=[] | truncated_agents=[] | remaining_agents=23 | reward_preview={prey_9:-0.001, predator_5:-0.001, predator_2:-0.001, predator_4:-0.001, prey_14:-0.001} | info_preview={}
2025-11-23 03:29:12,817 [DEBUG] PredPreyGrassEnv.env-0c8aa43e: event=StepBegin | env_id=env-0c8aa43e | step=566 | incoming_actions=['prey_9', 'prey_14', 'prey_17', 'prey_13', 'prey_18', ...] | active_agents=23 | current_step=566
2025-11-23 03:29:12,820 [DEBUG] PredPreyGrassEnv.env-0c8aa43e: event=StepSummary | env_id=env-0c8aa43e | step=566 | current_step=566 | terminated_agents=[] | truncated_agents=[] | remaining_agents=23 | reward_preview={prey_9:-0.001, predator_5:-0.001, predator_2:-0.001, predator_4:-0.001, prey_14:-0.001} | info_preview={}
2025-11-23 03:29:12,831 [DEBUG] PredPreyGrassEnv.env-0c8aa43e: event=StepBegin | env_id=env-0c8aa43e | step=567 | incoming_actions=['prey_9', 'prey_14', 'prey_17', 'prey_13', 'prey_18', ...] | active_agents=23 | current_step=567
2025-11-23 03:29:12,834 [DEBUG] PredPreyGrassEnv.env-0c8aa43e: event=StepSummary | env_id=env-0c8aa43e | step=567 | current_step=567 | terminated_agents=[] | truncated_agents=[] | remaining_agents=23 | reward_preview={prey_9:-0.001, predator_5:-0.001, predator_2:-0.001, predator_4:-0.001, prey_14:-0.001} | info_preview={}
2025-11-23 03:29:12,844 [DEBUG] PredPreyGrassEnv.env-0c8aa43e: event=StepBegin | env_id=env-0c8aa43e | step=568 | incoming_actions=['prey_9', 'prey_14', 'prey_17', 'prey_13', 'prey_18', ...] | active_agents=23 | current_step=568
2025-11-23 03:29:12,846 [DEBUG] PredPreyGrassEnv.env-0c8aa43e: event=PreyAteGrass | env_id=env-0c8aa43e | step=568 | prey='prey_12' | grass='grass_57' | prey_position=[619.0576595257119, 693.2753926129138] | grass_energy=10.0 | energy_gained=9.0 | prey_energy=98.88387833978618
2025-11-23 03:29:12,848 [DEBUG] PredPreyGrassEnv.env-0c8aa43e: event=StepSummary | env_id=env-0c8aa43e | step=568 | current_step=568 | terminated_agents=[] | truncated_agents=[] | remaining_agents=23 | reward_preview={prey_9:-0.001, predator_5:-0.001, predator_2:-0.001, predator_4:-0.001, prey_14:-0.001} | info_preview={}
2025-11-23 03:29:12,858 [DEBUG] PredPreyGrassEnv.env-0c8aa43e: event=StepBegin | env_id=env-0c8aa43e | step=569 | incoming_actions=['prey_9', 'prey_14', 'prey_17', 'prey_13', 'prey_18', ...] | active_agents=23 | current_step=569
2025-11-23 03:29:12,858 [DEBUG] PredPreyGrassEnv.env-0c8aa43e: event=CollisionBatch | env_id=env-0c8aa43e | step=569 | collisions=[['predator_catch_prey', 'predator_2', 'prey_4']]
2025-11-23 03:29:12,861 [DEBUG] PredPreyGrassEnv.env-0c8aa43e: event=AgentEnergyDepleted | env_id=env-0c8aa43e | step=569 | agent='prey_4' | position=[684.3187281285803, 402.25209876044903] | energy=0
2025-11-23 03:29:12,862 [DEBUG] PredPreyGrassEnv.env-0c8aa43e: event=AgentRemovedFromActiveList | env_id=env-0c8aa43e | step=569 | agent='prey_4' | remaining_agents=22
2025-11-23 03:29:12,862 [DEBUG] PredPreyGrassEnv.env-0c8aa43e: event=StepSummary | env_id=env-0c8aa43e | step=569 | current_step=569 | terminated_agents=['prey_4'] | truncated_agents=[] | remaining_agents=22 | reward_preview={prey_9:-0.001, predator_5:-0.001, predator_2:-0.001, predator_4:-0.001, prey_14:-0.001} | info_preview={}
2025-11-23 03:29:12,872 [DEBUG] PredPreyGrassEnv.env-0c8aa43e: event=StepBegin | env_id=env-0c8aa43e | step=570 | incoming_actions=['prey_9', 'prey_14', 'prey_17', 'prey_13', 'prey_18', ...] | active_agents=22 | current_step=570
2025-11-23 03:29:12,875 [DEBUG] PredPreyGrassEnv.env-0c8aa43e: event=StepSummary | env_id=env-0c8aa43e | step=570 | current_step=570 | terminated_agents=[] | truncated_agents=[] | remaining_agents=22 | reward_preview={prey_9:-0.001, predator_5:-0.001, predator_2:-0.001, predator_4:-0.001, prey_14:-0.001} | info_preview={}
2025-11-23 03:29:12,885 [DEBUG] PredPreyGrassEnv.env-0c8aa43e: event=StepBegin | env_id=env-0c8aa43e | step=571 | incoming_actions=['prey_9', 'prey_14', 'prey_17', 'prey_13', 'prey_18', ...] | active_agents=22 | current_step=571
2025-11-23 03:29:12,888 [DEBUG] PredPreyGrassEnv.env-0c8aa43e: event=StepSummary | env_id=env-0c8aa43e | step=571 | current_step=571 | terminated_agents=[] | truncated_agents=[] | remaining_agents=22 | reward_preview={prey_9:-0.001, predator_5:-0.001, predator_2:-0.001, predator_4:-0.001, prey_14:-0.001} | info_preview={}
2025-11-23 03:29:12,898 [DEBUG] PredPreyGrassEnv.env-0c8aa43e: event=StepBegin | env_id=env-0c8aa43e | step=572 | incoming_actions=['prey_9', 'prey_14', 'prey_17', 'prey_13', 'prey_18', ...] | active_agents=22 | current_step=572
2025-11-23 03:29:12,901 [DEBUG] PredPreyGrassEnv.env-0c8aa43e: event=StepSummary | env_id=env-0c8aa43e | step=572 | current_step=572 | terminated_agents=[] | truncated_agents=[] | remaining_agents=22 | reward_preview={prey_9:-0.001, predator_5:-0.001, predator_2:-0.001, predator_4:-0.001, prey_14:-0.001} | info_preview={}
2025-11-23 03:29:12,911 [DEBUG] PredPreyGrassEnv.env-0c8aa43e: event=StepBegin | env_id=env-0c8aa43e | step=573 | incoming_actions=['prey_9', 'prey_14', 'prey_17', 'prey_13', 'prey_18', ...] | active_agents=22 | current_step=573
2025-11-23 03:29:12,915 [DEBUG] PredPreyGrassEnv.env-0c8aa43e: event=StepSummary | env_id=env-0c8aa43e | step=573 | current_step=573 | terminated_agents=[] | truncated_agents=[] | remaining_agents=22 | reward_preview={prey_9:-0.001, predator_5:-0.001, predator_2:-0.001, predator_4:-0.001, prey_14:-0.001} | info_preview={}
2025-11-23 03:29:12,925 [DEBUG] PredPreyGrassEnv.env-0c8aa43e: event=StepBegin | env_id=env-0c8aa43e | step=574 | incoming_actions=['prey_9', 'prey_14', 'prey_17', 'prey_13', 'prey_18', ...] | active_agents=22 | current_step=574
2025-11-23 03:29:12,928 [DEBUG] PredPreyGrassEnv.env-0c8aa43e: event=StepSummary | env_id=env-0c8aa43e | step=574 | current_step=574 | terminated_agents=[] | truncated_agents=[] | remaining_agents=22 | reward_preview={prey_9:-0.001, predator_5:-0.001, predator_2:-0.001, predator_4:-0.001, prey_14:-0.001} | info_preview={}
2025-11-23 03:29:12,938 [DEBUG] PredPreyGrassEnv.env-0c8aa43e: event=StepBegin | env_id=env-0c8aa43e | step=575 | incoming_actions=['prey_9', 'prey_14', 'prey_17', 'prey_13', 'prey_18', ...] | active_agents=22 | current_step=575
2025-11-23 03:29:12,942 [DEBUG] PredPreyGrassEnv.env-0c8aa43e: event=StepSummary | env_id=env-0c8aa43e | step=575 | current_step=575 | terminated_agents=[] | truncated_agents=[] | remaining_agents=22 | reward_preview={prey_9:-0.001, predator_5:-0.001, predator_2:-0.001, predator_4:-0.001, prey_14:-0.001} | info_preview={}
2025-11-23 03:29:12,953 [DEBUG] PredPreyGrassEnv.env-0c8aa43e: event=StepBegin | env_id=env-0c8aa43e | step=576 | incoming_actions=['prey_9', 'prey_14', 'prey_17', 'prey_13', 'prey_18', ...] | active_agents=22 | current_step=576
2025-11-23 03:29:12,956 [DEBUG] PredPreyGrassEnv.env-0c8aa43e: event=StepSummary | env_id=env-0c8aa43e | step=576 | current_step=576 | terminated_agents=[] | truncated_agents=[] | remaining_agents=22 | reward_preview={prey_9:-0.001, predator_5:-0.001, predator_2:-0.001, predator_4:-0.001, prey_14:-0.001} | info_preview={}
2025-11-23 03:29:12,967 [DEBUG] PredPreyGrassEnv.env-0c8aa43e: event=StepBegin | env_id=env-0c8aa43e | step=577 | incoming_actions=['prey_9', 'prey_14', 'prey_17', 'prey_13', 'prey_18', ...] | active_agents=22 | current_step=577
2025-11-23 03:29:12,971 [DEBUG] PredPreyGrassEnv.env-0c8aa43e: event=StepSummary | env_id=env-0c8aa43e | step=577 | current_step=577 | terminated_agents=[] | truncated_agents=[] | remaining_agents=22 | reward_preview={prey_9:-0.001, predator_5:-0.001, predator_2:-0.001, predator_4:-0.001, prey_14:-0.001} | info_preview={}
2025-11-23 03:29:12,981 [DEBUG] PredPreyGrassEnv.env-0c8aa43e: event=StepBegin | env_id=env-0c8aa43e | step=578 | incoming_actions=['prey_9', 'prey_14', 'prey_17', 'prey_13', 'prey_18', ...] | active_agents=22 | current_step=578
2025-11-23 03:29:12,985 [DEBUG] PredPreyGrassEnv.env-0c8aa43e: event=StepSummary | env_id=env-0c8aa43e | step=578 | current_step=578 | terminated_agents=[] | truncated_agents=[] | remaining_agents=22 | reward_preview={prey_9:-0.001, predator_5:-0.001, predator_2:-0.001, predator_4:-0.001, prey_14:-0.001} | info_preview={}
2025-11-23 03:29:12,995 [DEBUG] PredPreyGrassEnv.env-0c8aa43e: event=StepBegin | env_id=env-0c8aa43e | step=579 | incoming_actions=['prey_9', 'prey_14', 'prey_17', 'prey_13', 'prey_18', ...] | active_agents=22 | current_step=579
2025-11-23 03:29:12,999 [DEBUG] PredPreyGrassEnv.env-0c8aa43e: event=StepSummary | env_id=env-0c8aa43e | step=579 | current_step=579 | terminated_agents=[] | truncated_agents=[] | remaining_agents=22 | reward_preview={prey_9:-0.001, predator_5:-0.001, predator_2:-0.001, predator_4:-0.001, prey_14:-0.001} | info_preview={}
2025-11-23 03:29:13,009 [DEBUG] PredPreyGrassEnv.env-0c8aa43e: event=StepBegin | env_id=env-0c8aa43e | step=580 | incoming_actions=['prey_9', 'prey_14', 'prey_17', 'prey_13', 'prey_18', ...] | active_agents=22 | current_step=580
2025-11-23 03:29:13,012 [DEBUG] PredPreyGrassEnv.env-0c8aa43e: event=StepSummary | env_id=env-0c8aa43e | step=580 | current_step=580 | terminated_agents=[] | truncated_agents=[] | remaining_agents=22 | reward_preview={prey_9:-0.001, predator_5:-0.001, predator_2:-0.001, predator_4:-0.001, prey_14:-0.001} | info_preview={}
2025-11-23 03:29:13,022 [DEBUG] PredPreyGrassEnv.env-0c8aa43e: event=StepBegin | env_id=env-0c8aa43e | step=581 | incoming_actions=['prey_9', 'prey_14', 'prey_17', 'prey_13', 'prey_18', ...] | active_agents=22 | current_step=581
2025-11-23 03:29:13,026 [DEBUG] PredPreyGrassEnv.env-0c8aa43e: event=StepSummary | env_id=env-0c8aa43e | step=581 | current_step=581 | terminated_agents=[] | truncated_agents=[] | remaining_agents=22 | reward_preview={prey_9:-0.001, predator_5:-0.001, predator_2:-0.001, predator_4:-0.001, prey_14:-0.001} | info_preview={}
2025-11-23 03:29:13,036 [DEBUG] PredPreyGrassEnv.env-0c8aa43e: event=StepBegin | env_id=env-0c8aa43e | step=582 | incoming_actions=['prey_9', 'prey_14', 'prey_17', 'prey_13', 'prey_18', ...] | active_agents=22 | current_step=582
2025-11-23 03:29:13,040 [DEBUG] PredPreyGrassEnv.env-0c8aa43e: event=StepSummary | env_id=env-0c8aa43e | step=582 | current_step=582 | terminated_agents=[] | truncated_agents=[] | remaining_agents=22 | reward_preview={prey_9:-0.001, predator_5:-0.001, predator_2:-0.001, predator_4:-0.001, prey_14:-0.001} | info_preview={}
2025-11-23 03:29:13,050 [DEBUG] PredPreyGrassEnv.env-0c8aa43e: event=StepBegin | env_id=env-0c8aa43e | step=583 | incoming_actions=['prey_9', 'prey_14', 'prey_17', 'prey_13', 'prey_18', ...] | active_agents=22 | current_step=583
2025-11-23 03:29:13,053 [DEBUG] PredPreyGrassEnv.env-0c8aa43e: event=StepSummary | env_id=env-0c8aa43e | step=583 | current_step=583 | terminated_agents=[] | truncated_agents=[] | remaining_agents=22 | reward_preview={prey_9:-0.001, predator_5:-0.001, predator_2:-0.001, predator_4:-0.001, prey_14:-0.001} | info_preview={}
2025-11-23 03:29:13,063 [DEBUG] PredPreyGrassEnv.env-0c8aa43e: event=StepBegin | env_id=env-0c8aa43e | step=584 | incoming_actions=['prey_9', 'prey_14', 'prey_17', 'prey_13', 'prey_18', ...] | active_agents=22 | current_step=584
2025-11-23 03:29:13,065 [DEBUG] PredPreyGrassEnv.env-0c8aa43e: event=PreyAteGrass | env_id=env-0c8aa43e | step=584 | prey='prey_10' | grass='grass_70' | prey_position=[659.9354828139607, 750.6877800464459] | grass_energy=10.0 | energy_gained=9.0 | prey_energy=98.11590472538347
2025-11-23 03:29:13,067 [DEBUG] PredPreyGrassEnv.env-0c8aa43e: event=StepSummary | env_id=env-0c8aa43e | step=584 | current_step=584 | terminated_agents=[] | truncated_agents=[] | remaining_agents=22 | reward_preview={prey_9:-0.001, predator_5:-0.001, predator_2:-0.001, predator_4:-0.001, prey_14:-0.001} | info_preview={}
2025-11-23 03:29:13,077 [DEBUG] PredPreyGrassEnv.env-0c8aa43e: event=StepBegin | env_id=env-0c8aa43e | step=585 | incoming_actions=['prey_9', 'prey_14', 'prey_17', 'prey_13', 'prey_18', ...] | active_agents=22 | current_step=585
2025-11-23 03:29:13,080 [DEBUG] PredPreyGrassEnv.env-0c8aa43e: event=StepSummary | env_id=env-0c8aa43e | step=585 | current_step=585 | terminated_agents=[] | truncated_agents=[] | remaining_agents=22 | reward_preview={prey_9:-0.001, predator_5:-0.001, predator_2:-0.001, predator_4:-0.001, prey_14:-0.001} | info_preview={}
2025-11-23 03:29:13,090 [DEBUG] PredPreyGrassEnv.env-0c8aa43e: event=StepBegin | env_id=env-0c8aa43e | step=586 | incoming_actions=['prey_9', 'prey_14', 'prey_17', 'prey_13', 'prey_18', ...] | active_agents=22 | current_step=586
2025-11-23 03:29:13,090 [DEBUG] PredPreyGrassEnv.env-0c8aa43e: event=CollisionBatch | env_id=env-0c8aa43e | step=586 | collisions=[['predator_catch_prey', 'predator_1', 'prey_8']]
2025-11-23 03:29:13,093 [DEBUG] PredPreyGrassEnv.env-0c8aa43e: event=AgentEnergyDepleted | env_id=env-0c8aa43e | step=586 | agent='prey_8' | position=[484.4353460613089, 722.7780128312234] | energy=0
2025-11-23 03:29:13,094 [DEBUG] PredPreyGrassEnv.env-0c8aa43e: event=AgentRemovedFromActiveList | env_id=env-0c8aa43e | step=586 | agent='prey_8' | remaining_agents=21
2025-11-23 03:29:13,094 [DEBUG] PredPreyGrassEnv.env-0c8aa43e: event=StepSummary | env_id=env-0c8aa43e | step=586 | current_step=586 | terminated_agents=['prey_8'] | truncated_agents=[] | remaining_agents=21 | reward_preview={prey_9:-0.001, predator_5:-0.001, predator_2:-0.001, predator_4:-0.001, prey_14:-0.001} | info_preview={}
2025-11-23 03:29:13,104 [DEBUG] PredPreyGrassEnv.env-0c8aa43e: event=StepBegin | env_id=env-0c8aa43e | step=587 | incoming_actions=['prey_9', 'prey_14', 'prey_17', 'prey_13', 'prey_18', ...] | active_agents=21 | current_step=587
2025-11-23 03:29:13,107 [DEBUG] PredPreyGrassEnv.env-0c8aa43e: event=StepSummary | env_id=env-0c8aa43e | step=587 | current_step=587 | terminated_agents=[] | truncated_agents=[] | remaining_agents=21 | reward_preview={prey_9:-0.001, predator_5:-0.001, predator_2:-0.001, predator_4:-0.001, prey_14:-0.001} | info_preview={}
2025-11-23 03:29:13,116 [DEBUG] PredPreyGrassEnv.env-0c8aa43e: event=StepBegin | env_id=env-0c8aa43e | step=588 | incoming_actions=['prey_9', 'prey_14', 'prey_17', 'prey_13', 'prey_18', ...] | active_agents=21 | current_step=588
2025-11-23 03:29:13,119 [DEBUG] PredPreyGrassEnv.env-0c8aa43e: event=StepSummary | env_id=env-0c8aa43e | step=588 | current_step=588 | terminated_agents=[] | truncated_agents=[] | remaining_agents=21 | reward_preview={prey_9:-0.001, predator_5:-0.001, predator_2:-0.001, predator_4:-0.001, prey_14:-0.001} | info_preview={}
2025-11-23 03:29:13,129 [DEBUG] PredPreyGrassEnv.env-0c8aa43e: event=StepBegin | env_id=env-0c8aa43e | step=589 | incoming_actions=['prey_9', 'prey_14', 'prey_17', 'prey_13', 'prey_18', ...] | active_agents=21 | current_step=589
2025-11-23 03:29:13,132 [DEBUG] PredPreyGrassEnv.env-0c8aa43e: event=StepSummary | env_id=env-0c8aa43e | step=589 | current_step=589 | terminated_agents=[] | truncated_agents=[] | remaining_agents=21 | reward_preview={prey_9:-0.001, predator_5:-0.001, predator_2:-0.001, predator_4:-0.001, prey_14:-0.001} | info_preview={}
2025-11-23 03:29:13,141 [DEBUG] PredPreyGrassEnv.env-0c8aa43e: event=StepBegin | env_id=env-0c8aa43e | step=590 | incoming_actions=['prey_9', 'prey_14', 'prey_17', 'prey_13', 'prey_18', ...] | active_agents=21 | current_step=590
2025-11-23 03:29:13,145 [DEBUG] PredPreyGrassEnv.env-0c8aa43e: event=StepSummary | env_id=env-0c8aa43e | step=590 | current_step=590 | terminated_agents=[] | truncated_agents=[] | remaining_agents=21 | reward_preview={prey_9:-0.001, predator_5:-0.001, predator_2:-0.001, predator_4:-0.001, prey_14:-0.001} | info_preview={}
2025-11-23 03:29:13,154 [DEBUG] PredPreyGrassEnv.env-0c8aa43e: event=StepBegin | env_id=env-0c8aa43e | step=591 | incoming_actions=['prey_9', 'prey_14', 'prey_17', 'prey_13', 'prey_18', ...] | active_agents=21 | current_step=591
2025-11-23 03:29:13,157 [DEBUG] PredPreyGrassEnv.env-0c8aa43e: event=StepSummary | env_id=env-0c8aa43e | step=591 | current_step=591 | terminated_agents=[] | truncated_agents=[] | remaining_agents=21 | reward_preview={prey_9:-0.001, predator_5:-0.001, predator_2:-0.001, predator_4:-0.001, prey_14:-0.001} | info_preview={}
2025-11-23 03:29:13,167 [DEBUG] PredPreyGrassEnv.env-0c8aa43e: event=StepBegin | env_id=env-0c8aa43e | step=592 | incoming_actions=['prey_9', 'prey_14', 'prey_17', 'prey_13', 'prey_18', ...] | active_agents=21 | current_step=592
2025-11-23 03:29:13,171 [DEBUG] PredPreyGrassEnv.env-0c8aa43e: event=StepSummary | env_id=env-0c8aa43e | step=592 | current_step=592 | terminated_agents=[] | truncated_agents=[] | remaining_agents=21 | reward_preview={prey_9:-0.001, predator_5:-0.001, predator_2:-0.001, predator_4:-0.001, prey_14:-0.001} | info_preview={}
2025-11-23 03:29:13,180 [DEBUG] PredPreyGrassEnv.env-0c8aa43e: event=StepBegin | env_id=env-0c8aa43e | step=593 | incoming_actions=['prey_9', 'prey_14', 'prey_17', 'prey_13', 'prey_18', ...] | active_agents=21 | current_step=593
2025-11-23 03:29:13,183 [DEBUG] PredPreyGrassEnv.env-0c8aa43e: event=StepSummary | env_id=env-0c8aa43e | step=593 | current_step=593 | terminated_agents=[] | truncated_agents=[] | remaining_agents=21 | reward_preview={prey_9:-0.001, predator_5:-0.001, predator_2:-0.001, predator_4:-0.001, prey_14:-0.001} | info_preview={}
2025-11-23 03:29:13,193 [DEBUG] PredPreyGrassEnv.env-0c8aa43e: event=StepBegin | env_id=env-0c8aa43e | step=594 | incoming_actions=['prey_9', 'prey_14', 'prey_17', 'prey_13', 'prey_18', ...] | active_agents=21 | current_step=594
2025-11-23 03:29:13,195 [DEBUG] PredPreyGrassEnv.env-0c8aa43e: event=PreyAteGrass | env_id=env-0c8aa43e | step=594 | prey='prey_16' | grass='grass_34' | prey_position=[749.0777198217069, 209.62329300115022] | grass_energy=10.0 | energy_gained=9.0 | prey_energy=99.67712184002538
2025-11-23 03:29:13,196 [DEBUG] PredPreyGrassEnv.env-0c8aa43e: event=StepSummary | env_id=env-0c8aa43e | step=594 | current_step=594 | terminated_agents=[] | truncated_agents=[] | remaining_agents=21 | reward_preview={prey_9:-0.001, predator_5:-0.001, predator_2:-0.001, predator_4:-0.001, prey_14:-0.001} | info_preview={}
2025-11-23 03:29:13,206 [DEBUG] PredPreyGrassEnv.env-0c8aa43e: event=StepBegin | env_id=env-0c8aa43e | step=595 | incoming_actions=['prey_9', 'prey_14', 'prey_17', 'prey_13', 'prey_18', ...] | active_agents=21 | current_step=595
2025-11-23 03:29:13,209 [DEBUG] PredPreyGrassEnv.env-0c8aa43e: event=StepSummary | env_id=env-0c8aa43e | step=595 | current_step=595 | terminated_agents=[] | truncated_agents=[] | remaining_agents=21 | reward_preview={prey_9:-0.001, predator_5:-0.001, predator_2:-0.001, predator_4:-0.001, prey_14:-0.001} | info_preview={}
2025-11-23 03:29:13,218 [DEBUG] PredPreyGrassEnv.env-0c8aa43e: event=StepBegin | env_id=env-0c8aa43e | step=596 | incoming_actions=['prey_9', 'prey_14', 'prey_17', 'prey_13', 'prey_18', ...] | active_agents=21 | current_step=596
2025-11-23 03:29:13,222 [DEBUG] PredPreyGrassEnv.env-0c8aa43e: event=StepSummary | env_id=env-0c8aa43e | step=596 | current_step=596 | terminated_agents=[] | truncated_agents=[] | remaining_agents=21 | reward_preview={prey_9:-0.001, predator_5:-0.001, predator_2:-0.001, predator_4:-0.001, prey_14:-0.001} | info_preview={}
2025-11-23 03:29:13,231 [DEBUG] PredPreyGrassEnv.env-0c8aa43e: event=StepBegin | env_id=env-0c8aa43e | step=597 | incoming_actions=['prey_9', 'prey_14', 'prey_17', 'prey_13', 'prey_18', ...] | active_agents=21 | current_step=597
2025-11-23 03:29:13,234 [DEBUG] PredPreyGrassEnv.env-0c8aa43e: event=StepSummary | env_id=env-0c8aa43e | step=597 | current_step=597 | terminated_agents=[] | truncated_agents=[] | remaining_agents=21 | reward_preview={prey_9:-0.001, predator_5:-0.001, predator_2:-0.001, predator_4:-0.001, prey_14:-0.001} | info_preview={}
2025-11-23 03:29:13,244 [DEBUG] PredPreyGrassEnv.env-0c8aa43e: event=StepBegin | env_id=env-0c8aa43e | step=598 | incoming_actions=['prey_9', 'prey_14', 'prey_17', 'prey_13', 'prey_18', ...] | active_agents=21 | current_step=598
2025-11-23 03:29:13,247 [DEBUG] PredPreyGrassEnv.env-0c8aa43e: event=StepSummary | env_id=env-0c8aa43e | step=598 | current_step=598 | terminated_agents=[] | truncated_agents=[] | remaining_agents=21 | reward_preview={prey_9:-0.001, predator_5:-0.001, predator_2:-0.001, predator_4:-0.001, prey_14:-0.001} | info_preview={}
2025-11-23 03:29:13,257 [DEBUG] PredPreyGrassEnv.env-0c8aa43e: event=StepBegin | env_id=env-0c8aa43e | step=599 | incoming_actions=['prey_9', 'prey_14', 'prey_17', 'prey_13', 'prey_18', ...] | active_agents=21 | current_step=599
2025-11-23 03:29:13,260 [DEBUG] PredPreyGrassEnv.env-0c8aa43e: event=StepSummary | env_id=env-0c8aa43e | step=599 | current_step=599 | terminated_agents=[] | truncated_agents=[] | remaining_agents=21 | reward_preview={prey_9:-0.001, predator_5:-0.001, predator_2:-0.001, predator_4:-0.001, prey_14:-0.001} | info_preview={}
2025-11-23 03:29:13,270 [DEBUG] PredPreyGrassEnv.env-0c8aa43e: event=StepBegin | env_id=env-0c8aa43e | step=600 | incoming_actions=['prey_9', 'prey_14', 'prey_17', 'prey_13', 'prey_18', ...] | active_agents=21 | current_step=600
2025-11-23 03:29:13,272 [DEBUG] PredPreyGrassEnv.env-0c8aa43e: event=PreyAteGrass | env_id=env-0c8aa43e | step=600 | prey='prey_18' | grass='grass_83' | prey_position=[693.0916254563599, 516.3588229121999] | grass_energy=10.0 | energy_gained=9.0 | prey_energy=111.88181144264402
2025-11-23 03:29:13,273 [DEBUG] PredPreyGrassEnv.env-0c8aa43e: event=StepSummary | env_id=env-0c8aa43e | step=600 | current_step=600 | terminated_agents=[] | truncated_agents=[] | remaining_agents=21 | reward_preview={prey_9:-0.001, predator_5:-0.001, predator_2:-0.001, predator_4:-0.001, prey_14:-0.001} | info_preview={}
2025-11-23 03:29:13,282 [DEBUG] PredPreyGrassEnv.env-0c8aa43e: event=StepBegin | env_id=env-0c8aa43e | step=601 | incoming_actions=['prey_9', 'prey_14', 'prey_17', 'prey_13', 'prey_18', ...] | active_agents=21 | current_step=601
2025-11-23 03:29:13,285 [DEBUG] PredPreyGrassEnv.env-0c8aa43e: event=StepSummary | env_id=env-0c8aa43e | step=601 | current_step=601 | terminated_agents=[] | truncated_agents=[] | remaining_agents=21 | reward_preview={prey_9:-0.001, predator_5:-0.001, predator_2:-0.001, predator_4:-0.001, prey_14:-0.001} | info_preview={}
2025-11-23 03:29:13,295 [DEBUG] PredPreyGrassEnv.env-0c8aa43e: event=StepBegin | env_id=env-0c8aa43e | step=602 | incoming_actions=['prey_9', 'prey_14', 'prey_17', 'prey_13', 'prey_18', ...] | active_agents=21 | current_step=602
2025-11-23 03:29:13,298 [DEBUG] PredPreyGrassEnv.env-0c8aa43e: event=StepSummary | env_id=env-0c8aa43e | step=602 | current_step=602 | terminated_agents=[] | truncated_agents=[] | remaining_agents=21 | reward_preview={prey_9:-0.001, predator_5:-0.001, predator_2:-0.001, predator_4:-0.001, prey_14:-0.001} | info_preview={}
2025-11-23 03:29:13,308 [DEBUG] PredPreyGrassEnv.env-0c8aa43e: event=StepBegin | env_id=env-0c8aa43e | step=603 | incoming_actions=['prey_9', 'prey_14', 'prey_17', 'prey_13', 'prey_18', ...] | active_agents=21 | current_step=603
2025-11-23 03:29:13,311 [DEBUG] PredPreyGrassEnv.env-0c8aa43e: event=StepSummary | env_id=env-0c8aa43e | step=603 | current_step=603 | terminated_agents=[] | truncated_agents=[] | remaining_agents=21 | reward_preview={prey_9:-0.001, predator_5:-0.001, predator_2:-0.001, predator_4:-0.001, prey_14:-0.001} | info_preview={}
2025-11-23 03:29:13,320 [DEBUG] PredPreyGrassEnv.env-0c8aa43e: event=StepBegin | env_id=env-0c8aa43e | step=604 | incoming_actions=['prey_9', 'prey_14', 'prey_17', 'prey_13', 'prey_18', ...] | active_agents=21 | current_step=604
2025-11-23 03:29:13,324 [DEBUG] PredPreyGrassEnv.env-0c8aa43e: event=StepSummary | env_id=env-0c8aa43e | step=604 | current_step=604 | terminated_agents=[] | truncated_agents=[] | remaining_agents=21 | reward_preview={prey_9:-0.001, predator_5:-0.001, predator_2:-0.001, predator_4:-0.001, prey_14:-0.001} | info_preview={}
2025-11-23 03:29:13,333 [DEBUG] PredPreyGrassEnv.env-0c8aa43e: event=StepBegin | env_id=env-0c8aa43e | step=605 | incoming_actions=['prey_9', 'prey_14', 'prey_17', 'prey_13', 'prey_18', ...] | active_agents=21 | current_step=605
2025-11-23 03:29:13,336 [DEBUG] PredPreyGrassEnv.env-0c8aa43e: event=StepSummary | env_id=env-0c8aa43e | step=605 | current_step=605 | terminated_agents=[] | truncated_agents=[] | remaining_agents=21 | reward_preview={prey_9:-0.001, predator_5:-0.001, predator_2:-0.001, predator_4:-0.001, prey_14:-0.001} | info_preview={}
2025-11-23 03:29:13,346 [DEBUG] PredPreyGrassEnv.env-0c8aa43e: event=StepBegin | env_id=env-0c8aa43e | step=606 | incoming_actions=['prey_9', 'prey_14', 'prey_17', 'prey_13', 'prey_18', ...] | active_agents=21 | current_step=606
2025-11-23 03:29:13,349 [DEBUG] PredPreyGrassEnv.env-0c8aa43e: event=StepSummary | env_id=env-0c8aa43e | step=606 | current_step=606 | terminated_agents=[] | truncated_agents=[] | remaining_agents=21 | reward_preview={prey_9:-0.001, predator_5:-0.001, predator_2:-0.001, predator_4:-0.001, prey_14:-0.001} | info_preview={}
2025-11-23 03:29:13,359 [DEBUG] PredPreyGrassEnv.env-0c8aa43e: event=StepBegin | env_id=env-0c8aa43e | step=607 | incoming_actions=['prey_9', 'prey_14', 'prey_17', 'prey_13', 'prey_18', ...] | active_agents=21 | current_step=607
2025-11-23 03:29:13,362 [DEBUG] PredPreyGrassEnv.env-0c8aa43e: event=StepSummary | env_id=env-0c8aa43e | step=607 | current_step=607 | terminated_agents=[] | truncated_agents=[] | remaining_agents=21 | reward_preview={prey_9:-0.001, predator_5:-0.001, predator_2:-0.001, predator_4:-0.001, prey_14:-0.001} | info_preview={}
2025-11-23 03:29:13,372 [DEBUG] PredPreyGrassEnv.env-0c8aa43e: event=StepBegin | env_id=env-0c8aa43e | step=608 | incoming_actions=['prey_9', 'prey_14', 'prey_17', 'prey_13', 'prey_18', ...] | active_agents=21 | current_step=608
2025-11-23 03:29:13,375 [DEBUG] PredPreyGrassEnv.env-0c8aa43e: event=StepSummary | env_id=env-0c8aa43e | step=608 | current_step=608 | terminated_agents=[] | truncated_agents=[] | remaining_agents=21 | reward_preview={prey_9:-0.001, predator_5:-0.001, predator_2:-0.001, predator_4:-0.001, prey_14:-0.001} | info_preview={}
2025-11-23 03:29:13,384 [DEBUG] PredPreyGrassEnv.env-0c8aa43e: event=StepBegin | env_id=env-0c8aa43e | step=609 | incoming_actions=['prey_9', 'prey_14', 'prey_17', 'prey_13', 'prey_18', ...] | active_agents=21 | current_step=609
2025-11-23 03:29:13,388 [DEBUG] PredPreyGrassEnv.env-0c8aa43e: event=StepSummary | env_id=env-0c8aa43e | step=609 | current_step=609 | terminated_agents=[] | truncated_agents=[] | remaining_agents=21 | reward_preview={prey_9:-0.001, predator_5:-0.001, predator_2:-0.001, predator_4:-0.001, prey_14:-0.001} | info_preview={}
2025-11-23 03:29:13,397 [DEBUG] PredPreyGrassEnv.env-0c8aa43e: event=StepBegin | env_id=env-0c8aa43e | step=610 | incoming_actions=['prey_9', 'prey_14', 'prey_17', 'prey_13', 'prey_18', ...] | active_agents=21 | current_step=610
2025-11-23 03:29:13,401 [DEBUG] PredPreyGrassEnv.env-0c8aa43e: event=StepSummary | env_id=env-0c8aa43e | step=610 | current_step=610 | terminated_agents=[] | truncated_agents=[] | remaining_agents=21 | reward_preview={prey_9:-0.001, predator_5:-0.001, predator_2:-0.001, predator_4:-0.001, prey_14:-0.001} | info_preview={}
2025-11-23 03:29:13,410 [DEBUG] PredPreyGrassEnv.env-0c8aa43e: event=StepBegin | env_id=env-0c8aa43e | step=611 | incoming_actions=['prey_9', 'prey_14', 'prey_17', 'prey_13', 'prey_18', ...] | active_agents=21 | current_step=611
2025-11-23 03:29:13,413 [DEBUG] PredPreyGrassEnv.env-0c8aa43e: event=StepSummary | env_id=env-0c8aa43e | step=611 | current_step=611 | terminated_agents=[] | truncated_agents=[] | remaining_agents=21 | reward_preview={prey_9:-0.001, predator_5:-0.001, predator_2:-0.001, predator_4:-0.001, prey_14:-0.001} | info_preview={}
2025-11-23 03:29:13,423 [DEBUG] PredPreyGrassEnv.env-0c8aa43e: event=StepBegin | env_id=env-0c8aa43e | step=612 | incoming_actions=['prey_9', 'prey_14', 'prey_17', 'prey_13', 'prey_18', ...] | active_agents=21 | current_step=612
2025-11-23 03:29:13,426 [DEBUG] PredPreyGrassEnv.env-0c8aa43e: event=StepSummary | env_id=env-0c8aa43e | step=612 | current_step=612 | terminated_agents=[] | truncated_agents=[] | remaining_agents=21 | reward_preview={prey_9:-0.001, predator_5:-0.001, predator_2:-0.001, predator_4:-0.001, prey_14:-0.001} | info_preview={}
2025-11-23 03:29:13,436 [DEBUG] PredPreyGrassEnv.env-0c8aa43e: event=StepBegin | env_id=env-0c8aa43e | step=613 | incoming_actions=['prey_9', 'prey_14', 'prey_17', 'prey_13', 'prey_18', ...] | active_agents=21 | current_step=613
2025-11-23 03:29:13,439 [DEBUG] PredPreyGrassEnv.env-0c8aa43e: event=StepSummary | env_id=env-0c8aa43e | step=613 | current_step=613 | terminated_agents=[] | truncated_agents=[] | remaining_agents=21 | reward_preview={prey_9:-0.001, predator_5:-0.001, predator_2:-0.001, predator_4:-0.001, prey_14:-0.001} | info_preview={}
2025-11-23 03:29:13,449 [DEBUG] PredPreyGrassEnv.env-0c8aa43e: event=StepBegin | env_id=env-0c8aa43e | step=614 | incoming_actions=['prey_9', 'prey_14', 'prey_17', 'prey_13', 'prey_18', ...] | active_agents=21 | current_step=614
2025-11-23 03:29:13,452 [DEBUG] PredPreyGrassEnv.env-0c8aa43e: event=StepSummary | env_id=env-0c8aa43e | step=614 | current_step=614 | terminated_agents=[] | truncated_agents=[] | remaining_agents=21 | reward_preview={prey_9:-0.001, predator_5:-0.001, predator_2:-0.001, predator_4:-0.001, prey_14:-0.001} | info_preview={}
2025-11-23 03:29:13,462 [DEBUG] PredPreyGrassEnv.env-0c8aa43e: event=StepBegin | env_id=env-0c8aa43e | step=615 | incoming_actions=['prey_9', 'prey_14', 'prey_17', 'prey_13', 'prey_18', ...] | active_agents=21 | current_step=615
2025-11-23 03:29:13,465 [DEBUG] PredPreyGrassEnv.env-0c8aa43e: event=StepSummary | env_id=env-0c8aa43e | step=615 | current_step=615 | terminated_agents=[] | truncated_agents=[] | remaining_agents=21 | reward_preview={prey_9:-0.001, predator_5:-0.001, predator_2:-0.001, predator_4:-0.001, prey_14:-0.001} | info_preview={}
2025-11-23 03:29:13,474 [DEBUG] PredPreyGrassEnv.env-0c8aa43e: event=StepBegin | env_id=env-0c8aa43e | step=616 | incoming_actions=['prey_9', 'prey_14', 'prey_17', 'prey_13', 'prey_18', ...] | active_agents=21 | current_step=616
2025-11-23 03:29:13,478 [DEBUG] PredPreyGrassEnv.env-0c8aa43e: event=StepSummary | env_id=env-0c8aa43e | step=616 | current_step=616 | terminated_agents=[] | truncated_agents=[] | remaining_agents=21 | reward_preview={prey_9:-0.001, predator_5:-0.001, predator_2:-0.001, predator_4:-0.001, prey_14:-0.001} | info_preview={}
2025-11-23 03:29:13,487 [DEBUG] PredPreyGrassEnv.env-0c8aa43e: event=StepBegin | env_id=env-0c8aa43e | step=617 | incoming_actions=['prey_9', 'prey_14', 'prey_17', 'prey_13', 'prey_18', ...] | active_agents=21 | current_step=617
2025-11-23 03:29:13,490 [DEBUG] PredPreyGrassEnv.env-0c8aa43e: event=StepSummary | env_id=env-0c8aa43e | step=617 | current_step=617 | terminated_agents=[] | truncated_agents=[] | remaining_agents=21 | reward_preview={prey_9:-0.001, predator_5:-0.001, predator_2:-0.001, predator_4:-0.001, prey_14:-0.001} | info_preview={}
2025-11-23 03:29:13,500 [DEBUG] PredPreyGrassEnv.env-0c8aa43e: event=StepBegin | env_id=env-0c8aa43e | step=618 | incoming_actions=['prey_9', 'prey_14', 'prey_17', 'prey_13', 'prey_18', ...] | active_agents=21 | current_step=618
2025-11-23 03:29:13,503 [DEBUG] PredPreyGrassEnv.env-0c8aa43e: event=StepSummary | env_id=env-0c8aa43e | step=618 | current_step=618 | terminated_agents=[] | truncated_agents=[] | remaining_agents=21 | reward_preview={prey_9:-0.001, predator_5:-0.001, predator_2:-0.001, predator_4:-0.001, prey_14:-0.001} | info_preview={}
2025-11-23 03:29:13,513 [DEBUG] PredPreyGrassEnv.env-0c8aa43e: event=StepBegin | env_id=env-0c8aa43e | step=619 | incoming_actions=['prey_9', 'prey_14', 'prey_17', 'prey_13', 'prey_18', ...] | active_agents=21 | current_step=619
2025-11-23 03:29:13,513 [DEBUG] PredPreyGrassEnv.env-0c8aa43e: event=CollisionBatch | env_id=env-0c8aa43e | step=619 | collisions=[['predator_catch_prey', 'predator_2', 'prey_5']]
2025-11-23 03:29:13,515 [DEBUG] PredPreyGrassEnv.env-0c8aa43e: event=AgentEnergyDepleted | env_id=env-0c8aa43e | step=619 | agent='prey_5' | position=[769.0640365204563, 475.1271989519331] | energy=0
2025-11-23 03:29:13,516 [DEBUG] PredPreyGrassEnv.env-0c8aa43e: event=AgentRemovedFromActiveList | env_id=env-0c8aa43e | step=619 | agent='prey_5' | remaining_agents=20
2025-11-23 03:29:13,516 [DEBUG] PredPreyGrassEnv.env-0c8aa43e: event=StepSummary | env_id=env-0c8aa43e | step=619 | current_step=619 | terminated_agents=['prey_5'] | truncated_agents=[] | remaining_agents=20 | reward_preview={prey_9:-0.001, predator_5:-0.001, predator_2:-0.001, predator_4:-0.001, prey_14:-0.001} | info_preview={}
2025-11-23 03:29:13,526 [DEBUG] PredPreyGrassEnv.env-0c8aa43e: event=StepBegin | env_id=env-0c8aa43e | step=620 | incoming_actions=['prey_9', 'prey_14', 'prey_17', 'prey_13', 'prey_18', ...] | active_agents=20 | current_step=620
2025-11-23 03:29:13,529 [DEBUG] PredPreyGrassEnv.env-0c8aa43e: event=StepSummary | env_id=env-0c8aa43e | step=620 | current_step=620 | terminated_agents=[] | truncated_agents=[] | remaining_agents=20 | reward_preview={prey_9:-0.001, predator_5:-0.001, predator_2:-0.001, predator_4:-0.001, prey_14:-0.001} | info_preview={}
2025-11-23 03:29:13,538 [DEBUG] PredPreyGrassEnv.env-0c8aa43e: event=StepBegin | env_id=env-0c8aa43e | step=621 | incoming_actions=['prey_9', 'prey_14', 'prey_17', 'prey_13', 'prey_18', ...] | active_agents=20 | current_step=621
2025-11-23 03:29:13,541 [DEBUG] PredPreyGrassEnv.env-0c8aa43e: event=StepSummary | env_id=env-0c8aa43e | step=621 | current_step=621 | terminated_agents=[] | truncated_agents=[] | remaining_agents=20 | reward_preview={prey_9:-0.001, predator_5:-0.001, predator_2:-0.001, predator_4:-0.001, prey_14:-0.001} | info_preview={}
2025-11-23 03:29:13,551 [DEBUG] PredPreyGrassEnv.env-0c8aa43e: event=StepBegin | env_id=env-0c8aa43e | step=622 | incoming_actions=['prey_9', 'prey_14', 'prey_17', 'prey_13', 'prey_18', ...] | active_agents=20 | current_step=622
2025-11-23 03:29:13,554 [DEBUG] PredPreyGrassEnv.env-0c8aa43e: event=StepSummary | env_id=env-0c8aa43e | step=622 | current_step=622 | terminated_agents=[] | truncated_agents=[] | remaining_agents=20 | reward_preview={prey_9:-0.001, predator_5:-0.001, predator_2:-0.001, predator_4:-0.001, prey_14:-0.001} | info_preview={}
2025-11-23 03:29:13,564 [DEBUG] PredPreyGrassEnv.env-0c8aa43e: event=StepBegin | env_id=env-0c8aa43e | step=623 | incoming_actions=['prey_9', 'prey_14', 'prey_17', 'prey_13', 'prey_18', ...] | active_agents=20 | current_step=623
2025-11-23 03:29:13,567 [DEBUG] PredPreyGrassEnv.env-0c8aa43e: event=StepSummary | env_id=env-0c8aa43e | step=623 | current_step=623 | terminated_agents=[] | truncated_agents=[] | remaining_agents=20 | reward_preview={prey_9:-0.001, predator_5:-0.001, predator_2:-0.001, predator_4:-0.001, prey_14:-0.001} | info_preview={}
2025-11-23 03:29:13,578 [DEBUG] PredPreyGrassEnv.env-0c8aa43e: event=StepBegin | env_id=env-0c8aa43e | step=624 | incoming_actions=['prey_9', 'prey_14', 'prey_17', 'prey_13', 'prey_18', ...] | active_agents=20 | current_step=624
2025-11-23 03:29:13,582 [DEBUG] PredPreyGrassEnv.env-0c8aa43e: event=StepSummary | env_id=env-0c8aa43e | step=624 | current_step=624 | terminated_agents=[] | truncated_agents=[] | remaining_agents=20 | reward_preview={prey_9:-0.001, predator_5:-0.001, predator_2:-0.001, predator_4:-0.001, prey_14:-0.001} | info_preview={}
2025-11-23 03:29:13,596 [DEBUG] PredPreyGrassEnv.env-0c8aa43e: event=StepBegin | env_id=env-0c8aa43e | step=625 | incoming_actions=['prey_9', 'prey_14', 'prey_17', 'prey_13', 'prey_18', ...] | active_agents=20 | current_step=625
2025-11-23 03:29:13,600 [DEBUG] PredPreyGrassEnv.env-0c8aa43e: event=StepSummary | env_id=env-0c8aa43e | step=625 | current_step=625 | terminated_agents=[] | truncated_agents=[] | remaining_agents=20 | reward_preview={prey_9:-0.001, predator_5:-0.001, predator_2:-0.001, predator_4:-0.001, prey_14:-0.001} | info_preview={}
2025-11-23 03:29:13,612 [DEBUG] PredPreyGrassEnv.env-0c8aa43e: event=StepBegin | env_id=env-0c8aa43e | step=626 | incoming_actions=['prey_9', 'prey_14', 'prey_17', 'prey_13', 'prey_18', ...] | active_agents=20 | current_step=626
2025-11-23 03:29:13,616 [DEBUG] PredPreyGrassEnv.env-0c8aa43e: event=StepSummary | env_id=env-0c8aa43e | step=626 | current_step=626 | terminated_agents=[] | truncated_agents=[] | remaining_agents=20 | reward_preview={prey_9:-0.001, predator_5:-0.001, predator_2:-0.001, predator_4:-0.001, prey_14:-0.001} | info_preview={}
2025-11-23 03:29:13,628 [DEBUG] PredPreyGrassEnv.env-0c8aa43e: event=StepBegin | env_id=env-0c8aa43e | step=627 | incoming_actions=['prey_9', 'prey_14', 'prey_17', 'prey_13', 'prey_18', ...] | active_agents=20 | current_step=627
2025-11-23 03:29:13,631 [DEBUG] PredPreyGrassEnv.env-0c8aa43e: event=StepSummary | env_id=env-0c8aa43e | step=627 | current_step=627 | terminated_agents=[] | truncated_agents=[] | remaining_agents=20 | reward_preview={prey_9:-0.001, predator_5:-0.001, predator_2:-0.001, predator_4:-0.001, prey_14:-0.001} | info_preview={}
2025-11-23 03:29:13,643 [DEBUG] PredPreyGrassEnv.env-0c8aa43e: event=StepBegin | env_id=env-0c8aa43e | step=628 | incoming_actions=['prey_9', 'prey_14', 'prey_17', 'prey_13', 'prey_18', ...] | active_agents=20 | current_step=628
2025-11-23 03:29:13,646 [DEBUG] PredPreyGrassEnv.env-0c8aa43e: event=StepSummary | env_id=env-0c8aa43e | step=628 | current_step=628 | terminated_agents=[] | truncated_agents=[] | remaining_agents=20 | reward_preview={prey_9:-0.001, predator_5:-0.001, predator_2:-0.001, predator_4:-0.001, prey_14:-0.001} | info_preview={}
2025-11-23 03:29:13,657 [DEBUG] PredPreyGrassEnv.env-0c8aa43e: event=StepBegin | env_id=env-0c8aa43e | step=629 | incoming_actions=['prey_9', 'prey_14', 'prey_17', 'prey_13', 'prey_18', ...] | active_agents=20 | current_step=629
2025-11-23 03:29:13,661 [DEBUG] PredPreyGrassEnv.env-0c8aa43e: event=StepSummary | env_id=env-0c8aa43e | step=629 | current_step=629 | terminated_agents=[] | truncated_agents=[] | remaining_agents=20 | reward_preview={prey_9:-0.001, predator_5:-0.001, predator_2:-0.001, predator_4:-0.001, prey_14:-0.001} | info_preview={}
2025-11-23 03:29:13,684 [DEBUG] PredPreyGrassEnv.env-0c8aa43e: event=StepBegin | env_id=env-0c8aa43e | step=630 | incoming_actions=['prey_9', 'prey_14', 'prey_17', 'prey_13', 'prey_18', ...] | active_agents=20 | current_step=630
2025-11-23 03:29:13,692 [DEBUG] PredPreyGrassEnv.env-0c8aa43e: event=StepSummary | env_id=env-0c8aa43e | step=630 | current_step=630 | terminated_agents=[] | truncated_agents=[] | remaining_agents=20 | reward_preview={prey_9:-0.001, predator_5:-0.001, predator_2:-0.001, predator_4:-0.001, prey_14:-0.001} | info_preview={}
2025-11-23 03:29:13,709 [DEBUG] PredPreyGrassEnv.env-0c8aa43e: event=StepBegin | env_id=env-0c8aa43e | step=631 | incoming_actions=['prey_9', 'prey_14', 'prey_17', 'prey_13', 'prey_18', ...] | active_agents=20 | current_step=631
2025-11-23 03:29:13,712 [DEBUG] PredPreyGrassEnv.env-0c8aa43e: event=PreyAteGrass | env_id=env-0c8aa43e | step=631 | prey='prey_18' | grass='grass_95' | prey_position=[677.2011792273952, 552.7434268172017] | grass_energy=10.0 | energy_gained=9.0 | prey_energy=115.5245438873325
2025-11-23 03:29:13,712 [DEBUG] PredPreyGrassEnv.env-0c8aa43e: event=StepSummary | env_id=env-0c8aa43e | step=631 | current_step=631 | terminated_agents=[] | truncated_agents=[] | remaining_agents=20 | reward_preview={prey_9:-0.001, predator_5:-0.001, predator_2:-0.001, predator_4:-0.001, prey_14:-0.001} | info_preview={}
2025-11-23 03:29:13,722 [DEBUG] PredPreyGrassEnv.env-0c8aa43e: event=StepBegin | env_id=env-0c8aa43e | step=632 | incoming_actions=['prey_9', 'prey_14', 'prey_17', 'prey_13', 'prey_18', ...] | active_agents=20 | current_step=632
2025-11-23 03:29:13,725 [DEBUG] PredPreyGrassEnv.env-0c8aa43e: event=StepSummary | env_id=env-0c8aa43e | step=632 | current_step=632 | terminated_agents=[] | truncated_agents=[] | remaining_agents=20 | reward_preview={prey_9:-0.001, predator_5:-0.001, predator_2:-0.001, predator_4:-0.001, prey_14:-0.001} | info_preview={}
2025-11-23 03:29:13,734 [DEBUG] PredPreyGrassEnv.env-0c8aa43e: event=StepBegin | env_id=env-0c8aa43e | step=633 | incoming_actions=['prey_9', 'prey_14', 'prey_17', 'prey_13', 'prey_18', ...] | active_agents=20 | current_step=633
2025-11-23 03:29:13,738 [DEBUG] PredPreyGrassEnv.env-0c8aa43e: event=StepSummary | env_id=env-0c8aa43e | step=633 | current_step=633 | terminated_agents=[] | truncated_agents=[] | remaining_agents=20 | reward_preview={prey_9:-0.001, predator_5:-0.001, predator_2:-0.001, predator_4:-0.001, prey_14:-0.001} | info_preview={}
2025-11-23 03:29:13,756 [DEBUG] PredPreyGrassEnv.env-0c8aa43e: event=StepBegin | env_id=env-0c8aa43e | step=634 | incoming_actions=['prey_9', 'prey_14', 'prey_17', 'prey_13', 'prey_18', ...] | active_agents=20 | current_step=634
2025-11-23 03:29:13,763 [DEBUG] PredPreyGrassEnv.env-0c8aa43e: event=StepSummary | env_id=env-0c8aa43e | step=634 | current_step=634 | terminated_agents=[] | truncated_agents=[] | remaining_agents=20 | reward_preview={prey_9:-0.001, predator_5:-0.001, predator_2:-0.001, predator_4:-0.001, prey_14:-0.001} | info_preview={}
2025-11-23 03:29:13,785 [DEBUG] PredPreyGrassEnv.env-0c8aa43e: event=StepBegin | env_id=env-0c8aa43e | step=635 | incoming_actions=['prey_9', 'prey_14', 'prey_17', 'prey_13', 'prey_18', ...] | active_agents=20 | current_step=635
2025-11-23 03:29:13,787 [DEBUG] PredPreyGrassEnv.env-0c8aa43e: event=PreyAteGrass | env_id=env-0c8aa43e | step=635 | prey='prey_13' | grass='grass_15' | prey_position=[769.1173198506269, 523.0522365979137] | grass_energy=10.0 | energy_gained=9.0 | prey_energy=106.08999791510966
2025-11-23 03:29:13,788 [DEBUG] PredPreyGrassEnv.env-0c8aa43e: event=StepSummary | env_id=env-0c8aa43e | step=635 | current_step=635 | terminated_agents=[] | truncated_agents=[] | remaining_agents=20 | reward_preview={prey_9:-0.001, predator_5:-0.001, predator_2:-0.001, predator_4:-0.001, prey_14:-0.001} | info_preview={}
2025-11-23 03:29:13,798 [DEBUG] PredPreyGrassEnv.env-0c8aa43e: event=StepBegin | env_id=env-0c8aa43e | step=636 | incoming_actions=['prey_9', 'prey_14', 'prey_17', 'prey_13', 'prey_18', ...] | active_agents=20 | current_step=636
2025-11-23 03:29:13,802 [DEBUG] PredPreyGrassEnv.env-0c8aa43e: event=PreyAteGrass | env_id=env-0c8aa43e | step=636 | prey='prey_11' | grass='grass_90' | prey_position=[130.40900911305386, 552.0504561197857] | grass_energy=10.0 | energy_gained=9.0 | prey_energy=50.78392961828412
2025-11-23 03:29:13,805 [DEBUG] PredPreyGrassEnv.env-0c8aa43e: event=StepSummary | env_id=env-0c8aa43e | step=636 | current_step=636 | terminated_agents=[] | truncated_agents=[] | remaining_agents=20 | reward_preview={prey_9:-0.001, predator_5:-0.001, predator_2:-0.001, predator_4:-0.001, prey_14:-0.001} | info_preview={}
2025-11-23 03:29:13,828 [DEBUG] PredPreyGrassEnv.env-0c8aa43e: event=StepBegin | env_id=env-0c8aa43e | step=637 | incoming_actions=['prey_9', 'prey_14', 'prey_17', 'prey_13', 'prey_18', ...] | active_agents=20 | current_step=637
2025-11-23 03:29:13,835 [DEBUG] PredPreyGrassEnv.env-0c8aa43e: event=StepSummary | env_id=env-0c8aa43e | step=637 | current_step=637 | terminated_agents=[] | truncated_agents=[] | remaining_agents=20 | reward_preview={prey_9:-0.001, predator_5:-0.001, predator_2:-0.001, predator_4:-0.001, prey_14:-0.001} | info_preview={}
2025-11-23 03:29:13,859 [DEBUG] PredPreyGrassEnv.env-0c8aa43e: event=StepBegin | env_id=env-0c8aa43e | step=638 | incoming_actions=['prey_9', 'prey_14', 'prey_17', 'prey_13', 'prey_18', ...] | active_agents=20 | current_step=638
2025-11-23 03:29:13,866 [DEBUG] PredPreyGrassEnv.env-0c8aa43e: event=StepSummary | env_id=env-0c8aa43e | step=638 | current_step=638 | terminated_agents=[] | truncated_agents=[] | remaining_agents=20 | reward_preview={prey_9:-0.001, predator_5:-0.001, predator_2:-0.001, predator_4:-0.001, prey_14:-0.001} | info_preview={}
2025-11-23 03:29:13,889 [DEBUG] PredPreyGrassEnv.env-0c8aa43e: event=StepBegin | env_id=env-0c8aa43e | step=639 | incoming_actions=['prey_9', 'prey_14', 'prey_17', 'prey_13', 'prey_18', ...] | active_agents=20 | current_step=639
2025-11-23 03:29:13,896 [DEBUG] PredPreyGrassEnv.env-0c8aa43e: event=StepSummary | env_id=env-0c8aa43e | step=639 | current_step=639 | terminated_agents=[] | truncated_agents=[] | remaining_agents=20 | reward_preview={prey_9:-0.001, predator_5:-0.001, predator_2:-0.001, predator_4:-0.001, prey_14:-0.001} | info_preview={}
2025-11-23 03:29:13,916 [DEBUG] PredPreyGrassEnv.env-0c8aa43e: event=StepBegin | env_id=env-0c8aa43e | step=640 | incoming_actions=['prey_9', 'prey_14', 'prey_17', 'prey_13', 'prey_18', ...] | active_agents=20 | current_step=640
2025-11-23 03:29:13,922 [DEBUG] PredPreyGrassEnv.env-0c8aa43e: event=StepSummary | env_id=env-0c8aa43e | step=640 | current_step=640 | terminated_agents=[] | truncated_agents=[] | remaining_agents=20 | reward_preview={prey_9:-0.001, predator_5:-0.001, predator_2:-0.001, predator_4:-0.001, prey_14:-0.001} | info_preview={}
2025-11-23 03:29:13,945 [DEBUG] PredPreyGrassEnv.env-0c8aa43e: event=StepBegin | env_id=env-0c8aa43e | step=641 | incoming_actions=['prey_9', 'prey_14', 'prey_17', 'prey_13', 'prey_18', ...] | active_agents=20 | current_step=641
2025-11-23 03:29:13,950 [DEBUG] PredPreyGrassEnv.env-0c8aa43e: event=PreyAteGrass | env_id=env-0c8aa43e | step=641 | prey='prey_18' | grass='grass_27' | prey_position=[670.3460954480568, 564.3380554148569] | grass_energy=10.0 | energy_gained=9.0 | prey_energy=122.7911370969635
2025-11-23 03:29:13,952 [DEBUG] PredPreyGrassEnv.env-0c8aa43e: event=StepSummary | env_id=env-0c8aa43e | step=641 | current_step=641 | terminated_agents=[] | truncated_agents=[] | remaining_agents=20 | reward_preview={prey_9:-0.001, predator_5:-0.001, predator_2:-0.001, predator_4:-0.001, prey_14:-0.001} | info_preview={}
2025-11-23 03:29:13,963 [DEBUG] PredPreyGrassEnv.env-0c8aa43e: event=StepBegin | env_id=env-0c8aa43e | step=642 | incoming_actions=['prey_9', 'prey_14', 'prey_17', 'prey_13', 'prey_18', ...] | active_agents=20 | current_step=642
2025-11-23 03:29:13,966 [DEBUG] PredPreyGrassEnv.env-0c8aa43e: event=StepSummary | env_id=env-0c8aa43e | step=642 | current_step=642 | terminated_agents=[] | truncated_agents=[] | remaining_agents=20 | reward_preview={prey_9:-0.001, predator_5:-0.001, predator_2:-0.001, predator_4:-0.001, prey_14:-0.001} | info_preview={}
2025-11-23 03:29:13,975 [DEBUG] PredPreyGrassEnv.env-0c8aa43e: event=StepBegin | env_id=env-0c8aa43e | step=643 | incoming_actions=['prey_9', 'prey_14', 'prey_17', 'prey_13', 'prey_18', ...] | active_agents=20 | current_step=643
2025-11-23 03:29:13,978 [DEBUG] PredPreyGrassEnv.env-0c8aa43e: event=StepSummary | env_id=env-0c8aa43e | step=643 | current_step=643 | terminated_agents=[] | truncated_agents=[] | remaining_agents=20 | reward_preview={prey_9:-0.001, predator_5:-0.001, predator_2:-0.001, predator_4:-0.001, prey_14:-0.001} | info_preview={}
2025-11-23 03:29:13,988 [DEBUG] PredPreyGrassEnv.env-0c8aa43e: event=StepBegin | env_id=env-0c8aa43e | step=644 | incoming_actions=['prey_9', 'prey_14', 'prey_17', 'prey_13', 'prey_18', ...] | active_agents=20 | current_step=644
2025-11-23 03:29:13,991 [DEBUG] PredPreyGrassEnv.env-0c8aa43e: event=StepSummary | env_id=env-0c8aa43e | step=644 | current_step=644 | terminated_agents=[] | truncated_agents=[] | remaining_agents=20 | reward_preview={prey_9:-0.001, predator_5:-0.001, predator_2:-0.001, predator_4:-0.001, prey_14:-0.001} | info_preview={}
2025-11-23 03:29:14,000 [DEBUG] PredPreyGrassEnv.env-0c8aa43e: event=StepBegin | env_id=env-0c8aa43e | step=645 | incoming_actions=['prey_9', 'prey_14', 'prey_17', 'prey_13', 'prey_18', ...] | active_agents=20 | current_step=645
2025-11-23 03:29:14,003 [DEBUG] PredPreyGrassEnv.env-0c8aa43e: event=StepSummary | env_id=env-0c8aa43e | step=645 | current_step=645 | terminated_agents=[] | truncated_agents=[] | remaining_agents=20 | reward_preview={prey_9:-0.001, predator_5:-0.001, predator_2:-0.001, predator_4:-0.001, prey_14:-0.001} | info_preview={}
2025-11-23 03:29:14,012 [DEBUG] PredPreyGrassEnv.env-0c8aa43e: event=StepBegin | env_id=env-0c8aa43e | step=646 | incoming_actions=['prey_9', 'prey_14', 'prey_17', 'prey_13', 'prey_18', ...] | active_agents=20 | current_step=646
2025-11-23 03:29:14,015 [DEBUG] PredPreyGrassEnv.env-0c8aa43e: event=StepSummary | env_id=env-0c8aa43e | step=646 | current_step=646 | terminated_agents=[] | truncated_agents=[] | remaining_agents=20 | reward_preview={prey_9:-0.001, predator_5:-0.001, predator_2:-0.001, predator_4:-0.001, prey_14:-0.001} | info_preview={}
2025-11-23 03:29:14,025 [DEBUG] PredPreyGrassEnv.env-0c8aa43e: event=StepBegin | env_id=env-0c8aa43e | step=647 | incoming_actions=['prey_9', 'prey_14', 'prey_17', 'prey_13', 'prey_18', ...] | active_agents=20 | current_step=647
2025-11-23 03:29:14,028 [DEBUG] PredPreyGrassEnv.env-0c8aa43e: event=StepSummary | env_id=env-0c8aa43e | step=647 | current_step=647 | terminated_agents=[] | truncated_agents=[] | remaining_agents=20 | reward_preview={prey_9:-0.001, predator_5:-0.001, predator_2:-0.001, predator_4:-0.001, prey_14:-0.001} | info_preview={}
2025-11-23 03:29:14,037 [DEBUG] PredPreyGrassEnv.env-0c8aa43e: event=StepBegin | env_id=env-0c8aa43e | step=648 | incoming_actions=['prey_9', 'prey_14', 'prey_17', 'prey_13', 'prey_18', ...] | active_agents=20 | current_step=648
2025-11-23 03:29:14,040 [DEBUG] PredPreyGrassEnv.env-0c8aa43e: event=StepSummary | env_id=env-0c8aa43e | step=648 | current_step=648 | terminated_agents=[] | truncated_agents=[] | remaining_agents=20 | reward_preview={prey_9:-0.001, predator_5:-0.001, predator_2:-0.001, predator_4:-0.001, prey_14:-0.001} | info_preview={}
2025-11-23 03:29:14,049 [DEBUG] PredPreyGrassEnv.env-0c8aa43e: event=StepBegin | env_id=env-0c8aa43e | step=649 | incoming_actions=['prey_9', 'prey_14', 'prey_17', 'prey_13', 'prey_18', ...] | active_agents=20 | current_step=649
2025-11-23 03:29:14,052 [DEBUG] PredPreyGrassEnv.env-0c8aa43e: event=StepSummary | env_id=env-0c8aa43e | step=649 | current_step=649 | terminated_agents=[] | truncated_agents=[] | remaining_agents=20 | reward_preview={prey_9:-0.001, predator_5:-0.001, predator_2:-0.001, predator_4:-0.001, prey_14:-0.001} | info_preview={}
2025-11-23 03:29:14,062 [DEBUG] PredPreyGrassEnv.env-0c8aa43e: event=StepBegin | env_id=env-0c8aa43e | step=650 | incoming_actions=['prey_9', 'prey_14', 'prey_17', 'prey_13', 'prey_18', ...] | active_agents=20 | current_step=650
2025-11-23 03:29:14,065 [DEBUG] PredPreyGrassEnv.env-0c8aa43e: event=StepSummary | env_id=env-0c8aa43e | step=650 | current_step=650 | terminated_agents=[] | truncated_agents=[] | remaining_agents=20 | reward_preview={prey_9:-0.001, predator_5:-0.001, predator_2:-0.001, predator_4:-0.001, prey_14:-0.001} | info_preview={}
2025-11-23 03:29:14,074 [DEBUG] PredPreyGrassEnv.env-0c8aa43e: event=StepBegin | env_id=env-0c8aa43e | step=651 | incoming_actions=['prey_9', 'prey_14', 'prey_17', 'prey_13', 'prey_18', ...] | active_agents=20 | current_step=651
2025-11-23 03:29:14,077 [DEBUG] PredPreyGrassEnv.env-0c8aa43e: event=StepSummary | env_id=env-0c8aa43e | step=651 | current_step=651 | terminated_agents=[] | truncated_agents=[] | remaining_agents=20 | reward_preview={prey_9:-0.001, predator_5:-0.001, predator_2:-0.001, predator_4:-0.001, prey_14:-0.001} | info_preview={}
2025-11-23 03:29:14,088 [DEBUG] PredPreyGrassEnv.env-0c8aa43e: event=StepBegin | env_id=env-0c8aa43e | step=652 | incoming_actions=['prey_9', 'prey_14', 'prey_17', 'prey_13', 'prey_18', ...] | active_agents=20 | current_step=652
2025-11-23 03:29:14,091 [DEBUG] PredPreyGrassEnv.env-0c8aa43e: event=StepSummary | env_id=env-0c8aa43e | step=652 | current_step=652 | terminated_agents=[] | truncated_agents=[] | remaining_agents=20 | reward_preview={prey_9:-0.001, predator_5:-0.001, predator_2:-0.001, predator_4:-0.001, prey_14:-0.001} | info_preview={}
2025-11-23 03:29:14,101 [DEBUG] PredPreyGrassEnv.env-0c8aa43e: event=StepBegin | env_id=env-0c8aa43e | step=653 | incoming_actions=['prey_9', 'prey_14', 'prey_17', 'prey_13', 'prey_18', ...] | active_agents=20 | current_step=653
2025-11-23 03:29:14,104 [DEBUG] PredPreyGrassEnv.env-0c8aa43e: event=StepSummary | env_id=env-0c8aa43e | step=653 | current_step=653 | terminated_agents=[] | truncated_agents=[] | remaining_agents=20 | reward_preview={prey_9:-0.001, predator_5:-0.001, predator_2:-0.001, predator_4:-0.001, prey_14:-0.001} | info_preview={}
2025-11-23 03:29:14,113 [DEBUG] PredPreyGrassEnv.env-0c8aa43e: event=StepBegin | env_id=env-0c8aa43e | step=654 | incoming_actions=['prey_9', 'prey_14', 'prey_17', 'prey_13', 'prey_18', ...] | active_agents=20 | current_step=654
2025-11-23 03:29:14,116 [DEBUG] PredPreyGrassEnv.env-0c8aa43e: event=StepSummary | env_id=env-0c8aa43e | step=654 | current_step=654 | terminated_agents=[] | truncated_agents=[] | remaining_agents=20 | reward_preview={prey_9:-0.001, predator_5:-0.001, predator_2:-0.001, predator_4:-0.001, prey_14:-0.001} | info_preview={}
2025-11-23 03:29:14,126 [DEBUG] PredPreyGrassEnv.env-0c8aa43e: event=StepBegin | env_id=env-0c8aa43e | step=655 | incoming_actions=['prey_9', 'prey_14', 'prey_17', 'prey_13', 'prey_18', ...] | active_agents=20 | current_step=655
2025-11-23 03:29:14,129 [DEBUG] PredPreyGrassEnv.env-0c8aa43e: event=StepSummary | env_id=env-0c8aa43e | step=655 | current_step=655 | terminated_agents=[] | truncated_agents=[] | remaining_agents=20 | reward_preview={prey_9:-0.001, predator_5:-0.001, predator_2:-0.001, predator_4:-0.001, prey_14:-0.001} | info_preview={}
2025-11-23 03:29:14,139 [DEBUG] PredPreyGrassEnv.env-0c8aa43e: event=StepBegin | env_id=env-0c8aa43e | step=656 | incoming_actions=['prey_9', 'prey_14', 'prey_17', 'prey_13', 'prey_18', ...] | active_agents=20 | current_step=656
2025-11-23 03:29:14,142 [DEBUG] PredPreyGrassEnv.env-0c8aa43e: event=StepSummary | env_id=env-0c8aa43e | step=656 | current_step=656 | terminated_agents=[] | truncated_agents=[] | remaining_agents=20 | reward_preview={prey_9:-0.001, predator_5:-0.001, predator_2:-0.001, predator_4:-0.001, prey_14:-0.001} | info_preview={}
2025-11-23 03:29:14,153 [DEBUG] PredPreyGrassEnv.env-0c8aa43e: event=StepBegin | env_id=env-0c8aa43e | step=657 | incoming_actions=['prey_9', 'prey_14', 'prey_17', 'prey_13', 'prey_18', ...] | active_agents=20 | current_step=657
2025-11-23 03:29:14,156 [DEBUG] PredPreyGrassEnv.env-0c8aa43e: event=StepSummary | env_id=env-0c8aa43e | step=657 | current_step=657 | terminated_agents=[] | truncated_agents=[] | remaining_agents=20 | reward_preview={prey_9:-0.001, predator_5:-0.001, predator_2:-0.001, predator_4:-0.001, prey_14:-0.001} | info_preview={}
2025-11-23 03:29:14,166 [DEBUG] PredPreyGrassEnv.env-0c8aa43e: event=StepBegin | env_id=env-0c8aa43e | step=658 | incoming_actions=['prey_9', 'prey_14', 'prey_17', 'prey_13', 'prey_18', ...] | active_agents=20 | current_step=658
2025-11-23 03:29:14,169 [DEBUG] PredPreyGrassEnv.env-0c8aa43e: event=StepSummary | env_id=env-0c8aa43e | step=658 | current_step=658 | terminated_agents=[] | truncated_agents=[] | remaining_agents=20 | reward_preview={prey_9:-0.001, predator_5:-0.001, predator_2:-0.001, predator_4:-0.001, prey_14:-0.001} | info_preview={}
2025-11-23 03:29:14,179 [DEBUG] PredPreyGrassEnv.env-0c8aa43e: event=StepBegin | env_id=env-0c8aa43e | step=659 | incoming_actions=['prey_9', 'prey_14', 'prey_17', 'prey_13', 'prey_18', ...] | active_agents=20 | current_step=659
2025-11-23 03:29:14,181 [DEBUG] PredPreyGrassEnv.env-0c8aa43e: event=StepSummary | env_id=env-0c8aa43e | step=659 | current_step=659 | terminated_agents=[] | truncated_agents=[] | remaining_agents=20 | reward_preview={prey_9:-0.001, predator_5:-0.001, predator_2:-0.001, predator_4:-0.001, prey_14:-0.001} | info_preview={}
2025-11-23 03:29:14,191 [DEBUG] PredPreyGrassEnv.env-0c8aa43e: event=StepBegin | env_id=env-0c8aa43e | step=660 | incoming_actions=['prey_9', 'prey_14', 'prey_17', 'prey_13', 'prey_18', ...] | active_agents=20 | current_step=660
2025-11-23 03:29:14,194 [DEBUG] PredPreyGrassEnv.env-0c8aa43e: event=StepSummary | env_id=env-0c8aa43e | step=660 | current_step=660 | terminated_agents=[] | truncated_agents=[] | remaining_agents=20 | reward_preview={prey_9:-0.001, predator_5:-0.001, predator_2:-0.001, predator_4:-0.001, prey_14:-0.001} | info_preview={}
2025-11-23 03:29:14,203 [DEBUG] PredPreyGrassEnv.env-0c8aa43e: event=StepBegin | env_id=env-0c8aa43e | step=661 | incoming_actions=['prey_9', 'prey_14', 'prey_17', 'prey_13', 'prey_18', ...] | active_agents=20 | current_step=661
2025-11-23 03:29:14,206 [DEBUG] PredPreyGrassEnv.env-0c8aa43e: event=StepSummary | env_id=env-0c8aa43e | step=661 | current_step=661 | terminated_agents=[] | truncated_agents=[] | remaining_agents=20 | reward_preview={prey_9:-0.001, predator_5:-0.001, predator_2:-0.001, predator_4:-0.001, prey_14:-0.001} | info_preview={}
2025-11-23 03:29:14,215 [DEBUG] PredPreyGrassEnv.env-0c8aa43e: event=StepBegin | env_id=env-0c8aa43e | step=662 | incoming_actions=['prey_9', 'prey_14', 'prey_17', 'prey_13', 'prey_18', ...] | active_agents=20 | current_step=662
2025-11-23 03:29:14,217 [DEBUG] PredPreyGrassEnv.env-0c8aa43e: event=PreyAteGrass | env_id=env-0c8aa43e | step=662 | prey='prey_18' | grass='grass_4' | prey_position=[654.2850010850466, 600.1027760246297] | grass_energy=10.0 | energy_gained=9.0 | prey_energy=126.82336964567942
2025-11-23 03:29:14,218 [DEBUG] PredPreyGrassEnv.env-0c8aa43e: event=StepSummary | env_id=env-0c8aa43e | step=662 | current_step=662 | terminated_agents=[] | truncated_agents=[] | remaining_agents=20 | reward_preview={prey_9:-0.001, predator_5:-0.001, predator_2:-0.001, predator_4:-0.001, prey_14:-0.001} | info_preview={}
2025-11-23 03:29:14,227 [DEBUG] PredPreyGrassEnv.env-0c8aa43e: event=StepBegin | env_id=env-0c8aa43e | step=663 | incoming_actions=['prey_9', 'prey_14', 'prey_17', 'prey_13', 'prey_18', ...] | active_agents=20 | current_step=663
2025-11-23 03:29:14,230 [DEBUG] PredPreyGrassEnv.env-0c8aa43e: event=StepSummary | env_id=env-0c8aa43e | step=663 | current_step=663 | terminated_agents=[] | truncated_agents=[] | remaining_agents=20 | reward_preview={prey_9:-0.001, predator_5:-0.001, predator_2:-0.001, predator_4:-0.001, prey_14:-0.001} | info_preview={}
2025-11-23 03:29:14,239 [DEBUG] PredPreyGrassEnv.env-0c8aa43e: event=StepBegin | env_id=env-0c8aa43e | step=664 | incoming_actions=['prey_9', 'prey_14', 'prey_17', 'prey_13', 'prey_18', ...] | active_agents=20 | current_step=664
2025-11-23 03:29:14,242 [DEBUG] PredPreyGrassEnv.env-0c8aa43e: event=StepSummary | env_id=env-0c8aa43e | step=664 | current_step=664 | terminated_agents=[] | truncated_agents=[] | remaining_agents=20 | reward_preview={prey_9:-0.001, predator_5:-0.001, predator_2:-0.001, predator_4:-0.001, prey_14:-0.001} | info_preview={}
2025-11-23 03:29:14,252 [DEBUG] PredPreyGrassEnv.env-0c8aa43e: event=StepBegin | env_id=env-0c8aa43e | step=665 | incoming_actions=['prey_9', 'prey_14', 'prey_17', 'prey_13', 'prey_18', ...] | active_agents=20 | current_step=665
2025-11-23 03:29:14,254 [DEBUG] PredPreyGrassEnv.env-0c8aa43e: event=PreyAteGrass | env_id=env-0c8aa43e | step=665 | prey='prey_6' | grass='grass_18' | prey_position=[490.5584605080145, 349.72695109390094] | grass_energy=10.0 | energy_gained=9.0 | prey_energy=42.37276750062338
2025-11-23 03:29:14,255 [DEBUG] PredPreyGrassEnv.env-0c8aa43e: event=StepSummary | env_id=env-0c8aa43e | step=665 | current_step=665 | terminated_agents=[] | truncated_agents=[] | remaining_agents=20 | reward_preview={prey_9:-0.001, predator_5:-0.001, predator_2:-0.001, predator_4:-0.001, prey_14:-0.001} | info_preview={}
2025-11-23 03:29:14,264 [DEBUG] PredPreyGrassEnv.env-0c8aa43e: event=StepBegin | env_id=env-0c8aa43e | step=666 | incoming_actions=['prey_9', 'prey_14', 'prey_17', 'prey_13', 'prey_18', ...] | active_agents=20 | current_step=666
2025-11-23 03:29:14,267 [DEBUG] PredPreyGrassEnv.env-0c8aa43e: event=StepSummary | env_id=env-0c8aa43e | step=666 | current_step=666 | terminated_agents=[] | truncated_agents=[] | remaining_agents=20 | reward_preview={prey_9:-0.001, predator_5:-0.001, predator_2:-0.001, predator_4:-0.001, prey_14:-0.001} | info_preview={}
2025-11-23 03:29:14,277 [DEBUG] PredPreyGrassEnv.env-0c8aa43e: event=StepBegin | env_id=env-0c8aa43e | step=667 | incoming_actions=['prey_9', 'prey_14', 'prey_17', 'prey_13', 'prey_18', ...] | active_agents=20 | current_step=667
2025-11-23 03:29:14,280 [DEBUG] PredPreyGrassEnv.env-0c8aa43e: event=StepSummary | env_id=env-0c8aa43e | step=667 | current_step=667 | terminated_agents=[] | truncated_agents=[] | remaining_agents=20 | reward_preview={prey_9:-0.001, predator_5:-0.001, predator_2:-0.001, predator_4:-0.001, prey_14:-0.001} | info_preview={}
2025-11-23 03:29:14,290 [DEBUG] PredPreyGrassEnv.env-0c8aa43e: event=StepBegin | env_id=env-0c8aa43e | step=668 | incoming_actions=['prey_9', 'prey_14', 'prey_17', 'prey_13', 'prey_18', ...] | active_agents=20 | current_step=668
2025-11-23 03:29:14,293 [DEBUG] PredPreyGrassEnv.env-0c8aa43e: event=StepSummary | env_id=env-0c8aa43e | step=668 | current_step=668 | terminated_agents=[] | truncated_agents=[] | remaining_agents=20 | reward_preview={prey_9:-0.001, predator_5:-0.001, predator_2:-0.001, predator_4:-0.001, prey_14:-0.001} | info_preview={}
2025-11-23 03:29:14,302 [DEBUG] PredPreyGrassEnv.env-0c8aa43e: event=StepBegin | env_id=env-0c8aa43e | step=669 | incoming_actions=['prey_9', 'prey_14', 'prey_17', 'prey_13', 'prey_18', ...] | active_agents=20 | current_step=669
2025-11-23 03:29:14,305 [DEBUG] PredPreyGrassEnv.env-0c8aa43e: event=StepSummary | env_id=env-0c8aa43e | step=669 | current_step=669 | terminated_agents=[] | truncated_agents=[] | remaining_agents=20 | reward_preview={prey_9:-0.001, predator_5:-0.001, predator_2:-0.001, predator_4:-0.001, prey_14:-0.001} | info_preview={}
2025-11-23 03:29:14,315 [DEBUG] PredPreyGrassEnv.env-0c8aa43e: event=StepBegin | env_id=env-0c8aa43e | step=670 | incoming_actions=['prey_9', 'prey_14', 'prey_17', 'prey_13', 'prey_18', ...] | active_agents=20 | current_step=670
2025-11-23 03:29:14,318 [DEBUG] PredPreyGrassEnv.env-0c8aa43e: event=StepSummary | env_id=env-0c8aa43e | step=670 | current_step=670 | terminated_agents=[] | truncated_agents=[] | remaining_agents=20 | reward_preview={prey_9:-0.001, predator_5:-0.001, predator_2:-0.001, predator_4:-0.001, prey_14:-0.001} | info_preview={}
2025-11-23 03:29:14,328 [DEBUG] PredPreyGrassEnv.env-0c8aa43e: event=StepBegin | env_id=env-0c8aa43e | step=671 | incoming_actions=['prey_9', 'prey_14', 'prey_17', 'prey_13', 'prey_18', ...] | active_agents=20 | current_step=671
2025-11-23 03:29:14,331 [DEBUG] PredPreyGrassEnv.env-0c8aa43e: event=StepSummary | env_id=env-0c8aa43e | step=671 | current_step=671 | terminated_agents=[] | truncated_agents=[] | remaining_agents=20 | reward_preview={prey_9:-0.001, predator_5:-0.001, predator_2:-0.001, predator_4:-0.001, prey_14:-0.001} | info_preview={}
2025-11-23 03:29:14,341 [DEBUG] PredPreyGrassEnv.env-0c8aa43e: event=StepBegin | env_id=env-0c8aa43e | step=672 | incoming_actions=['prey_9', 'prey_14', 'prey_17', 'prey_13', 'prey_18', ...] | active_agents=20 | current_step=672
2025-11-23 03:29:14,344 [DEBUG] PredPreyGrassEnv.env-0c8aa43e: event=StepSummary | env_id=env-0c8aa43e | step=672 | current_step=672 | terminated_agents=[] | truncated_agents=[] | remaining_agents=20 | reward_preview={prey_9:-0.001, predator_5:-0.001, predator_2:-0.001, predator_4:-0.001, prey_14:-0.001} | info_preview={}
2025-11-23 03:29:14,353 [DEBUG] PredPreyGrassEnv.env-0c8aa43e: event=StepBegin | env_id=env-0c8aa43e | step=673 | incoming_actions=['prey_9', 'prey_14', 'prey_17', 'prey_13', 'prey_18', ...] | active_agents=20 | current_step=673
2025-11-23 03:29:14,356 [DEBUG] PredPreyGrassEnv.env-0c8aa43e: event=StepSummary | env_id=env-0c8aa43e | step=673 | current_step=673 | terminated_agents=[] | truncated_agents=[] | remaining_agents=20 | reward_preview={prey_9:-0.001, predator_5:-0.001, predator_2:-0.001, predator_4:-0.001, prey_14:-0.001} | info_preview={}
2025-11-23 03:29:14,366 [DEBUG] PredPreyGrassEnv.env-0c8aa43e: event=StepBegin | env_id=env-0c8aa43e | step=674 | incoming_actions=['prey_9', 'prey_14', 'prey_17', 'prey_13', 'prey_18', ...] | active_agents=20 | current_step=674
2025-11-23 03:29:14,369 [DEBUG] PredPreyGrassEnv.env-0c8aa43e: event=StepSummary | env_id=env-0c8aa43e | step=674 | current_step=674 | terminated_agents=[] | truncated_agents=[] | remaining_agents=20 | reward_preview={prey_9:-0.001, predator_5:-0.001, predator_2:-0.001, predator_4:-0.001, prey_14:-0.001} | info_preview={}
2025-11-23 03:29:14,379 [DEBUG] PredPreyGrassEnv.env-0c8aa43e: event=StepBegin | env_id=env-0c8aa43e | step=675 | incoming_actions=['prey_9', 'prey_14', 'prey_17', 'prey_13', 'prey_18', ...] | active_agents=20 | current_step=675
2025-11-23 03:29:14,379 [DEBUG] PredPreyGrassEnv.env-0c8aa43e: event=CollisionBatch | env_id=env-0c8aa43e | step=675 | collisions=[['predator_catch_prey', 'predator_1', 'prey_0']]
2025-11-23 03:29:14,381 [DEBUG] PredPreyGrassEnv.env-0c8aa43e: event=AgentEnergyDepleted | env_id=env-0c8aa43e | step=675 | agent='prey_0' | position=[451.4639411975671, 768.5245827591772] | energy=0
2025-11-23 03:29:14,384 [DEBUG] PredPreyGrassEnv.env-0c8aa43e: event=AgentRemovedFromActiveList | env_id=env-0c8aa43e | step=675 | agent='prey_0' | remaining_agents=19
2025-11-23 03:29:14,384 [DEBUG] PredPreyGrassEnv.env-0c8aa43e: event=StepSummary | env_id=env-0c8aa43e | step=675 | current_step=675 | terminated_agents=['prey_0'] | truncated_agents=[] | remaining_agents=19 | reward_preview={prey_0:0, prey_9:-0.001, predator_5:-0.001, predator_2:-0.001, prey_14:-0.001} | info_preview={}
2025-11-23 03:29:14,397 [DEBUG] PredPreyGrassEnv.env-0c8aa43e: event=StepBegin | env_id=env-0c8aa43e | step=676 | incoming_actions=['prey_9', 'prey_14', 'prey_17', 'prey_13', 'prey_18', ...] | active_agents=19 | current_step=676
2025-11-23 03:29:14,400 [DEBUG] PredPreyGrassEnv.env-0c8aa43e: event=StepSummary | env_id=env-0c8aa43e | step=676 | current_step=676 | terminated_agents=[] | truncated_agents=[] | remaining_agents=19 | reward_preview={prey_9:-0.001, predator_5:-0.001, predator_2:-0.001, prey_14:-0.001, prey_17:-0.001} | info_preview={}
2025-11-23 03:29:14,411 [DEBUG] PredPreyGrassEnv.env-0c8aa43e: event=StepBegin | env_id=env-0c8aa43e | step=677 | incoming_actions=['prey_9', 'prey_14', 'prey_17', 'prey_13', 'prey_18', ...] | active_agents=19 | current_step=677
2025-11-23 03:29:14,414 [DEBUG] PredPreyGrassEnv.env-0c8aa43e: event=StepSummary | env_id=env-0c8aa43e | step=677 | current_step=677 | terminated_agents=[] | truncated_agents=[] | remaining_agents=19 | reward_preview={prey_9:-0.001, predator_5:-0.001, predator_2:-0.001, prey_14:-0.001, prey_17:-0.001} | info_preview={}
2025-11-23 03:29:14,424 [DEBUG] PredPreyGrassEnv.env-0c8aa43e: event=StepBegin | env_id=env-0c8aa43e | step=678 | incoming_actions=['prey_9', 'prey_14', 'prey_17', 'prey_13', 'prey_18', ...] | active_agents=19 | current_step=678
2025-11-23 03:29:14,427 [DEBUG] PredPreyGrassEnv.env-0c8aa43e: event=StepSummary | env_id=env-0c8aa43e | step=678 | current_step=678 | terminated_agents=[] | truncated_agents=[] | remaining_agents=19 | reward_preview={prey_9:-0.001, predator_5:-0.001, predator_2:-0.001, prey_14:-0.001, prey_17:-0.001} | info_preview={}
2025-11-23 03:29:14,436 [DEBUG] PredPreyGrassEnv.env-0c8aa43e: event=StepBegin | env_id=env-0c8aa43e | step=679 | incoming_actions=['prey_9', 'prey_14', 'prey_17', 'prey_13', 'prey_18', ...] | active_agents=19 | current_step=679
2025-11-23 03:29:14,439 [DEBUG] PredPreyGrassEnv.env-0c8aa43e: event=StepSummary | env_id=env-0c8aa43e | step=679 | current_step=679 | terminated_agents=[] | truncated_agents=[] | remaining_agents=19 | reward_preview={prey_9:-0.001, predator_5:-0.001, predator_2:-0.001, prey_14:-0.001, prey_17:-0.001} | info_preview={}
2025-11-23 03:29:14,449 [DEBUG] PredPreyGrassEnv.env-0c8aa43e: event=StepBegin | env_id=env-0c8aa43e | step=680 | incoming_actions=['prey_9', 'prey_14', 'prey_17', 'prey_13', 'prey_18', ...] | active_agents=19 | current_step=680
2025-11-23 03:29:14,452 [DEBUG] PredPreyGrassEnv.env-0c8aa43e: event=StepSummary | env_id=env-0c8aa43e | step=680 | current_step=680 | terminated_agents=[] | truncated_agents=[] | remaining_agents=19 | reward_preview={prey_9:-0.001, predator_5:-0.001, predator_2:-0.001, prey_14:-0.001, prey_17:-0.001} | info_preview={}
2025-11-23 03:29:14,462 [DEBUG] PredPreyGrassEnv.env-0c8aa43e: event=StepBegin | env_id=env-0c8aa43e | step=681 | incoming_actions=['prey_9', 'prey_14', 'prey_17', 'prey_13', 'prey_18', ...] | active_agents=19 | current_step=681
2025-11-23 03:29:14,465 [DEBUG] PredPreyGrassEnv.env-0c8aa43e: event=StepSummary | env_id=env-0c8aa43e | step=681 | current_step=681 | terminated_agents=[] | truncated_agents=[] | remaining_agents=19 | reward_preview={prey_9:-0.001, predator_5:-0.001, predator_2:-0.001, prey_14:-0.001, prey_17:-0.001} | info_preview={}
2025-11-23 03:29:14,474 [DEBUG] PredPreyGrassEnv.env-0c8aa43e: event=StepBegin | env_id=env-0c8aa43e | step=682 | incoming_actions=['prey_9', 'prey_14', 'prey_17', 'prey_13', 'prey_18', ...] | active_agents=19 | current_step=682
2025-11-23 03:29:14,477 [DEBUG] PredPreyGrassEnv.env-0c8aa43e: event=StepSummary | env_id=env-0c8aa43e | step=682 | current_step=682 | terminated_agents=[] | truncated_agents=[] | remaining_agents=19 | reward_preview={prey_9:-0.001, predator_5:-0.001, predator_2:-0.001, prey_14:-0.001, prey_17:-0.001} | info_preview={}
2025-11-23 03:29:14,487 [DEBUG] PredPreyGrassEnv.env-0c8aa43e: event=StepBegin | env_id=env-0c8aa43e | step=683 | incoming_actions=['prey_9', 'prey_14', 'prey_17', 'prey_13', 'prey_18', ...] | active_agents=19 | current_step=683
2025-11-23 03:29:14,490 [DEBUG] PredPreyGrassEnv.env-0c8aa43e: event=StepSummary | env_id=env-0c8aa43e | step=683 | current_step=683 | terminated_agents=[] | truncated_agents=[] | remaining_agents=19 | reward_preview={prey_9:-0.001, predator_5:-0.001, predator_2:-0.001, prey_14:-0.001, prey_17:-0.001} | info_preview={}
2025-11-23 03:29:14,499 [DEBUG] PredPreyGrassEnv.env-0c8aa43e: event=StepBegin | env_id=env-0c8aa43e | step=684 | incoming_actions=['prey_9', 'prey_14', 'prey_17', 'prey_13', 'prey_18', ...] | active_agents=19 | current_step=684
2025-11-23 03:29:14,502 [DEBUG] PredPreyGrassEnv.env-0c8aa43e: event=StepSummary | env_id=env-0c8aa43e | step=684 | current_step=684 | terminated_agents=[] | truncated_agents=[] | remaining_agents=19 | reward_preview={prey_9:-0.001, predator_5:-0.001, predator_2:-0.001, prey_14:-0.001, prey_17:-0.001} | info_preview={}
2025-11-23 03:29:14,511 [DEBUG] PredPreyGrassEnv.env-0c8aa43e: event=StepBegin | env_id=env-0c8aa43e | step=685 | incoming_actions=['prey_9', 'prey_14', 'prey_17', 'prey_13', 'prey_18', ...] | active_agents=19 | current_step=685
2025-11-23 03:29:14,514 [DEBUG] PredPreyGrassEnv.env-0c8aa43e: event=StepSummary | env_id=env-0c8aa43e | step=685 | current_step=685 | terminated_agents=[] | truncated_agents=[] | remaining_agents=19 | reward_preview={prey_9:-0.001, predator_5:-0.001, predator_2:-0.001, prey_14:-0.001, prey_17:-0.001} | info_preview={}
2025-11-23 03:29:14,524 [DEBUG] PredPreyGrassEnv.env-0c8aa43e: event=StepBegin | env_id=env-0c8aa43e | step=686 | incoming_actions=['prey_9', 'prey_14', 'prey_17', 'prey_13', 'prey_18', ...] | active_agents=19 | current_step=686
2025-11-23 03:29:14,527 [DEBUG] PredPreyGrassEnv.env-0c8aa43e: event=StepSummary | env_id=env-0c8aa43e | step=686 | current_step=686 | terminated_agents=[] | truncated_agents=[] | remaining_agents=19 | reward_preview={prey_9:-0.001, predator_5:-0.001, predator_2:-0.001, prey_14:-0.001, prey_17:-0.001} | info_preview={}
2025-11-23 03:29:14,536 [DEBUG] PredPreyGrassEnv.env-0c8aa43e: event=StepBegin | env_id=env-0c8aa43e | step=687 | incoming_actions=['prey_9', 'prey_14', 'prey_17', 'prey_13', 'prey_18', ...] | active_agents=19 | current_step=687
2025-11-23 03:29:14,539 [DEBUG] PredPreyGrassEnv.env-0c8aa43e: event=StepSummary | env_id=env-0c8aa43e | step=687 | current_step=687 | terminated_agents=[] | truncated_agents=[] | remaining_agents=19 | reward_preview={prey_9:-0.001, predator_5:-0.001, predator_2:-0.001, prey_14:-0.001, prey_17:-0.001} | info_preview={}
2025-11-23 03:29:14,549 [DEBUG] PredPreyGrassEnv.env-0c8aa43e: event=StepBegin | env_id=env-0c8aa43e | step=688 | incoming_actions=['prey_9', 'prey_14', 'prey_17', 'prey_13', 'prey_18', ...] | active_agents=19 | current_step=688
2025-11-23 03:29:14,552 [DEBUG] PredPreyGrassEnv.env-0c8aa43e: event=StepSummary | env_id=env-0c8aa43e | step=688 | current_step=688 | terminated_agents=[] | truncated_agents=[] | remaining_agents=19 | reward_preview={prey_9:-0.001, predator_5:-0.001, predator_2:-0.001, prey_14:-0.001, prey_17:-0.001} | info_preview={}
2025-11-23 03:29:14,562 [DEBUG] PredPreyGrassEnv.env-0c8aa43e: event=StepBegin | env_id=env-0c8aa43e | step=689 | incoming_actions=['prey_9', 'prey_14', 'prey_17', 'prey_13', 'prey_18', ...] | active_agents=19 | current_step=689
2025-11-23 03:29:14,565 [DEBUG] PredPreyGrassEnv.env-0c8aa43e: event=StepSummary | env_id=env-0c8aa43e | step=689 | current_step=689 | terminated_agents=[] | truncated_agents=[] | remaining_agents=19 | reward_preview={prey_9:-0.001, predator_5:-0.001, predator_2:-0.001, prey_14:-0.001, prey_17:-0.001} | info_preview={}
2025-11-23 03:29:14,574 [DEBUG] PredPreyGrassEnv.env-0c8aa43e: event=StepBegin | env_id=env-0c8aa43e | step=690 | incoming_actions=['prey_9', 'prey_14', 'prey_17', 'prey_13', 'prey_18', ...] | active_agents=19 | current_step=690
2025-11-23 03:29:14,577 [DEBUG] PredPreyGrassEnv.env-0c8aa43e: event=StepSummary | env_id=env-0c8aa43e | step=690 | current_step=690 | terminated_agents=[] | truncated_agents=[] | remaining_agents=19 | reward_preview={prey_9:-0.001, predator_5:-0.001, predator_2:-0.001, prey_14:-0.001, prey_17:-0.001} | info_preview={}
2025-11-23 03:29:14,587 [DEBUG] PredPreyGrassEnv.env-0c8aa43e: event=StepBegin | env_id=env-0c8aa43e | step=691 | incoming_actions=['prey_9', 'prey_14', 'prey_17', 'prey_13', 'prey_18', ...] | active_agents=19 | current_step=691
2025-11-23 03:29:14,590 [DEBUG] PredPreyGrassEnv.env-0c8aa43e: event=StepSummary | env_id=env-0c8aa43e | step=691 | current_step=691 | terminated_agents=[] | truncated_agents=[] | remaining_agents=19 | reward_preview={prey_9:-0.001, predator_5:-0.001, predator_2:-0.001, prey_14:-0.001, prey_17:-0.001} | info_preview={}
2025-11-23 03:29:14,599 [DEBUG] PredPreyGrassEnv.env-0c8aa43e: event=StepBegin | env_id=env-0c8aa43e | step=692 | incoming_actions=['prey_9', 'prey_14', 'prey_17', 'prey_13', 'prey_18', ...] | active_agents=19 | current_step=692
2025-11-23 03:29:14,602 [DEBUG] PredPreyGrassEnv.env-0c8aa43e: event=StepSummary | env_id=env-0c8aa43e | step=692 | current_step=692 | terminated_agents=[] | truncated_agents=[] | remaining_agents=19 | reward_preview={prey_9:-0.001, predator_5:-0.001, predator_2:-0.001, prey_14:-0.001, prey_17:-0.001} | info_preview={}
2025-11-23 03:29:14,611 [DEBUG] PredPreyGrassEnv.env-0c8aa43e: event=StepBegin | env_id=env-0c8aa43e | step=693 | incoming_actions=['prey_9', 'prey_14', 'prey_17', 'prey_13', 'prey_18', ...] | active_agents=19 | current_step=693
2025-11-23 03:29:14,613 [DEBUG] PredPreyGrassEnv.env-0c8aa43e: event=PreyAteGrass | env_id=env-0c8aa43e | step=693 | prey='prey_16' | grass='grass_60' | prey_position=[724.6138449418747, 78.03638372720836] | grass_energy=10.0 | energy_gained=9.0 | prey_energy=90.35276175664896
2025-11-23 03:29:14,614 [DEBUG] PredPreyGrassEnv.env-0c8aa43e: event=StepSummary | env_id=env-0c8aa43e | step=693 | current_step=693 | terminated_agents=[] | truncated_agents=[] | remaining_agents=19 | reward_preview={prey_9:-0.001, predator_5:-0.001, predator_2:-0.001, prey_14:-0.001, prey_17:-0.001} | info_preview={}
2025-11-23 03:29:14,624 [DEBUG] PredPreyGrassEnv.env-0c8aa43e: event=StepBegin | env_id=env-0c8aa43e | step=694 | incoming_actions=['prey_9', 'prey_14', 'prey_17', 'prey_13', 'prey_18', ...] | active_agents=19 | current_step=694
2025-11-23 03:29:14,627 [DEBUG] PredPreyGrassEnv.env-0c8aa43e: event=StepSummary | env_id=env-0c8aa43e | step=694 | current_step=694 | terminated_agents=[] | truncated_agents=[] | remaining_agents=19 | reward_preview={prey_9:-0.001, predator_5:-0.001, predator_2:-0.001, prey_14:-0.001, prey_17:-0.001} | info_preview={}
2025-11-23 03:29:14,636 [DEBUG] PredPreyGrassEnv.env-0c8aa43e: event=StepBegin | env_id=env-0c8aa43e | step=695 | incoming_actions=['prey_9', 'prey_14', 'prey_17', 'prey_13', 'prey_18', ...] | active_agents=19 | current_step=695
2025-11-23 03:29:14,639 [DEBUG] PredPreyGrassEnv.env-0c8aa43e: event=StepSummary | env_id=env-0c8aa43e | step=695 | current_step=695 | terminated_agents=[] | truncated_agents=[] | remaining_agents=19 | reward_preview={prey_9:-0.001, predator_5:-0.001, predator_2:-0.001, prey_14:-0.001, prey_17:-0.001} | info_preview={}
2025-11-23 03:29:14,648 [DEBUG] PredPreyGrassEnv.env-0c8aa43e: event=StepBegin | env_id=env-0c8aa43e | step=696 | incoming_actions=['prey_9', 'prey_14', 'prey_17', 'prey_13', 'prey_18', ...] | active_agents=19 | current_step=696
2025-11-23 03:29:14,651 [DEBUG] PredPreyGrassEnv.env-0c8aa43e: event=StepSummary | env_id=env-0c8aa43e | step=696 | current_step=696 | terminated_agents=[] | truncated_agents=[] | remaining_agents=19 | reward_preview={prey_9:-0.001, predator_5:-0.001, predator_2:-0.001, prey_14:-0.001, prey_17:-0.001} | info_preview={}
2025-11-23 03:29:14,660 [DEBUG] PredPreyGrassEnv.env-0c8aa43e: event=StepBegin | env_id=env-0c8aa43e | step=697 | incoming_actions=['prey_9', 'prey_14', 'prey_17', 'prey_13', 'prey_18', ...] | active_agents=19 | current_step=697
2025-11-23 03:29:14,663 [DEBUG] PredPreyGrassEnv.env-0c8aa43e: event=StepSummary | env_id=env-0c8aa43e | step=697 | current_step=697 | terminated_agents=[] | truncated_agents=[] | remaining_agents=19 | reward_preview={prey_9:-0.001, predator_5:-0.001, predator_2:-0.001, prey_14:-0.001, prey_17:-0.001} | info_preview={}
2025-11-23 03:29:14,673 [DEBUG] PredPreyGrassEnv.env-0c8aa43e: event=StepBegin | env_id=env-0c8aa43e | step=698 | incoming_actions=['prey_9', 'prey_14', 'prey_17', 'prey_13', 'prey_18', ...] | active_agents=19 | current_step=698
2025-11-23 03:29:14,674 [DEBUG] PredPreyGrassEnv.env-0c8aa43e: event=PreyAteGrass | env_id=env-0c8aa43e | step=698 | prey='prey_16' | grass='grass_78' | prey_position=[724.5973484534621, 71.51060536926704] | grass_energy=10.0 | energy_gained=9.0 | prey_energy=98.49627451971993
2025-11-23 03:29:14,676 [DEBUG] PredPreyGrassEnv.env-0c8aa43e: event=StepSummary | env_id=env-0c8aa43e | step=698 | current_step=698 | terminated_agents=[] | truncated_agents=[] | remaining_agents=19 | reward_preview={prey_9:-0.001, predator_5:-0.001, predator_2:-0.001, prey_14:-0.001, prey_17:-0.001} | info_preview={}
2025-11-23 03:29:14,685 [DEBUG] PredPreyGrassEnv.env-0c8aa43e: event=StepBegin | env_id=env-0c8aa43e | step=699 | incoming_actions=['prey_9', 'prey_14', 'prey_17', 'prey_13', 'prey_18', ...] | active_agents=19 | current_step=699
2025-11-23 03:29:14,686 [DEBUG] PredPreyGrassEnv.env-0c8aa43e: event=PreyAteGrass | env_id=env-0c8aa43e | step=699 | prey='prey_1' | grass='grass_22' | prey_position=[306.5292871029403, 162.60393815489934] | grass_energy=10.0 | energy_gained=9.0 | prey_energy=61.71157178588936
2025-11-23 03:29:14,688 [DEBUG] PredPreyGrassEnv.env-0c8aa43e: event=StepSummary | env_id=env-0c8aa43e | step=699 | current_step=699 | terminated_agents=[] | truncated_agents=[] | remaining_agents=19 | reward_preview={prey_9:-0.001, predator_5:-0.001, predator_2:-0.001, prey_14:-0.001, prey_17:-0.001} | info_preview={}
2025-11-23 03:29:14,697 [DEBUG] PredPreyGrassEnv.env-0c8aa43e: event=StepBegin | env_id=env-0c8aa43e | step=700 | incoming_actions=['prey_9', 'prey_14', 'prey_17', 'prey_13', 'prey_18', ...] | active_agents=19 | current_step=700
2025-11-23 03:29:14,700 [DEBUG] PredPreyGrassEnv.env-0c8aa43e: event=StepSummary | env_id=env-0c8aa43e | step=700 | current_step=700 | terminated_agents=[] | truncated_agents=[] | remaining_agents=19 | reward_preview={prey_9:-0.001, predator_5:-0.001, predator_2:-0.001, prey_14:-0.001, prey_17:-0.001} | info_preview={}
2025-11-23 03:29:14,709 [DEBUG] PredPreyGrassEnv.env-0c8aa43e: event=StepBegin | env_id=env-0c8aa43e | step=701 | incoming_actions=['prey_9', 'prey_14', 'prey_17', 'prey_13', 'prey_18', ...] | active_agents=19 | current_step=701
2025-11-23 03:29:14,712 [DEBUG] PredPreyGrassEnv.env-0c8aa43e: event=StepSummary | env_id=env-0c8aa43e | step=701 | current_step=701 | terminated_agents=[] | truncated_agents=[] | remaining_agents=19 | reward_preview={prey_9:-0.001, predator_5:-0.001, predator_2:-0.001, prey_14:-0.001, prey_17:-0.001} | info_preview={}
2025-11-23 03:29:14,721 [DEBUG] PredPreyGrassEnv.env-0c8aa43e: event=StepBegin | env_id=env-0c8aa43e | step=702 | incoming_actions=['prey_9', 'prey_14', 'prey_17', 'prey_13', 'prey_18', ...] | active_agents=19 | current_step=702
2025-11-23 03:29:14,724 [DEBUG] PredPreyGrassEnv.env-0c8aa43e: event=StepSummary | env_id=env-0c8aa43e | step=702 | current_step=702 | terminated_agents=[] | truncated_agents=[] | remaining_agents=19 | reward_preview={prey_9:-0.001, predator_5:-0.001, predator_2:-0.001, prey_14:-0.001, prey_17:-0.001} | info_preview={}
2025-11-23 03:29:14,733 [DEBUG] PredPreyGrassEnv.env-0c8aa43e: event=StepBegin | env_id=env-0c8aa43e | step=703 | incoming_actions=['prey_9', 'prey_14', 'prey_17', 'prey_13', 'prey_18', ...] | active_agents=19 | current_step=703
2025-11-23 03:29:14,736 [DEBUG] PredPreyGrassEnv.env-0c8aa43e: event=StepSummary | env_id=env-0c8aa43e | step=703 | current_step=703 | terminated_agents=[] | truncated_agents=[] | remaining_agents=19 | reward_preview={prey_9:-0.001, predator_5:-0.001, predator_2:-0.001, prey_14:-0.001, prey_17:-0.001} | info_preview={}
2025-11-23 03:29:14,745 [DEBUG] PredPreyGrassEnv.env-0c8aa43e: event=StepBegin | env_id=env-0c8aa43e | step=704 | incoming_actions=['prey_9', 'prey_14', 'prey_17', 'prey_13', 'prey_18', ...] | active_agents=19 | current_step=704
2025-11-23 03:29:14,746 [DEBUG] PredPreyGrassEnv.env-0c8aa43e: event=CollisionBatch | env_id=env-0c8aa43e | step=704 | collisions=[['predator_catch_prey', 'predator_0', 'prey_16']]
2025-11-23 03:29:14,747 [DEBUG] PredPreyGrassEnv.env-0c8aa43e: event=AgentEnergyDepleted | env_id=env-0c8aa43e | step=704 | agent='prey_16' | position=[723.3008284878443, 63.01944981128568] | energy=0
2025-11-23 03:29:14,748 [DEBUG] PredPreyGrassEnv.env-0c8aa43e: event=AgentRemovedFromActiveList | env_id=env-0c8aa43e | step=704 | agent='prey_16' | remaining_agents=18
2025-11-23 03:29:14,748 [DEBUG] PredPreyGrassEnv.env-0c8aa43e: event=StepSummary | env_id=env-0c8aa43e | step=704 | current_step=704 | terminated_agents=['prey_16'] | truncated_agents=[] | remaining_agents=18 | reward_preview={prey_9:-0.001, predator_5:-0.001, predator_2:-0.001, prey_14:-0.001, prey_17:-0.001} | info_preview={}
2025-11-23 03:29:14,758 [DEBUG] PredPreyGrassEnv.env-0c8aa43e: event=StepBegin | env_id=env-0c8aa43e | step=705 | incoming_actions=['prey_9', 'prey_14', 'prey_17', 'prey_13', 'prey_18', ...] | active_agents=18 | current_step=705
2025-11-23 03:29:14,760 [DEBUG] PredPreyGrassEnv.env-0c8aa43e: event=StepSummary | env_id=env-0c8aa43e | step=705 | current_step=705 | terminated_agents=[] | truncated_agents=[] | remaining_agents=18 | reward_preview={prey_9:-0.001, predator_5:-0.001, predator_2:-0.001, prey_14:-0.001, prey_17:-0.001} | info_preview={}
2025-11-23 03:29:14,769 [DEBUG] PredPreyGrassEnv.env-0c8aa43e: event=StepBegin | env_id=env-0c8aa43e | step=706 | incoming_actions=['prey_9', 'prey_14', 'prey_17', 'prey_13', 'prey_18', ...] | active_agents=18 | current_step=706
2025-11-23 03:29:14,772 [DEBUG] PredPreyGrassEnv.env-0c8aa43e: event=StepSummary | env_id=env-0c8aa43e | step=706 | current_step=706 | terminated_agents=[] | truncated_agents=[] | remaining_agents=18 | reward_preview={prey_9:-0.001, predator_5:-0.001, predator_2:-0.001, prey_14:-0.001, prey_17:-0.001} | info_preview={}
2025-11-23 03:29:14,781 [DEBUG] PredPreyGrassEnv.env-0c8aa43e: event=StepBegin | env_id=env-0c8aa43e | step=707 | incoming_actions=['prey_9', 'prey_14', 'prey_17', 'prey_13', 'prey_18', ...] | active_agents=18 | current_step=707
2025-11-23 03:29:14,783 [DEBUG] PredPreyGrassEnv.env-0c8aa43e: event=PreyAteGrass | env_id=env-0c8aa43e | step=707 | prey='prey_6' | grass='grass_99' | prey_position=[583.0840931160512, 392.78539192350024] | grass_energy=10.0 | energy_gained=9.0 | prey_energy=38.34107108909008
2025-11-23 03:29:14,784 [DEBUG] PredPreyGrassEnv.env-0c8aa43e: event=StepSummary | env_id=env-0c8aa43e | step=707 | current_step=707 | terminated_agents=[] | truncated_agents=[] | remaining_agents=18 | reward_preview={prey_9:-0.001, predator_5:-0.001, predator_2:-0.001, prey_14:-0.001, prey_17:-0.001} | info_preview={}
2025-11-23 03:29:14,793 [DEBUG] PredPreyGrassEnv.env-0c8aa43e: event=StepBegin | env_id=env-0c8aa43e | step=708 | incoming_actions=['prey_9', 'prey_14', 'prey_17', 'prey_13', 'prey_18', ...] | active_agents=18 | current_step=708
2025-11-23 03:29:14,796 [DEBUG] PredPreyGrassEnv.env-0c8aa43e: event=StepSummary | env_id=env-0c8aa43e | step=708 | current_step=708 | terminated_agents=[] | truncated_agents=[] | remaining_agents=18 | reward_preview={prey_9:-0.001, predator_5:-0.001, predator_2:-0.001, prey_14:-0.001, prey_17:-0.001} | info_preview={}
2025-11-23 03:29:14,805 [DEBUG] PredPreyGrassEnv.env-0c8aa43e: event=StepBegin | env_id=env-0c8aa43e | step=709 | incoming_actions=['prey_9', 'prey_14', 'prey_17', 'prey_13', 'prey_18', ...] | active_agents=18 | current_step=709
2025-11-23 03:29:14,808 [DEBUG] PredPreyGrassEnv.env-0c8aa43e: event=PreyAteGrass | env_id=env-0c8aa43e | step=709 | prey='prey_19' | grass='grass_48' | prey_position=[501.00649983563216, 723.4685178557879] | grass_energy=10.0 | energy_gained=9.0 | prey_energy=70.4653524140476
2025-11-23 03:29:14,808 [DEBUG] PredPreyGrassEnv.env-0c8aa43e: event=StepSummary | env_id=env-0c8aa43e | step=709 | current_step=709 | terminated_agents=[] | truncated_agents=[] | remaining_agents=18 | reward_preview={prey_9:-0.001, predator_5:-0.001, predator_2:-0.001, prey_14:-0.001, prey_17:-0.001} | info_preview={}
2025-11-23 03:29:14,817 [DEBUG] PredPreyGrassEnv.env-0c8aa43e: event=StepBegin | env_id=env-0c8aa43e | step=710 | incoming_actions=['prey_9', 'prey_14', 'prey_17', 'prey_13', 'prey_18', ...] | active_agents=18 | current_step=710
2025-11-23 03:29:14,819 [DEBUG] PredPreyGrassEnv.env-0c8aa43e: event=PreyAteGrass | env_id=env-0c8aa43e | step=710 | prey='prey_18' | grass='grass_57' | prey_position=[611.3451090725774, 696.0861814546522] | grass_energy=10.0 | energy_gained=9.0 | prey_energy=122.37321774190194
2025-11-23 03:29:14,820 [DEBUG] PredPreyGrassEnv.env-0c8aa43e: event=StepSummary | env_id=env-0c8aa43e | step=710 | current_step=710 | terminated_agents=[] | truncated_agents=[] | remaining_agents=18 | reward_preview={prey_9:-0.001, predator_5:-0.001, predator_2:-0.001, prey_14:-0.001, prey_17:-0.001} | info_preview={}
2025-11-23 03:29:14,829 [DEBUG] PredPreyGrassEnv.env-0c8aa43e: event=StepBegin | env_id=env-0c8aa43e | step=711 | incoming_actions=['prey_9', 'prey_14', 'prey_17', 'prey_13', 'prey_18', ...] | active_agents=18 | current_step=711
2025-11-23 03:29:14,832 [DEBUG] PredPreyGrassEnv.env-0c8aa43e: event=StepSummary | env_id=env-0c8aa43e | step=711 | current_step=711 | terminated_agents=[] | truncated_agents=[] | remaining_agents=18 | reward_preview={prey_9:-0.001, predator_5:-0.001, predator_2:-0.001, prey_14:-0.001, prey_17:-0.001} | info_preview={}
2025-11-23 03:29:14,841 [DEBUG] PredPreyGrassEnv.env-0c8aa43e: event=StepBegin | env_id=env-0c8aa43e | step=712 | incoming_actions=['prey_9', 'prey_14', 'prey_17', 'prey_13', 'prey_18', ...] | active_agents=18 | current_step=712
2025-11-23 03:29:14,842 [DEBUG] PredPreyGrassEnv.env-0c8aa43e: event=PreyAteGrass | env_id=env-0c8aa43e | step=712 | prey='prey_1' | grass='grass_7' | prey_position=[307.51872022605465, 188.55942192415588] | grass_energy=10.0 | energy_gained=9.0 | prey_energy=67.43234842290161
2025-11-23 03:29:14,844 [DEBUG] PredPreyGrassEnv.env-0c8aa43e: event=StepSummary | env_id=env-0c8aa43e | step=712 | current_step=712 | terminated_agents=[] | truncated_agents=[] | remaining_agents=18 | reward_preview={prey_9:-0.001, predator_5:-0.001, predator_2:-0.001, prey_14:-0.001, prey_17:-0.001} | info_preview={}
2025-11-23 03:29:14,853 [DEBUG] PredPreyGrassEnv.env-0c8aa43e: event=StepBegin | env_id=env-0c8aa43e | step=713 | incoming_actions=['prey_9', 'prey_14', 'prey_17', 'prey_13', 'prey_18', ...] | active_agents=18 | current_step=713
2025-11-23 03:29:14,856 [DEBUG] PredPreyGrassEnv.env-0c8aa43e: event=StepSummary | env_id=env-0c8aa43e | step=713 | current_step=713 | terminated_agents=[] | truncated_agents=[] | remaining_agents=18 | reward_preview={prey_9:-0.001, predator_5:-0.001, predator_2:-0.001, prey_14:-0.001, prey_17:-0.001} | info_preview={}
2025-11-23 03:29:14,865 [DEBUG] PredPreyGrassEnv.env-0c8aa43e: event=StepBegin | env_id=env-0c8aa43e | step=714 | incoming_actions=['prey_9', 'prey_14', 'prey_17', 'prey_13', 'prey_18', ...] | active_agents=18 | current_step=714
2025-11-23 03:29:14,868 [DEBUG] PredPreyGrassEnv.env-0c8aa43e: event=StepSummary | env_id=env-0c8aa43e | step=714 | current_step=714 | terminated_agents=[] | truncated_agents=[] | remaining_agents=18 | reward_preview={prey_9:-0.001, predator_5:-0.001, predator_2:-0.001, prey_14:-0.001, prey_17:-0.001} | info_preview={}
2025-11-23 03:29:14,877 [DEBUG] PredPreyGrassEnv.env-0c8aa43e: event=StepBegin | env_id=env-0c8aa43e | step=715 | incoming_actions=['prey_9', 'prey_14', 'prey_17', 'prey_13', 'prey_18', ...] | active_agents=18 | current_step=715
2025-11-23 03:29:14,880 [DEBUG] PredPreyGrassEnv.env-0c8aa43e: event=StepSummary | env_id=env-0c8aa43e | step=715 | current_step=715 | terminated_agents=[] | truncated_agents=[] | remaining_agents=18 | reward_preview={prey_9:-0.001, predator_5:-0.001, predator_2:-0.001, prey_14:-0.001, prey_17:-0.001} | info_preview={}
2025-11-23 03:29:14,889 [DEBUG] PredPreyGrassEnv.env-0c8aa43e: event=StepBegin | env_id=env-0c8aa43e | step=716 | incoming_actions=['prey_9', 'prey_14', 'prey_17', 'prey_13', 'prey_18', ...] | active_agents=18 | current_step=716
2025-11-23 03:29:14,891 [DEBUG] PredPreyGrassEnv.env-0c8aa43e: event=StepSummary | env_id=env-0c8aa43e | step=716 | current_step=716 | terminated_agents=[] | truncated_agents=[] | remaining_agents=18 | reward_preview={prey_9:-0.001, predator_5:-0.001, predator_2:-0.001, prey_14:-0.001, prey_17:-0.001} | info_preview={}
2025-11-23 03:29:14,900 [DEBUG] PredPreyGrassEnv.env-0c8aa43e: event=StepBegin | env_id=env-0c8aa43e | step=717 | incoming_actions=['prey_9', 'prey_14', 'prey_17', 'prey_13', 'prey_18', ...] | active_agents=18 | current_step=717
2025-11-23 03:29:14,903 [DEBUG] PredPreyGrassEnv.env-0c8aa43e: event=StepSummary | env_id=env-0c8aa43e | step=717 | current_step=717 | terminated_agents=[] | truncated_agents=[] | remaining_agents=18 | reward_preview={prey_9:-0.001, predator_5:-0.001, predator_2:-0.001, prey_14:-0.001, prey_17:-0.001} | info_preview={}
2025-11-23 03:29:14,912 [DEBUG] PredPreyGrassEnv.env-0c8aa43e: event=StepBegin | env_id=env-0c8aa43e | step=718 | incoming_actions=['prey_9', 'prey_14', 'prey_17', 'prey_13', 'prey_18', ...] | active_agents=18 | current_step=718
2025-11-23 03:29:14,913 [DEBUG] PredPreyGrassEnv.env-0c8aa43e: event=PreyAteGrass | env_id=env-0c8aa43e | step=718 | prey='prey_1' | grass='grass_35' | prey_position=[306.9202011763081, 202.97814916623207] | grass_energy=10.0 | energy_gained=9.0 | prey_energy=74.62016159964652
2025-11-23 03:29:14,915 [DEBUG] PredPreyGrassEnv.env-0c8aa43e: event=StepSummary | env_id=env-0c8aa43e | step=718 | current_step=718 | terminated_agents=[] | truncated_agents=[] | remaining_agents=18 | reward_preview={prey_9:-0.001, predator_5:-0.001, predator_2:-0.001, prey_14:-0.001, prey_17:-0.001} | info_preview={}
2025-11-23 03:29:14,924 [DEBUG] PredPreyGrassEnv.env-0c8aa43e: event=StepBegin | env_id=env-0c8aa43e | step=719 | incoming_actions=['prey_9', 'prey_14', 'prey_17', 'prey_13', 'prey_18', ...] | active_agents=18 | current_step=719
2025-11-23 03:29:14,927 [DEBUG] PredPreyGrassEnv.env-0c8aa43e: event=StepSummary | env_id=env-0c8aa43e | step=719 | current_step=719 | terminated_agents=[] | truncated_agents=[] | remaining_agents=18 | reward_preview={prey_9:-0.001, predator_5:-0.001, predator_2:-0.001, prey_14:-0.001, prey_17:-0.001} | info_preview={}
2025-11-23 03:29:14,936 [DEBUG] PredPreyGrassEnv.env-0c8aa43e: event=StepBegin | env_id=env-0c8aa43e | step=720 | incoming_actions=['prey_9', 'prey_14', 'prey_17', 'prey_13', 'prey_18', ...] | active_agents=18 | current_step=720
2025-11-23 03:29:14,939 [DEBUG] PredPreyGrassEnv.env-0c8aa43e: event=StepSummary | env_id=env-0c8aa43e | step=720 | current_step=720 | terminated_agents=[] | truncated_agents=[] | remaining_agents=18 | reward_preview={prey_9:-0.001, predator_5:-0.001, predator_2:-0.001, prey_14:-0.001, prey_17:-0.001} | info_preview={}
2025-11-23 03:29:14,948 [DEBUG] PredPreyGrassEnv.env-0c8aa43e: event=StepBegin | env_id=env-0c8aa43e | step=721 | incoming_actions=['prey_9', 'prey_14', 'prey_17', 'prey_13', 'prey_18', ...] | active_agents=18 | current_step=721
2025-11-23 03:29:14,950 [DEBUG] PredPreyGrassEnv.env-0c8aa43e: event=StepSummary | env_id=env-0c8aa43e | step=721 | current_step=721 | terminated_agents=[] | truncated_agents=[] | remaining_agents=18 | reward_preview={prey_9:-0.001, predator_5:-0.001, predator_2:-0.001, prey_14:-0.001, prey_17:-0.001} | info_preview={}
2025-11-23 03:29:14,959 [DEBUG] PredPreyGrassEnv.env-0c8aa43e: event=StepBegin | env_id=env-0c8aa43e | step=722 | incoming_actions=['prey_9', 'prey_14', 'prey_17', 'prey_13', 'prey_18', ...] | active_agents=18 | current_step=722
2025-11-23 03:29:14,962 [DEBUG] PredPreyGrassEnv.env-0c8aa43e: event=StepSummary | env_id=env-0c8aa43e | step=722 | current_step=722 | terminated_agents=[] | truncated_agents=[] | remaining_agents=18 | reward_preview={prey_9:-0.001, predator_5:-0.001, predator_2:-0.001, prey_14:-0.001, prey_17:-0.001} | info_preview={}
2025-11-23 03:29:14,971 [DEBUG] PredPreyGrassEnv.env-0c8aa43e: event=StepBegin | env_id=env-0c8aa43e | step=723 | incoming_actions=['prey_9', 'prey_14', 'prey_17', 'prey_13', 'prey_18', ...] | active_agents=18 | current_step=723
2025-11-23 03:29:14,974 [DEBUG] PredPreyGrassEnv.env-0c8aa43e: event=StepSummary | env_id=env-0c8aa43e | step=723 | current_step=723 | terminated_agents=[] | truncated_agents=[] | remaining_agents=18 | reward_preview={prey_9:-0.001, predator_5:-0.001, predator_2:-0.001, prey_14:-0.001, prey_17:-0.001} | info_preview={}
2025-11-23 03:29:14,983 [DEBUG] PredPreyGrassEnv.env-0c8aa43e: event=StepBegin | env_id=env-0c8aa43e | step=724 | incoming_actions=['prey_9', 'prey_14', 'prey_17', 'prey_13', 'prey_18', ...] | active_agents=18 | current_step=724
2025-11-23 03:29:14,985 [DEBUG] PredPreyGrassEnv.env-0c8aa43e: event=StepSummary | env_id=env-0c8aa43e | step=724 | current_step=724 | terminated_agents=[] | truncated_agents=[] | remaining_agents=18 | reward_preview={prey_9:-0.001, predator_5:-0.001, predator_2:-0.001, prey_14:-0.001, prey_17:-0.001} | info_preview={}
2025-11-23 03:29:14,995 [DEBUG] PredPreyGrassEnv.env-0c8aa43e: event=StepBegin | env_id=env-0c8aa43e | step=725 | incoming_actions=['prey_9', 'prey_14', 'prey_17', 'prey_13', 'prey_18', ...] | active_agents=18 | current_step=725
2025-11-23 03:29:14,997 [DEBUG] PredPreyGrassEnv.env-0c8aa43e: event=StepSummary | env_id=env-0c8aa43e | step=725 | current_step=725 | terminated_agents=[] | truncated_agents=[] | remaining_agents=18 | reward_preview={prey_9:-0.001, predator_5:-0.001, predator_2:-0.001, prey_14:-0.001, prey_17:-0.001} | info_preview={}
2025-11-23 03:29:15,007 [DEBUG] PredPreyGrassEnv.env-0c8aa43e: event=StepBegin | env_id=env-0c8aa43e | step=726 | incoming_actions=['prey_9', 'prey_14', 'prey_17', 'prey_13', 'prey_18', ...] | active_agents=18 | current_step=726
2025-11-23 03:29:15,009 [DEBUG] PredPreyGrassEnv.env-0c8aa43e: event=StepSummary | env_id=env-0c8aa43e | step=726 | current_step=726 | terminated_agents=[] | truncated_agents=[] | remaining_agents=18 | reward_preview={prey_9:-0.001, predator_5:-0.001, predator_2:-0.001, prey_14:-0.001, prey_17:-0.001} | info_preview={}
2025-11-23 03:29:15,019 [DEBUG] PredPreyGrassEnv.env-0c8aa43e: event=StepBegin | env_id=env-0c8aa43e | step=727 | incoming_actions=['prey_9', 'prey_14', 'prey_17', 'prey_13', 'prey_18', ...] | active_agents=18 | current_step=727
2025-11-23 03:29:15,022 [DEBUG] PredPreyGrassEnv.env-0c8aa43e: event=StepSummary | env_id=env-0c8aa43e | step=727 | current_step=727 | terminated_agents=[] | truncated_agents=[] | remaining_agents=18 | reward_preview={prey_9:-0.001, predator_5:-0.001, predator_2:-0.001, prey_14:-0.001, prey_17:-0.001} | info_preview={}
2025-11-23 03:29:15,031 [DEBUG] PredPreyGrassEnv.env-0c8aa43e: event=StepBegin | env_id=env-0c8aa43e | step=728 | incoming_actions=['prey_9', 'prey_14', 'prey_17', 'prey_13', 'prey_18', ...] | active_agents=18 | current_step=728
2025-11-23 03:29:15,034 [DEBUG] PredPreyGrassEnv.env-0c8aa43e: event=StepSummary | env_id=env-0c8aa43e | step=728 | current_step=728 | terminated_agents=[] | truncated_agents=[] | remaining_agents=18 | reward_preview={prey_9:-0.001, predator_5:-0.001, predator_2:-0.001, prey_14:-0.001, prey_17:-0.001} | info_preview={}
2025-11-23 03:29:15,043 [DEBUG] PredPreyGrassEnv.env-0c8aa43e: event=StepBegin | env_id=env-0c8aa43e | step=729 | incoming_actions=['prey_9', 'prey_14', 'prey_17', 'prey_13', 'prey_18', ...] | active_agents=18 | current_step=729
2025-11-23 03:29:15,046 [DEBUG] PredPreyGrassEnv.env-0c8aa43e: event=StepSummary | env_id=env-0c8aa43e | step=729 | current_step=729 | terminated_agents=[] | truncated_agents=[] | remaining_agents=18 | reward_preview={prey_9:-0.001, predator_5:-0.001, predator_2:-0.001, prey_14:-0.001, prey_17:-0.001} | info_preview={}
2025-11-23 03:29:15,055 [DEBUG] PredPreyGrassEnv.env-0c8aa43e: event=StepBegin | env_id=env-0c8aa43e | step=730 | incoming_actions=['prey_9', 'prey_14', 'prey_17', 'prey_13', 'prey_18', ...] | active_agents=18 | current_step=730
2025-11-23 03:29:15,058 [DEBUG] PredPreyGrassEnv.env-0c8aa43e: event=StepSummary | env_id=env-0c8aa43e | step=730 | current_step=730 | terminated_agents=[] | truncated_agents=[] | remaining_agents=18 | reward_preview={prey_9:-0.001, predator_5:-0.001, predator_2:-0.001, prey_14:-0.001, prey_17:-0.001} | info_preview={}
2025-11-23 03:29:15,067 [DEBUG] PredPreyGrassEnv.env-0c8aa43e: event=StepBegin | env_id=env-0c8aa43e | step=731 | incoming_actions=['prey_9', 'prey_14', 'prey_17', 'prey_13', 'prey_18', ...] | active_agents=18 | current_step=731
2025-11-23 03:29:15,070 [DEBUG] PredPreyGrassEnv.env-0c8aa43e: event=StepSummary | env_id=env-0c8aa43e | step=731 | current_step=731 | terminated_agents=[] | truncated_agents=[] | remaining_agents=18 | reward_preview={prey_9:-0.001, predator_5:-0.001, predator_2:-0.001, prey_14:-0.001, prey_17:-0.001} | info_preview={}
2025-11-23 03:29:15,079 [DEBUG] PredPreyGrassEnv.env-0c8aa43e: event=StepBegin | env_id=env-0c8aa43e | step=732 | incoming_actions=['prey_9', 'prey_14', 'prey_17', 'prey_13', 'prey_18', ...] | active_agents=18 | current_step=732
2025-11-23 03:29:15,082 [DEBUG] PredPreyGrassEnv.env-0c8aa43e: event=StepSummary | env_id=env-0c8aa43e | step=732 | current_step=732 | terminated_agents=[] | truncated_agents=[] | remaining_agents=18 | reward_preview={prey_9:-0.001, predator_5:-0.001, predator_2:-0.001, prey_14:-0.001, prey_17:-0.001} | info_preview={}
2025-11-23 03:29:15,091 [DEBUG] PredPreyGrassEnv.env-0c8aa43e: event=StepBegin | env_id=env-0c8aa43e | step=733 | incoming_actions=['prey_9', 'prey_14', 'prey_17', 'prey_13', 'prey_18', ...] | active_agents=18 | current_step=733
2025-11-23 03:29:15,094 [DEBUG] PredPreyGrassEnv.env-0c8aa43e: event=StepSummary | env_id=env-0c8aa43e | step=733 | current_step=733 | terminated_agents=[] | truncated_agents=[] | remaining_agents=18 | reward_preview={prey_9:-0.001, predator_5:-0.001, predator_2:-0.001, prey_14:-0.001, prey_17:-0.001} | info_preview={}
2025-11-23 03:29:15,103 [DEBUG] PredPreyGrassEnv.env-0c8aa43e: event=StepBegin | env_id=env-0c8aa43e | step=734 | incoming_actions=['prey_9', 'prey_14', 'prey_17', 'prey_13', 'prey_18', ...] | active_agents=18 | current_step=734
2025-11-23 03:29:15,104 [DEBUG] PredPreyGrassEnv.env-0c8aa43e: event=PreyAteGrass | env_id=env-0c8aa43e | step=734 | prey='prey_1' | grass='grass_97' | prey_position=[310.17868746815907, 240.4765447784236] | grass_energy=10.0 | energy_gained=9.0 | prey_energy=78.80962593270205
2025-11-23 03:29:15,106 [DEBUG] PredPreyGrassEnv.env-0c8aa43e: event=StepSummary | env_id=env-0c8aa43e | step=734 | current_step=734 | terminated_agents=[] | truncated_agents=[] | remaining_agents=18 | reward_preview={prey_9:-0.001, predator_5:-0.001, predator_2:-0.001, prey_14:-0.001, prey_17:-0.001} | info_preview={}
2025-11-23 03:29:15,115 [DEBUG] PredPreyGrassEnv.env-0c8aa43e: event=StepBegin | env_id=env-0c8aa43e | step=735 | incoming_actions=['prey_9', 'prey_14', 'prey_17', 'prey_13', 'prey_18', ...] | active_agents=18 | current_step=735
2025-11-23 03:29:15,117 [DEBUG] PredPreyGrassEnv.env-0c8aa43e: event=StepSummary | env_id=env-0c8aa43e | step=735 | current_step=735 | terminated_agents=[] | truncated_agents=[] | remaining_agents=18 | reward_preview={prey_9:-0.001, predator_5:-0.001, predator_2:-0.001, prey_14:-0.001, prey_17:-0.001} | info_preview={}
2025-11-23 03:29:15,126 [DEBUG] PredPreyGrassEnv.env-0c8aa43e: event=StepBegin | env_id=env-0c8aa43e | step=736 | incoming_actions=['prey_9', 'prey_14', 'prey_17', 'prey_13', 'prey_18', ...] | active_agents=18 | current_step=736
2025-11-23 03:29:15,128 [DEBUG] PredPreyGrassEnv.env-0c8aa43e: event=PreyAteGrass | env_id=env-0c8aa43e | step=736 | prey='prey_17' | grass='grass_90' | prey_position=[114.44266864221491, 573.6975845652851] | grass_energy=10.0 | energy_gained=9.0 | prey_energy=51.67756262747417
2025-11-23 03:29:15,129 [DEBUG] PredPreyGrassEnv.env-0c8aa43e: event=StepSummary | env_id=env-0c8aa43e | step=736 | current_step=736 | terminated_agents=[] | truncated_agents=[] | remaining_agents=18 | reward_preview={prey_9:-0.001, predator_5:-0.001, predator_2:-0.001, prey_14:-0.001, prey_17:1.0} | info_preview={}
2025-11-23 03:29:15,138 [DEBUG] PredPreyGrassEnv.env-0c8aa43e: event=StepBegin | env_id=env-0c8aa43e | step=737 | incoming_actions=['prey_9', 'prey_14', 'prey_17', 'prey_13', 'prey_18', ...] | active_agents=18 | current_step=737
2025-11-23 03:29:15,141 [DEBUG] PredPreyGrassEnv.env-0c8aa43e: event=StepSummary | env_id=env-0c8aa43e | step=737 | current_step=737 | terminated_agents=[] | truncated_agents=[] | remaining_agents=18 | reward_preview={prey_9:-0.001, predator_5:-0.001, predator_2:-0.001, prey_14:-0.001, prey_17:-0.001} | info_preview={}
2025-11-23 03:29:15,151 [DEBUG] PredPreyGrassEnv.env-0c8aa43e: event=StepBegin | env_id=env-0c8aa43e | step=738 | incoming_actions=['prey_9', 'prey_14', 'prey_17', 'prey_13', 'prey_18', ...] | active_agents=18 | current_step=738
2025-11-23 03:29:15,153 [DEBUG] PredPreyGrassEnv.env-0c8aa43e: event=StepSummary | env_id=env-0c8aa43e | step=738 | current_step=738 | terminated_agents=[] | truncated_agents=[] | remaining_agents=18 | reward_preview={prey_9:-0.001, predator_5:-0.001, predator_2:-0.001, prey_14:-0.001, prey_17:-0.001} | info_preview={}
2025-11-23 03:29:15,164 [DEBUG] PredPreyGrassEnv.env-0c8aa43e: event=StepBegin | env_id=env-0c8aa43e | step=739 | incoming_actions=['prey_9', 'prey_14', 'prey_17', 'prey_13', 'prey_18', ...] | active_agents=18 | current_step=739
2025-11-23 03:29:15,166 [DEBUG] PredPreyGrassEnv.env-0c8aa43e: event=StepSummary | env_id=env-0c8aa43e | step=739 | current_step=739 | terminated_agents=[] | truncated_agents=[] | remaining_agents=18 | reward_preview={prey_9:-0.001, predator_5:-0.001, predator_2:-0.001, prey_14:-0.001, prey_17:-0.001} | info_preview={}
2025-11-23 03:29:15,175 [DEBUG] PredPreyGrassEnv.env-0c8aa43e: event=StepBegin | env_id=env-0c8aa43e | step=740 | incoming_actions=['prey_9', 'prey_14', 'prey_17', 'prey_13', 'prey_18', ...] | active_agents=18 | current_step=740
2025-11-23 03:29:15,177 [DEBUG] PredPreyGrassEnv.env-0c8aa43e: event=PreyAteGrass | env_id=env-0c8aa43e | step=740 | prey='prey_10' | grass='grass_74' | prey_position=[564.2867557257814, 719.5145824390361] | grass_energy=10.0 | energy_gained=9.0 | prey_energy=85.19920440789421
2025-11-23 03:29:15,178 [DEBUG] PredPreyGrassEnv.env-0c8aa43e: event=StepSummary | env_id=env-0c8aa43e | step=740 | current_step=740 | terminated_agents=[] | truncated_agents=[] | remaining_agents=18 | reward_preview={prey_9:-0.001, predator_5:-0.001, predator_2:-0.001, prey_14:-0.001, prey_17:-0.001} | info_preview={}
2025-11-23 03:29:15,187 [DEBUG] PredPreyGrassEnv.env-0c8aa43e: event=StepBegin | env_id=env-0c8aa43e | step=741 | incoming_actions=['prey_9', 'prey_14', 'prey_17', 'prey_13', 'prey_18', ...] | active_agents=18 | current_step=741
2025-11-23 03:29:15,190 [DEBUG] PredPreyGrassEnv.env-0c8aa43e: event=StepSummary | env_id=env-0c8aa43e | step=741 | current_step=741 | terminated_agents=[] | truncated_agents=[] | remaining_agents=18 | reward_preview={prey_9:-0.001, predator_5:-0.001, predator_2:-0.001, prey_14:-0.001, prey_17:-0.001} | info_preview={}
2025-11-23 03:29:15,199 [DEBUG] PredPreyGrassEnv.env-0c8aa43e: event=StepBegin | env_id=env-0c8aa43e | step=742 | incoming_actions=['prey_9', 'prey_14', 'prey_17', 'prey_13', 'prey_18', ...] | active_agents=18 | current_step=742
2025-11-23 03:29:15,202 [DEBUG] PredPreyGrassEnv.env-0c8aa43e: event=StepSummary | env_id=env-0c8aa43e | step=742 | current_step=742 | terminated_agents=[] | truncated_agents=[] | remaining_agents=18 | reward_preview={prey_9:-0.001, predator_5:-0.001, predator_2:-0.001, prey_14:-0.001, prey_17:-0.001} | info_preview={}
2025-11-23 03:29:15,211 [DEBUG] PredPreyGrassEnv.env-0c8aa43e: event=StepBegin | env_id=env-0c8aa43e | step=743 | incoming_actions=['prey_9', 'prey_14', 'prey_17', 'prey_13', 'prey_18', ...] | active_agents=18 | current_step=743
2025-11-23 03:29:15,214 [DEBUG] PredPreyGrassEnv.env-0c8aa43e: event=StepSummary | env_id=env-0c8aa43e | step=743 | current_step=743 | terminated_agents=[] | truncated_agents=[] | remaining_agents=18 | reward_preview={prey_9:-0.001, predator_5:-0.001, predator_2:-0.001, prey_14:-0.001, prey_17:-0.001} | info_preview={}
2025-11-23 03:29:15,223 [DEBUG] PredPreyGrassEnv.env-0c8aa43e: event=StepBegin | env_id=env-0c8aa43e | step=744 | incoming_actions=['prey_9', 'prey_14', 'prey_17', 'prey_13', 'prey_18', ...] | active_agents=18 | current_step=744
2025-11-23 03:29:15,226 [DEBUG] PredPreyGrassEnv.env-0c8aa43e: event=StepSummary | env_id=env-0c8aa43e | step=744 | current_step=744 | terminated_agents=[] | truncated_agents=[] | remaining_agents=18 | reward_preview={prey_9:-0.001, predator_5:-0.001, predator_2:-0.001, prey_14:-0.001, prey_17:-0.001} | info_preview={}
2025-11-23 03:29:15,236 [DEBUG] PredPreyGrassEnv.env-0c8aa43e: event=StepBegin | env_id=env-0c8aa43e | step=745 | incoming_actions=['prey_9', 'prey_14', 'prey_17', 'prey_13', 'prey_18', ...] | active_agents=18 | current_step=745
2025-11-23 03:29:15,238 [DEBUG] PredPreyGrassEnv.env-0c8aa43e: event=StepSummary | env_id=env-0c8aa43e | step=745 | current_step=745 | terminated_agents=[] | truncated_agents=[] | remaining_agents=18 | reward_preview={prey_9:-0.001, predator_5:-0.001, predator_2:-0.001, prey_14:-0.001, prey_17:-0.001} | info_preview={}
2025-11-23 03:29:15,248 [DEBUG] PredPreyGrassEnv.env-0c8aa43e: event=StepBegin | env_id=env-0c8aa43e | step=746 | incoming_actions=['prey_9', 'prey_14', 'prey_17', 'prey_13', 'prey_18', ...] | active_agents=18 | current_step=746
2025-11-23 03:29:15,251 [DEBUG] PredPreyGrassEnv.env-0c8aa43e: event=StepSummary | env_id=env-0c8aa43e | step=746 | current_step=746 | terminated_agents=[] | truncated_agents=[] | remaining_agents=18 | reward_preview={prey_9:-0.001, predator_5:-0.001, predator_2:-0.001, prey_14:-0.001, prey_17:-0.001} | info_preview={}
2025-11-23 03:29:15,260 [DEBUG] PredPreyGrassEnv.env-0c8aa43e: event=StepBegin | env_id=env-0c8aa43e | step=747 | incoming_actions=['prey_9', 'prey_14', 'prey_17', 'prey_13', 'prey_18', ...] | active_agents=18 | current_step=747
2025-11-23 03:29:15,263 [DEBUG] PredPreyGrassEnv.env-0c8aa43e: event=StepSummary | env_id=env-0c8aa43e | step=747 | current_step=747 | terminated_agents=[] | truncated_agents=[] | remaining_agents=18 | reward_preview={prey_9:-0.001, predator_5:-0.001, predator_2:-0.001, prey_14:-0.001, prey_17:-0.001} | info_preview={}
2025-11-23 03:29:15,272 [DEBUG] PredPreyGrassEnv.env-0c8aa43e: event=StepBegin | env_id=env-0c8aa43e | step=748 | incoming_actions=['prey_9', 'prey_14', 'prey_17', 'prey_13', 'prey_18', ...] | active_agents=18 | current_step=748
2025-11-23 03:29:15,274 [DEBUG] PredPreyGrassEnv.env-0c8aa43e: event=StepSummary | env_id=env-0c8aa43e | step=748 | current_step=748 | terminated_agents=[] | truncated_agents=[] | remaining_agents=18 | reward_preview={prey_9:-0.001, predator_5:-0.001, predator_2:-0.001, prey_14:-0.001, prey_17:-0.001} | info_preview={}
2025-11-23 03:29:15,284 [DEBUG] PredPreyGrassEnv.env-0c8aa43e: event=StepBegin | env_id=env-0c8aa43e | step=749 | incoming_actions=['prey_9', 'prey_14', 'prey_17', 'prey_13', 'prey_18', ...] | active_agents=18 | current_step=749
2025-11-23 03:29:15,286 [DEBUG] PredPreyGrassEnv.env-0c8aa43e: event=StepSummary | env_id=env-0c8aa43e | step=749 | current_step=749 | terminated_agents=[] | truncated_agents=[] | remaining_agents=18 | reward_preview={prey_9:-0.001, predator_5:-0.001, predator_2:-0.001, prey_14:-0.001, prey_17:-0.001} | info_preview={}
2025-11-23 03:29:15,296 [DEBUG] PredPreyGrassEnv.env-0c8aa43e: event=StepBegin | env_id=env-0c8aa43e | step=750 | incoming_actions=['prey_9', 'prey_14', 'prey_17', 'prey_13', 'prey_18', ...] | active_agents=18 | current_step=750
2025-11-23 03:29:15,298 [DEBUG] PredPreyGrassEnv.env-0c8aa43e: event=StepSummary | env_id=env-0c8aa43e | step=750 | current_step=750 | terminated_agents=[] | truncated_agents=[] | remaining_agents=18 | reward_preview={prey_9:-0.001, predator_5:-0.001, predator_2:-0.001, prey_14:-0.001, prey_17:-0.001} | info_preview={}
2025-11-23 03:29:15,307 [DEBUG] PredPreyGrassEnv.env-0c8aa43e: event=StepBegin | env_id=env-0c8aa43e | step=751 | incoming_actions=['prey_9', 'prey_14', 'prey_17', 'prey_13', 'prey_18', ...] | active_agents=18 | current_step=751
2025-11-23 03:29:15,310 [DEBUG] PredPreyGrassEnv.env-0c8aa43e: event=StepSummary | env_id=env-0c8aa43e | step=751 | current_step=751 | terminated_agents=[] | truncated_agents=[] | remaining_agents=18 | reward_preview={prey_9:-0.001, predator_5:-0.001, predator_2:-0.001, prey_14:-0.001, prey_17:-0.001} | info_preview={}
2025-11-23 03:29:15,320 [DEBUG] PredPreyGrassEnv.env-0c8aa43e: event=StepBegin | env_id=env-0c8aa43e | step=752 | incoming_actions=['prey_9', 'prey_14', 'prey_17', 'prey_13', 'prey_18', ...] | active_agents=18 | current_step=752
2025-11-23 03:29:15,322 [DEBUG] PredPreyGrassEnv.env-0c8aa43e: event=StepSummary | env_id=env-0c8aa43e | step=752 | current_step=752 | terminated_agents=[] | truncated_agents=[] | remaining_agents=18 | reward_preview={prey_9:-0.001, predator_5:-0.001, predator_2:-0.001, prey_14:-0.001, prey_17:-0.001} | info_preview={}
2025-11-23 03:29:15,332 [DEBUG] PredPreyGrassEnv.env-0c8aa43e: event=StepBegin | env_id=env-0c8aa43e | step=753 | incoming_actions=['prey_9', 'prey_14', 'prey_17', 'prey_13', 'prey_18', ...] | active_agents=18 | current_step=753
2025-11-23 03:29:15,334 [DEBUG] PredPreyGrassEnv.env-0c8aa43e: event=StepSummary | env_id=env-0c8aa43e | step=753 | current_step=753 | terminated_agents=[] | truncated_agents=[] | remaining_agents=18 | reward_preview={prey_9:-0.001, predator_5:-0.001, predator_2:-0.001, prey_14:-0.001, prey_17:-0.001} | info_preview={}
2025-11-23 03:29:15,344 [DEBUG] PredPreyGrassEnv.env-0c8aa43e: event=StepBegin | env_id=env-0c8aa43e | step=754 | incoming_actions=['prey_9', 'prey_14', 'prey_17', 'prey_13', 'prey_18', ...] | active_agents=18 | current_step=754
2025-11-23 03:29:15,346 [DEBUG] PredPreyGrassEnv.env-0c8aa43e: event=StepSummary | env_id=env-0c8aa43e | step=754 | current_step=754 | terminated_agents=[] | truncated_agents=[] | remaining_agents=18 | reward_preview={prey_9:-0.001, predator_5:-0.001, predator_2:-0.001, prey_14:-0.001, prey_17:-0.001} | info_preview={}
2025-11-23 03:29:15,356 [DEBUG] PredPreyGrassEnv.env-0c8aa43e: event=StepBegin | env_id=env-0c8aa43e | step=755 | incoming_actions=['prey_9', 'prey_14', 'prey_17', 'prey_13', 'prey_18', ...] | active_agents=18 | current_step=755
2025-11-23 03:29:15,359 [DEBUG] PredPreyGrassEnv.env-0c8aa43e: event=StepSummary | env_id=env-0c8aa43e | step=755 | current_step=755 | terminated_agents=[] | truncated_agents=[] | remaining_agents=18 | reward_preview={prey_9:-0.001, predator_5:-0.001, predator_2:-0.001, prey_14:-0.001, prey_17:-0.001} | info_preview={}
2025-11-23 03:29:15,368 [DEBUG] PredPreyGrassEnv.env-0c8aa43e: event=StepBegin | env_id=env-0c8aa43e | step=756 | incoming_actions=['prey_9', 'prey_14', 'prey_17', 'prey_13', 'prey_18', ...] | active_agents=18 | current_step=756
2025-11-23 03:29:15,371 [DEBUG] PredPreyGrassEnv.env-0c8aa43e: event=StepSummary | env_id=env-0c8aa43e | step=756 | current_step=756 | terminated_agents=[] | truncated_agents=[] | remaining_agents=18 | reward_preview={prey_9:-0.001, predator_5:-0.001, predator_2:-0.001, prey_14:-0.001, prey_17:-0.001} | info_preview={}
2025-11-23 03:29:15,380 [DEBUG] PredPreyGrassEnv.env-0c8aa43e: event=StepBegin | env_id=env-0c8aa43e | step=757 | incoming_actions=['prey_9', 'prey_14', 'prey_17', 'prey_13', 'prey_18', ...] | active_agents=18 | current_step=757
2025-11-23 03:29:15,380 [DEBUG] PredPreyGrassEnv.env-0c8aa43e: event=CollisionBatch | env_id=env-0c8aa43e | step=757 | collisions=[['predator_catch_prey', 'predator_3', 'prey_17']]
2025-11-23 03:29:15,382 [DEBUG] PredPreyGrassEnv.env-0c8aa43e: event=AgentEnergyDepleted | env_id=env-0c8aa43e | step=757 | agent='prey_17' | position=[88.76061212556685, 571.1609556130104] | energy=0
2025-11-23 03:29:15,383 [DEBUG] PredPreyGrassEnv.env-0c8aa43e: event=AgentRemovedFromActiveList | env_id=env-0c8aa43e | step=757 | agent='prey_17' | remaining_agents=17
2025-11-23 03:29:15,383 [DEBUG] PredPreyGrassEnv.env-0c8aa43e: event=StepSummary | env_id=env-0c8aa43e | step=757 | current_step=757 | terminated_agents=['prey_17'] | truncated_agents=[] | remaining_agents=17 | reward_preview={prey_9:-0.001, predator_5:-0.001, predator_2:-0.001, prey_14:-0.001, prey_17:0} | info_preview={}
2025-11-23 03:29:15,393 [DEBUG] PredPreyGrassEnv.env-0c8aa43e: event=StepBegin | env_id=env-0c8aa43e | step=758 | incoming_actions=['prey_9', 'prey_14', 'prey_13', 'prey_18', 'prey_10', ...] | active_agents=17 | current_step=758
2025-11-23 03:29:15,395 [DEBUG] PredPreyGrassEnv.env-0c8aa43e: event=StepSummary | env_id=env-0c8aa43e | step=758 | current_step=758 | terminated_agents=[] | truncated_agents=[] | remaining_agents=17 | reward_preview={prey_9:-0.001, predator_5:-0.001, predator_2:-0.001, prey_14:-0.001, prey_13:-0.001} | info_preview={}
2025-11-23 03:29:15,408 [DEBUG] PredPreyGrassEnv.env-0c8aa43e: event=StepBegin | env_id=env-0c8aa43e | step=759 | incoming_actions=['prey_9', 'prey_14', 'prey_13', 'prey_18', 'prey_10', ...] | active_agents=17 | current_step=759
2025-11-23 03:29:15,411 [DEBUG] PredPreyGrassEnv.env-0c8aa43e: event=StepSummary | env_id=env-0c8aa43e | step=759 | current_step=759 | terminated_agents=[] | truncated_agents=[] | remaining_agents=17 | reward_preview={prey_9:-0.001, predator_5:-0.001, predator_2:-0.001, prey_14:-0.001, prey_13:-0.001} | info_preview={}
2025-11-23 03:29:15,426 [DEBUG] PredPreyGrassEnv.env-0c8aa43e: event=StepBegin | env_id=env-0c8aa43e | step=760 | incoming_actions=['prey_9', 'prey_14', 'prey_13', 'prey_18', 'prey_10', ...] | active_agents=17 | current_step=760
2025-11-23 03:29:15,429 [DEBUG] PredPreyGrassEnv.env-0c8aa43e: event=StepSummary | env_id=env-0c8aa43e | step=760 | current_step=760 | terminated_agents=[] | truncated_agents=[] | remaining_agents=17 | reward_preview={prey_9:-0.001, predator_5:-0.001, predator_2:-0.001, prey_14:-0.001, prey_13:-0.001} | info_preview={}
2025-11-23 03:29:15,442 [DEBUG] PredPreyGrassEnv.env-0c8aa43e: event=StepBegin | env_id=env-0c8aa43e | step=761 | incoming_actions=['prey_9', 'prey_14', 'prey_13', 'prey_18', 'prey_10', ...] | active_agents=17 | current_step=761
2025-11-23 03:29:15,445 [DEBUG] PredPreyGrassEnv.env-0c8aa43e: event=StepSummary | env_id=env-0c8aa43e | step=761 | current_step=761 | terminated_agents=[] | truncated_agents=[] | remaining_agents=17 | reward_preview={prey_9:-0.001, predator_5:-0.001, predator_2:-0.001, prey_14:-0.001, prey_13:-0.001} | info_preview={}
2025-11-23 03:29:15,454 [DEBUG] PredPreyGrassEnv.env-0c8aa43e: event=StepBegin | env_id=env-0c8aa43e | step=762 | incoming_actions=['prey_9', 'prey_14', 'prey_13', 'prey_18', 'prey_10', ...] | active_agents=17 | current_step=762
2025-11-23 03:29:15,457 [DEBUG] PredPreyGrassEnv.env-0c8aa43e: event=StepSummary | env_id=env-0c8aa43e | step=762 | current_step=762 | terminated_agents=[] | truncated_agents=[] | remaining_agents=17 | reward_preview={prey_9:-0.001, predator_5:-0.001, predator_2:-0.001, prey_14:-0.001, prey_13:-0.001} | info_preview={}
2025-11-23 03:29:15,467 [DEBUG] PredPreyGrassEnv.env-0c8aa43e: event=StepBegin | env_id=env-0c8aa43e | step=763 | incoming_actions=['prey_9', 'prey_14', 'prey_13', 'prey_18', 'prey_10', ...] | active_agents=17 | current_step=763
2025-11-23 03:29:15,469 [DEBUG] PredPreyGrassEnv.env-0c8aa43e: event=StepSummary | env_id=env-0c8aa43e | step=763 | current_step=763 | terminated_agents=[] | truncated_agents=[] | remaining_agents=17 | reward_preview={prey_9:-0.001, predator_5:-0.001, predator_2:-0.001, prey_14:-0.001, prey_13:-0.001} | info_preview={}
2025-11-23 03:29:15,478 [DEBUG] PredPreyGrassEnv.env-0c8aa43e: event=StepBegin | env_id=env-0c8aa43e | step=764 | incoming_actions=['prey_9', 'prey_14', 'prey_13', 'prey_18', 'prey_10', ...] | active_agents=17 | current_step=764
2025-11-23 03:29:15,481 [DEBUG] PredPreyGrassEnv.env-0c8aa43e: event=StepSummary | env_id=env-0c8aa43e | step=764 | current_step=764 | terminated_agents=[] | truncated_agents=[] | remaining_agents=17 | reward_preview={prey_9:-0.001, predator_5:-0.001, predator_2:-0.001, prey_14:-0.001, prey_13:-0.001} | info_preview={}
2025-11-23 03:29:15,490 [DEBUG] PredPreyGrassEnv.env-0c8aa43e: event=StepBegin | env_id=env-0c8aa43e | step=765 | incoming_actions=['prey_9', 'prey_14', 'prey_13', 'prey_18', 'prey_10', ...] | active_agents=17 | current_step=765
2025-11-23 03:29:15,493 [DEBUG] PredPreyGrassEnv.env-0c8aa43e: event=StepSummary | env_id=env-0c8aa43e | step=765 | current_step=765 | terminated_agents=[] | truncated_agents=[] | remaining_agents=17 | reward_preview={prey_9:-0.001, predator_5:-0.001, predator_2:-0.001, prey_14:-0.001, prey_13:-0.001} | info_preview={}
2025-11-23 03:29:15,502 [DEBUG] PredPreyGrassEnv.env-0c8aa43e: event=StepBegin | env_id=env-0c8aa43e | step=766 | incoming_actions=['prey_9', 'prey_14', 'prey_13', 'prey_18', 'prey_10', ...] | active_agents=17 | current_step=766
2025-11-23 03:29:15,504 [DEBUG] PredPreyGrassEnv.env-0c8aa43e: event=StepSummary | env_id=env-0c8aa43e | step=766 | current_step=766 | terminated_agents=[] | truncated_agents=[] | remaining_agents=17 | reward_preview={prey_9:-0.001, predator_5:-0.001, predator_2:-0.001, prey_14:-0.001, prey_13:-0.001} | info_preview={}
2025-11-23 03:29:15,513 [DEBUG] PredPreyGrassEnv.env-0c8aa43e: event=StepBegin | env_id=env-0c8aa43e | step=767 | incoming_actions=['prey_9', 'prey_14', 'prey_13', 'prey_18', 'prey_10', ...] | active_agents=17 | current_step=767
2025-11-23 03:29:15,516 [DEBUG] PredPreyGrassEnv.env-0c8aa43e: event=StepSummary | env_id=env-0c8aa43e | step=767 | current_step=767 | terminated_agents=[] | truncated_agents=[] | remaining_agents=17 | reward_preview={prey_9:-0.001, predator_5:-0.001, predator_2:-0.001, prey_14:-0.001, prey_13:-0.001} | info_preview={}
2025-11-23 03:29:15,525 [DEBUG] PredPreyGrassEnv.env-0c8aa43e: event=StepBegin | env_id=env-0c8aa43e | step=768 | incoming_actions=['prey_9', 'prey_14', 'prey_13', 'prey_18', 'prey_10', ...] | active_agents=17 | current_step=768
2025-11-23 03:29:15,528 [DEBUG] PredPreyGrassEnv.env-0c8aa43e: event=StepSummary | env_id=env-0c8aa43e | step=768 | current_step=768 | terminated_agents=[] | truncated_agents=[] | remaining_agents=17 | reward_preview={prey_9:-0.001, predator_5:-0.001, predator_2:-0.001, prey_14:-0.001, prey_13:-0.001} | info_preview={}
2025-11-23 03:29:15,541 [DEBUG] PredPreyGrassEnv.env-0c8aa43e: event=StepBegin | env_id=env-0c8aa43e | step=769 | incoming_actions=['prey_9', 'prey_14', 'prey_13', 'prey_18', 'prey_10', ...] | active_agents=17 | current_step=769
2025-11-23 03:29:15,546 [DEBUG] PredPreyGrassEnv.env-0c8aa43e: event=StepSummary | env_id=env-0c8aa43e | step=769 | current_step=769 | terminated_agents=[] | truncated_agents=[] | remaining_agents=17 | reward_preview={prey_9:-0.001, predator_5:-0.001, predator_2:-0.001, prey_14:-0.001, prey_13:-0.001} | info_preview={}
2025-11-23 03:29:15,558 [DEBUG] PredPreyGrassEnv.env-0c8aa43e: event=StepBegin | env_id=env-0c8aa43e | step=770 | incoming_actions=['prey_9', 'prey_14', 'prey_13', 'prey_18', 'prey_10', ...] | active_agents=17 | current_step=770
2025-11-23 03:29:15,560 [DEBUG] PredPreyGrassEnv.env-0c8aa43e: event=StepSummary | env_id=env-0c8aa43e | step=770 | current_step=770 | terminated_agents=[] | truncated_agents=[] | remaining_agents=17 | reward_preview={prey_9:-0.001, predator_5:-0.001, predator_2:-0.001, prey_14:-0.001, prey_13:-0.001} | info_preview={}
2025-11-23 03:29:15,570 [DEBUG] PredPreyGrassEnv.env-0c8aa43e: event=StepBegin | env_id=env-0c8aa43e | step=771 | incoming_actions=['prey_9', 'prey_14', 'prey_13', 'prey_18', 'prey_10', ...] | active_agents=17 | current_step=771
2025-11-23 03:29:15,572 [DEBUG] PredPreyGrassEnv.env-0c8aa43e: event=StepSummary | env_id=env-0c8aa43e | step=771 | current_step=771 | terminated_agents=[] | truncated_agents=[] | remaining_agents=17 | reward_preview={prey_9:-0.001, predator_5:-0.001, predator_2:-0.001, prey_14:-0.001, prey_13:-0.001} | info_preview={}
2025-11-23 03:29:15,581 [DEBUG] PredPreyGrassEnv.env-0c8aa43e: event=StepBegin | env_id=env-0c8aa43e | step=772 | incoming_actions=['prey_9', 'prey_14', 'prey_13', 'prey_18', 'prey_10', ...] | active_agents=17 | current_step=772
2025-11-23 03:29:15,584 [DEBUG] PredPreyGrassEnv.env-0c8aa43e: event=StepSummary | env_id=env-0c8aa43e | step=772 | current_step=772 | terminated_agents=[] | truncated_agents=[] | remaining_agents=17 | reward_preview={prey_9:-0.001, predator_5:-0.001, predator_2:-0.001, prey_14:-0.001, prey_13:-0.001} | info_preview={}
2025-11-23 03:29:15,593 [DEBUG] PredPreyGrassEnv.env-0c8aa43e: event=StepBegin | env_id=env-0c8aa43e | step=773 | incoming_actions=['prey_9', 'prey_14', 'prey_13', 'prey_18', 'prey_10', ...] | active_agents=17 | current_step=773
2025-11-23 03:29:15,595 [DEBUG] PredPreyGrassEnv.env-0c8aa43e: event=StepSummary | env_id=env-0c8aa43e | step=773 | current_step=773 | terminated_agents=[] | truncated_agents=[] | remaining_agents=17 | reward_preview={prey_9:-0.001, predator_5:-0.001, predator_2:-0.001, prey_14:-0.001, prey_13:-0.001} | info_preview={}
2025-11-23 03:29:15,604 [DEBUG] PredPreyGrassEnv.env-0c8aa43e: event=StepBegin | env_id=env-0c8aa43e | step=774 | incoming_actions=['prey_9', 'prey_14', 'prey_13', 'prey_18', 'prey_10', ...] | active_agents=17 | current_step=774
2025-11-23 03:29:15,607 [DEBUG] PredPreyGrassEnv.env-0c8aa43e: event=StepSummary | env_id=env-0c8aa43e | step=774 | current_step=774 | terminated_agents=[] | truncated_agents=[] | remaining_agents=17 | reward_preview={prey_9:-0.001, predator_5:-0.001, predator_2:-0.001, prey_14:-0.001, prey_13:-0.001} | info_preview={}
2025-11-23 03:29:15,616 [DEBUG] PredPreyGrassEnv.env-0c8aa43e: event=StepBegin | env_id=env-0c8aa43e | step=775 | incoming_actions=['prey_9', 'prey_14', 'prey_13', 'prey_18', 'prey_10', ...] | active_agents=17 | current_step=775
2025-11-23 03:29:15,619 [DEBUG] PredPreyGrassEnv.env-0c8aa43e: event=StepSummary | env_id=env-0c8aa43e | step=775 | current_step=775 | terminated_agents=[] | truncated_agents=[] | remaining_agents=17 | reward_preview={prey_9:-0.001, predator_5:-0.001, predator_2:-0.001, prey_14:-0.001, prey_13:-0.001} | info_preview={}
2025-11-23 03:29:15,628 [DEBUG] PredPreyGrassEnv.env-0c8aa43e: event=StepBegin | env_id=env-0c8aa43e | step=776 | incoming_actions=['prey_9', 'prey_14', 'prey_13', 'prey_18', 'prey_10', ...] | active_agents=17 | current_step=776
2025-11-23 03:29:15,630 [DEBUG] PredPreyGrassEnv.env-0c8aa43e: event=StepSummary | env_id=env-0c8aa43e | step=776 | current_step=776 | terminated_agents=[] | truncated_agents=[] | remaining_agents=17 | reward_preview={prey_9:-0.001, predator_5:-0.001, predator_2:-0.001, prey_14:-0.001, prey_13:-0.001} | info_preview={}
2025-11-23 03:29:15,640 [DEBUG] PredPreyGrassEnv.env-0c8aa43e: event=StepBegin | env_id=env-0c8aa43e | step=777 | incoming_actions=['prey_9', 'prey_14', 'prey_13', 'prey_18', 'prey_10', ...] | active_agents=17 | current_step=777
2025-11-23 03:29:15,642 [DEBUG] PredPreyGrassEnv.env-0c8aa43e: event=StepSummary | env_id=env-0c8aa43e | step=777 | current_step=777 | terminated_agents=[] | truncated_agents=[] | remaining_agents=17 | reward_preview={prey_9:-0.001, predator_5:-0.001, predator_2:-0.001, prey_14:-0.001, prey_13:-0.001} | info_preview={}
2025-11-23 03:29:15,651 [DEBUG] PredPreyGrassEnv.env-0c8aa43e: event=StepBegin | env_id=env-0c8aa43e | step=778 | incoming_actions=['prey_9', 'prey_14', 'prey_13', 'prey_18', 'prey_10', ...] | active_agents=17 | current_step=778
2025-11-23 03:29:15,654 [DEBUG] PredPreyGrassEnv.env-0c8aa43e: event=StepSummary | env_id=env-0c8aa43e | step=778 | current_step=778 | terminated_agents=[] | truncated_agents=[] | remaining_agents=17 | reward_preview={prey_9:-0.001, predator_5:-0.001, predator_2:-0.001, prey_14:-0.001, prey_13:-0.001} | info_preview={}
2025-11-23 03:29:15,663 [DEBUG] PredPreyGrassEnv.env-0c8aa43e: event=StepBegin | env_id=env-0c8aa43e | step=779 | incoming_actions=['prey_9', 'prey_14', 'prey_13', 'prey_18', 'prey_10', ...] | active_agents=17 | current_step=779
2025-11-23 03:29:15,666 [DEBUG] PredPreyGrassEnv.env-0c8aa43e: event=StepSummary | env_id=env-0c8aa43e | step=779 | current_step=779 | terminated_agents=[] | truncated_agents=[] | remaining_agents=17 | reward_preview={prey_9:-0.001, predator_5:-0.001, predator_2:-0.001, prey_14:-0.001, prey_13:-0.001} | info_preview={}
2025-11-23 03:29:15,675 [DEBUG] PredPreyGrassEnv.env-0c8aa43e: event=StepBegin | env_id=env-0c8aa43e | step=780 | incoming_actions=['prey_9', 'prey_14', 'prey_13', 'prey_18', 'prey_10', ...] | active_agents=17 | current_step=780
2025-11-23 03:29:15,677 [DEBUG] PredPreyGrassEnv.env-0c8aa43e: event=OffspringCreated | env_id=env-0c8aa43e | step=780 | parent_a='predator_4' | parent_b='predator_5' | offspring='predator_6' | distance=28.51139413083194
2025-11-23 03:29:15,678 [DEBUG] PredPreyGrassEnv.env-0c8aa43e: event=StepSummary | env_id=env-0c8aa43e | step=780 | current_step=780 | terminated_agents=[] | truncated_agents=[] | remaining_agents=18 | reward_preview={prey_9:-0.001, predator_5:0.999, predator_2:-0.001, prey_14:-0.001, prey_13:-0.001} | info_preview={}
2025-11-23 03:29:15,687 [DEBUG] PredPreyGrassEnv.env-0c8aa43e: event=StepBegin | env_id=env-0c8aa43e | step=781 | incoming_actions=['prey_9', 'prey_14', 'prey_13', 'prey_18', 'prey_10', ...] | active_agents=18 | current_step=781
2025-11-23 03:29:15,690 [DEBUG] PredPreyGrassEnv.env-0c8aa43e: event=StepSummary | env_id=env-0c8aa43e | step=781 | current_step=781 | terminated_agents=[] | truncated_agents=[] | remaining_agents=18 | reward_preview={prey_9:-0.001, predator_5:-0.001, predator_2:-0.001, prey_14:-0.001, prey_13:-0.001} | info_preview={}
2025-11-23 03:29:15,699 [DEBUG] PredPreyGrassEnv.env-0c8aa43e: event=StepBegin | env_id=env-0c8aa43e | step=782 | incoming_actions=['prey_9', 'prey_14', 'prey_13', 'prey_18', 'prey_10', ...] | active_agents=18 | current_step=782
2025-11-23 03:29:15,702 [DEBUG] PredPreyGrassEnv.env-0c8aa43e: event=StepSummary | env_id=env-0c8aa43e | step=782 | current_step=782 | terminated_agents=[] | truncated_agents=[] | remaining_agents=18 | reward_preview={prey_9:-0.001, predator_5:-0.001, predator_2:-0.001, prey_14:-0.001, prey_13:-0.001} | info_preview={}
2025-11-23 03:29:15,711 [DEBUG] PredPreyGrassEnv.env-0c8aa43e: event=StepBegin | env_id=env-0c8aa43e | step=783 | incoming_actions=['prey_9', 'prey_14', 'prey_13', 'prey_18', 'prey_10', ...] | active_agents=18 | current_step=783
2025-11-23 03:29:15,714 [DEBUG] PredPreyGrassEnv.env-0c8aa43e: event=StepSummary | env_id=env-0c8aa43e | step=783 | current_step=783 | terminated_agents=[] | truncated_agents=[] | remaining_agents=18 | reward_preview={prey_9:-0.001, predator_5:-0.001, predator_2:-0.001, prey_14:-0.001, prey_13:-0.001} | info_preview={}
2025-11-23 03:29:15,723 [DEBUG] PredPreyGrassEnv.env-0c8aa43e: event=StepBegin | env_id=env-0c8aa43e | step=784 | incoming_actions=['prey_9', 'prey_14', 'prey_13', 'prey_18', 'prey_10', ...] | active_agents=18 | current_step=784
2025-11-23 03:29:15,726 [DEBUG] PredPreyGrassEnv.env-0c8aa43e: event=StepSummary | env_id=env-0c8aa43e | step=784 | current_step=784 | terminated_agents=[] | truncated_agents=[] | remaining_agents=18 | reward_preview={prey_9:-0.001, predator_5:-0.001, predator_2:-0.001, prey_14:-0.001, prey_13:-0.001} | info_preview={}
2025-11-23 03:29:15,736 [DEBUG] PredPreyGrassEnv.env-0c8aa43e: event=StepBegin | env_id=env-0c8aa43e | step=785 | incoming_actions=['prey_9', 'prey_14', 'prey_13', 'prey_18', 'prey_10', ...] | active_agents=18 | current_step=785
2025-11-23 03:29:15,739 [DEBUG] PredPreyGrassEnv.env-0c8aa43e: event=StepSummary | env_id=env-0c8aa43e | step=785 | current_step=785 | terminated_agents=[] | truncated_agents=[] | remaining_agents=18 | reward_preview={prey_9:-0.001, predator_5:-0.001, predator_2:-0.001, prey_14:-0.001, prey_13:-0.001} | info_preview={}
2025-11-23 03:29:15,748 [DEBUG] PredPreyGrassEnv.env-0c8aa43e: event=StepBegin | env_id=env-0c8aa43e | step=786 | incoming_actions=['prey_9', 'prey_14', 'prey_13', 'prey_18', 'prey_10', ...] | active_agents=18 | current_step=786
2025-11-23 03:29:15,751 [DEBUG] PredPreyGrassEnv.env-0c8aa43e: event=StepSummary | env_id=env-0c8aa43e | step=786 | current_step=786 | terminated_agents=[] | truncated_agents=[] | remaining_agents=18 | reward_preview={prey_9:-0.001, predator_5:-0.001, predator_2:-0.001, prey_14:-0.001, prey_13:-0.001} | info_preview={}
2025-11-23 03:29:15,761 [DEBUG] PredPreyGrassEnv.env-0c8aa43e: event=StepBegin | env_id=env-0c8aa43e | step=787 | incoming_actions=['prey_9', 'prey_14', 'prey_13', 'prey_18', 'prey_10', ...] | active_agents=18 | current_step=787
2025-11-23 03:29:15,764 [DEBUG] PredPreyGrassEnv.env-0c8aa43e: event=StepSummary | env_id=env-0c8aa43e | step=787 | current_step=787 | terminated_agents=[] | truncated_agents=[] | remaining_agents=18 | reward_preview={prey_9:-0.001, predator_5:-0.001, predator_2:-0.001, prey_14:-0.001, prey_13:-0.001} | info_preview={}
2025-11-23 03:29:15,773 [DEBUG] PredPreyGrassEnv.env-0c8aa43e: event=StepBegin | env_id=env-0c8aa43e | step=788 | incoming_actions=['prey_9', 'prey_14', 'prey_13', 'prey_18', 'prey_10', ...] | active_agents=18 | current_step=788
2025-11-23 03:29:15,776 [DEBUG] PredPreyGrassEnv.env-0c8aa43e: event=StepSummary | env_id=env-0c8aa43e | step=788 | current_step=788 | terminated_agents=[] | truncated_agents=[] | remaining_agents=18 | reward_preview={prey_9:-0.001, predator_5:-0.001, predator_2:-0.001, prey_14:-0.001, prey_13:-0.001} | info_preview={}
2025-11-23 03:29:15,787 [DEBUG] PredPreyGrassEnv.env-0c8aa43e: event=StepBegin | env_id=env-0c8aa43e | step=789 | incoming_actions=['prey_9', 'prey_14', 'prey_13', 'prey_18', 'prey_10', ...] | active_agents=18 | current_step=789
2025-11-23 03:29:15,789 [DEBUG] PredPreyGrassEnv.env-0c8aa43e: event=StepSummary | env_id=env-0c8aa43e | step=789 | current_step=789 | terminated_agents=[] | truncated_agents=[] | remaining_agents=18 | reward_preview={prey_9:-0.001, predator_5:-0.001, predator_2:-0.001, prey_14:-0.001, prey_13:-0.001} | info_preview={}
2025-11-23 03:29:15,799 [DEBUG] PredPreyGrassEnv.env-0c8aa43e: event=StepBegin | env_id=env-0c8aa43e | step=790 | incoming_actions=['prey_9', 'prey_14', 'prey_13', 'prey_18', 'prey_10', ...] | active_agents=18 | current_step=790
2025-11-23 03:29:15,802 [DEBUG] PredPreyGrassEnv.env-0c8aa43e: event=StepSummary | env_id=env-0c8aa43e | step=790 | current_step=790 | terminated_agents=[] | truncated_agents=[] | remaining_agents=18 | reward_preview={prey_9:-0.001, predator_5:-0.001, predator_2:-0.001, prey_14:-0.001, prey_13:-0.001} | info_preview={}
2025-11-23 03:29:15,811 [DEBUG] PredPreyGrassEnv.env-0c8aa43e: event=StepBegin | env_id=env-0c8aa43e | step=791 | incoming_actions=['prey_9', 'prey_14', 'prey_13', 'prey_18', 'prey_10', ...] | active_agents=18 | current_step=791
2025-11-23 03:29:15,814 [DEBUG] PredPreyGrassEnv.env-0c8aa43e: event=StepSummary | env_id=env-0c8aa43e | step=791 | current_step=791 | terminated_agents=[] | truncated_agents=[] | remaining_agents=18 | reward_preview={prey_9:-0.001, predator_5:-0.001, predator_2:-0.001, prey_14:-0.001, prey_13:-0.001} | info_preview={}
2025-11-23 03:29:15,823 [DEBUG] PredPreyGrassEnv.env-0c8aa43e: event=StepBegin | env_id=env-0c8aa43e | step=792 | incoming_actions=['prey_9', 'prey_14', 'prey_13', 'prey_18', 'prey_10', ...] | active_agents=18 | current_step=792
2025-11-23 03:29:15,825 [DEBUG] PredPreyGrassEnv.env-0c8aa43e: event=StepSummary | env_id=env-0c8aa43e | step=792 | current_step=792 | terminated_agents=[] | truncated_agents=[] | remaining_agents=18 | reward_preview={prey_9:-0.001, predator_5:-0.001, predator_2:-0.001, prey_14:-0.001, prey_13:-0.001} | info_preview={}
2025-11-23 03:29:15,835 [DEBUG] PredPreyGrassEnv.env-0c8aa43e: event=StepBegin | env_id=env-0c8aa43e | step=793 | incoming_actions=['prey_9', 'prey_14', 'prey_13', 'prey_18', 'prey_10', ...] | active_agents=18 | current_step=793
2025-11-23 03:29:15,838 [DEBUG] PredPreyGrassEnv.env-0c8aa43e: event=StepSummary | env_id=env-0c8aa43e | step=793 | current_step=793 | terminated_agents=[] | truncated_agents=[] | remaining_agents=18 | reward_preview={prey_9:-0.001, predator_5:-0.001, predator_2:-0.001, prey_14:-0.001, prey_13:-0.001} | info_preview={}
2025-11-23 03:29:15,847 [DEBUG] PredPreyGrassEnv.env-0c8aa43e: event=StepBegin | env_id=env-0c8aa43e | step=794 | incoming_actions=['prey_9', 'prey_14', 'prey_13', 'prey_18', 'prey_10', ...] | active_agents=18 | current_step=794
2025-11-23 03:29:15,850 [DEBUG] PredPreyGrassEnv.env-0c8aa43e: event=StepSummary | env_id=env-0c8aa43e | step=794 | current_step=794 | terminated_agents=[] | truncated_agents=[] | remaining_agents=18 | reward_preview={prey_9:-0.001, predator_5:-0.001, predator_2:-0.001, prey_14:-0.001, prey_13:-0.001} | info_preview={}
2025-11-23 03:29:15,860 [DEBUG] PredPreyGrassEnv.env-0c8aa43e: event=StepBegin | env_id=env-0c8aa43e | step=795 | incoming_actions=['prey_9', 'prey_14', 'prey_13', 'prey_18', 'prey_10', ...] | active_agents=18 | current_step=795
2025-11-23 03:29:15,863 [DEBUG] PredPreyGrassEnv.env-0c8aa43e: event=StepSummary | env_id=env-0c8aa43e | step=795 | current_step=795 | terminated_agents=[] | truncated_agents=[] | remaining_agents=18 | reward_preview={prey_9:-0.001, predator_5:-0.001, predator_2:-0.001, prey_14:-0.001, prey_13:-0.001} | info_preview={}
2025-11-23 03:29:15,882 [DEBUG] PredPreyGrassEnv.env-0c8aa43e: event=StepBegin | env_id=env-0c8aa43e | step=796 | incoming_actions=['prey_9', 'prey_14', 'prey_13', 'prey_18', 'prey_10', ...] | active_agents=18 | current_step=796
2025-11-23 03:29:15,888 [DEBUG] PredPreyGrassEnv.env-0c8aa43e: event=StepSummary | env_id=env-0c8aa43e | step=796 | current_step=796 | terminated_agents=[] | truncated_agents=[] | remaining_agents=18 | reward_preview={prey_9:-0.001, predator_5:-0.001, predator_2:-0.001, prey_14:-0.001, prey_13:-0.001} | info_preview={}
2025-11-23 03:29:15,900 [DEBUG] PredPreyGrassEnv.env-0c8aa43e: event=StepBegin | env_id=env-0c8aa43e | step=797 | incoming_actions=['prey_9', 'prey_14', 'prey_13', 'prey_18', 'prey_10', ...] | active_agents=18 | current_step=797
2025-11-23 03:29:15,903 [DEBUG] PredPreyGrassEnv.env-0c8aa43e: event=StepSummary | env_id=env-0c8aa43e | step=797 | current_step=797 | terminated_agents=[] | truncated_agents=[] | remaining_agents=18 | reward_preview={prey_9:-0.001, predator_5:-0.001, predator_2:-0.001, prey_14:-0.001, prey_13:-0.001} | info_preview={}
2025-11-23 03:29:15,912 [DEBUG] PredPreyGrassEnv.env-0c8aa43e: event=StepBegin | env_id=env-0c8aa43e | step=798 | incoming_actions=['prey_9', 'prey_14', 'prey_13', 'prey_18', 'prey_10', ...] | active_agents=18 | current_step=798
2025-11-23 03:29:15,914 [DEBUG] PredPreyGrassEnv.env-0c8aa43e: event=PreyAteGrass | env_id=env-0c8aa43e | step=798 | prey='prey_19' | grass='grass_14' | prey_position=[439.30110894731524, 622.2316561403809] | grass_energy=10.0 | energy_gained=9.0 | prey_energy=63.18786581818888
2025-11-23 03:29:15,915 [DEBUG] PredPreyGrassEnv.env-0c8aa43e: event=StepSummary | env_id=env-0c8aa43e | step=798 | current_step=798 | terminated_agents=[] | truncated_agents=[] | remaining_agents=18 | reward_preview={prey_9:-0.001, predator_5:-0.001, predator_2:-0.001, prey_14:-0.001, prey_13:-0.001} | info_preview={}
2025-11-23 03:29:15,925 [DEBUG] PredPreyGrassEnv.env-0c8aa43e: event=StepBegin | env_id=env-0c8aa43e | step=799 | incoming_actions=['prey_9', 'prey_14', 'prey_13', 'prey_18', 'prey_10', ...] | active_agents=18 | current_step=799
2025-11-23 03:29:15,927 [DEBUG] PredPreyGrassEnv.env-0c8aa43e: event=StepSummary | env_id=env-0c8aa43e | step=799 | current_step=799 | terminated_agents=[] | truncated_agents=[] | remaining_agents=18 | reward_preview={prey_9:-0.001, predator_5:-0.001, predator_2:-0.001, prey_14:-0.001, prey_13:-0.001} | info_preview={}
2025-11-23 03:29:15,976 [DEBUG] PredPreyGrassEnv.env-0c8aa43e: event=StepBegin | env_id=env-0c8aa43e | step=800 | incoming_actions=['prey_9', 'prey_14', 'prey_13', 'prey_18', 'prey_10', ...] | active_agents=18 | current_step=800
2025-11-23 03:29:15,976 [INFO] PredPreyGrassEnv.env-0c8aa43e: event=MaxStepsReached | env_id=env-0c8aa43e | step=800 | current_step=800 | max_steps=800 | active_agents=18
2025-11-23 03:29:17,297 [INFO] PredPreyGrassEnv.env-0c8aa43e: event=ResetBegin | env_id=env-0c8aa43e | step=800 | seed=None | options=None | enable_continuous_space=True | n_possible_predators=20000 | n_possible_prey=20000
2025-11-23 03:29:17,302 [DEBUG] PredPreyGrassEnv.env-0c8aa43e: event=ResetPositionsGenerated | env_id=env-0c8aa43e | step=0 | predator_samples=[[172.95975085909265, 243.72237086458554], [139.84532151213716, 58.766722212713674], [616.9796800538486, 571.3088610141028]] | prey_samples=[[629.4005090562373, 620.0767261556491], [457.01635276928704, 148.20250620048571], [787.7099272353416, 307.72982012383443]] | grass_samples=[[409.20690997971303, 779.4002129895947], [368.8672126064483, 443.8979466956245], [421.61472741893897, 203.78345816164656]] | total_entities=125
2025-11-23 03:29:17,308 [INFO] PredPreyGrassEnv.env-0c8aa43e: event=ResetComplete | env_id=env-0c8aa43e | step=0 | predator_count=5 | prey_count=20 | grass_count=100 | predator_samples=[['predator_0', [172.95975085909265, 243.72237086458554]], ['predator_1', [139.84532151213716, 58.766722212713674]], ['predator_2', [616.9796800538486, 571.3088610141028]]] | prey_samples=[['prey_1', [457.01635276928704, 148.20250620048571]], ['prey_6', [126.11804502522754, 421.20309741054757]], ['prey_7', [36.227188980395965, 564.8283588309015]]] | grass_samples=[['grass_0', [409.20690997971303, 779.4002129895947]], ['grass_1', [368.8672126064483, 443.8979466956245]], ['grass_2', [421.61472741893897, 203.78345816164656]]]
2025-11-23 03:29:17,328 [DEBUG] PredPreyGrassEnv.env-0c8aa43e: event=StepBegin | env_id=env-0c8aa43e | step=0 | incoming_actions=['predator_0', 'predator_1', 'predator_2', 'predator_3', 'predator_4', ...] | active_agents=25 | current_step=0
2025-11-23 03:29:17,332 [DEBUG] PredPreyGrassEnv.env-0c8aa43e: event=StepSummary | env_id=env-0c8aa43e | step=0 | current_step=0 | terminated_agents=[] | truncated_agents=[] | remaining_agents=25 | reward_preview={prey_9:-0.001, predator_2:-0.001, predator_4:-0.001, prey_14:-0.001, prey_17:-0.001} | info_preview={}
