2025-11-23 03:28:59,158 [INFO] PredPreyGrassEnv.env-c5d50d3b: event=logger_initialised | env_id=env-c5d50d3b | log_path=logs/run_20251123_032851/envs/predpreygrass_env_1358083_env-c5d50d3b.log | level=DEBUG
2025-11-23 03:28:59,165 [INFO] PredPreyGrassEnv.env-c5d50d3b: event=InitComplete | env_id=env-c5d50d3b | step=NA | enable_continuous_space=True | world_size=[800, 800] | grid_size=10 | possible_agents=40000 | initial_agents=25 | max_steps=800 | action_space_type='continuous' | log_path='logs/run_20251123_032851/envs/predpreygrass_env_1358083_env-c5d50d3b.log'
2025-11-23 03:29:02,028 [INFO] PredPreyGrassEnv.env-c5d50d3b: event=ResetBegin | env_id=env-c5d50d3b | step=NA | seed=None | options=None | enable_continuous_space=True | n_possible_predators=20000 | n_possible_prey=20000
2025-11-23 03:29:02,036 [DEBUG] PredPreyGrassEnv.env-c5d50d3b: event=ResetPositionsGenerated | env_id=env-c5d50d3b | step=0 | predator_samples=[[532.3733034337132, 687.7410938994929], [450.79678616803693, 769.058649049645], [370.1617812340419, 213.01688426646132]] | prey_samples=[[289.4914179230517, 312.20895217665], [262.0424305857104, 679.0603936002863], [704.2708387361216, 491.28318157300106]] | grass_samples=[[41.801347712634154, 386.0708074947611], [524.3302144990217, 273.0151011290107], [97.95862848046521, 31.842294939682425]] | total_entities=125
2025-11-23 03:29:02,043 [INFO] PredPreyGrassEnv.env-c5d50d3b: event=ResetComplete | env_id=env-c5d50d3b | step=0 | predator_count=5 | prey_count=20 | grass_count=100 | predator_samples=[['predator_0', [532.3733034337132, 687.7410938994929]], ['predator_1', [450.79678616803693, 769.058649049645]], ['predator_2', [370.1617812340419, 213.01688426646132]]] | prey_samples=[['prey_0', [289.4914179230517, 312.20895217665]], ['prey_1', [262.0424305857104, 679.0603936002863]], ['prey_2', [704.2708387361216, 491.28318157300106]]] | grass_samples=[['grass_0', [41.801347712634154, 386.0708074947611]], ['grass_1', [524.3302144990217, 273.0151011290107]], ['grass_2', [97.95862848046521, 31.842294939682425]]]
2025-11-23 03:29:02,074 [DEBUG] PredPreyGrassEnv.env-c5d50d3b: event=StepBegin | env_id=env-c5d50d3b | step=0 | incoming_actions=['predator_0', 'predator_1', 'predator_2', 'predator_3', 'predator_4', ...] | active_agents=25 | current_step=0
2025-11-23 03:29:02,079 [DEBUG] PredPreyGrassEnv.env-c5d50d3b: event=StepSummary | env_id=env-c5d50d3b | step=0 | current_step=0 | terminated_agents=[] | truncated_agents=[] | remaining_agents=25 | reward_preview={prey_9:-0.001, predator_2:-0.001, predator_4:-0.001, prey_14:-0.001, prey_17:-0.001} | info_preview={}
2025-11-23 03:29:02,092 [DEBUG] PredPreyGrassEnv.env-c5d50d3b: event=StepBegin | env_id=env-c5d50d3b | step=1 | incoming_actions=['prey_9', 'prey_14', 'prey_17', 'prey_13', 'prey_18', ...] | active_agents=25 | current_step=1
2025-11-23 03:29:02,096 [DEBUG] PredPreyGrassEnv.env-c5d50d3b: event=StepSummary | env_id=env-c5d50d3b | step=1 | current_step=1 | terminated_agents=[] | truncated_agents=[] | remaining_agents=25 | reward_preview={prey_9:-0.001, predator_2:-0.001, predator_4:-0.001, prey_14:-0.001, prey_17:-0.001} | info_preview={}
2025-11-23 03:29:02,109 [DEBUG] PredPreyGrassEnv.env-c5d50d3b: event=StepBegin | env_id=env-c5d50d3b | step=2 | incoming_actions=['prey_9', 'prey_14', 'prey_17', 'prey_13', 'prey_18', ...] | active_agents=25 | current_step=2
2025-11-23 03:29:02,113 [DEBUG] PredPreyGrassEnv.env-c5d50d3b: event=StepSummary | env_id=env-c5d50d3b | step=2 | current_step=2 | terminated_agents=[] | truncated_agents=[] | remaining_agents=25 | reward_preview={prey_9:-0.001, predator_2:-0.001, predator_4:-0.001, prey_14:-0.001, prey_17:-0.001} | info_preview={}
2025-11-23 03:29:02,130 [DEBUG] PredPreyGrassEnv.env-c5d50d3b: event=StepBegin | env_id=env-c5d50d3b | step=3 | incoming_actions=['prey_9', 'prey_14', 'prey_17', 'prey_13', 'prey_18', ...] | active_agents=25 | current_step=3
2025-11-23 03:29:02,135 [DEBUG] PredPreyGrassEnv.env-c5d50d3b: event=StepSummary | env_id=env-c5d50d3b | step=3 | current_step=3 | terminated_agents=[] | truncated_agents=[] | remaining_agents=25 | reward_preview={prey_9:-0.001, predator_2:-0.001, predator_4:-0.001, prey_14:-0.001, prey_17:-0.001} | info_preview={}
2025-11-23 03:29:02,150 [DEBUG] PredPreyGrassEnv.env-c5d50d3b: event=StepBegin | env_id=env-c5d50d3b | step=4 | incoming_actions=['prey_9', 'prey_14', 'prey_17', 'prey_13', 'prey_18', ...] | active_agents=25 | current_step=4
2025-11-23 03:29:02,155 [DEBUG] PredPreyGrassEnv.env-c5d50d3b: event=StepSummary | env_id=env-c5d50d3b | step=4 | current_step=4 | terminated_agents=[] | truncated_agents=[] | remaining_agents=25 | reward_preview={prey_9:-0.001, predator_2:-0.001, predator_4:-0.001, prey_14:-0.001, prey_17:-0.001} | info_preview={}
2025-11-23 03:29:02,167 [DEBUG] PredPreyGrassEnv.env-c5d50d3b: event=StepBegin | env_id=env-c5d50d3b | step=5 | incoming_actions=['prey_9', 'prey_14', 'prey_17', 'prey_13', 'prey_18', ...] | active_agents=25 | current_step=5
2025-11-23 03:29:02,170 [DEBUG] PredPreyGrassEnv.env-c5d50d3b: event=StepSummary | env_id=env-c5d50d3b | step=5 | current_step=5 | terminated_agents=[] | truncated_agents=[] | remaining_agents=25 | reward_preview={prey_9:-0.001, predator_2:-0.001, predator_4:-0.001, prey_14:-0.001, prey_17:-0.001} | info_preview={}
2025-11-23 03:29:02,181 [DEBUG] PredPreyGrassEnv.env-c5d50d3b: event=StepBegin | env_id=env-c5d50d3b | step=6 | incoming_actions=['prey_9', 'prey_14', 'prey_17', 'prey_13', 'prey_18', ...] | active_agents=25 | current_step=6
2025-11-23 03:29:02,185 [DEBUG] PredPreyGrassEnv.env-c5d50d3b: event=StepSummary | env_id=env-c5d50d3b | step=6 | current_step=6 | terminated_agents=[] | truncated_agents=[] | remaining_agents=25 | reward_preview={prey_9:-0.001, predator_2:-0.001, predator_4:-0.001, prey_14:-0.001, prey_17:-0.001} | info_preview={}
2025-11-23 03:29:02,195 [DEBUG] PredPreyGrassEnv.env-c5d50d3b: event=StepBegin | env_id=env-c5d50d3b | step=7 | incoming_actions=['prey_9', 'prey_14', 'prey_17', 'prey_13', 'prey_18', ...] | active_agents=25 | current_step=7
2025-11-23 03:29:02,199 [DEBUG] PredPreyGrassEnv.env-c5d50d3b: event=StepSummary | env_id=env-c5d50d3b | step=7 | current_step=7 | terminated_agents=[] | truncated_agents=[] | remaining_agents=25 | reward_preview={prey_9:-0.001, predator_2:-0.001, predator_4:-0.001, prey_14:-0.001, prey_17:-0.001} | info_preview={}
2025-11-23 03:29:02,210 [DEBUG] PredPreyGrassEnv.env-c5d50d3b: event=StepBegin | env_id=env-c5d50d3b | step=8 | incoming_actions=['prey_9', 'prey_14', 'prey_17', 'prey_13', 'prey_18', ...] | active_agents=25 | current_step=8
2025-11-23 03:29:02,213 [DEBUG] PredPreyGrassEnv.env-c5d50d3b: event=StepSummary | env_id=env-c5d50d3b | step=8 | current_step=8 | terminated_agents=[] | truncated_agents=[] | remaining_agents=25 | reward_preview={prey_9:-0.001, predator_2:-0.001, predator_4:-0.001, prey_14:-0.001, prey_17:-0.001} | info_preview={}
2025-11-23 03:29:02,224 [DEBUG] PredPreyGrassEnv.env-c5d50d3b: event=StepBegin | env_id=env-c5d50d3b | step=9 | incoming_actions=['prey_9', 'prey_14', 'prey_17', 'prey_13', 'prey_18', ...] | active_agents=25 | current_step=9
2025-11-23 03:29:02,228 [DEBUG] PredPreyGrassEnv.env-c5d50d3b: event=StepSummary | env_id=env-c5d50d3b | step=9 | current_step=9 | terminated_agents=[] | truncated_agents=[] | remaining_agents=25 | reward_preview={prey_9:-0.001, predator_2:-0.001, predator_4:-0.001, prey_14:-0.001, prey_17:-0.001} | info_preview={}
2025-11-23 03:29:02,238 [DEBUG] PredPreyGrassEnv.env-c5d50d3b: event=StepBegin | env_id=env-c5d50d3b | step=10 | incoming_actions=['prey_9', 'prey_14', 'prey_17', 'prey_13', 'prey_18', ...] | active_agents=25 | current_step=10
2025-11-23 03:29:02,242 [DEBUG] PredPreyGrassEnv.env-c5d50d3b: event=StepSummary | env_id=env-c5d50d3b | step=10 | current_step=10 | terminated_agents=[] | truncated_agents=[] | remaining_agents=25 | reward_preview={prey_9:-0.001, predator_2:-0.001, predator_4:-0.001, prey_14:-0.001, prey_17:-0.001} | info_preview={}
2025-11-23 03:29:02,253 [DEBUG] PredPreyGrassEnv.env-c5d50d3b: event=StepBegin | env_id=env-c5d50d3b | step=11 | incoming_actions=['prey_9', 'prey_14', 'prey_17', 'prey_13', 'prey_18', ...] | active_agents=25 | current_step=11
2025-11-23 03:29:02,257 [DEBUG] PredPreyGrassEnv.env-c5d50d3b: event=StepSummary | env_id=env-c5d50d3b | step=11 | current_step=11 | terminated_agents=[] | truncated_agents=[] | remaining_agents=25 | reward_preview={prey_9:-0.001, predator_2:-0.001, predator_4:-0.001, prey_14:-0.001, prey_17:-0.001} | info_preview={}
2025-11-23 03:29:02,268 [DEBUG] PredPreyGrassEnv.env-c5d50d3b: event=StepBegin | env_id=env-c5d50d3b | step=12 | incoming_actions=['prey_9', 'prey_14', 'prey_17', 'prey_13', 'prey_18', ...] | active_agents=25 | current_step=12
2025-11-23 03:29:02,272 [DEBUG] PredPreyGrassEnv.env-c5d50d3b: event=StepSummary | env_id=env-c5d50d3b | step=12 | current_step=12 | terminated_agents=[] | truncated_agents=[] | remaining_agents=25 | reward_preview={prey_9:-0.001, predator_2:-0.001, predator_4:-0.001, prey_14:-0.001, prey_17:-0.001} | info_preview={}
2025-11-23 03:29:02,283 [DEBUG] PredPreyGrassEnv.env-c5d50d3b: event=StepBegin | env_id=env-c5d50d3b | step=13 | incoming_actions=['prey_9', 'prey_14', 'prey_17', 'prey_13', 'prey_18', ...] | active_agents=25 | current_step=13
2025-11-23 03:29:02,287 [DEBUG] PredPreyGrassEnv.env-c5d50d3b: event=StepSummary | env_id=env-c5d50d3b | step=13 | current_step=13 | terminated_agents=[] | truncated_agents=[] | remaining_agents=25 | reward_preview={prey_9:-0.001, predator_2:-0.001, predator_4:-0.001, prey_14:-0.001, prey_17:-0.001} | info_preview={}
2025-11-23 03:29:02,297 [DEBUG] PredPreyGrassEnv.env-c5d50d3b: event=StepBegin | env_id=env-c5d50d3b | step=14 | incoming_actions=['prey_9', 'prey_14', 'prey_17', 'prey_13', 'prey_18', ...] | active_agents=25 | current_step=14
2025-11-23 03:29:02,301 [DEBUG] PredPreyGrassEnv.env-c5d50d3b: event=StepSummary | env_id=env-c5d50d3b | step=14 | current_step=14 | terminated_agents=[] | truncated_agents=[] | remaining_agents=25 | reward_preview={prey_9:-0.001, predator_2:-0.001, predator_4:-0.001, prey_14:-0.001, prey_17:-0.001} | info_preview={}
2025-11-23 03:29:02,312 [DEBUG] PredPreyGrassEnv.env-c5d50d3b: event=StepBegin | env_id=env-c5d50d3b | step=15 | incoming_actions=['prey_9', 'prey_14', 'prey_17', 'prey_13', 'prey_18', ...] | active_agents=25 | current_step=15
2025-11-23 03:29:02,316 [DEBUG] PredPreyGrassEnv.env-c5d50d3b: event=StepSummary | env_id=env-c5d50d3b | step=15 | current_step=15 | terminated_agents=[] | truncated_agents=[] | remaining_agents=25 | reward_preview={prey_9:-0.001, predator_2:-0.001, predator_4:-0.001, prey_14:-0.001, prey_17:-0.001} | info_preview={}
2025-11-23 03:29:02,327 [DEBUG] PredPreyGrassEnv.env-c5d50d3b: event=StepBegin | env_id=env-c5d50d3b | step=16 | incoming_actions=['prey_9', 'prey_14', 'prey_17', 'prey_13', 'prey_18', ...] | active_agents=25 | current_step=16
2025-11-23 03:29:02,331 [DEBUG] PredPreyGrassEnv.env-c5d50d3b: event=StepSummary | env_id=env-c5d50d3b | step=16 | current_step=16 | terminated_agents=[] | truncated_agents=[] | remaining_agents=25 | reward_preview={prey_9:-0.001, predator_2:-0.001, predator_4:-0.001, prey_14:-0.001, prey_17:-0.001} | info_preview={}
2025-11-23 03:29:02,342 [DEBUG] PredPreyGrassEnv.env-c5d50d3b: event=StepBegin | env_id=env-c5d50d3b | step=17 | incoming_actions=['prey_9', 'prey_14', 'prey_17', 'prey_13', 'prey_18', ...] | active_agents=25 | current_step=17
2025-11-23 03:29:02,343 [DEBUG] PredPreyGrassEnv.env-c5d50d3b: event=PreyAteGrass | env_id=env-c5d50d3b | step=17 | prey='prey_11' | grass='grass_67' | prey_position=[565.0016686061949, 24.403593529972937] | grass_energy=10.0 | energy_gained=9.0 | prey_energy=147.5755191574657
2025-11-23 03:29:02,346 [DEBUG] PredPreyGrassEnv.env-c5d50d3b: event=StepSummary | env_id=env-c5d50d3b | step=17 | current_step=17 | terminated_agents=[] | truncated_agents=[] | remaining_agents=25 | reward_preview={prey_9:-0.001, predator_2:-0.001, predator_4:-0.001, prey_14:-0.001, prey_17:-0.001} | info_preview={}
2025-11-23 03:29:02,356 [DEBUG] PredPreyGrassEnv.env-c5d50d3b: event=StepBegin | env_id=env-c5d50d3b | step=18 | incoming_actions=['prey_9', 'prey_14', 'prey_17', 'prey_13', 'prey_18', ...] | active_agents=25 | current_step=18
2025-11-23 03:29:02,360 [DEBUG] PredPreyGrassEnv.env-c5d50d3b: event=StepSummary | env_id=env-c5d50d3b | step=18 | current_step=18 | terminated_agents=[] | truncated_agents=[] | remaining_agents=25 | reward_preview={prey_9:-0.001, predator_2:-0.001, predator_4:-0.001, prey_14:-0.001, prey_17:-0.001} | info_preview={}
2025-11-23 03:29:02,371 [DEBUG] PredPreyGrassEnv.env-c5d50d3b: event=StepBegin | env_id=env-c5d50d3b | step=19 | incoming_actions=['prey_9', 'prey_14', 'prey_17', 'prey_13', 'prey_18', ...] | active_agents=25 | current_step=19
2025-11-23 03:29:02,375 [DEBUG] PredPreyGrassEnv.env-c5d50d3b: event=StepSummary | env_id=env-c5d50d3b | step=19 | current_step=19 | terminated_agents=[] | truncated_agents=[] | remaining_agents=25 | reward_preview={prey_9:-0.001, predator_2:-0.001, predator_4:-0.001, prey_14:-0.001, prey_17:-0.001} | info_preview={}
2025-11-23 03:29:02,386 [DEBUG] PredPreyGrassEnv.env-c5d50d3b: event=StepBegin | env_id=env-c5d50d3b | step=20 | incoming_actions=['prey_9', 'prey_14', 'prey_17', 'prey_13', 'prey_18', ...] | active_agents=25 | current_step=20
2025-11-23 03:29:02,390 [DEBUG] PredPreyGrassEnv.env-c5d50d3b: event=StepSummary | env_id=env-c5d50d3b | step=20 | current_step=20 | terminated_agents=[] | truncated_agents=[] | remaining_agents=25 | reward_preview={prey_9:-0.001, predator_2:-0.001, predator_4:-0.001, prey_14:-0.001, prey_17:-0.001} | info_preview={}
2025-11-23 03:29:02,402 [DEBUG] PredPreyGrassEnv.env-c5d50d3b: event=StepBegin | env_id=env-c5d50d3b | step=21 | incoming_actions=['prey_9', 'prey_14', 'prey_17', 'prey_13', 'prey_18', ...] | active_agents=25 | current_step=21
2025-11-23 03:29:02,406 [DEBUG] PredPreyGrassEnv.env-c5d50d3b: event=StepSummary | env_id=env-c5d50d3b | step=21 | current_step=21 | terminated_agents=[] | truncated_agents=[] | remaining_agents=25 | reward_preview={prey_9:-0.001, predator_2:-0.001, predator_4:-0.001, prey_14:-0.001, prey_17:-0.001} | info_preview={}
2025-11-23 03:29:02,417 [DEBUG] PredPreyGrassEnv.env-c5d50d3b: event=StepBegin | env_id=env-c5d50d3b | step=22 | incoming_actions=['prey_9', 'prey_14', 'prey_17', 'prey_13', 'prey_18', ...] | active_agents=25 | current_step=22
2025-11-23 03:29:02,421 [DEBUG] PredPreyGrassEnv.env-c5d50d3b: event=StepSummary | env_id=env-c5d50d3b | step=22 | current_step=22 | terminated_agents=[] | truncated_agents=[] | remaining_agents=25 | reward_preview={prey_9:-0.001, predator_2:-0.001, predator_4:-0.001, prey_14:-0.001, prey_17:-0.001} | info_preview={}
2025-11-23 03:29:02,433 [DEBUG] PredPreyGrassEnv.env-c5d50d3b: event=StepBegin | env_id=env-c5d50d3b | step=23 | incoming_actions=['prey_9', 'prey_14', 'prey_17', 'prey_13', 'prey_18', ...] | active_agents=25 | current_step=23
2025-11-23 03:29:02,437 [DEBUG] PredPreyGrassEnv.env-c5d50d3b: event=StepSummary | env_id=env-c5d50d3b | step=23 | current_step=23 | terminated_agents=[] | truncated_agents=[] | remaining_agents=25 | reward_preview={prey_9:-0.001, predator_2:-0.001, predator_4:-0.001, prey_14:-0.001, prey_17:-0.001} | info_preview={}
2025-11-23 03:29:02,449 [DEBUG] PredPreyGrassEnv.env-c5d50d3b: event=StepBegin | env_id=env-c5d50d3b | step=24 | incoming_actions=['prey_9', 'prey_14', 'prey_17', 'prey_13', 'prey_18', ...] | active_agents=25 | current_step=24
2025-11-23 03:29:02,453 [DEBUG] PredPreyGrassEnv.env-c5d50d3b: event=StepSummary | env_id=env-c5d50d3b | step=24 | current_step=24 | terminated_agents=[] | truncated_agents=[] | remaining_agents=25 | reward_preview={prey_9:-0.001, predator_2:-0.001, predator_4:-0.001, prey_14:-0.001, prey_17:-0.001} | info_preview={}
2025-11-23 03:29:02,466 [DEBUG] PredPreyGrassEnv.env-c5d50d3b: event=StepBegin | env_id=env-c5d50d3b | step=25 | incoming_actions=['prey_9', 'prey_14', 'prey_17', 'prey_13', 'prey_18', ...] | active_agents=25 | current_step=25
2025-11-23 03:29:02,470 [DEBUG] PredPreyGrassEnv.env-c5d50d3b: event=StepSummary | env_id=env-c5d50d3b | step=25 | current_step=25 | terminated_agents=[] | truncated_agents=[] | remaining_agents=25 | reward_preview={prey_9:-0.001, predator_2:-0.001, predator_4:-0.001, prey_14:-0.001, prey_17:-0.001} | info_preview={}
2025-11-23 03:29:02,484 [DEBUG] PredPreyGrassEnv.env-c5d50d3b: event=StepBegin | env_id=env-c5d50d3b | step=26 | incoming_actions=['prey_9', 'prey_14', 'prey_17', 'prey_13', 'prey_18', ...] | active_agents=25 | current_step=26
2025-11-23 03:29:02,489 [DEBUG] PredPreyGrassEnv.env-c5d50d3b: event=StepSummary | env_id=env-c5d50d3b | step=26 | current_step=26 | terminated_agents=[] | truncated_agents=[] | remaining_agents=25 | reward_preview={prey_9:-0.001, predator_2:-0.001, predator_4:-0.001, prey_14:-0.001, prey_17:-0.001} | info_preview={}
2025-11-23 03:29:02,502 [DEBUG] PredPreyGrassEnv.env-c5d50d3b: event=StepBegin | env_id=env-c5d50d3b | step=27 | incoming_actions=['prey_9', 'prey_14', 'prey_17', 'prey_13', 'prey_18', ...] | active_agents=25 | current_step=27
2025-11-23 03:29:02,506 [DEBUG] PredPreyGrassEnv.env-c5d50d3b: event=StepSummary | env_id=env-c5d50d3b | step=27 | current_step=27 | terminated_agents=[] | truncated_agents=[] | remaining_agents=25 | reward_preview={prey_9:-0.001, predator_2:-0.001, predator_4:-0.001, prey_14:-0.001, prey_17:-0.001} | info_preview={}
2025-11-23 03:29:02,517 [DEBUG] PredPreyGrassEnv.env-c5d50d3b: event=StepBegin | env_id=env-c5d50d3b | step=28 | incoming_actions=['prey_9', 'prey_14', 'prey_17', 'prey_13', 'prey_18', ...] | active_agents=25 | current_step=28
2025-11-23 03:29:02,521 [DEBUG] PredPreyGrassEnv.env-c5d50d3b: event=StepSummary | env_id=env-c5d50d3b | step=28 | current_step=28 | terminated_agents=[] | truncated_agents=[] | remaining_agents=25 | reward_preview={prey_9:-0.001, predator_2:-0.001, predator_4:-0.001, prey_14:-0.001, prey_17:-0.001} | info_preview={}
2025-11-23 03:29:02,534 [DEBUG] PredPreyGrassEnv.env-c5d50d3b: event=StepBegin | env_id=env-c5d50d3b | step=29 | incoming_actions=['prey_9', 'prey_14', 'prey_17', 'prey_13', 'prey_18', ...] | active_agents=25 | current_step=29
2025-11-23 03:29:02,538 [DEBUG] PredPreyGrassEnv.env-c5d50d3b: event=StepSummary | env_id=env-c5d50d3b | step=29 | current_step=29 | terminated_agents=[] | truncated_agents=[] | remaining_agents=25 | reward_preview={prey_9:-0.001, predator_2:-0.001, predator_4:-0.001, prey_14:-0.001, prey_17:-0.001} | info_preview={}
2025-11-23 03:29:02,551 [DEBUG] PredPreyGrassEnv.env-c5d50d3b: event=StepBegin | env_id=env-c5d50d3b | step=30 | incoming_actions=['prey_9', 'prey_14', 'prey_17', 'prey_13', 'prey_18', ...] | active_agents=25 | current_step=30
2025-11-23 03:29:02,555 [DEBUG] PredPreyGrassEnv.env-c5d50d3b: event=StepSummary | env_id=env-c5d50d3b | step=30 | current_step=30 | terminated_agents=[] | truncated_agents=[] | remaining_agents=25 | reward_preview={prey_9:-0.001, predator_2:-0.001, predator_4:-0.001, prey_14:-0.001, prey_17:-0.001} | info_preview={}
2025-11-23 03:29:02,569 [DEBUG] PredPreyGrassEnv.env-c5d50d3b: event=StepBegin | env_id=env-c5d50d3b | step=31 | incoming_actions=['prey_9', 'prey_14', 'prey_17', 'prey_13', 'prey_18', ...] | active_agents=25 | current_step=31
2025-11-23 03:29:02,572 [DEBUG] PredPreyGrassEnv.env-c5d50d3b: event=PreyAteGrass | env_id=env-c5d50d3b | step=31 | prey='prey_4' | grass='grass_4' | prey_position=[192.4845986876298, 517.0420818063955] | grass_energy=10.0 | energy_gained=9.0 | prey_energy=147.0541723297128
2025-11-23 03:29:02,574 [DEBUG] PredPreyGrassEnv.env-c5d50d3b: event=StepSummary | env_id=env-c5d50d3b | step=31 | current_step=31 | terminated_agents=[] | truncated_agents=[] | remaining_agents=25 | reward_preview={prey_9:-0.001, predator_2:-0.001, predator_4:-0.001, prey_14:-0.001, prey_17:-0.001} | info_preview={}
2025-11-23 03:29:02,586 [DEBUG] PredPreyGrassEnv.env-c5d50d3b: event=StepBegin | env_id=env-c5d50d3b | step=32 | incoming_actions=['prey_9', 'prey_14', 'prey_17', 'prey_13', 'prey_18', ...] | active_agents=25 | current_step=32
2025-11-23 03:29:02,590 [DEBUG] PredPreyGrassEnv.env-c5d50d3b: event=StepSummary | env_id=env-c5d50d3b | step=32 | current_step=32 | terminated_agents=[] | truncated_agents=[] | remaining_agents=25 | reward_preview={prey_9:-0.001, predator_2:-0.001, predator_4:-0.001, prey_14:-0.001, prey_17:-0.001} | info_preview={}
2025-11-23 03:29:02,602 [DEBUG] PredPreyGrassEnv.env-c5d50d3b: event=StepBegin | env_id=env-c5d50d3b | step=33 | incoming_actions=['prey_9', 'prey_14', 'prey_17', 'prey_13', 'prey_18', ...] | active_agents=25 | current_step=33
2025-11-23 03:29:02,606 [DEBUG] PredPreyGrassEnv.env-c5d50d3b: event=StepSummary | env_id=env-c5d50d3b | step=33 | current_step=33 | terminated_agents=[] | truncated_agents=[] | remaining_agents=25 | reward_preview={prey_9:-0.001, predator_2:-0.001, predator_4:-0.001, prey_14:-0.001, prey_17:-0.001} | info_preview={}
2025-11-23 03:29:02,619 [DEBUG] PredPreyGrassEnv.env-c5d50d3b: event=StepBegin | env_id=env-c5d50d3b | step=34 | incoming_actions=['prey_9', 'prey_14', 'prey_17', 'prey_13', 'prey_18', ...] | active_agents=25 | current_step=34
2025-11-23 03:29:02,624 [DEBUG] PredPreyGrassEnv.env-c5d50d3b: event=StepSummary | env_id=env-c5d50d3b | step=34 | current_step=34 | terminated_agents=[] | truncated_agents=[] | remaining_agents=25 | reward_preview={prey_9:-0.001, predator_2:-0.001, predator_4:-0.001, prey_14:-0.001, prey_17:-0.001} | info_preview={}
2025-11-23 03:29:02,636 [DEBUG] PredPreyGrassEnv.env-c5d50d3b: event=StepBegin | env_id=env-c5d50d3b | step=35 | incoming_actions=['prey_9', 'prey_14', 'prey_17', 'prey_13', 'prey_18', ...] | active_agents=25 | current_step=35
2025-11-23 03:29:02,640 [DEBUG] PredPreyGrassEnv.env-c5d50d3b: event=StepSummary | env_id=env-c5d50d3b | step=35 | current_step=35 | terminated_agents=[] | truncated_agents=[] | remaining_agents=25 | reward_preview={prey_9:-0.001, predator_2:-0.001, predator_4:-0.001, prey_14:-0.001, prey_17:-0.001} | info_preview={}
2025-11-23 03:29:02,653 [DEBUG] PredPreyGrassEnv.env-c5d50d3b: event=StepBegin | env_id=env-c5d50d3b | step=36 | incoming_actions=['prey_9', 'prey_14', 'prey_17', 'prey_13', 'prey_18', ...] | active_agents=25 | current_step=36
2025-11-23 03:29:02,658 [DEBUG] PredPreyGrassEnv.env-c5d50d3b: event=StepSummary | env_id=env-c5d50d3b | step=36 | current_step=36 | terminated_agents=[] | truncated_agents=[] | remaining_agents=25 | reward_preview={prey_9:-0.001, predator_2:-0.001, predator_4:-0.001, prey_14:-0.001, prey_17:-0.001} | info_preview={}
2025-11-23 03:29:02,672 [DEBUG] PredPreyGrassEnv.env-c5d50d3b: event=StepBegin | env_id=env-c5d50d3b | step=37 | incoming_actions=['prey_9', 'prey_14', 'prey_17', 'prey_13', 'prey_18', ...] | active_agents=25 | current_step=37
2025-11-23 03:29:02,679 [DEBUG] PredPreyGrassEnv.env-c5d50d3b: event=StepSummary | env_id=env-c5d50d3b | step=37 | current_step=37 | terminated_agents=[] | truncated_agents=[] | remaining_agents=25 | reward_preview={prey_9:-0.001, predator_2:-0.001, predator_4:-0.001, prey_14:-0.001, prey_17:-0.001} | info_preview={}
2025-11-23 03:29:02,701 [DEBUG] PredPreyGrassEnv.env-c5d50d3b: event=StepBegin | env_id=env-c5d50d3b | step=38 | incoming_actions=['prey_9', 'prey_14', 'prey_17', 'prey_13', 'prey_18', ...] | active_agents=25 | current_step=38
2025-11-23 03:29:02,709 [DEBUG] PredPreyGrassEnv.env-c5d50d3b: event=StepSummary | env_id=env-c5d50d3b | step=38 | current_step=38 | terminated_agents=[] | truncated_agents=[] | remaining_agents=25 | reward_preview={prey_9:-0.001, predator_2:-0.001, predator_4:-0.001, prey_14:-0.001, prey_17:-0.001} | info_preview={}
2025-11-23 03:29:02,724 [DEBUG] PredPreyGrassEnv.env-c5d50d3b: event=StepBegin | env_id=env-c5d50d3b | step=39 | incoming_actions=['prey_9', 'prey_14', 'prey_17', 'prey_13', 'prey_18', ...] | active_agents=25 | current_step=39
2025-11-23 03:29:02,728 [DEBUG] PredPreyGrassEnv.env-c5d50d3b: event=StepSummary | env_id=env-c5d50d3b | step=39 | current_step=39 | terminated_agents=[] | truncated_agents=[] | remaining_agents=25 | reward_preview={prey_9:-0.001, predator_2:-0.001, predator_4:-0.001, prey_14:-0.001, prey_17:-0.001} | info_preview={}
2025-11-23 03:29:02,740 [DEBUG] PredPreyGrassEnv.env-c5d50d3b: event=StepBegin | env_id=env-c5d50d3b | step=40 | incoming_actions=['prey_9', 'prey_14', 'prey_17', 'prey_13', 'prey_18', ...] | active_agents=25 | current_step=40
2025-11-23 03:29:02,744 [DEBUG] PredPreyGrassEnv.env-c5d50d3b: event=StepSummary | env_id=env-c5d50d3b | step=40 | current_step=40 | terminated_agents=[] | truncated_agents=[] | remaining_agents=25 | reward_preview={prey_9:-0.001, predator_2:-0.001, predator_4:-0.001, prey_14:-0.001, prey_17:-0.001} | info_preview={}
2025-11-23 03:29:02,757 [DEBUG] PredPreyGrassEnv.env-c5d50d3b: event=StepBegin | env_id=env-c5d50d3b | step=41 | incoming_actions=['prey_9', 'prey_14', 'prey_17', 'prey_13', 'prey_18', ...] | active_agents=25 | current_step=41
2025-11-23 03:29:02,761 [DEBUG] PredPreyGrassEnv.env-c5d50d3b: event=StepSummary | env_id=env-c5d50d3b | step=41 | current_step=41 | terminated_agents=[] | truncated_agents=[] | remaining_agents=25 | reward_preview={prey_9:-0.001, predator_2:-0.001, predator_4:-0.001, prey_14:-0.001, prey_17:-0.001} | info_preview={}
2025-11-23 03:29:02,772 [DEBUG] PredPreyGrassEnv.env-c5d50d3b: event=StepBegin | env_id=env-c5d50d3b | step=42 | incoming_actions=['prey_9', 'prey_14', 'prey_17', 'prey_13', 'prey_18', ...] | active_agents=25 | current_step=42
2025-11-23 03:29:02,776 [DEBUG] PredPreyGrassEnv.env-c5d50d3b: event=StepSummary | env_id=env-c5d50d3b | step=42 | current_step=42 | terminated_agents=[] | truncated_agents=[] | remaining_agents=25 | reward_preview={prey_9:-0.001, predator_2:-0.001, predator_4:-0.001, prey_14:-0.001, prey_17:-0.001} | info_preview={}
2025-11-23 03:29:02,788 [DEBUG] PredPreyGrassEnv.env-c5d50d3b: event=StepBegin | env_id=env-c5d50d3b | step=43 | incoming_actions=['prey_9', 'prey_14', 'prey_17', 'prey_13', 'prey_18', ...] | active_agents=25 | current_step=43
2025-11-23 03:29:02,792 [DEBUG] PredPreyGrassEnv.env-c5d50d3b: event=StepSummary | env_id=env-c5d50d3b | step=43 | current_step=43 | terminated_agents=[] | truncated_agents=[] | remaining_agents=25 | reward_preview={prey_9:-0.001, predator_2:-0.001, predator_4:-0.001, prey_14:-0.001, prey_17:-0.001} | info_preview={}
2025-11-23 03:29:02,805 [DEBUG] PredPreyGrassEnv.env-c5d50d3b: event=StepBegin | env_id=env-c5d50d3b | step=44 | incoming_actions=['prey_9', 'prey_14', 'prey_17', 'prey_13', 'prey_18', ...] | active_agents=25 | current_step=44
2025-11-23 03:29:02,810 [DEBUG] PredPreyGrassEnv.env-c5d50d3b: event=StepSummary | env_id=env-c5d50d3b | step=44 | current_step=44 | terminated_agents=[] | truncated_agents=[] | remaining_agents=25 | reward_preview={prey_9:-0.001, predator_2:-0.001, predator_4:-0.001, prey_14:-0.001, prey_17:-0.001} | info_preview={}
2025-11-23 03:29:02,826 [DEBUG] PredPreyGrassEnv.env-c5d50d3b: event=StepBegin | env_id=env-c5d50d3b | step=45 | incoming_actions=['prey_9', 'prey_14', 'prey_17', 'prey_13', 'prey_18', ...] | active_agents=25 | current_step=45
2025-11-23 03:29:02,831 [DEBUG] PredPreyGrassEnv.env-c5d50d3b: event=StepSummary | env_id=env-c5d50d3b | step=45 | current_step=45 | terminated_agents=[] | truncated_agents=[] | remaining_agents=25 | reward_preview={prey_9:-0.001, predator_2:-0.001, predator_4:-0.001, prey_14:-0.001, prey_17:-0.001} | info_preview={}
2025-11-23 03:29:02,846 [DEBUG] PredPreyGrassEnv.env-c5d50d3b: event=StepBegin | env_id=env-c5d50d3b | step=46 | incoming_actions=['prey_9', 'prey_14', 'prey_17', 'prey_13', 'prey_18', ...] | active_agents=25 | current_step=46
2025-11-23 03:29:02,852 [DEBUG] PredPreyGrassEnv.env-c5d50d3b: event=StepSummary | env_id=env-c5d50d3b | step=46 | current_step=46 | terminated_agents=[] | truncated_agents=[] | remaining_agents=25 | reward_preview={prey_9:-0.001, predator_2:-0.001, predator_4:-0.001, prey_14:-0.001, prey_17:-0.001} | info_preview={}
2025-11-23 03:29:02,871 [DEBUG] PredPreyGrassEnv.env-c5d50d3b: event=StepBegin | env_id=env-c5d50d3b | step=47 | incoming_actions=['prey_9', 'prey_14', 'prey_17', 'prey_13', 'prey_18', ...] | active_agents=25 | current_step=47
2025-11-23 03:29:02,876 [DEBUG] PredPreyGrassEnv.env-c5d50d3b: event=StepSummary | env_id=env-c5d50d3b | step=47 | current_step=47 | terminated_agents=[] | truncated_agents=[] | remaining_agents=25 | reward_preview={prey_9:-0.001, predator_2:-0.001, predator_4:-0.001, prey_14:-0.001, prey_17:-0.001} | info_preview={}
2025-11-23 03:29:02,892 [DEBUG] PredPreyGrassEnv.env-c5d50d3b: event=StepBegin | env_id=env-c5d50d3b | step=48 | incoming_actions=['prey_9', 'prey_14', 'prey_17', 'prey_13', 'prey_18', ...] | active_agents=25 | current_step=48
2025-11-23 03:29:02,896 [DEBUG] PredPreyGrassEnv.env-c5d50d3b: event=StepSummary | env_id=env-c5d50d3b | step=48 | current_step=48 | terminated_agents=[] | truncated_agents=[] | remaining_agents=25 | reward_preview={prey_9:-0.001, predator_2:-0.001, predator_4:-0.001, prey_14:-0.001, prey_17:-0.001} | info_preview={}
2025-11-23 03:29:02,908 [DEBUG] PredPreyGrassEnv.env-c5d50d3b: event=StepBegin | env_id=env-c5d50d3b | step=49 | incoming_actions=['prey_9', 'prey_14', 'prey_17', 'prey_13', 'prey_18', ...] | active_agents=25 | current_step=49
2025-11-23 03:29:02,913 [DEBUG] PredPreyGrassEnv.env-c5d50d3b: event=StepSummary | env_id=env-c5d50d3b | step=49 | current_step=49 | terminated_agents=[] | truncated_agents=[] | remaining_agents=25 | reward_preview={prey_9:-0.001, predator_2:-0.001, predator_4:-0.001, prey_14:-0.001, prey_17:-0.001} | info_preview={}
2025-11-23 03:29:02,929 [DEBUG] PredPreyGrassEnv.env-c5d50d3b: event=StepBegin | env_id=env-c5d50d3b | step=50 | incoming_actions=['prey_9', 'prey_14', 'prey_17', 'prey_13', 'prey_18', ...] | active_agents=25 | current_step=50
2025-11-23 03:29:02,934 [DEBUG] PredPreyGrassEnv.env-c5d50d3b: event=StepSummary | env_id=env-c5d50d3b | step=50 | current_step=50 | terminated_agents=[] | truncated_agents=[] | remaining_agents=25 | reward_preview={prey_9:-0.001, predator_2:-0.001, predator_4:-0.001, prey_14:-0.001, prey_17:-0.001} | info_preview={}
2025-11-23 03:29:02,948 [DEBUG] PredPreyGrassEnv.env-c5d50d3b: event=StepBegin | env_id=env-c5d50d3b | step=51 | incoming_actions=['prey_9', 'prey_14', 'prey_17', 'prey_13', 'prey_18', ...] | active_agents=25 | current_step=51
2025-11-23 03:29:02,953 [DEBUG] PredPreyGrassEnv.env-c5d50d3b: event=StepSummary | env_id=env-c5d50d3b | step=51 | current_step=51 | terminated_agents=[] | truncated_agents=[] | remaining_agents=25 | reward_preview={prey_9:-0.001, predator_2:-0.001, predator_4:-0.001, prey_14:-0.001, prey_17:-0.001} | info_preview={}
2025-11-23 03:29:02,968 [DEBUG] PredPreyGrassEnv.env-c5d50d3b: event=StepBegin | env_id=env-c5d50d3b | step=52 | incoming_actions=['prey_9', 'prey_14', 'prey_17', 'prey_13', 'prey_18', ...] | active_agents=25 | current_step=52
2025-11-23 03:29:02,974 [DEBUG] PredPreyGrassEnv.env-c5d50d3b: event=StepSummary | env_id=env-c5d50d3b | step=52 | current_step=52 | terminated_agents=[] | truncated_agents=[] | remaining_agents=25 | reward_preview={prey_9:-0.001, predator_2:-0.001, predator_4:-0.001, prey_14:-0.001, prey_17:-0.001} | info_preview={}
2025-11-23 03:29:02,989 [DEBUG] PredPreyGrassEnv.env-c5d50d3b: event=StepBegin | env_id=env-c5d50d3b | step=53 | incoming_actions=['prey_9', 'prey_14', 'prey_17', 'prey_13', 'prey_18', ...] | active_agents=25 | current_step=53
2025-11-23 03:29:02,993 [DEBUG] PredPreyGrassEnv.env-c5d50d3b: event=StepSummary | env_id=env-c5d50d3b | step=53 | current_step=53 | terminated_agents=[] | truncated_agents=[] | remaining_agents=25 | reward_preview={prey_9:-0.001, predator_2:-0.001, predator_4:-0.001, prey_14:-0.001, prey_17:-0.001} | info_preview={}
2025-11-23 03:29:03,005 [DEBUG] PredPreyGrassEnv.env-c5d50d3b: event=StepBegin | env_id=env-c5d50d3b | step=54 | incoming_actions=['prey_9', 'prey_14', 'prey_17', 'prey_13', 'prey_18', ...] | active_agents=25 | current_step=54
2025-11-23 03:29:03,010 [DEBUG] PredPreyGrassEnv.env-c5d50d3b: event=StepSummary | env_id=env-c5d50d3b | step=54 | current_step=54 | terminated_agents=[] | truncated_agents=[] | remaining_agents=25 | reward_preview={prey_9:-0.001, predator_2:-0.001, predator_4:-0.001, prey_14:-0.001, prey_17:-0.001} | info_preview={}
2025-11-23 03:29:03,025 [DEBUG] PredPreyGrassEnv.env-c5d50d3b: event=StepBegin | env_id=env-c5d50d3b | step=55 | incoming_actions=['prey_9', 'prey_14', 'prey_17', 'prey_13', 'prey_18', ...] | active_agents=25 | current_step=55
2025-11-23 03:29:03,031 [DEBUG] PredPreyGrassEnv.env-c5d50d3b: event=StepSummary | env_id=env-c5d50d3b | step=55 | current_step=55 | terminated_agents=[] | truncated_agents=[] | remaining_agents=25 | reward_preview={prey_9:-0.001, predator_2:-0.001, predator_4:-0.001, prey_14:-0.001, prey_17:-0.001} | info_preview={}
2025-11-23 03:29:03,044 [DEBUG] PredPreyGrassEnv.env-c5d50d3b: event=StepBegin | env_id=env-c5d50d3b | step=56 | incoming_actions=['prey_9', 'prey_14', 'prey_17', 'prey_13', 'prey_18', ...] | active_agents=25 | current_step=56
2025-11-23 03:29:03,050 [DEBUG] PredPreyGrassEnv.env-c5d50d3b: event=StepSummary | env_id=env-c5d50d3b | step=56 | current_step=56 | terminated_agents=[] | truncated_agents=[] | remaining_agents=25 | reward_preview={prey_9:-0.001, predator_2:-0.001, predator_4:-0.001, prey_14:-0.001, prey_17:-0.001} | info_preview={}
2025-11-23 03:29:03,067 [DEBUG] PredPreyGrassEnv.env-c5d50d3b: event=StepBegin | env_id=env-c5d50d3b | step=57 | incoming_actions=['prey_9', 'prey_14', 'prey_17', 'prey_13', 'prey_18', ...] | active_agents=25 | current_step=57
2025-11-23 03:29:03,072 [DEBUG] PredPreyGrassEnv.env-c5d50d3b: event=StepSummary | env_id=env-c5d50d3b | step=57 | current_step=57 | terminated_agents=[] | truncated_agents=[] | remaining_agents=25 | reward_preview={prey_9:-0.001, predator_2:-0.001, predator_4:-0.001, prey_14:-0.001, prey_17:-0.001} | info_preview={}
2025-11-23 03:29:03,086 [DEBUG] PredPreyGrassEnv.env-c5d50d3b: event=StepBegin | env_id=env-c5d50d3b | step=58 | incoming_actions=['prey_9', 'prey_14', 'prey_17', 'prey_13', 'prey_18', ...] | active_agents=25 | current_step=58
2025-11-23 03:29:03,091 [DEBUG] PredPreyGrassEnv.env-c5d50d3b: event=StepSummary | env_id=env-c5d50d3b | step=58 | current_step=58 | terminated_agents=[] | truncated_agents=[] | remaining_agents=25 | reward_preview={prey_9:-0.001, predator_2:-0.001, predator_4:-0.001, prey_14:-0.001, prey_17:-0.001} | info_preview={}
2025-11-23 03:29:03,106 [DEBUG] PredPreyGrassEnv.env-c5d50d3b: event=StepBegin | env_id=env-c5d50d3b | step=59 | incoming_actions=['prey_9', 'prey_14', 'prey_17', 'prey_13', 'prey_18', ...] | active_agents=25 | current_step=59
2025-11-23 03:29:03,110 [DEBUG] PredPreyGrassEnv.env-c5d50d3b: event=StepSummary | env_id=env-c5d50d3b | step=59 | current_step=59 | terminated_agents=[] | truncated_agents=[] | remaining_agents=25 | reward_preview={prey_9:-0.001, predator_2:-0.001, predator_4:-0.001, prey_14:-0.001, prey_17:-0.001} | info_preview={}
2025-11-23 03:29:03,123 [DEBUG] PredPreyGrassEnv.env-c5d50d3b: event=StepBegin | env_id=env-c5d50d3b | step=60 | incoming_actions=['prey_9', 'prey_14', 'prey_17', 'prey_13', 'prey_18', ...] | active_agents=25 | current_step=60
2025-11-23 03:29:03,128 [DEBUG] PredPreyGrassEnv.env-c5d50d3b: event=StepSummary | env_id=env-c5d50d3b | step=60 | current_step=60 | terminated_agents=[] | truncated_agents=[] | remaining_agents=25 | reward_preview={prey_9:-0.001, predator_2:-0.001, predator_4:-0.001, prey_14:-0.001, prey_17:-0.001} | info_preview={}
2025-11-23 03:29:03,142 [DEBUG] PredPreyGrassEnv.env-c5d50d3b: event=StepBegin | env_id=env-c5d50d3b | step=61 | incoming_actions=['prey_9', 'prey_14', 'prey_17', 'prey_13', 'prey_18', ...] | active_agents=25 | current_step=61
2025-11-23 03:29:03,146 [DEBUG] PredPreyGrassEnv.env-c5d50d3b: event=StepSummary | env_id=env-c5d50d3b | step=61 | current_step=61 | terminated_agents=[] | truncated_agents=[] | remaining_agents=25 | reward_preview={prey_9:-0.001, predator_2:-0.001, predator_4:-0.001, prey_14:-0.001, prey_17:-0.001} | info_preview={}
2025-11-23 03:29:03,169 [DEBUG] PredPreyGrassEnv.env-c5d50d3b: event=StepBegin | env_id=env-c5d50d3b | step=62 | incoming_actions=['prey_9', 'prey_14', 'prey_17', 'prey_13', 'prey_18', ...] | active_agents=25 | current_step=62
2025-11-23 03:29:03,177 [DEBUG] PredPreyGrassEnv.env-c5d50d3b: event=StepSummary | env_id=env-c5d50d3b | step=62 | current_step=62 | terminated_agents=[] | truncated_agents=[] | remaining_agents=25 | reward_preview={prey_9:-0.001, predator_2:-0.001, predator_4:-0.001, prey_14:-0.001, prey_17:-0.001} | info_preview={}
2025-11-23 03:29:03,205 [DEBUG] PredPreyGrassEnv.env-c5d50d3b: event=StepBegin | env_id=env-c5d50d3b | step=63 | incoming_actions=['prey_9', 'prey_14', 'prey_17', 'prey_13', 'prey_18', ...] | active_agents=25 | current_step=63
2025-11-23 03:29:03,215 [DEBUG] PredPreyGrassEnv.env-c5d50d3b: event=StepSummary | env_id=env-c5d50d3b | step=63 | current_step=63 | terminated_agents=[] | truncated_agents=[] | remaining_agents=25 | reward_preview={prey_9:-0.001, predator_2:-0.001, predator_4:-0.001, prey_14:-0.001, prey_17:-0.001} | info_preview={}
2025-11-23 03:29:03,242 [DEBUG] PredPreyGrassEnv.env-c5d50d3b: event=StepBegin | env_id=env-c5d50d3b | step=64 | incoming_actions=['prey_9', 'prey_14', 'prey_17', 'prey_13', 'prey_18', ...] | active_agents=25 | current_step=64
2025-11-23 03:29:03,246 [DEBUG] PredPreyGrassEnv.env-c5d50d3b: event=StepSummary | env_id=env-c5d50d3b | step=64 | current_step=64 | terminated_agents=[] | truncated_agents=[] | remaining_agents=25 | reward_preview={prey_9:-0.001, predator_2:-0.001, predator_4:-0.001, prey_14:-0.001, prey_17:-0.001} | info_preview={}
2025-11-23 03:29:03,268 [DEBUG] PredPreyGrassEnv.env-c5d50d3b: event=StepBegin | env_id=env-c5d50d3b | step=65 | incoming_actions=['prey_9', 'prey_14', 'prey_17', 'prey_13', 'prey_18', ...] | active_agents=25 | current_step=65
2025-11-23 03:29:03,277 [DEBUG] PredPreyGrassEnv.env-c5d50d3b: event=StepSummary | env_id=env-c5d50d3b | step=65 | current_step=65 | terminated_agents=[] | truncated_agents=[] | remaining_agents=25 | reward_preview={prey_9:-0.001, predator_2:-0.001, predator_4:-0.001, prey_14:-0.001, prey_17:-0.001} | info_preview={}
2025-11-23 03:29:03,294 [DEBUG] PredPreyGrassEnv.env-c5d50d3b: event=StepBegin | env_id=env-c5d50d3b | step=66 | incoming_actions=['prey_9', 'prey_14', 'prey_17', 'prey_13', 'prey_18', ...] | active_agents=25 | current_step=66
2025-11-23 03:29:03,295 [DEBUG] PredPreyGrassEnv.env-c5d50d3b: event=PreyAteGrass | env_id=env-c5d50d3b | step=66 | prey='prey_11' | grass='grass_12' | prey_position=[534.4413027355148, 25.203488789732287] | grass_energy=10.0 | energy_gained=9.0 | prey_energy=151.79963117394837
2025-11-23 03:29:03,298 [DEBUG] PredPreyGrassEnv.env-c5d50d3b: event=StepSummary | env_id=env-c5d50d3b | step=66 | current_step=66 | terminated_agents=[] | truncated_agents=[] | remaining_agents=25 | reward_preview={prey_9:-0.001, predator_2:-0.001, predator_4:-0.001, prey_14:-0.001, prey_17:-0.001} | info_preview={}
2025-11-23 03:29:03,315 [DEBUG] PredPreyGrassEnv.env-c5d50d3b: event=StepBegin | env_id=env-c5d50d3b | step=67 | incoming_actions=['prey_9', 'prey_14', 'prey_17', 'prey_13', 'prey_18', ...] | active_agents=25 | current_step=67
2025-11-23 03:29:03,320 [DEBUG] PredPreyGrassEnv.env-c5d50d3b: event=StepSummary | env_id=env-c5d50d3b | step=67 | current_step=67 | terminated_agents=[] | truncated_agents=[] | remaining_agents=25 | reward_preview={prey_9:-0.001, predator_2:-0.001, predator_4:-0.001, prey_14:-0.001, prey_17:-0.001} | info_preview={}
2025-11-23 03:29:03,336 [DEBUG] PredPreyGrassEnv.env-c5d50d3b: event=StepBegin | env_id=env-c5d50d3b | step=68 | incoming_actions=['prey_9', 'prey_14', 'prey_17', 'prey_13', 'prey_18', ...] | active_agents=25 | current_step=68
2025-11-23 03:29:03,342 [DEBUG] PredPreyGrassEnv.env-c5d50d3b: event=StepSummary | env_id=env-c5d50d3b | step=68 | current_step=68 | terminated_agents=[] | truncated_agents=[] | remaining_agents=25 | reward_preview={prey_9:-0.001, predator_2:-0.001, predator_4:-0.001, prey_14:-0.001, prey_17:-0.001} | info_preview={}
2025-11-23 03:29:03,356 [DEBUG] PredPreyGrassEnv.env-c5d50d3b: event=StepBegin | env_id=env-c5d50d3b | step=69 | incoming_actions=['prey_9', 'prey_14', 'prey_17', 'prey_13', 'prey_18', ...] | active_agents=25 | current_step=69
2025-11-23 03:29:03,362 [DEBUG] PredPreyGrassEnv.env-c5d50d3b: event=StepSummary | env_id=env-c5d50d3b | step=69 | current_step=69 | terminated_agents=[] | truncated_agents=[] | remaining_agents=25 | reward_preview={prey_9:-0.001, predator_2:-0.001, predator_4:-0.001, prey_14:-0.001, prey_17:-0.001} | info_preview={}
2025-11-23 03:29:03,390 [DEBUG] PredPreyGrassEnv.env-c5d50d3b: event=StepBegin | env_id=env-c5d50d3b | step=70 | incoming_actions=['prey_9', 'prey_14', 'prey_17', 'prey_13', 'prey_18', ...] | active_agents=25 | current_step=70
2025-11-23 03:29:03,400 [DEBUG] PredPreyGrassEnv.env-c5d50d3b: event=StepSummary | env_id=env-c5d50d3b | step=70 | current_step=70 | terminated_agents=[] | truncated_agents=[] | remaining_agents=25 | reward_preview={prey_9:-0.001, predator_2:-0.001, predator_4:-0.001, prey_14:-0.001, prey_17:-0.001} | info_preview={}
2025-11-23 03:29:03,428 [DEBUG] PredPreyGrassEnv.env-c5d50d3b: event=StepBegin | env_id=env-c5d50d3b | step=71 | incoming_actions=['prey_9', 'prey_14', 'prey_17', 'prey_13', 'prey_18', ...] | active_agents=25 | current_step=71
2025-11-23 03:29:03,437 [DEBUG] PredPreyGrassEnv.env-c5d50d3b: event=StepSummary | env_id=env-c5d50d3b | step=71 | current_step=71 | terminated_agents=[] | truncated_agents=[] | remaining_agents=25 | reward_preview={prey_9:-0.001, predator_2:-0.001, predator_4:-0.001, prey_14:-0.001, prey_17:-0.001} | info_preview={}
2025-11-23 03:29:03,453 [DEBUG] PredPreyGrassEnv.env-c5d50d3b: event=StepBegin | env_id=env-c5d50d3b | step=72 | incoming_actions=['prey_9', 'prey_14', 'prey_17', 'prey_13', 'prey_18', ...] | active_agents=25 | current_step=72
2025-11-23 03:29:03,458 [DEBUG] PredPreyGrassEnv.env-c5d50d3b: event=StepSummary | env_id=env-c5d50d3b | step=72 | current_step=72 | terminated_agents=[] | truncated_agents=[] | remaining_agents=25 | reward_preview={prey_9:-0.001, predator_2:-0.001, predator_4:-0.001, prey_14:-0.001, prey_17:-0.001} | info_preview={}
2025-11-23 03:29:03,475 [DEBUG] PredPreyGrassEnv.env-c5d50d3b: event=StepBegin | env_id=env-c5d50d3b | step=73 | incoming_actions=['prey_9', 'prey_14', 'prey_17', 'prey_13', 'prey_18', ...] | active_agents=25 | current_step=73
2025-11-23 03:29:03,480 [DEBUG] PredPreyGrassEnv.env-c5d50d3b: event=StepSummary | env_id=env-c5d50d3b | step=73 | current_step=73 | terminated_agents=[] | truncated_agents=[] | remaining_agents=25 | reward_preview={prey_9:-0.001, predator_2:-0.001, predator_4:-0.001, prey_14:-0.001, prey_17:-0.001} | info_preview={}
2025-11-23 03:29:03,496 [DEBUG] PredPreyGrassEnv.env-c5d50d3b: event=StepBegin | env_id=env-c5d50d3b | step=74 | incoming_actions=['prey_9', 'prey_14', 'prey_17', 'prey_13', 'prey_18', ...] | active_agents=25 | current_step=74
2025-11-23 03:29:03,502 [DEBUG] PredPreyGrassEnv.env-c5d50d3b: event=StepSummary | env_id=env-c5d50d3b | step=74 | current_step=74 | terminated_agents=[] | truncated_agents=[] | remaining_agents=25 | reward_preview={prey_9:-0.001, predator_2:-0.001, predator_4:-0.001, prey_14:-0.001, prey_17:-0.001} | info_preview={}
2025-11-23 03:29:03,518 [DEBUG] PredPreyGrassEnv.env-c5d50d3b: event=StepBegin | env_id=env-c5d50d3b | step=75 | incoming_actions=['prey_9', 'prey_14', 'prey_17', 'prey_13', 'prey_18', ...] | active_agents=25 | current_step=75
2025-11-23 03:29:03,522 [DEBUG] PredPreyGrassEnv.env-c5d50d3b: event=StepSummary | env_id=env-c5d50d3b | step=75 | current_step=75 | terminated_agents=[] | truncated_agents=[] | remaining_agents=25 | reward_preview={prey_9:-0.001, predator_2:-0.001, predator_4:-0.001, prey_14:-0.001, prey_17:-0.001} | info_preview={}
2025-11-23 03:29:03,535 [DEBUG] PredPreyGrassEnv.env-c5d50d3b: event=StepBegin | env_id=env-c5d50d3b | step=76 | incoming_actions=['prey_9', 'prey_14', 'prey_17', 'prey_13', 'prey_18', ...] | active_agents=25 | current_step=76
2025-11-23 03:29:03,540 [DEBUG] PredPreyGrassEnv.env-c5d50d3b: event=StepSummary | env_id=env-c5d50d3b | step=76 | current_step=76 | terminated_agents=[] | truncated_agents=[] | remaining_agents=25 | reward_preview={prey_9:-0.001, predator_2:-0.001, predator_4:-0.001, prey_14:-0.001, prey_17:-0.001} | info_preview={}
2025-11-23 03:29:03,556 [DEBUG] PredPreyGrassEnv.env-c5d50d3b: event=StepBegin | env_id=env-c5d50d3b | step=77 | incoming_actions=['prey_9', 'prey_14', 'prey_17', 'prey_13', 'prey_18', ...] | active_agents=25 | current_step=77
2025-11-23 03:29:03,560 [DEBUG] PredPreyGrassEnv.env-c5d50d3b: event=StepSummary | env_id=env-c5d50d3b | step=77 | current_step=77 | terminated_agents=[] | truncated_agents=[] | remaining_agents=25 | reward_preview={prey_9:-0.001, predator_2:-0.001, predator_4:-0.001, prey_14:-0.001, prey_17:-0.001} | info_preview={}
2025-11-23 03:29:03,575 [DEBUG] PredPreyGrassEnv.env-c5d50d3b: event=StepBegin | env_id=env-c5d50d3b | step=78 | incoming_actions=['prey_9', 'prey_14', 'prey_17', 'prey_13', 'prey_18', ...] | active_agents=25 | current_step=78
2025-11-23 03:29:03,580 [DEBUG] PredPreyGrassEnv.env-c5d50d3b: event=StepSummary | env_id=env-c5d50d3b | step=78 | current_step=78 | terminated_agents=[] | truncated_agents=[] | remaining_agents=25 | reward_preview={prey_9:-0.001, predator_2:-0.001, predator_4:-0.001, prey_14:-0.001, prey_17:-0.001} | info_preview={}
2025-11-23 03:29:03,593 [DEBUG] PredPreyGrassEnv.env-c5d50d3b: event=StepBegin | env_id=env-c5d50d3b | step=79 | incoming_actions=['prey_9', 'prey_14', 'prey_17', 'prey_13', 'prey_18', ...] | active_agents=25 | current_step=79
2025-11-23 03:29:03,598 [DEBUG] PredPreyGrassEnv.env-c5d50d3b: event=StepSummary | env_id=env-c5d50d3b | step=79 | current_step=79 | terminated_agents=[] | truncated_agents=[] | remaining_agents=25 | reward_preview={prey_9:-0.001, predator_2:-0.001, predator_4:-0.001, prey_14:-0.001, prey_17:-0.001} | info_preview={}
2025-11-23 03:29:03,615 [DEBUG] PredPreyGrassEnv.env-c5d50d3b: event=StepBegin | env_id=env-c5d50d3b | step=80 | incoming_actions=['prey_9', 'prey_14', 'prey_17', 'prey_13', 'prey_18', ...] | active_agents=25 | current_step=80
2025-11-23 03:29:03,621 [DEBUG] PredPreyGrassEnv.env-c5d50d3b: event=StepSummary | env_id=env-c5d50d3b | step=80 | current_step=80 | terminated_agents=[] | truncated_agents=[] | remaining_agents=25 | reward_preview={prey_9:-0.001, predator_2:-0.001, predator_4:-0.001, prey_14:-0.001, prey_17:-0.001} | info_preview={}
2025-11-23 03:29:03,635 [DEBUG] PredPreyGrassEnv.env-c5d50d3b: event=StepBegin | env_id=env-c5d50d3b | step=81 | incoming_actions=['prey_9', 'prey_14', 'prey_17', 'prey_13', 'prey_18', ...] | active_agents=25 | current_step=81
2025-11-23 03:29:03,640 [DEBUG] PredPreyGrassEnv.env-c5d50d3b: event=StepSummary | env_id=env-c5d50d3b | step=81 | current_step=81 | terminated_agents=[] | truncated_agents=[] | remaining_agents=25 | reward_preview={prey_9:-0.001, predator_2:-0.001, predator_4:-0.001, prey_14:-0.001, prey_17:-0.001} | info_preview={}
2025-11-23 03:29:03,654 [DEBUG] PredPreyGrassEnv.env-c5d50d3b: event=StepBegin | env_id=env-c5d50d3b | step=82 | incoming_actions=['prey_9', 'prey_14', 'prey_17', 'prey_13', 'prey_18', ...] | active_agents=25 | current_step=82
2025-11-23 03:29:03,660 [DEBUG] PredPreyGrassEnv.env-c5d50d3b: event=StepSummary | env_id=env-c5d50d3b | step=82 | current_step=82 | terminated_agents=[] | truncated_agents=[] | remaining_agents=25 | reward_preview={prey_9:-0.001, predator_2:-0.001, predator_4:-0.001, prey_14:-0.001, prey_17:-0.001} | info_preview={}
2025-11-23 03:29:03,676 [DEBUG] PredPreyGrassEnv.env-c5d50d3b: event=StepBegin | env_id=env-c5d50d3b | step=83 | incoming_actions=['prey_9', 'prey_14', 'prey_17', 'prey_13', 'prey_18', ...] | active_agents=25 | current_step=83
2025-11-23 03:29:03,680 [DEBUG] PredPreyGrassEnv.env-c5d50d3b: event=StepSummary | env_id=env-c5d50d3b | step=83 | current_step=83 | terminated_agents=[] | truncated_agents=[] | remaining_agents=25 | reward_preview={prey_9:-0.001, predator_2:-0.001, predator_4:-0.001, prey_14:-0.001, prey_17:-0.001} | info_preview={}
2025-11-23 03:29:03,693 [DEBUG] PredPreyGrassEnv.env-c5d50d3b: event=StepBegin | env_id=env-c5d50d3b | step=84 | incoming_actions=['prey_9', 'prey_14', 'prey_17', 'prey_13', 'prey_18', ...] | active_agents=25 | current_step=84
2025-11-23 03:29:03,698 [DEBUG] PredPreyGrassEnv.env-c5d50d3b: event=StepSummary | env_id=env-c5d50d3b | step=84 | current_step=84 | terminated_agents=[] | truncated_agents=[] | remaining_agents=25 | reward_preview={prey_9:-0.001, predator_2:-0.001, predator_4:-0.001, prey_14:-0.001, prey_17:-0.001} | info_preview={}
2025-11-23 03:29:03,715 [DEBUG] PredPreyGrassEnv.env-c5d50d3b: event=StepBegin | env_id=env-c5d50d3b | step=85 | incoming_actions=['prey_9', 'prey_14', 'prey_17', 'prey_13', 'prey_18', ...] | active_agents=25 | current_step=85
2025-11-23 03:29:03,720 [DEBUG] PredPreyGrassEnv.env-c5d50d3b: event=StepSummary | env_id=env-c5d50d3b | step=85 | current_step=85 | terminated_agents=[] | truncated_agents=[] | remaining_agents=25 | reward_preview={prey_9:-0.001, predator_2:-0.001, predator_4:-0.001, prey_14:-0.001, prey_17:-0.001} | info_preview={}
2025-11-23 03:29:03,735 [DEBUG] PredPreyGrassEnv.env-c5d50d3b: event=StepBegin | env_id=env-c5d50d3b | step=86 | incoming_actions=['prey_9', 'prey_14', 'prey_17', 'prey_13', 'prey_18', ...] | active_agents=25 | current_step=86
2025-11-23 03:29:03,739 [DEBUG] PredPreyGrassEnv.env-c5d50d3b: event=StepSummary | env_id=env-c5d50d3b | step=86 | current_step=86 | terminated_agents=[] | truncated_agents=[] | remaining_agents=25 | reward_preview={prey_9:-0.001, predator_2:-0.001, predator_4:-0.001, prey_14:-0.001, prey_17:-0.001} | info_preview={}
2025-11-23 03:29:03,751 [DEBUG] PredPreyGrassEnv.env-c5d50d3b: event=StepBegin | env_id=env-c5d50d3b | step=87 | incoming_actions=['prey_9', 'prey_14', 'prey_17', 'prey_13', 'prey_18', ...] | active_agents=25 | current_step=87
2025-11-23 03:29:03,756 [DEBUG] PredPreyGrassEnv.env-c5d50d3b: event=StepSummary | env_id=env-c5d50d3b | step=87 | current_step=87 | terminated_agents=[] | truncated_agents=[] | remaining_agents=25 | reward_preview={prey_9:-0.001, predator_2:-0.001, predator_4:-0.001, prey_14:-0.001, prey_17:-0.001} | info_preview={}
2025-11-23 03:29:03,773 [DEBUG] PredPreyGrassEnv.env-c5d50d3b: event=StepBegin | env_id=env-c5d50d3b | step=88 | incoming_actions=['prey_9', 'prey_14', 'prey_17', 'prey_13', 'prey_18', ...] | active_agents=25 | current_step=88
2025-11-23 03:29:03,778 [DEBUG] PredPreyGrassEnv.env-c5d50d3b: event=StepSummary | env_id=env-c5d50d3b | step=88 | current_step=88 | terminated_agents=[] | truncated_agents=[] | remaining_agents=25 | reward_preview={prey_9:-0.001, predator_2:-0.001, predator_4:-0.001, prey_14:-0.001, prey_17:-0.001} | info_preview={}
2025-11-23 03:29:03,792 [DEBUG] PredPreyGrassEnv.env-c5d50d3b: event=StepBegin | env_id=env-c5d50d3b | step=89 | incoming_actions=['prey_9', 'prey_14', 'prey_17', 'prey_13', 'prey_18', ...] | active_agents=25 | current_step=89
2025-11-23 03:29:03,796 [DEBUG] PredPreyGrassEnv.env-c5d50d3b: event=StepSummary | env_id=env-c5d50d3b | step=89 | current_step=89 | terminated_agents=[] | truncated_agents=[] | remaining_agents=25 | reward_preview={prey_9:-0.001, predator_2:-0.001, predator_4:-0.001, prey_14:-0.001, prey_17:-0.001} | info_preview={}
2025-11-23 03:29:03,824 [DEBUG] PredPreyGrassEnv.env-c5d50d3b: event=StepBegin | env_id=env-c5d50d3b | step=90 | incoming_actions=['prey_9', 'prey_14', 'prey_17', 'prey_13', 'prey_18', ...] | active_agents=25 | current_step=90
2025-11-23 03:29:03,832 [DEBUG] PredPreyGrassEnv.env-c5d50d3b: event=StepSummary | env_id=env-c5d50d3b | step=90 | current_step=90 | terminated_agents=[] | truncated_agents=[] | remaining_agents=25 | reward_preview={prey_9:-0.001, predator_2:-0.001, predator_4:-0.001, prey_14:-0.001, prey_17:-0.001} | info_preview={}
2025-11-23 03:29:03,848 [DEBUG] PredPreyGrassEnv.env-c5d50d3b: event=StepBegin | env_id=env-c5d50d3b | step=91 | incoming_actions=['prey_9', 'prey_14', 'prey_17', 'prey_13', 'prey_18', ...] | active_agents=25 | current_step=91
2025-11-23 03:29:03,853 [DEBUG] PredPreyGrassEnv.env-c5d50d3b: event=StepSummary | env_id=env-c5d50d3b | step=91 | current_step=91 | terminated_agents=[] | truncated_agents=[] | remaining_agents=25 | reward_preview={prey_9:-0.001, predator_2:-0.001, predator_4:-0.001, prey_14:-0.001, prey_17:-0.001} | info_preview={}
2025-11-23 03:29:03,867 [DEBUG] PredPreyGrassEnv.env-c5d50d3b: event=StepBegin | env_id=env-c5d50d3b | step=92 | incoming_actions=['prey_9', 'prey_14', 'prey_17', 'prey_13', 'prey_18', ...] | active_agents=25 | current_step=92
2025-11-23 03:29:03,872 [DEBUG] PredPreyGrassEnv.env-c5d50d3b: event=StepSummary | env_id=env-c5d50d3b | step=92 | current_step=92 | terminated_agents=[] | truncated_agents=[] | remaining_agents=25 | reward_preview={prey_9:-0.001, predator_2:-0.001, predator_4:-0.001, prey_14:-0.001, prey_17:-0.001} | info_preview={}
2025-11-23 03:29:03,886 [DEBUG] PredPreyGrassEnv.env-c5d50d3b: event=StepBegin | env_id=env-c5d50d3b | step=93 | incoming_actions=['prey_9', 'prey_14', 'prey_17', 'prey_13', 'prey_18', ...] | active_agents=25 | current_step=93
2025-11-23 03:29:03,895 [DEBUG] PredPreyGrassEnv.env-c5d50d3b: event=StepSummary | env_id=env-c5d50d3b | step=93 | current_step=93 | terminated_agents=[] | truncated_agents=[] | remaining_agents=25 | reward_preview={prey_9:-0.001, predator_2:-0.001, predator_4:-0.001, prey_14:-0.001, prey_17:-0.001} | info_preview={}
2025-11-23 03:29:03,915 [DEBUG] PredPreyGrassEnv.env-c5d50d3b: event=StepBegin | env_id=env-c5d50d3b | step=94 | incoming_actions=['prey_9', 'prey_14', 'prey_17', 'prey_13', 'prey_18', ...] | active_agents=25 | current_step=94
2025-11-23 03:29:03,919 [DEBUG] PredPreyGrassEnv.env-c5d50d3b: event=PreyAteGrass | env_id=env-c5d50d3b | step=94 | prey='prey_5' | grass='grass_92' | prey_position=[672.7929200748905, 364.20503553281253] | grass_energy=10.0 | energy_gained=9.0 | prey_energy=135.51373648982593
2025-11-23 03:29:03,920 [DEBUG] PredPreyGrassEnv.env-c5d50d3b: event=StepSummary | env_id=env-c5d50d3b | step=94 | current_step=94 | terminated_agents=[] | truncated_agents=[] | remaining_agents=25 | reward_preview={prey_9:-0.001, predator_2:-0.001, predator_4:-0.001, prey_14:-0.001, prey_17:-0.001} | info_preview={}
2025-11-23 03:29:03,935 [DEBUG] PredPreyGrassEnv.env-c5d50d3b: event=StepBegin | env_id=env-c5d50d3b | step=95 | incoming_actions=['prey_9', 'prey_14', 'prey_17', 'prey_13', 'prey_18', ...] | active_agents=25 | current_step=95
2025-11-23 03:29:03,941 [DEBUG] PredPreyGrassEnv.env-c5d50d3b: event=StepSummary | env_id=env-c5d50d3b | step=95 | current_step=95 | terminated_agents=[] | truncated_agents=[] | remaining_agents=25 | reward_preview={prey_9:-0.001, predator_2:-0.001, predator_4:-0.001, prey_14:-0.001, prey_17:-0.001} | info_preview={}
2025-11-23 03:29:03,952 [DEBUG] PredPreyGrassEnv.env-c5d50d3b: event=StepBegin | env_id=env-c5d50d3b | step=96 | incoming_actions=['prey_9', 'prey_14', 'prey_17', 'prey_13', 'prey_18', ...] | active_agents=25 | current_step=96
2025-11-23 03:29:03,954 [DEBUG] PredPreyGrassEnv.env-c5d50d3b: event=PreyAteGrass | env_id=env-c5d50d3b | step=96 | prey='prey_14' | grass='grass_91' | prey_position=[407.4725338138785, 99.88292635539337] | grass_energy=10.0 | energy_gained=9.0 | prey_energy=139.78382207982705
2025-11-23 03:29:03,957 [DEBUG] PredPreyGrassEnv.env-c5d50d3b: event=StepSummary | env_id=env-c5d50d3b | step=96 | current_step=96 | terminated_agents=[] | truncated_agents=[] | remaining_agents=25 | reward_preview={prey_9:-0.001, predator_2:-0.001, predator_4:-0.001, prey_14:1.0, prey_17:-0.001} | info_preview={}
2025-11-23 03:29:03,973 [DEBUG] PredPreyGrassEnv.env-c5d50d3b: event=StepBegin | env_id=env-c5d50d3b | step=97 | incoming_actions=['prey_9', 'prey_14', 'prey_17', 'prey_13', 'prey_18', ...] | active_agents=25 | current_step=97
2025-11-23 03:29:03,978 [DEBUG] PredPreyGrassEnv.env-c5d50d3b: event=StepSummary | env_id=env-c5d50d3b | step=97 | current_step=97 | terminated_agents=[] | truncated_agents=[] | remaining_agents=25 | reward_preview={prey_9:-0.001, predator_2:-0.001, predator_4:-0.001, prey_14:-0.001, prey_17:-0.001} | info_preview={}
2025-11-23 03:29:03,993 [DEBUG] PredPreyGrassEnv.env-c5d50d3b: event=StepBegin | env_id=env-c5d50d3b | step=98 | incoming_actions=['prey_9', 'prey_14', 'prey_17', 'prey_13', 'prey_18', ...] | active_agents=25 | current_step=98
2025-11-23 03:29:03,996 [DEBUG] PredPreyGrassEnv.env-c5d50d3b: event=PreyAteGrass | env_id=env-c5d50d3b | step=98 | prey='prey_2' | grass='grass_78' | prey_position=[707.2140434860668, 521.6772538198987] | grass_energy=10.0 | energy_gained=9.0 | prey_energy=139.69535395258305
2025-11-23 03:29:03,997 [DEBUG] PredPreyGrassEnv.env-c5d50d3b: event=StepSummary | env_id=env-c5d50d3b | step=98 | current_step=98 | terminated_agents=[] | truncated_agents=[] | remaining_agents=25 | reward_preview={prey_9:-0.001, predator_2:-0.001, predator_4:-0.001, prey_14:-0.001, prey_17:-0.001} | info_preview={}
2025-11-23 03:29:04,011 [DEBUG] PredPreyGrassEnv.env-c5d50d3b: event=StepBegin | env_id=env-c5d50d3b | step=99 | incoming_actions=['prey_9', 'prey_14', 'prey_17', 'prey_13', 'prey_18', ...] | active_agents=25 | current_step=99
2025-11-23 03:29:04,016 [DEBUG] PredPreyGrassEnv.env-c5d50d3b: event=StepSummary | env_id=env-c5d50d3b | step=99 | current_step=99 | terminated_agents=[] | truncated_agents=[] | remaining_agents=25 | reward_preview={prey_9:-0.001, predator_2:-0.001, predator_4:-0.001, prey_14:-0.001, prey_17:-0.001} | info_preview={}
2025-11-23 03:29:04,032 [DEBUG] PredPreyGrassEnv.env-c5d50d3b: event=StepBegin | env_id=env-c5d50d3b | step=100 | incoming_actions=['prey_9', 'prey_14', 'prey_17', 'prey_13', 'prey_18', ...] | active_agents=25 | current_step=100
2025-11-23 03:29:04,037 [DEBUG] PredPreyGrassEnv.env-c5d50d3b: event=StepSummary | env_id=env-c5d50d3b | step=100 | current_step=100 | terminated_agents=[] | truncated_agents=[] | remaining_agents=25 | reward_preview={prey_9:-0.001, predator_2:-0.001, predator_4:-0.001, prey_14:-0.001, prey_17:-0.001} | info_preview={}
2025-11-23 03:29:04,050 [DEBUG] PredPreyGrassEnv.env-c5d50d3b: event=StepBegin | env_id=env-c5d50d3b | step=101 | incoming_actions=['prey_9', 'prey_14', 'prey_17', 'prey_13', 'prey_18', ...] | active_agents=25 | current_step=101
2025-11-23 03:29:04,052 [DEBUG] PredPreyGrassEnv.env-c5d50d3b: event=PreyAteGrass | env_id=env-c5d50d3b | step=101 | prey='prey_15' | grass='grass_21' | prey_position=[773.2034924957861, 390.25533837968584] | grass_energy=10.0 | energy_gained=9.0 | prey_energy=139.5786520436378
2025-11-23 03:29:04,054 [DEBUG] PredPreyGrassEnv.env-c5d50d3b: event=StepSummary | env_id=env-c5d50d3b | step=101 | current_step=101 | terminated_agents=[] | truncated_agents=[] | remaining_agents=25 | reward_preview={prey_9:-0.001, predator_2:-0.001, predator_4:-0.001, prey_14:-0.001, prey_17:-0.001} | info_preview={}
2025-11-23 03:29:04,068 [DEBUG] PredPreyGrassEnv.env-c5d50d3b: event=StepBegin | env_id=env-c5d50d3b | step=102 | incoming_actions=['prey_9', 'prey_14', 'prey_17', 'prey_13', 'prey_18', ...] | active_agents=25 | current_step=102
2025-11-23 03:29:04,071 [DEBUG] PredPreyGrassEnv.env-c5d50d3b: event=PreyAteGrass | env_id=env-c5d50d3b | step=102 | prey='prey_17' | grass='grass_70' | prey_position=[629.333268436309, 425.45463046425783] | grass_energy=10.0 | energy_gained=9.0 | prey_energy=136.82521932370923
2025-11-23 03:29:04,074 [DEBUG] PredPreyGrassEnv.env-c5d50d3b: event=StepSummary | env_id=env-c5d50d3b | step=102 | current_step=102 | terminated_agents=[] | truncated_agents=[] | remaining_agents=25 | reward_preview={prey_9:-0.001, predator_2:-0.001, predator_4:-0.001, prey_14:-0.001, prey_17:1.0} | info_preview={}
2025-11-23 03:29:04,089 [DEBUG] PredPreyGrassEnv.env-c5d50d3b: event=StepBegin | env_id=env-c5d50d3b | step=103 | incoming_actions=['prey_9', 'prey_14', 'prey_17', 'prey_13', 'prey_18', ...] | active_agents=25 | current_step=103
2025-11-23 03:29:04,094 [DEBUG] PredPreyGrassEnv.env-c5d50d3b: event=StepSummary | env_id=env-c5d50d3b | step=103 | current_step=103 | terminated_agents=[] | truncated_agents=[] | remaining_agents=25 | reward_preview={prey_9:-0.001, predator_2:-0.001, predator_4:-0.001, prey_14:-0.001, prey_17:-0.001} | info_preview={}
2025-11-23 03:29:04,105 [DEBUG] PredPreyGrassEnv.env-c5d50d3b: event=StepBegin | env_id=env-c5d50d3b | step=104 | incoming_actions=['prey_9', 'prey_14', 'prey_17', 'prey_13', 'prey_18', ...] | active_agents=25 | current_step=104
2025-11-23 03:29:04,110 [DEBUG] PredPreyGrassEnv.env-c5d50d3b: event=StepSummary | env_id=env-c5d50d3b | step=104 | current_step=104 | terminated_agents=[] | truncated_agents=[] | remaining_agents=25 | reward_preview={prey_9:-0.001, predator_2:-0.001, predator_4:-0.001, prey_14:-0.001, prey_17:-0.001} | info_preview={}
2025-11-23 03:29:04,125 [DEBUG] PredPreyGrassEnv.env-c5d50d3b: event=StepBegin | env_id=env-c5d50d3b | step=105 | incoming_actions=['prey_9', 'prey_14', 'prey_17', 'prey_13', 'prey_18', ...] | active_agents=25 | current_step=105
2025-11-23 03:29:04,128 [DEBUG] PredPreyGrassEnv.env-c5d50d3b: event=PreyAteGrass | env_id=env-c5d50d3b | step=105 | prey='prey_12' | grass='grass_94' | prey_position=[512.8450838898439, 182.18464264798686] | grass_energy=10.0 | energy_gained=9.0 | prey_energy=137.07045045109254
2025-11-23 03:29:04,131 [DEBUG] PredPreyGrassEnv.env-c5d50d3b: event=StepSummary | env_id=env-c5d50d3b | step=105 | current_step=105 | terminated_agents=[] | truncated_agents=[] | remaining_agents=25 | reward_preview={prey_9:-0.001, predator_2:-0.001, predator_4:-0.001, prey_14:-0.001, prey_17:-0.001} | info_preview={}
2025-11-23 03:29:04,146 [DEBUG] PredPreyGrassEnv.env-c5d50d3b: event=StepBegin | env_id=env-c5d50d3b | step=106 | incoming_actions=['prey_9', 'prey_14', 'prey_17', 'prey_13', 'prey_18', ...] | active_agents=25 | current_step=106
2025-11-23 03:29:04,152 [DEBUG] PredPreyGrassEnv.env-c5d50d3b: event=StepSummary | env_id=env-c5d50d3b | step=106 | current_step=106 | terminated_agents=[] | truncated_agents=[] | remaining_agents=25 | reward_preview={prey_9:-0.001, predator_2:-0.001, predator_4:-0.001, prey_14:-0.001, prey_17:-0.001} | info_preview={}
2025-11-23 03:29:04,165 [DEBUG] PredPreyGrassEnv.env-c5d50d3b: event=StepBegin | env_id=env-c5d50d3b | step=107 | incoming_actions=['prey_9', 'prey_14', 'prey_17', 'prey_13', 'prey_18', ...] | active_agents=25 | current_step=107
2025-11-23 03:29:04,169 [DEBUG] PredPreyGrassEnv.env-c5d50d3b: event=StepSummary | env_id=env-c5d50d3b | step=107 | current_step=107 | terminated_agents=[] | truncated_agents=[] | remaining_agents=25 | reward_preview={prey_9:-0.001, predator_2:-0.001, predator_4:-0.001, prey_14:-0.001, prey_17:-0.001} | info_preview={}
2025-11-23 03:29:04,184 [DEBUG] PredPreyGrassEnv.env-c5d50d3b: event=StepBegin | env_id=env-c5d50d3b | step=108 | incoming_actions=['prey_9', 'prey_14', 'prey_17', 'prey_13', 'prey_18', ...] | active_agents=25 | current_step=108
2025-11-23 03:29:04,189 [DEBUG] PredPreyGrassEnv.env-c5d50d3b: event=StepSummary | env_id=env-c5d50d3b | step=108 | current_step=108 | terminated_agents=[] | truncated_agents=[] | remaining_agents=25 | reward_preview={prey_9:-0.001, predator_2:-0.001, predator_4:-0.001, prey_14:-0.001, prey_17:-0.001} | info_preview={}
2025-11-23 03:29:04,202 [DEBUG] PredPreyGrassEnv.env-c5d50d3b: event=StepBegin | env_id=env-c5d50d3b | step=109 | incoming_actions=['prey_9', 'prey_14', 'prey_17', 'prey_13', 'prey_18', ...] | active_agents=25 | current_step=109
2025-11-23 03:29:04,208 [DEBUG] PredPreyGrassEnv.env-c5d50d3b: event=StepSummary | env_id=env-c5d50d3b | step=109 | current_step=109 | terminated_agents=[] | truncated_agents=[] | remaining_agents=25 | reward_preview={prey_9:-0.001, predator_2:-0.001, predator_4:-0.001, prey_14:-0.001, prey_17:-0.001} | info_preview={}
2025-11-23 03:29:04,220 [DEBUG] PredPreyGrassEnv.env-c5d50d3b: event=StepBegin | env_id=env-c5d50d3b | step=110 | incoming_actions=['prey_9', 'prey_14', 'prey_17', 'prey_13', 'prey_18', ...] | active_agents=25 | current_step=110
2025-11-23 03:29:04,225 [DEBUG] PredPreyGrassEnv.env-c5d50d3b: event=StepSummary | env_id=env-c5d50d3b | step=110 | current_step=110 | terminated_agents=[] | truncated_agents=[] | remaining_agents=25 | reward_preview={prey_9:-0.001, predator_2:-0.001, predator_4:-0.001, prey_14:-0.001, prey_17:-0.001} | info_preview={}
2025-11-23 03:29:04,240 [DEBUG] PredPreyGrassEnv.env-c5d50d3b: event=StepBegin | env_id=env-c5d50d3b | step=111 | incoming_actions=['prey_9', 'prey_14', 'prey_17', 'prey_13', 'prey_18', ...] | active_agents=25 | current_step=111
2025-11-23 03:29:04,245 [DEBUG] PredPreyGrassEnv.env-c5d50d3b: event=StepSummary | env_id=env-c5d50d3b | step=111 | current_step=111 | terminated_agents=[] | truncated_agents=[] | remaining_agents=25 | reward_preview={prey_9:-0.001, predator_2:-0.001, predator_4:-0.001, prey_14:-0.001, prey_17:-0.001} | info_preview={}
2025-11-23 03:29:04,258 [DEBUG] PredPreyGrassEnv.env-c5d50d3b: event=StepBegin | env_id=env-c5d50d3b | step=112 | incoming_actions=['prey_9', 'prey_14', 'prey_17', 'prey_13', 'prey_18', ...] | active_agents=25 | current_step=112
2025-11-23 03:29:04,263 [DEBUG] PredPreyGrassEnv.env-c5d50d3b: event=StepSummary | env_id=env-c5d50d3b | step=112 | current_step=112 | terminated_agents=[] | truncated_agents=[] | remaining_agents=25 | reward_preview={prey_9:-0.001, predator_2:-0.001, predator_4:-0.001, prey_14:-0.001, prey_17:-0.001} | info_preview={}
2025-11-23 03:29:04,275 [DEBUG] PredPreyGrassEnv.env-c5d50d3b: event=StepBegin | env_id=env-c5d50d3b | step=113 | incoming_actions=['prey_9', 'prey_14', 'prey_17', 'prey_13', 'prey_18', ...] | active_agents=25 | current_step=113
2025-11-23 03:29:04,286 [DEBUG] PredPreyGrassEnv.env-c5d50d3b: event=StepSummary | env_id=env-c5d50d3b | step=113 | current_step=113 | terminated_agents=[] | truncated_agents=[] | remaining_agents=25 | reward_preview={prey_9:-0.001, predator_2:-0.001, predator_4:-0.001, prey_14:-0.001, prey_17:-0.001} | info_preview={}
2025-11-23 03:29:04,317 [DEBUG] PredPreyGrassEnv.env-c5d50d3b: event=StepBegin | env_id=env-c5d50d3b | step=114 | incoming_actions=['prey_9', 'prey_14', 'prey_17', 'prey_13', 'prey_18', ...] | active_agents=25 | current_step=114
2025-11-23 03:29:04,326 [DEBUG] PredPreyGrassEnv.env-c5d50d3b: event=StepSummary | env_id=env-c5d50d3b | step=114 | current_step=114 | terminated_agents=[] | truncated_agents=[] | remaining_agents=25 | reward_preview={prey_9:-0.001, predator_2:-0.001, predator_4:-0.001, prey_14:-0.001, prey_17:-0.001} | info_preview={}
2025-11-23 03:29:04,354 [DEBUG] PredPreyGrassEnv.env-c5d50d3b: event=StepBegin | env_id=env-c5d50d3b | step=115 | incoming_actions=['prey_9', 'prey_14', 'prey_17', 'prey_13', 'prey_18', ...] | active_agents=25 | current_step=115
2025-11-23 03:29:04,359 [DEBUG] PredPreyGrassEnv.env-c5d50d3b: event=PreyAteGrass | env_id=env-c5d50d3b | step=115 | prey='prey_16' | grass='grass_93' | prey_position=[170.99817086454271, 737.0776787099011] | grass_energy=10.0 | energy_gained=9.0 | prey_energy=135.22392407074233
2025-11-23 03:29:04,363 [DEBUG] PredPreyGrassEnv.env-c5d50d3b: event=StepSummary | env_id=env-c5d50d3b | step=115 | current_step=115 | terminated_agents=[] | truncated_agents=[] | remaining_agents=25 | reward_preview={prey_9:-0.001, predator_2:-0.001, predator_4:-0.001, prey_14:-0.001, prey_17:-0.001} | info_preview={}
2025-11-23 03:29:04,391 [DEBUG] PredPreyGrassEnv.env-c5d50d3b: event=StepBegin | env_id=env-c5d50d3b | step=116 | incoming_actions=['prey_9', 'prey_14', 'prey_17', 'prey_13', 'prey_18', ...] | active_agents=25 | current_step=116
2025-11-23 03:29:04,399 [DEBUG] PredPreyGrassEnv.env-c5d50d3b: event=StepSummary | env_id=env-c5d50d3b | step=116 | current_step=116 | terminated_agents=[] | truncated_agents=[] | remaining_agents=25 | reward_preview={prey_9:-0.001, predator_2:-0.001, predator_4:-0.001, prey_14:-0.001, prey_17:-0.001} | info_preview={}
2025-11-23 03:29:04,427 [DEBUG] PredPreyGrassEnv.env-c5d50d3b: event=StepBegin | env_id=env-c5d50d3b | step=117 | incoming_actions=['prey_9', 'prey_14', 'prey_17', 'prey_13', 'prey_18', ...] | active_agents=25 | current_step=117
2025-11-23 03:29:04,436 [DEBUG] PredPreyGrassEnv.env-c5d50d3b: event=StepSummary | env_id=env-c5d50d3b | step=117 | current_step=117 | terminated_agents=[] | truncated_agents=[] | remaining_agents=25 | reward_preview={prey_9:-0.001, predator_2:-0.001, predator_4:-0.001, prey_14:-0.001, prey_17:-0.001} | info_preview={}
2025-11-23 03:29:04,464 [DEBUG] PredPreyGrassEnv.env-c5d50d3b: event=StepBegin | env_id=env-c5d50d3b | step=118 | incoming_actions=['prey_9', 'prey_14', 'prey_17', 'prey_13', 'prey_18', ...] | active_agents=25 | current_step=118
2025-11-23 03:29:04,473 [DEBUG] PredPreyGrassEnv.env-c5d50d3b: event=StepSummary | env_id=env-c5d50d3b | step=118 | current_step=118 | terminated_agents=[] | truncated_agents=[] | remaining_agents=25 | reward_preview={prey_9:-0.001, predator_2:-0.001, predator_4:-0.001, prey_14:-0.001, prey_17:-0.001} | info_preview={}
2025-11-23 03:29:04,500 [DEBUG] PredPreyGrassEnv.env-c5d50d3b: event=StepBegin | env_id=env-c5d50d3b | step=119 | incoming_actions=['prey_9', 'prey_14', 'prey_17', 'prey_13', 'prey_18', ...] | active_agents=25 | current_step=119
2025-11-23 03:29:04,509 [DEBUG] PredPreyGrassEnv.env-c5d50d3b: event=StepSummary | env_id=env-c5d50d3b | step=119 | current_step=119 | terminated_agents=[] | truncated_agents=[] | remaining_agents=25 | reward_preview={prey_9:-0.001, predator_2:-0.001, predator_4:-0.001, prey_14:-0.001, prey_17:-0.001} | info_preview={}
2025-11-23 03:29:04,538 [DEBUG] PredPreyGrassEnv.env-c5d50d3b: event=StepBegin | env_id=env-c5d50d3b | step=120 | incoming_actions=['prey_9', 'prey_14', 'prey_17', 'prey_13', 'prey_18', ...] | active_agents=25 | current_step=120
2025-11-23 03:29:04,542 [DEBUG] PredPreyGrassEnv.env-c5d50d3b: event=PreyAteGrass | env_id=env-c5d50d3b | step=120 | prey='prey_14' | grass='grass_16' | prey_position=[384.6134170335439, 112.16654810334184] | grass_energy=10.0 | energy_gained=9.0 | prey_energy=145.22270344445715
2025-11-23 03:29:04,547 [DEBUG] PredPreyGrassEnv.env-c5d50d3b: event=StepSummary | env_id=env-c5d50d3b | step=120 | current_step=120 | terminated_agents=[] | truncated_agents=[] | remaining_agents=25 | reward_preview={prey_9:-0.001, predator_2:-0.001, predator_4:-0.001, prey_14:1.0, prey_17:-0.001} | info_preview={}
2025-11-23 03:29:04,576 [DEBUG] PredPreyGrassEnv.env-c5d50d3b: event=StepBegin | env_id=env-c5d50d3b | step=121 | incoming_actions=['prey_9', 'prey_14', 'prey_17', 'prey_13', 'prey_18', ...] | active_agents=25 | current_step=121
2025-11-23 03:29:04,585 [DEBUG] PredPreyGrassEnv.env-c5d50d3b: event=StepSummary | env_id=env-c5d50d3b | step=121 | current_step=121 | terminated_agents=[] | truncated_agents=[] | remaining_agents=25 | reward_preview={prey_9:-0.001, predator_2:-0.001, predator_4:-0.001, prey_14:-0.001, prey_17:-0.001} | info_preview={}
2025-11-23 03:29:04,612 [DEBUG] PredPreyGrassEnv.env-c5d50d3b: event=StepBegin | env_id=env-c5d50d3b | step=122 | incoming_actions=['prey_9', 'prey_14', 'prey_17', 'prey_13', 'prey_18', ...] | active_agents=25 | current_step=122
2025-11-23 03:29:04,622 [DEBUG] PredPreyGrassEnv.env-c5d50d3b: event=StepSummary | env_id=env-c5d50d3b | step=122 | current_step=122 | terminated_agents=[] | truncated_agents=[] | remaining_agents=25 | reward_preview={prey_9:-0.001, predator_2:-0.001, predator_4:-0.001, prey_14:-0.001, prey_17:-0.001} | info_preview={}
2025-11-23 03:29:04,649 [DEBUG] PredPreyGrassEnv.env-c5d50d3b: event=StepBegin | env_id=env-c5d50d3b | step=123 | incoming_actions=['prey_9', 'prey_14', 'prey_17', 'prey_13', 'prey_18', ...] | active_agents=25 | current_step=123
2025-11-23 03:29:04,660 [DEBUG] PredPreyGrassEnv.env-c5d50d3b: event=StepSummary | env_id=env-c5d50d3b | step=123 | current_step=123 | terminated_agents=[] | truncated_agents=[] | remaining_agents=25 | reward_preview={prey_9:-0.001, predator_2:-0.001, predator_4:-0.001, prey_14:-0.001, prey_17:-0.001} | info_preview={}
2025-11-23 03:29:04,686 [DEBUG] PredPreyGrassEnv.env-c5d50d3b: event=StepBegin | env_id=env-c5d50d3b | step=124 | incoming_actions=['prey_9', 'prey_14', 'prey_17', 'prey_13', 'prey_18', ...] | active_agents=25 | current_step=124
2025-11-23 03:29:04,695 [DEBUG] PredPreyGrassEnv.env-c5d50d3b: event=StepSummary | env_id=env-c5d50d3b | step=124 | current_step=124 | terminated_agents=[] | truncated_agents=[] | remaining_agents=25 | reward_preview={prey_9:-0.001, predator_2:-0.001, predator_4:-0.001, prey_14:-0.001, prey_17:-0.001} | info_preview={}
2025-11-23 03:29:04,723 [DEBUG] PredPreyGrassEnv.env-c5d50d3b: event=StepBegin | env_id=env-c5d50d3b | step=125 | incoming_actions=['prey_9', 'prey_14', 'prey_17', 'prey_13', 'prey_18', ...] | active_agents=25 | current_step=125
2025-11-23 03:29:04,732 [DEBUG] PredPreyGrassEnv.env-c5d50d3b: event=StepSummary | env_id=env-c5d50d3b | step=125 | current_step=125 | terminated_agents=[] | truncated_agents=[] | remaining_agents=25 | reward_preview={prey_9:-0.001, predator_2:-0.001, predator_4:-0.001, prey_14:-0.001, prey_17:-0.001} | info_preview={}
2025-11-23 03:29:04,759 [DEBUG] PredPreyGrassEnv.env-c5d50d3b: event=StepBegin | env_id=env-c5d50d3b | step=126 | incoming_actions=['prey_9', 'prey_14', 'prey_17', 'prey_13', 'prey_18', ...] | active_agents=25 | current_step=126
2025-11-23 03:29:04,769 [DEBUG] PredPreyGrassEnv.env-c5d50d3b: event=StepSummary | env_id=env-c5d50d3b | step=126 | current_step=126 | terminated_agents=[] | truncated_agents=[] | remaining_agents=25 | reward_preview={prey_9:-0.001, predator_2:-0.001, predator_4:-0.001, prey_14:-0.001, prey_17:-0.001} | info_preview={}
2025-11-23 03:29:04,797 [DEBUG] PredPreyGrassEnv.env-c5d50d3b: event=StepBegin | env_id=env-c5d50d3b | step=127 | incoming_actions=['prey_9', 'prey_14', 'prey_17', 'prey_13', 'prey_18', ...] | active_agents=25 | current_step=127
2025-11-23 03:29:04,806 [DEBUG] PredPreyGrassEnv.env-c5d50d3b: event=StepSummary | env_id=env-c5d50d3b | step=127 | current_step=127 | terminated_agents=[] | truncated_agents=[] | remaining_agents=25 | reward_preview={prey_9:-0.001, predator_2:-0.001, predator_4:-0.001, prey_14:-0.001, prey_17:-0.001} | info_preview={}
2025-11-23 03:29:04,834 [DEBUG] PredPreyGrassEnv.env-c5d50d3b: event=StepBegin | env_id=env-c5d50d3b | step=128 | incoming_actions=['prey_9', 'prey_14', 'prey_17', 'prey_13', 'prey_18', ...] | active_agents=25 | current_step=128
2025-11-23 03:29:04,843 [DEBUG] PredPreyGrassEnv.env-c5d50d3b: event=StepSummary | env_id=env-c5d50d3b | step=128 | current_step=128 | terminated_agents=[] | truncated_agents=[] | remaining_agents=25 | reward_preview={prey_9:-0.001, predator_2:-0.001, predator_4:-0.001, prey_14:-0.001, prey_17:-0.001} | info_preview={}
2025-11-23 03:29:04,873 [DEBUG] PredPreyGrassEnv.env-c5d50d3b: event=StepBegin | env_id=env-c5d50d3b | step=129 | incoming_actions=['prey_9', 'prey_14', 'prey_17', 'prey_13', 'prey_18', ...] | active_agents=25 | current_step=129
2025-11-23 03:29:04,879 [DEBUG] PredPreyGrassEnv.env-c5d50d3b: event=StepSummary | env_id=env-c5d50d3b | step=129 | current_step=129 | terminated_agents=[] | truncated_agents=[] | remaining_agents=25 | reward_preview={prey_9:-0.001, predator_2:-0.001, predator_4:-0.001, prey_14:-0.001, prey_17:-0.001} | info_preview={}
2025-11-23 03:29:04,899 [DEBUG] PredPreyGrassEnv.env-c5d50d3b: event=StepBegin | env_id=env-c5d50d3b | step=130 | incoming_actions=['prey_9', 'prey_14', 'prey_17', 'prey_13', 'prey_18', ...] | active_agents=25 | current_step=130
2025-11-23 03:29:04,905 [DEBUG] PredPreyGrassEnv.env-c5d50d3b: event=StepSummary | env_id=env-c5d50d3b | step=130 | current_step=130 | terminated_agents=[] | truncated_agents=[] | remaining_agents=25 | reward_preview={prey_9:-0.001, predator_2:-0.001, predator_4:-0.001, prey_14:-0.001, prey_17:-0.001} | info_preview={}
2025-11-23 03:29:04,920 [DEBUG] PredPreyGrassEnv.env-c5d50d3b: event=StepBegin | env_id=env-c5d50d3b | step=131 | incoming_actions=['prey_9', 'prey_14', 'prey_17', 'prey_13', 'prey_18', ...] | active_agents=25 | current_step=131
2025-11-23 03:29:04,925 [DEBUG] PredPreyGrassEnv.env-c5d50d3b: event=StepSummary | env_id=env-c5d50d3b | step=131 | current_step=131 | terminated_agents=[] | truncated_agents=[] | remaining_agents=25 | reward_preview={prey_9:-0.001, predator_2:-0.001, predator_4:-0.001, prey_14:-0.001, prey_17:-0.001} | info_preview={}
2025-11-23 03:29:04,938 [DEBUG] PredPreyGrassEnv.env-c5d50d3b: event=StepBegin | env_id=env-c5d50d3b | step=132 | incoming_actions=['prey_9', 'prey_14', 'prey_17', 'prey_13', 'prey_18', ...] | active_agents=25 | current_step=132
2025-11-23 03:29:04,943 [DEBUG] PredPreyGrassEnv.env-c5d50d3b: event=StepSummary | env_id=env-c5d50d3b | step=132 | current_step=132 | terminated_agents=[] | truncated_agents=[] | remaining_agents=25 | reward_preview={prey_9:-0.001, predator_2:-0.001, predator_4:-0.001, prey_14:-0.001, prey_17:-0.001} | info_preview={}
2025-11-23 03:29:04,959 [DEBUG] PredPreyGrassEnv.env-c5d50d3b: event=StepBegin | env_id=env-c5d50d3b | step=133 | incoming_actions=['prey_9', 'prey_14', 'prey_17', 'prey_13', 'prey_18', ...] | active_agents=25 | current_step=133
2025-11-23 03:29:04,964 [DEBUG] PredPreyGrassEnv.env-c5d50d3b: event=StepSummary | env_id=env-c5d50d3b | step=133 | current_step=133 | terminated_agents=[] | truncated_agents=[] | remaining_agents=25 | reward_preview={prey_9:-0.001, predator_2:-0.001, predator_4:-0.001, prey_14:-0.001, prey_17:-0.001} | info_preview={}
2025-11-23 03:29:04,980 [DEBUG] PredPreyGrassEnv.env-c5d50d3b: event=StepBegin | env_id=env-c5d50d3b | step=134 | incoming_actions=['prey_9', 'prey_14', 'prey_17', 'prey_13', 'prey_18', ...] | active_agents=25 | current_step=134
2025-11-23 03:29:04,985 [DEBUG] PredPreyGrassEnv.env-c5d50d3b: event=StepSummary | env_id=env-c5d50d3b | step=134 | current_step=134 | terminated_agents=[] | truncated_agents=[] | remaining_agents=25 | reward_preview={prey_9:-0.001, predator_2:-0.001, predator_4:-0.001, prey_14:-0.001, prey_17:-0.001} | info_preview={}
2025-11-23 03:29:04,999 [DEBUG] PredPreyGrassEnv.env-c5d50d3b: event=StepBegin | env_id=env-c5d50d3b | step=135 | incoming_actions=['prey_9', 'prey_14', 'prey_17', 'prey_13', 'prey_18', ...] | active_agents=25 | current_step=135
2025-11-23 03:29:05,003 [DEBUG] PredPreyGrassEnv.env-c5d50d3b: event=StepSummary | env_id=env-c5d50d3b | step=135 | current_step=135 | terminated_agents=[] | truncated_agents=[] | remaining_agents=25 | reward_preview={prey_9:-0.001, predator_2:-0.001, predator_4:-0.001, prey_14:-0.001, prey_17:-0.001} | info_preview={}
2025-11-23 03:29:05,020 [DEBUG] PredPreyGrassEnv.env-c5d50d3b: event=StepBegin | env_id=env-c5d50d3b | step=136 | incoming_actions=['prey_9', 'prey_14', 'prey_17', 'prey_13', 'prey_18', ...] | active_agents=25 | current_step=136
2025-11-23 03:29:05,026 [DEBUG] PredPreyGrassEnv.env-c5d50d3b: event=StepSummary | env_id=env-c5d50d3b | step=136 | current_step=136 | terminated_agents=[] | truncated_agents=[] | remaining_agents=25 | reward_preview={prey_9:-0.001, predator_2:-0.001, predator_4:-0.001, prey_14:-0.001, prey_17:-0.001} | info_preview={}
2025-11-23 03:29:05,037 [DEBUG] PredPreyGrassEnv.env-c5d50d3b: event=StepBegin | env_id=env-c5d50d3b | step=137 | incoming_actions=['prey_9', 'prey_14', 'prey_17', 'prey_13', 'prey_18', ...] | active_agents=25 | current_step=137
2025-11-23 03:29:05,041 [DEBUG] PredPreyGrassEnv.env-c5d50d3b: event=StepSummary | env_id=env-c5d50d3b | step=137 | current_step=137 | terminated_agents=[] | truncated_agents=[] | remaining_agents=25 | reward_preview={prey_9:-0.001, predator_2:-0.001, predator_4:-0.001, prey_14:-0.001, prey_17:-0.001} | info_preview={}
2025-11-23 03:29:05,052 [DEBUG] PredPreyGrassEnv.env-c5d50d3b: event=StepBegin | env_id=env-c5d50d3b | step=138 | incoming_actions=['prey_9', 'prey_14', 'prey_17', 'prey_13', 'prey_18', ...] | active_agents=25 | current_step=138
2025-11-23 03:29:05,056 [DEBUG] PredPreyGrassEnv.env-c5d50d3b: event=StepSummary | env_id=env-c5d50d3b | step=138 | current_step=138 | terminated_agents=[] | truncated_agents=[] | remaining_agents=25 | reward_preview={prey_9:-0.001, predator_2:-0.001, predator_4:-0.001, prey_14:-0.001, prey_17:-0.001} | info_preview={}
2025-11-23 03:29:05,067 [DEBUG] PredPreyGrassEnv.env-c5d50d3b: event=StepBegin | env_id=env-c5d50d3b | step=139 | incoming_actions=['prey_9', 'prey_14', 'prey_17', 'prey_13', 'prey_18', ...] | active_agents=25 | current_step=139
2025-11-23 03:29:05,071 [DEBUG] PredPreyGrassEnv.env-c5d50d3b: event=StepSummary | env_id=env-c5d50d3b | step=139 | current_step=139 | terminated_agents=[] | truncated_agents=[] | remaining_agents=25 | reward_preview={prey_9:-0.001, predator_2:-0.001, predator_4:-0.001, prey_14:-0.001, prey_17:-0.001} | info_preview={}
2025-11-23 03:29:05,082 [DEBUG] PredPreyGrassEnv.env-c5d50d3b: event=StepBegin | env_id=env-c5d50d3b | step=140 | incoming_actions=['prey_9', 'prey_14', 'prey_17', 'prey_13', 'prey_18', ...] | active_agents=25 | current_step=140
2025-11-23 03:29:05,086 [DEBUG] PredPreyGrassEnv.env-c5d50d3b: event=StepSummary | env_id=env-c5d50d3b | step=140 | current_step=140 | terminated_agents=[] | truncated_agents=[] | remaining_agents=25 | reward_preview={prey_9:-0.001, predator_2:-0.001, predator_4:-0.001, prey_14:-0.001, prey_17:-0.001} | info_preview={}
2025-11-23 03:29:05,097 [DEBUG] PredPreyGrassEnv.env-c5d50d3b: event=StepBegin | env_id=env-c5d50d3b | step=141 | incoming_actions=['prey_9', 'prey_14', 'prey_17', 'prey_13', 'prey_18', ...] | active_agents=25 | current_step=141
2025-11-23 03:29:05,101 [DEBUG] PredPreyGrassEnv.env-c5d50d3b: event=StepSummary | env_id=env-c5d50d3b | step=141 | current_step=141 | terminated_agents=[] | truncated_agents=[] | remaining_agents=25 | reward_preview={prey_9:-0.001, predator_2:-0.001, predator_4:-0.001, prey_14:-0.001, prey_17:-0.001} | info_preview={}
2025-11-23 03:29:05,112 [DEBUG] PredPreyGrassEnv.env-c5d50d3b: event=StepBegin | env_id=env-c5d50d3b | step=142 | incoming_actions=['prey_9', 'prey_14', 'prey_17', 'prey_13', 'prey_18', ...] | active_agents=25 | current_step=142
2025-11-23 03:29:05,116 [DEBUG] PredPreyGrassEnv.env-c5d50d3b: event=StepSummary | env_id=env-c5d50d3b | step=142 | current_step=142 | terminated_agents=[] | truncated_agents=[] | remaining_agents=25 | reward_preview={prey_9:-0.001, predator_2:-0.001, predator_4:-0.001, prey_14:-0.001, prey_17:-0.001} | info_preview={}
2025-11-23 03:29:05,127 [DEBUG] PredPreyGrassEnv.env-c5d50d3b: event=StepBegin | env_id=env-c5d50d3b | step=143 | incoming_actions=['prey_9', 'prey_14', 'prey_17', 'prey_13', 'prey_18', ...] | active_agents=25 | current_step=143
2025-11-23 03:29:05,131 [DEBUG] PredPreyGrassEnv.env-c5d50d3b: event=StepSummary | env_id=env-c5d50d3b | step=143 | current_step=143 | terminated_agents=[] | truncated_agents=[] | remaining_agents=25 | reward_preview={prey_9:-0.001, predator_2:-0.001, predator_4:-0.001, prey_14:-0.001, prey_17:-0.001} | info_preview={}
2025-11-23 03:29:05,142 [DEBUG] PredPreyGrassEnv.env-c5d50d3b: event=StepBegin | env_id=env-c5d50d3b | step=144 | incoming_actions=['prey_9', 'prey_14', 'prey_17', 'prey_13', 'prey_18', ...] | active_agents=25 | current_step=144
2025-11-23 03:29:05,145 [DEBUG] PredPreyGrassEnv.env-c5d50d3b: event=StepSummary | env_id=env-c5d50d3b | step=144 | current_step=144 | terminated_agents=[] | truncated_agents=[] | remaining_agents=25 | reward_preview={prey_9:-0.001, predator_2:-0.001, predator_4:-0.001, prey_14:-0.001, prey_17:-0.001} | info_preview={}
2025-11-23 03:29:05,156 [DEBUG] PredPreyGrassEnv.env-c5d50d3b: event=StepBegin | env_id=env-c5d50d3b | step=145 | incoming_actions=['prey_9', 'prey_14', 'prey_17', 'prey_13', 'prey_18', ...] | active_agents=25 | current_step=145
2025-11-23 03:29:05,160 [DEBUG] PredPreyGrassEnv.env-c5d50d3b: event=StepSummary | env_id=env-c5d50d3b | step=145 | current_step=145 | terminated_agents=[] | truncated_agents=[] | remaining_agents=25 | reward_preview={prey_9:-0.001, predator_2:-0.001, predator_4:-0.001, prey_14:-0.001, prey_17:-0.001} | info_preview={}
2025-11-23 03:29:05,171 [DEBUG] PredPreyGrassEnv.env-c5d50d3b: event=StepBegin | env_id=env-c5d50d3b | step=146 | incoming_actions=['prey_9', 'prey_14', 'prey_17', 'prey_13', 'prey_18', ...] | active_agents=25 | current_step=146
2025-11-23 03:29:05,175 [DEBUG] PredPreyGrassEnv.env-c5d50d3b: event=StepSummary | env_id=env-c5d50d3b | step=146 | current_step=146 | terminated_agents=[] | truncated_agents=[] | remaining_agents=25 | reward_preview={prey_9:-0.001, predator_2:-0.001, predator_4:-0.001, prey_14:-0.001, prey_17:-0.001} | info_preview={}
2025-11-23 03:29:05,186 [DEBUG] PredPreyGrassEnv.env-c5d50d3b: event=StepBegin | env_id=env-c5d50d3b | step=147 | incoming_actions=['prey_9', 'prey_14', 'prey_17', 'prey_13', 'prey_18', ...] | active_agents=25 | current_step=147
2025-11-23 03:29:05,190 [DEBUG] PredPreyGrassEnv.env-c5d50d3b: event=StepSummary | env_id=env-c5d50d3b | step=147 | current_step=147 | terminated_agents=[] | truncated_agents=[] | remaining_agents=25 | reward_preview={prey_9:-0.001, predator_2:-0.001, predator_4:-0.001, prey_14:-0.001, prey_17:-0.001} | info_preview={}
2025-11-23 03:29:05,205 [DEBUG] PredPreyGrassEnv.env-c5d50d3b: event=StepBegin | env_id=env-c5d50d3b | step=148 | incoming_actions=['prey_9', 'prey_14', 'prey_17', 'prey_13', 'prey_18', ...] | active_agents=25 | current_step=148
2025-11-23 03:29:05,210 [DEBUG] PredPreyGrassEnv.env-c5d50d3b: event=StepSummary | env_id=env-c5d50d3b | step=148 | current_step=148 | terminated_agents=[] | truncated_agents=[] | remaining_agents=25 | reward_preview={prey_9:-0.001, predator_2:-0.001, predator_4:-0.001, prey_14:-0.001, prey_17:-0.001} | info_preview={}
2025-11-23 03:29:05,226 [DEBUG] PredPreyGrassEnv.env-c5d50d3b: event=StepBegin | env_id=env-c5d50d3b | step=149 | incoming_actions=['prey_9', 'prey_14', 'prey_17', 'prey_13', 'prey_18', ...] | active_agents=25 | current_step=149
2025-11-23 03:29:05,230 [DEBUG] PredPreyGrassEnv.env-c5d50d3b: event=StepSummary | env_id=env-c5d50d3b | step=149 | current_step=149 | terminated_agents=[] | truncated_agents=[] | remaining_agents=25 | reward_preview={prey_9:-0.001, predator_2:-0.001, predator_4:-0.001, prey_14:-0.001, prey_17:-0.001} | info_preview={}
2025-11-23 03:29:05,244 [DEBUG] PredPreyGrassEnv.env-c5d50d3b: event=StepBegin | env_id=env-c5d50d3b | step=150 | incoming_actions=['prey_9', 'prey_14', 'prey_17', 'prey_13', 'prey_18', ...] | active_agents=25 | current_step=150
2025-11-23 03:29:05,249 [DEBUG] PredPreyGrassEnv.env-c5d50d3b: event=StepSummary | env_id=env-c5d50d3b | step=150 | current_step=150 | terminated_agents=[] | truncated_agents=[] | remaining_agents=25 | reward_preview={prey_9:-0.001, predator_2:-0.001, predator_4:-0.001, prey_14:-0.001, prey_17:-0.001} | info_preview={}
2025-11-23 03:29:05,263 [DEBUG] PredPreyGrassEnv.env-c5d50d3b: event=StepBegin | env_id=env-c5d50d3b | step=151 | incoming_actions=['prey_9', 'prey_14', 'prey_17', 'prey_13', 'prey_18', ...] | active_agents=25 | current_step=151
2025-11-23 03:29:05,268 [DEBUG] PredPreyGrassEnv.env-c5d50d3b: event=StepSummary | env_id=env-c5d50d3b | step=151 | current_step=151 | terminated_agents=[] | truncated_agents=[] | remaining_agents=25 | reward_preview={prey_9:-0.001, predator_2:-0.001, predator_4:-0.001, prey_14:-0.001, prey_17:-0.001} | info_preview={}
2025-11-23 03:29:05,282 [DEBUG] PredPreyGrassEnv.env-c5d50d3b: event=StepBegin | env_id=env-c5d50d3b | step=152 | incoming_actions=['prey_9', 'prey_14', 'prey_17', 'prey_13', 'prey_18', ...] | active_agents=25 | current_step=152
2025-11-23 03:29:05,286 [DEBUG] PredPreyGrassEnv.env-c5d50d3b: event=StepSummary | env_id=env-c5d50d3b | step=152 | current_step=152 | terminated_agents=[] | truncated_agents=[] | remaining_agents=25 | reward_preview={prey_9:-0.001, predator_2:-0.001, predator_4:-0.001, prey_14:-0.001, prey_17:-0.001} | info_preview={}
2025-11-23 03:29:05,302 [DEBUG] PredPreyGrassEnv.env-c5d50d3b: event=StepBegin | env_id=env-c5d50d3b | step=153 | incoming_actions=['prey_9', 'prey_14', 'prey_17', 'prey_13', 'prey_18', ...] | active_agents=25 | current_step=153
2025-11-23 03:29:05,304 [DEBUG] PredPreyGrassEnv.env-c5d50d3b: event=PreyAteGrass | env_id=env-c5d50d3b | step=153 | prey='prey_15' | grass='grass_63' | prey_position=[774.105534135172, 353.5489195073253] | grass_energy=10.0 | energy_gained=9.0 | prey_energy=142.86430134722198
2025-11-23 03:29:05,307 [DEBUG] PredPreyGrassEnv.env-c5d50d3b: event=StepSummary | env_id=env-c5d50d3b | step=153 | current_step=153 | terminated_agents=[] | truncated_agents=[] | remaining_agents=25 | reward_preview={prey_9:-0.001, predator_2:-0.001, predator_4:-0.001, prey_14:-0.001, prey_17:-0.001} | info_preview={}
2025-11-23 03:29:05,322 [DEBUG] PredPreyGrassEnv.env-c5d50d3b: event=StepBegin | env_id=env-c5d50d3b | step=154 | incoming_actions=['prey_9', 'prey_14', 'prey_17', 'prey_13', 'prey_18', ...] | active_agents=25 | current_step=154
2025-11-23 03:29:05,327 [DEBUG] PredPreyGrassEnv.env-c5d50d3b: event=StepSummary | env_id=env-c5d50d3b | step=154 | current_step=154 | terminated_agents=[] | truncated_agents=[] | remaining_agents=25 | reward_preview={prey_9:-0.001, predator_2:-0.001, predator_4:-0.001, prey_14:-0.001, prey_17:-0.001} | info_preview={}
2025-11-23 03:29:05,340 [DEBUG] PredPreyGrassEnv.env-c5d50d3b: event=StepBegin | env_id=env-c5d50d3b | step=155 | incoming_actions=['prey_9', 'prey_14', 'prey_17', 'prey_13', 'prey_18', ...] | active_agents=25 | current_step=155
2025-11-23 03:29:05,345 [DEBUG] PredPreyGrassEnv.env-c5d50d3b: event=StepSummary | env_id=env-c5d50d3b | step=155 | current_step=155 | terminated_agents=[] | truncated_agents=[] | remaining_agents=25 | reward_preview={prey_9:-0.001, predator_2:-0.001, predator_4:-0.001, prey_14:-0.001, prey_17:-0.001} | info_preview={}
2025-11-23 03:29:05,361 [DEBUG] PredPreyGrassEnv.env-c5d50d3b: event=StepBegin | env_id=env-c5d50d3b | step=156 | incoming_actions=['prey_9', 'prey_14', 'prey_17', 'prey_13', 'prey_18', ...] | active_agents=25 | current_step=156
2025-11-23 03:29:05,366 [DEBUG] PredPreyGrassEnv.env-c5d50d3b: event=StepSummary | env_id=env-c5d50d3b | step=156 | current_step=156 | terminated_agents=[] | truncated_agents=[] | remaining_agents=25 | reward_preview={prey_9:-0.001, predator_2:-0.001, predator_4:-0.001, prey_14:-0.001, prey_17:-0.001} | info_preview={}
2025-11-23 03:29:05,381 [DEBUG] PredPreyGrassEnv.env-c5d50d3b: event=StepBegin | env_id=env-c5d50d3b | step=157 | incoming_actions=['prey_9', 'prey_14', 'prey_17', 'prey_13', 'prey_18', ...] | active_agents=25 | current_step=157
2025-11-23 03:29:05,385 [DEBUG] PredPreyGrassEnv.env-c5d50d3b: event=StepSummary | env_id=env-c5d50d3b | step=157 | current_step=157 | terminated_agents=[] | truncated_agents=[] | remaining_agents=25 | reward_preview={prey_9:-0.001, predator_2:-0.001, predator_4:-0.001, prey_14:-0.001, prey_17:-0.001} | info_preview={}
2025-11-23 03:29:05,398 [DEBUG] PredPreyGrassEnv.env-c5d50d3b: event=StepBegin | env_id=env-c5d50d3b | step=158 | incoming_actions=['prey_9', 'prey_14', 'prey_17', 'prey_13', 'prey_18', ...] | active_agents=25 | current_step=158
2025-11-23 03:29:05,403 [DEBUG] PredPreyGrassEnv.env-c5d50d3b: event=StepSummary | env_id=env-c5d50d3b | step=158 | current_step=158 | terminated_agents=[] | truncated_agents=[] | remaining_agents=25 | reward_preview={prey_9:-0.001, predator_2:-0.001, predator_4:-0.001, prey_14:-0.001, prey_17:-0.001} | info_preview={}
2025-11-23 03:29:05,419 [DEBUG] PredPreyGrassEnv.env-c5d50d3b: event=StepBegin | env_id=env-c5d50d3b | step=159 | incoming_actions=['prey_9', 'prey_14', 'prey_17', 'prey_13', 'prey_18', ...] | active_agents=25 | current_step=159
2025-11-23 03:29:05,426 [DEBUG] PredPreyGrassEnv.env-c5d50d3b: event=StepSummary | env_id=env-c5d50d3b | step=159 | current_step=159 | terminated_agents=[] | truncated_agents=[] | remaining_agents=25 | reward_preview={prey_9:-0.001, predator_2:-0.001, predator_4:-0.001, prey_14:-0.001, prey_17:-0.001} | info_preview={}
2025-11-23 03:29:05,441 [DEBUG] PredPreyGrassEnv.env-c5d50d3b: event=StepBegin | env_id=env-c5d50d3b | step=160 | incoming_actions=['prey_9', 'prey_14', 'prey_17', 'prey_13', 'prey_18', ...] | active_agents=25 | current_step=160
2025-11-23 03:29:05,446 [DEBUG] PredPreyGrassEnv.env-c5d50d3b: event=StepSummary | env_id=env-c5d50d3b | step=160 | current_step=160 | terminated_agents=[] | truncated_agents=[] | remaining_agents=25 | reward_preview={prey_9:-0.001, predator_2:-0.001, predator_4:-0.001, prey_14:-0.001, prey_17:-0.001} | info_preview={}
2025-11-23 03:29:05,462 [DEBUG] PredPreyGrassEnv.env-c5d50d3b: event=StepBegin | env_id=env-c5d50d3b | step=161 | incoming_actions=['prey_9', 'prey_14', 'prey_17', 'prey_13', 'prey_18', ...] | active_agents=25 | current_step=161
2025-11-23 03:29:05,467 [DEBUG] PredPreyGrassEnv.env-c5d50d3b: event=StepSummary | env_id=env-c5d50d3b | step=161 | current_step=161 | terminated_agents=[] | truncated_agents=[] | remaining_agents=25 | reward_preview={prey_9:-0.001, predator_2:-0.001, predator_4:-0.001, prey_14:-0.001, prey_17:-0.001} | info_preview={}
2025-11-23 03:29:05,483 [DEBUG] PredPreyGrassEnv.env-c5d50d3b: event=StepBegin | env_id=env-c5d50d3b | step=162 | incoming_actions=['prey_9', 'prey_14', 'prey_17', 'prey_13', 'prey_18', ...] | active_agents=25 | current_step=162
2025-11-23 03:29:05,487 [DEBUG] PredPreyGrassEnv.env-c5d50d3b: event=StepSummary | env_id=env-c5d50d3b | step=162 | current_step=162 | terminated_agents=[] | truncated_agents=[] | remaining_agents=25 | reward_preview={prey_9:-0.001, predator_2:-0.001, predator_4:-0.001, prey_14:-0.001, prey_17:-0.001} | info_preview={}
2025-11-23 03:29:05,499 [DEBUG] PredPreyGrassEnv.env-c5d50d3b: event=StepBegin | env_id=env-c5d50d3b | step=163 | incoming_actions=['prey_9', 'prey_14', 'prey_17', 'prey_13', 'prey_18', ...] | active_agents=25 | current_step=163
2025-11-23 03:29:05,505 [DEBUG] PredPreyGrassEnv.env-c5d50d3b: event=StepSummary | env_id=env-c5d50d3b | step=163 | current_step=163 | terminated_agents=[] | truncated_agents=[] | remaining_agents=25 | reward_preview={prey_9:-0.001, predator_2:-0.001, predator_4:-0.001, prey_14:-0.001, prey_17:-0.001} | info_preview={}
2025-11-23 03:29:05,520 [DEBUG] PredPreyGrassEnv.env-c5d50d3b: event=StepBegin | env_id=env-c5d50d3b | step=164 | incoming_actions=['prey_9', 'prey_14', 'prey_17', 'prey_13', 'prey_18', ...] | active_agents=25 | current_step=164
2025-11-23 03:29:05,526 [DEBUG] PredPreyGrassEnv.env-c5d50d3b: event=StepSummary | env_id=env-c5d50d3b | step=164 | current_step=164 | terminated_agents=[] | truncated_agents=[] | remaining_agents=25 | reward_preview={prey_9:-0.001, predator_2:-0.001, predator_4:-0.001, prey_14:-0.001, prey_17:-0.001} | info_preview={}
2025-11-23 03:29:05,540 [DEBUG] PredPreyGrassEnv.env-c5d50d3b: event=StepBegin | env_id=env-c5d50d3b | step=165 | incoming_actions=['prey_9', 'prey_14', 'prey_17', 'prey_13', 'prey_18', ...] | active_agents=25 | current_step=165
2025-11-23 03:29:05,548 [DEBUG] PredPreyGrassEnv.env-c5d50d3b: event=StepSummary | env_id=env-c5d50d3b | step=165 | current_step=165 | terminated_agents=[] | truncated_agents=[] | remaining_agents=25 | reward_preview={prey_9:-0.001, predator_2:-0.001, predator_4:-0.001, prey_14:-0.001, prey_17:-0.001} | info_preview={}
2025-11-23 03:29:05,576 [DEBUG] PredPreyGrassEnv.env-c5d50d3b: event=StepBegin | env_id=env-c5d50d3b | step=166 | incoming_actions=['prey_9', 'prey_14', 'prey_17', 'prey_13', 'prey_18', ...] | active_agents=25 | current_step=166
2025-11-23 03:29:05,585 [DEBUG] PredPreyGrassEnv.env-c5d50d3b: event=StepSummary | env_id=env-c5d50d3b | step=166 | current_step=166 | terminated_agents=[] | truncated_agents=[] | remaining_agents=25 | reward_preview={prey_9:-0.001, predator_2:-0.001, predator_4:-0.001, prey_14:-0.001, prey_17:-0.001} | info_preview={}
2025-11-23 03:29:05,613 [DEBUG] PredPreyGrassEnv.env-c5d50d3b: event=StepBegin | env_id=env-c5d50d3b | step=167 | incoming_actions=['prey_9', 'prey_14', 'prey_17', 'prey_13', 'prey_18', ...] | active_agents=25 | current_step=167
2025-11-23 03:29:05,622 [DEBUG] PredPreyGrassEnv.env-c5d50d3b: event=StepSummary | env_id=env-c5d50d3b | step=167 | current_step=167 | terminated_agents=[] | truncated_agents=[] | remaining_agents=25 | reward_preview={prey_9:-0.001, predator_2:-0.001, predator_4:-0.001, prey_14:-0.001, prey_17:-0.001} | info_preview={}
2025-11-23 03:29:05,651 [DEBUG] PredPreyGrassEnv.env-c5d50d3b: event=StepBegin | env_id=env-c5d50d3b | step=168 | incoming_actions=['prey_9', 'prey_14', 'prey_17', 'prey_13', 'prey_18', ...] | active_agents=25 | current_step=168
2025-11-23 03:29:05,661 [DEBUG] PredPreyGrassEnv.env-c5d50d3b: event=StepSummary | env_id=env-c5d50d3b | step=168 | current_step=168 | terminated_agents=[] | truncated_agents=[] | remaining_agents=25 | reward_preview={prey_9:-0.001, predator_2:-0.001, predator_4:-0.001, prey_14:-0.001, prey_17:-0.001} | info_preview={}
2025-11-23 03:29:05,689 [DEBUG] PredPreyGrassEnv.env-c5d50d3b: event=StepBegin | env_id=env-c5d50d3b | step=169 | incoming_actions=['prey_9', 'prey_14', 'prey_17', 'prey_13', 'prey_18', ...] | active_agents=25 | current_step=169
2025-11-23 03:29:05,698 [DEBUG] PredPreyGrassEnv.env-c5d50d3b: event=StepSummary | env_id=env-c5d50d3b | step=169 | current_step=169 | terminated_agents=[] | truncated_agents=[] | remaining_agents=25 | reward_preview={prey_9:-0.001, predator_2:-0.001, predator_4:-0.001, prey_14:-0.001, prey_17:-0.001} | info_preview={}
2025-11-23 03:29:05,726 [DEBUG] PredPreyGrassEnv.env-c5d50d3b: event=StepBegin | env_id=env-c5d50d3b | step=170 | incoming_actions=['prey_9', 'prey_14', 'prey_17', 'prey_13', 'prey_18', ...] | active_agents=25 | current_step=170
2025-11-23 03:29:05,730 [DEBUG] PredPreyGrassEnv.env-c5d50d3b: event=PreyAteGrass | env_id=env-c5d50d3b | step=170 | prey='prey_12' | grass='grass_5' | prey_position=[448.11941013449035, 241.5172065852383] | grass_energy=10.0 | energy_gained=9.0 | prey_energy=134.35321367093752
2025-11-23 03:29:05,736 [DEBUG] PredPreyGrassEnv.env-c5d50d3b: event=StepSummary | env_id=env-c5d50d3b | step=170 | current_step=170 | terminated_agents=[] | truncated_agents=[] | remaining_agents=25 | reward_preview={prey_9:-0.001, predator_2:-0.001, predator_4:-0.001, prey_14:-0.001, prey_17:-0.001} | info_preview={}
2025-11-23 03:29:05,763 [DEBUG] PredPreyGrassEnv.env-c5d50d3b: event=StepBegin | env_id=env-c5d50d3b | step=171 | incoming_actions=['prey_9', 'prey_14', 'prey_17', 'prey_13', 'prey_18', ...] | active_agents=25 | current_step=171
2025-11-23 03:29:05,766 [DEBUG] PredPreyGrassEnv.env-c5d50d3b: event=PreyAteGrass | env_id=env-c5d50d3b | step=171 | prey='prey_12' | grass='grass_41' | prey_position=[446.797700351393, 242.29816519215333] | grass_energy=10.0 | energy_gained=9.0 | prey_energy=143.14167524734174
2025-11-23 03:29:05,772 [DEBUG] PredPreyGrassEnv.env-c5d50d3b: event=StepSummary | env_id=env-c5d50d3b | step=171 | current_step=171 | terminated_agents=[] | truncated_agents=[] | remaining_agents=25 | reward_preview={prey_9:-0.001, predator_2:-0.001, predator_4:-0.001, prey_14:-0.001, prey_17:-0.001} | info_preview={}
2025-11-23 03:29:05,788 [DEBUG] PredPreyGrassEnv.env-c5d50d3b: event=StepBegin | env_id=env-c5d50d3b | step=172 | incoming_actions=['prey_9', 'prey_14', 'prey_17', 'prey_13', 'prey_18', ...] | active_agents=25 | current_step=172
2025-11-23 03:29:05,799 [DEBUG] PredPreyGrassEnv.env-c5d50d3b: event=StepSummary | env_id=env-c5d50d3b | step=172 | current_step=172 | terminated_agents=[] | truncated_agents=[] | remaining_agents=25 | reward_preview={prey_9:-0.001, predator_2:-0.001, predator_4:-0.001, prey_14:-0.001, prey_17:-0.001} | info_preview={}
2025-11-23 03:29:05,816 [DEBUG] PredPreyGrassEnv.env-c5d50d3b: event=StepBegin | env_id=env-c5d50d3b | step=173 | incoming_actions=['prey_9', 'prey_14', 'prey_17', 'prey_13', 'prey_18', ...] | active_agents=25 | current_step=173
2025-11-23 03:29:05,821 [DEBUG] PredPreyGrassEnv.env-c5d50d3b: event=StepSummary | env_id=env-c5d50d3b | step=173 | current_step=173 | terminated_agents=[] | truncated_agents=[] | remaining_agents=25 | reward_preview={prey_9:-0.001, predator_2:-0.001, predator_4:-0.001, prey_14:-0.001, prey_17:-0.001} | info_preview={}
2025-11-23 03:29:05,837 [DEBUG] PredPreyGrassEnv.env-c5d50d3b: event=StepBegin | env_id=env-c5d50d3b | step=174 | incoming_actions=['prey_9', 'prey_14', 'prey_17', 'prey_13', 'prey_18', ...] | active_agents=25 | current_step=174
2025-11-23 03:29:05,842 [DEBUG] PredPreyGrassEnv.env-c5d50d3b: event=StepSummary | env_id=env-c5d50d3b | step=174 | current_step=174 | terminated_agents=[] | truncated_agents=[] | remaining_agents=25 | reward_preview={prey_9:-0.001, predator_2:-0.001, predator_4:-0.001, prey_14:-0.001, prey_17:-0.001} | info_preview={}
2025-11-23 03:29:05,856 [DEBUG] PredPreyGrassEnv.env-c5d50d3b: event=StepBegin | env_id=env-c5d50d3b | step=175 | incoming_actions=['prey_9', 'prey_14', 'prey_17', 'prey_13', 'prey_18', ...] | active_agents=25 | current_step=175
2025-11-23 03:29:05,861 [DEBUG] PredPreyGrassEnv.env-c5d50d3b: event=StepSummary | env_id=env-c5d50d3b | step=175 | current_step=175 | terminated_agents=[] | truncated_agents=[] | remaining_agents=25 | reward_preview={prey_9:-0.001, predator_2:-0.001, predator_4:-0.001, prey_14:-0.001, prey_17:-0.001} | info_preview={}
2025-11-23 03:29:05,873 [DEBUG] PredPreyGrassEnv.env-c5d50d3b: event=StepBegin | env_id=env-c5d50d3b | step=176 | incoming_actions=['prey_9', 'prey_14', 'prey_17', 'prey_13', 'prey_18', ...] | active_agents=25 | current_step=176
2025-11-23 03:29:05,877 [DEBUG] PredPreyGrassEnv.env-c5d50d3b: event=StepSummary | env_id=env-c5d50d3b | step=176 | current_step=176 | terminated_agents=[] | truncated_agents=[] | remaining_agents=25 | reward_preview={prey_9:-0.001, predator_2:-0.001, predator_4:-0.001, prey_14:-0.001, prey_17:-0.001} | info_preview={}
2025-11-23 03:29:05,888 [DEBUG] PredPreyGrassEnv.env-c5d50d3b: event=StepBegin | env_id=env-c5d50d3b | step=177 | incoming_actions=['prey_9', 'prey_14', 'prey_17', 'prey_13', 'prey_18', ...] | active_agents=25 | current_step=177
2025-11-23 03:29:05,892 [DEBUG] PredPreyGrassEnv.env-c5d50d3b: event=StepSummary | env_id=env-c5d50d3b | step=177 | current_step=177 | terminated_agents=[] | truncated_agents=[] | remaining_agents=25 | reward_preview={prey_9:-0.001, predator_2:-0.001, predator_4:-0.001, prey_14:-0.001, prey_17:-0.001} | info_preview={}
2025-11-23 03:29:05,902 [DEBUG] PredPreyGrassEnv.env-c5d50d3b: event=StepBegin | env_id=env-c5d50d3b | step=178 | incoming_actions=['prey_9', 'prey_14', 'prey_17', 'prey_13', 'prey_18', ...] | active_agents=25 | current_step=178
2025-11-23 03:29:05,906 [DEBUG] PredPreyGrassEnv.env-c5d50d3b: event=StepSummary | env_id=env-c5d50d3b | step=178 | current_step=178 | terminated_agents=[] | truncated_agents=[] | remaining_agents=25 | reward_preview={prey_9:-0.001, predator_2:-0.001, predator_4:-0.001, prey_14:-0.001, prey_17:-0.001} | info_preview={}
2025-11-23 03:29:05,917 [DEBUG] PredPreyGrassEnv.env-c5d50d3b: event=StepBegin | env_id=env-c5d50d3b | step=179 | incoming_actions=['prey_9', 'prey_14', 'prey_17', 'prey_13', 'prey_18', ...] | active_agents=25 | current_step=179
2025-11-23 03:29:05,921 [DEBUG] PredPreyGrassEnv.env-c5d50d3b: event=StepSummary | env_id=env-c5d50d3b | step=179 | current_step=179 | terminated_agents=[] | truncated_agents=[] | remaining_agents=25 | reward_preview={prey_9:-0.001, predator_2:-0.001, predator_4:-0.001, prey_14:-0.001, prey_17:-0.001} | info_preview={}
2025-11-23 03:29:05,931 [DEBUG] PredPreyGrassEnv.env-c5d50d3b: event=StepBegin | env_id=env-c5d50d3b | step=180 | incoming_actions=['prey_9', 'prey_14', 'prey_17', 'prey_13', 'prey_18', ...] | active_agents=25 | current_step=180
2025-11-23 03:29:05,935 [DEBUG] PredPreyGrassEnv.env-c5d50d3b: event=StepSummary | env_id=env-c5d50d3b | step=180 | current_step=180 | terminated_agents=[] | truncated_agents=[] | remaining_agents=25 | reward_preview={prey_9:-0.001, predator_2:-0.001, predator_4:-0.001, prey_14:-0.001, prey_17:-0.001} | info_preview={}
2025-11-23 03:29:05,946 [DEBUG] PredPreyGrassEnv.env-c5d50d3b: event=StepBegin | env_id=env-c5d50d3b | step=181 | incoming_actions=['prey_9', 'prey_14', 'prey_17', 'prey_13', 'prey_18', ...] | active_agents=25 | current_step=181
2025-11-23 03:29:05,949 [DEBUG] PredPreyGrassEnv.env-c5d50d3b: event=StepSummary | env_id=env-c5d50d3b | step=181 | current_step=181 | terminated_agents=[] | truncated_agents=[] | remaining_agents=25 | reward_preview={prey_9:-0.001, predator_2:-0.001, predator_4:-0.001, prey_14:-0.001, prey_17:-0.001} | info_preview={}
2025-11-23 03:29:05,960 [DEBUG] PredPreyGrassEnv.env-c5d50d3b: event=StepBegin | env_id=env-c5d50d3b | step=182 | incoming_actions=['prey_9', 'prey_14', 'prey_17', 'prey_13', 'prey_18', ...] | active_agents=25 | current_step=182
2025-11-23 03:29:05,965 [DEBUG] PredPreyGrassEnv.env-c5d50d3b: event=StepSummary | env_id=env-c5d50d3b | step=182 | current_step=182 | terminated_agents=[] | truncated_agents=[] | remaining_agents=25 | reward_preview={prey_9:-0.001, predator_2:-0.001, predator_4:-0.001, prey_14:-0.001, prey_17:-0.001} | info_preview={}
2025-11-23 03:29:05,981 [DEBUG] PredPreyGrassEnv.env-c5d50d3b: event=StepBegin | env_id=env-c5d50d3b | step=183 | incoming_actions=['prey_9', 'prey_14', 'prey_17', 'prey_13', 'prey_18', ...] | active_agents=25 | current_step=183
2025-11-23 03:29:05,986 [DEBUG] PredPreyGrassEnv.env-c5d50d3b: event=StepSummary | env_id=env-c5d50d3b | step=183 | current_step=183 | terminated_agents=[] | truncated_agents=[] | remaining_agents=25 | reward_preview={prey_9:-0.001, predator_2:-0.001, predator_4:-0.001, prey_14:-0.001, prey_17:-0.001} | info_preview={}
2025-11-23 03:29:06,001 [DEBUG] PredPreyGrassEnv.env-c5d50d3b: event=StepBegin | env_id=env-c5d50d3b | step=184 | incoming_actions=['prey_9', 'prey_14', 'prey_17', 'prey_13', 'prey_18', ...] | active_agents=25 | current_step=184
2025-11-23 03:29:06,006 [DEBUG] PredPreyGrassEnv.env-c5d50d3b: event=StepSummary | env_id=env-c5d50d3b | step=184 | current_step=184 | terminated_agents=[] | truncated_agents=[] | remaining_agents=25 | reward_preview={prey_9:-0.001, predator_2:-0.001, predator_4:-0.001, prey_14:-0.001, prey_17:-0.001} | info_preview={}
2025-11-23 03:29:06,020 [DEBUG] PredPreyGrassEnv.env-c5d50d3b: event=StepBegin | env_id=env-c5d50d3b | step=185 | incoming_actions=['prey_9', 'prey_14', 'prey_17', 'prey_13', 'prey_18', ...] | active_agents=25 | current_step=185
2025-11-23 03:29:06,025 [DEBUG] PredPreyGrassEnv.env-c5d50d3b: event=StepSummary | env_id=env-c5d50d3b | step=185 | current_step=185 | terminated_agents=[] | truncated_agents=[] | remaining_agents=25 | reward_preview={prey_9:-0.001, predator_2:-0.001, predator_4:-0.001, prey_14:-0.001, prey_17:-0.001} | info_preview={}
2025-11-23 03:29:06,041 [DEBUG] PredPreyGrassEnv.env-c5d50d3b: event=StepBegin | env_id=env-c5d50d3b | step=186 | incoming_actions=['prey_9', 'prey_14', 'prey_17', 'prey_13', 'prey_18', ...] | active_agents=25 | current_step=186
2025-11-23 03:29:06,046 [DEBUG] PredPreyGrassEnv.env-c5d50d3b: event=StepSummary | env_id=env-c5d50d3b | step=186 | current_step=186 | terminated_agents=[] | truncated_agents=[] | remaining_agents=25 | reward_preview={prey_9:-0.001, predator_2:-0.001, predator_4:-0.001, prey_14:-0.001, prey_17:-0.001} | info_preview={}
2025-11-23 03:29:06,062 [DEBUG] PredPreyGrassEnv.env-c5d50d3b: event=StepBegin | env_id=env-c5d50d3b | step=187 | incoming_actions=['prey_9', 'prey_14', 'prey_17', 'prey_13', 'prey_18', ...] | active_agents=25 | current_step=187
2025-11-23 03:29:06,067 [DEBUG] PredPreyGrassEnv.env-c5d50d3b: event=StepSummary | env_id=env-c5d50d3b | step=187 | current_step=187 | terminated_agents=[] | truncated_agents=[] | remaining_agents=25 | reward_preview={prey_9:-0.001, predator_2:-0.001, predator_4:-0.001, prey_14:-0.001, prey_17:-0.001} | info_preview={}
2025-11-23 03:29:06,079 [DEBUG] PredPreyGrassEnv.env-c5d50d3b: event=StepBegin | env_id=env-c5d50d3b | step=188 | incoming_actions=['prey_9', 'prey_14', 'prey_17', 'prey_13', 'prey_18', ...] | active_agents=25 | current_step=188
2025-11-23 03:29:06,085 [DEBUG] PredPreyGrassEnv.env-c5d50d3b: event=StepSummary | env_id=env-c5d50d3b | step=188 | current_step=188 | terminated_agents=[] | truncated_agents=[] | remaining_agents=25 | reward_preview={prey_9:-0.001, predator_2:-0.001, predator_4:-0.001, prey_14:-0.001, prey_17:-0.001} | info_preview={}
2025-11-23 03:29:06,101 [DEBUG] PredPreyGrassEnv.env-c5d50d3b: event=StepBegin | env_id=env-c5d50d3b | step=189 | incoming_actions=['prey_9', 'prey_14', 'prey_17', 'prey_13', 'prey_18', ...] | active_agents=25 | current_step=189
2025-11-23 03:29:06,106 [DEBUG] PredPreyGrassEnv.env-c5d50d3b: event=StepSummary | env_id=env-c5d50d3b | step=189 | current_step=189 | terminated_agents=[] | truncated_agents=[] | remaining_agents=25 | reward_preview={prey_9:-0.001, predator_2:-0.001, predator_4:-0.001, prey_14:-0.001, prey_17:-0.001} | info_preview={}
2025-11-23 03:29:06,122 [DEBUG] PredPreyGrassEnv.env-c5d50d3b: event=StepBegin | env_id=env-c5d50d3b | step=190 | incoming_actions=['prey_9', 'prey_14', 'prey_17', 'prey_13', 'prey_18', ...] | active_agents=25 | current_step=190
2025-11-23 03:29:06,127 [DEBUG] PredPreyGrassEnv.env-c5d50d3b: event=StepSummary | env_id=env-c5d50d3b | step=190 | current_step=190 | terminated_agents=[] | truncated_agents=[] | remaining_agents=25 | reward_preview={prey_9:-0.001, predator_2:-0.001, predator_4:-0.001, prey_14:-0.001, prey_17:-0.001} | info_preview={}
2025-11-23 03:29:06,141 [DEBUG] PredPreyGrassEnv.env-c5d50d3b: event=StepBegin | env_id=env-c5d50d3b | step=191 | incoming_actions=['prey_9', 'prey_14', 'prey_17', 'prey_13', 'prey_18', ...] | active_agents=25 | current_step=191
2025-11-23 03:29:06,145 [DEBUG] PredPreyGrassEnv.env-c5d50d3b: event=StepSummary | env_id=env-c5d50d3b | step=191 | current_step=191 | terminated_agents=[] | truncated_agents=[] | remaining_agents=25 | reward_preview={prey_9:-0.001, predator_2:-0.001, predator_4:-0.001, prey_14:-0.001, prey_17:-0.001} | info_preview={}
2025-11-23 03:29:06,166 [DEBUG] PredPreyGrassEnv.env-c5d50d3b: event=StepBegin | env_id=env-c5d50d3b | step=192 | incoming_actions=['prey_9', 'prey_14', 'prey_17', 'prey_13', 'prey_18', ...] | active_agents=25 | current_step=192
2025-11-23 03:29:06,176 [DEBUG] PredPreyGrassEnv.env-c5d50d3b: event=StepSummary | env_id=env-c5d50d3b | step=192 | current_step=192 | terminated_agents=[] | truncated_agents=[] | remaining_agents=25 | reward_preview={prey_9:-0.001, predator_2:-0.001, predator_4:-0.001, prey_14:-0.001, prey_17:-0.001} | info_preview={}
2025-11-23 03:29:06,204 [DEBUG] PredPreyGrassEnv.env-c5d50d3b: event=StepBegin | env_id=env-c5d50d3b | step=193 | incoming_actions=['prey_9', 'prey_14', 'prey_17', 'prey_13', 'prey_18', ...] | active_agents=25 | current_step=193
2025-11-23 03:29:06,213 [DEBUG] PredPreyGrassEnv.env-c5d50d3b: event=StepSummary | env_id=env-c5d50d3b | step=193 | current_step=193 | terminated_agents=[] | truncated_agents=[] | remaining_agents=25 | reward_preview={prey_9:-0.001, predator_2:-0.001, predator_4:-0.001, prey_14:-0.001, prey_17:-0.001} | info_preview={}
2025-11-23 03:29:06,227 [DEBUG] PredPreyGrassEnv.env-c5d50d3b: event=StepBegin | env_id=env-c5d50d3b | step=194 | incoming_actions=['prey_9', 'prey_14', 'prey_17', 'prey_13', 'prey_18', ...] | active_agents=25 | current_step=194
2025-11-23 03:29:06,230 [DEBUG] PredPreyGrassEnv.env-c5d50d3b: event=PreyAteGrass | env_id=env-c5d50d3b | step=194 | prey='prey_18' | grass='grass_80' | prey_position=[291.4680590923055, 405.4894612706013] | grass_energy=10.0 | energy_gained=9.0 | prey_energy=121.29329459699989
2025-11-23 03:29:06,232 [DEBUG] PredPreyGrassEnv.env-c5d50d3b: event=StepSummary | env_id=env-c5d50d3b | step=194 | current_step=194 | terminated_agents=[] | truncated_agents=[] | remaining_agents=25 | reward_preview={prey_9:-0.001, predator_2:-0.001, predator_4:-0.001, prey_14:-0.001, prey_17:-0.001} | info_preview={}
2025-11-23 03:29:06,258 [DEBUG] PredPreyGrassEnv.env-c5d50d3b: event=StepBegin | env_id=env-c5d50d3b | step=195 | incoming_actions=['prey_9', 'prey_14', 'prey_17', 'prey_13', 'prey_18', ...] | active_agents=25 | current_step=195
2025-11-23 03:29:06,268 [DEBUG] PredPreyGrassEnv.env-c5d50d3b: event=StepSummary | env_id=env-c5d50d3b | step=195 | current_step=195 | terminated_agents=[] | truncated_agents=[] | remaining_agents=25 | reward_preview={prey_9:-0.001, predator_2:-0.001, predator_4:-0.001, prey_14:-0.001, prey_17:-0.001} | info_preview={}
2025-11-23 03:29:06,294 [DEBUG] PredPreyGrassEnv.env-c5d50d3b: event=StepBegin | env_id=env-c5d50d3b | step=196 | incoming_actions=['prey_9', 'prey_14', 'prey_17', 'prey_13', 'prey_18', ...] | active_agents=25 | current_step=196
2025-11-23 03:29:06,303 [DEBUG] PredPreyGrassEnv.env-c5d50d3b: event=StepSummary | env_id=env-c5d50d3b | step=196 | current_step=196 | terminated_agents=[] | truncated_agents=[] | remaining_agents=25 | reward_preview={prey_9:-0.001, predator_2:-0.001, predator_4:-0.001, prey_14:-0.001, prey_17:-0.001} | info_preview={}
2025-11-23 03:29:06,327 [DEBUG] PredPreyGrassEnv.env-c5d50d3b: event=StepBegin | env_id=env-c5d50d3b | step=197 | incoming_actions=['prey_9', 'prey_14', 'prey_17', 'prey_13', 'prey_18', ...] | active_agents=25 | current_step=197
2025-11-23 03:29:06,333 [DEBUG] PredPreyGrassEnv.env-c5d50d3b: event=StepSummary | env_id=env-c5d50d3b | step=197 | current_step=197 | terminated_agents=[] | truncated_agents=[] | remaining_agents=25 | reward_preview={prey_9:-0.001, predator_2:-0.001, predator_4:-0.001, prey_14:-0.001, prey_17:-0.001} | info_preview={}
2025-11-23 03:29:06,348 [DEBUG] PredPreyGrassEnv.env-c5d50d3b: event=StepBegin | env_id=env-c5d50d3b | step=198 | incoming_actions=['prey_9', 'prey_14', 'prey_17', 'prey_13', 'prey_18', ...] | active_agents=25 | current_step=198
2025-11-23 03:29:06,355 [DEBUG] PredPreyGrassEnv.env-c5d50d3b: event=StepSummary | env_id=env-c5d50d3b | step=198 | current_step=198 | terminated_agents=[] | truncated_agents=[] | remaining_agents=25 | reward_preview={prey_9:-0.001, predator_2:-0.001, predator_4:-0.001, prey_14:-0.001, prey_17:-0.001} | info_preview={}
2025-11-23 03:29:06,376 [DEBUG] PredPreyGrassEnv.env-c5d50d3b: event=StepBegin | env_id=env-c5d50d3b | step=199 | incoming_actions=['prey_9', 'prey_14', 'prey_17', 'prey_13', 'prey_18', ...] | active_agents=25 | current_step=199
2025-11-23 03:29:06,380 [DEBUG] PredPreyGrassEnv.env-c5d50d3b: event=StepSummary | env_id=env-c5d50d3b | step=199 | current_step=199 | terminated_agents=[] | truncated_agents=[] | remaining_agents=25 | reward_preview={prey_9:-0.001, predator_2:-0.001, predator_4:-0.001, prey_14:-0.001, prey_17:-0.001} | info_preview={}
2025-11-23 03:29:06,397 [DEBUG] PredPreyGrassEnv.env-c5d50d3b: event=StepBegin | env_id=env-c5d50d3b | step=200 | incoming_actions=['prey_9', 'prey_14', 'prey_17', 'prey_13', 'prey_18', ...] | active_agents=25 | current_step=200
2025-11-23 03:29:06,402 [DEBUG] PredPreyGrassEnv.env-c5d50d3b: event=StepSummary | env_id=env-c5d50d3b | step=200 | current_step=200 | terminated_agents=[] | truncated_agents=[] | remaining_agents=25 | reward_preview={prey_9:-0.001, predator_2:-0.001, predator_4:-0.001, prey_14:-0.001, prey_17:-0.001} | info_preview={}
2025-11-23 03:29:06,418 [DEBUG] PredPreyGrassEnv.env-c5d50d3b: event=StepBegin | env_id=env-c5d50d3b | step=201 | incoming_actions=['prey_9', 'prey_14', 'prey_17', 'prey_13', 'prey_18', ...] | active_agents=25 | current_step=201
2025-11-23 03:29:06,425 [DEBUG] PredPreyGrassEnv.env-c5d50d3b: event=StepSummary | env_id=env-c5d50d3b | step=201 | current_step=201 | terminated_agents=[] | truncated_agents=[] | remaining_agents=25 | reward_preview={prey_9:-0.001, predator_2:-0.001, predator_4:-0.001, prey_14:-0.001, prey_17:-0.001} | info_preview={}
2025-11-23 03:29:06,439 [DEBUG] PredPreyGrassEnv.env-c5d50d3b: event=StepBegin | env_id=env-c5d50d3b | step=202 | incoming_actions=['prey_9', 'prey_14', 'prey_17', 'prey_13', 'prey_18', ...] | active_agents=25 | current_step=202
2025-11-23 03:29:06,443 [DEBUG] PredPreyGrassEnv.env-c5d50d3b: event=StepSummary | env_id=env-c5d50d3b | step=202 | current_step=202 | terminated_agents=[] | truncated_agents=[] | remaining_agents=25 | reward_preview={prey_9:-0.001, predator_2:-0.001, predator_4:-0.001, prey_14:-0.001, prey_17:-0.001} | info_preview={}
2025-11-23 03:29:06,456 [DEBUG] PredPreyGrassEnv.env-c5d50d3b: event=StepBegin | env_id=env-c5d50d3b | step=203 | incoming_actions=['prey_9', 'prey_14', 'prey_17', 'prey_13', 'prey_18', ...] | active_agents=25 | current_step=203
2025-11-23 03:29:06,461 [DEBUG] PredPreyGrassEnv.env-c5d50d3b: event=StepSummary | env_id=env-c5d50d3b | step=203 | current_step=203 | terminated_agents=[] | truncated_agents=[] | remaining_agents=25 | reward_preview={prey_9:-0.001, predator_2:-0.001, predator_4:-0.001, prey_14:-0.001, prey_17:-0.001} | info_preview={}
2025-11-23 03:29:06,474 [DEBUG] PredPreyGrassEnv.env-c5d50d3b: event=StepBegin | env_id=env-c5d50d3b | step=204 | incoming_actions=['prey_9', 'prey_14', 'prey_17', 'prey_13', 'prey_18', ...] | active_agents=25 | current_step=204
2025-11-23 03:29:06,479 [DEBUG] PredPreyGrassEnv.env-c5d50d3b: event=StepSummary | env_id=env-c5d50d3b | step=204 | current_step=204 | terminated_agents=[] | truncated_agents=[] | remaining_agents=25 | reward_preview={prey_9:-0.001, predator_2:-0.001, predator_4:-0.001, prey_14:-0.001, prey_17:-0.001} | info_preview={}
2025-11-23 03:29:06,495 [DEBUG] PredPreyGrassEnv.env-c5d50d3b: event=StepBegin | env_id=env-c5d50d3b | step=205 | incoming_actions=['prey_9', 'prey_14', 'prey_17', 'prey_13', 'prey_18', ...] | active_agents=25 | current_step=205
2025-11-23 03:29:06,498 [DEBUG] PredPreyGrassEnv.env-c5d50d3b: event=StepSummary | env_id=env-c5d50d3b | step=205 | current_step=205 | terminated_agents=[] | truncated_agents=[] | remaining_agents=25 | reward_preview={prey_9:-0.001, predator_2:-0.001, predator_4:-0.001, prey_14:-0.001, prey_17:-0.001} | info_preview={}
2025-11-23 03:29:06,509 [DEBUG] PredPreyGrassEnv.env-c5d50d3b: event=StepBegin | env_id=env-c5d50d3b | step=206 | incoming_actions=['prey_9', 'prey_14', 'prey_17', 'prey_13', 'prey_18', ...] | active_agents=25 | current_step=206
2025-11-23 03:29:06,513 [DEBUG] PredPreyGrassEnv.env-c5d50d3b: event=StepSummary | env_id=env-c5d50d3b | step=206 | current_step=206 | terminated_agents=[] | truncated_agents=[] | remaining_agents=25 | reward_preview={prey_9:-0.001, predator_2:-0.001, predator_4:-0.001, prey_14:-0.001, prey_17:-0.001} | info_preview={}
2025-11-23 03:29:06,524 [DEBUG] PredPreyGrassEnv.env-c5d50d3b: event=StepBegin | env_id=env-c5d50d3b | step=207 | incoming_actions=['prey_9', 'prey_14', 'prey_17', 'prey_13', 'prey_18', ...] | active_agents=25 | current_step=207
2025-11-23 03:29:06,527 [DEBUG] PredPreyGrassEnv.env-c5d50d3b: event=StepSummary | env_id=env-c5d50d3b | step=207 | current_step=207 | terminated_agents=[] | truncated_agents=[] | remaining_agents=25 | reward_preview={prey_9:-0.001, predator_2:-0.001, predator_4:-0.001, prey_14:-0.001, prey_17:-0.001} | info_preview={}
2025-11-23 03:29:06,538 [DEBUG] PredPreyGrassEnv.env-c5d50d3b: event=StepBegin | env_id=env-c5d50d3b | step=208 | incoming_actions=['prey_9', 'prey_14', 'prey_17', 'prey_13', 'prey_18', ...] | active_agents=25 | current_step=208
2025-11-23 03:29:06,541 [DEBUG] PredPreyGrassEnv.env-c5d50d3b: event=StepSummary | env_id=env-c5d50d3b | step=208 | current_step=208 | terminated_agents=[] | truncated_agents=[] | remaining_agents=25 | reward_preview={prey_9:-0.001, predator_2:-0.001, predator_4:-0.001, prey_14:-0.001, prey_17:-0.001} | info_preview={}
2025-11-23 03:29:06,553 [DEBUG] PredPreyGrassEnv.env-c5d50d3b: event=StepBegin | env_id=env-c5d50d3b | step=209 | incoming_actions=['prey_9', 'prey_14', 'prey_17', 'prey_13', 'prey_18', ...] | active_agents=25 | current_step=209
2025-11-23 03:29:06,556 [DEBUG] PredPreyGrassEnv.env-c5d50d3b: event=StepSummary | env_id=env-c5d50d3b | step=209 | current_step=209 | terminated_agents=[] | truncated_agents=[] | remaining_agents=25 | reward_preview={prey_9:-0.001, predator_2:-0.001, predator_4:-0.001, prey_14:-0.001, prey_17:-0.001} | info_preview={}
2025-11-23 03:29:06,569 [DEBUG] PredPreyGrassEnv.env-c5d50d3b: event=StepBegin | env_id=env-c5d50d3b | step=210 | incoming_actions=['prey_9', 'prey_14', 'prey_17', 'prey_13', 'prey_18', ...] | active_agents=25 | current_step=210
2025-11-23 03:29:06,573 [DEBUG] PredPreyGrassEnv.env-c5d50d3b: event=StepSummary | env_id=env-c5d50d3b | step=210 | current_step=210 | terminated_agents=[] | truncated_agents=[] | remaining_agents=25 | reward_preview={prey_9:-0.001, predator_2:-0.001, predator_4:-0.001, prey_14:-0.001, prey_17:-0.001} | info_preview={}
2025-11-23 03:29:06,584 [DEBUG] PredPreyGrassEnv.env-c5d50d3b: event=StepBegin | env_id=env-c5d50d3b | step=211 | incoming_actions=['prey_9', 'prey_14', 'prey_17', 'prey_13', 'prey_18', ...] | active_agents=25 | current_step=211
2025-11-23 03:29:06,587 [DEBUG] PredPreyGrassEnv.env-c5d50d3b: event=StepSummary | env_id=env-c5d50d3b | step=211 | current_step=211 | terminated_agents=[] | truncated_agents=[] | remaining_agents=25 | reward_preview={prey_9:-0.001, predator_2:-0.001, predator_4:-0.001, prey_14:-0.001, prey_17:-0.001} | info_preview={}
2025-11-23 03:29:06,598 [DEBUG] PredPreyGrassEnv.env-c5d50d3b: event=StepBegin | env_id=env-c5d50d3b | step=212 | incoming_actions=['prey_9', 'prey_14', 'prey_17', 'prey_13', 'prey_18', ...] | active_agents=25 | current_step=212
2025-11-23 03:29:06,602 [DEBUG] PredPreyGrassEnv.env-c5d50d3b: event=StepSummary | env_id=env-c5d50d3b | step=212 | current_step=212 | terminated_agents=[] | truncated_agents=[] | remaining_agents=25 | reward_preview={prey_9:-0.001, predator_2:-0.001, predator_4:-0.001, prey_14:-0.001, prey_17:-0.001} | info_preview={}
2025-11-23 03:29:06,612 [DEBUG] PredPreyGrassEnv.env-c5d50d3b: event=StepBegin | env_id=env-c5d50d3b | step=213 | incoming_actions=['prey_9', 'prey_14', 'prey_17', 'prey_13', 'prey_18', ...] | active_agents=25 | current_step=213
2025-11-23 03:29:06,616 [DEBUG] PredPreyGrassEnv.env-c5d50d3b: event=StepSummary | env_id=env-c5d50d3b | step=213 | current_step=213 | terminated_agents=[] | truncated_agents=[] | remaining_agents=25 | reward_preview={prey_9:-0.001, predator_2:-0.001, predator_4:-0.001, prey_14:-0.001, prey_17:-0.001} | info_preview={}
2025-11-23 03:29:06,626 [DEBUG] PredPreyGrassEnv.env-c5d50d3b: event=StepBegin | env_id=env-c5d50d3b | step=214 | incoming_actions=['prey_9', 'prey_14', 'prey_17', 'prey_13', 'prey_18', ...] | active_agents=25 | current_step=214
2025-11-23 03:29:06,630 [DEBUG] PredPreyGrassEnv.env-c5d50d3b: event=StepSummary | env_id=env-c5d50d3b | step=214 | current_step=214 | terminated_agents=[] | truncated_agents=[] | remaining_agents=25 | reward_preview={prey_9:-0.001, predator_2:-0.001, predator_4:-0.001, prey_14:-0.001, prey_17:-0.001} | info_preview={}
2025-11-23 03:29:06,640 [DEBUG] PredPreyGrassEnv.env-c5d50d3b: event=StepBegin | env_id=env-c5d50d3b | step=215 | incoming_actions=['prey_9', 'prey_14', 'prey_17', 'prey_13', 'prey_18', ...] | active_agents=25 | current_step=215
2025-11-23 03:29:06,644 [DEBUG] PredPreyGrassEnv.env-c5d50d3b: event=PreyAteGrass | env_id=env-c5d50d3b | step=215 | prey='prey_9' | grass='grass_93' | prey_position=[146.2767280270417, 751.708439826021] | grass_energy=10.0 | energy_gained=9.0 | prey_energy=129.5293874484642
2025-11-23 03:29:06,644 [DEBUG] PredPreyGrassEnv.env-c5d50d3b: event=StepSummary | env_id=env-c5d50d3b | step=215 | current_step=215 | terminated_agents=[] | truncated_agents=[] | remaining_agents=25 | reward_preview={prey_9:1.0, predator_2:-0.001, predator_4:-0.001, prey_14:-0.001, prey_17:-0.001} | info_preview={}
2025-11-23 03:29:06,654 [DEBUG] PredPreyGrassEnv.env-c5d50d3b: event=StepBegin | env_id=env-c5d50d3b | step=216 | incoming_actions=['prey_9', 'prey_14', 'prey_17', 'prey_13', 'prey_18', ...] | active_agents=25 | current_step=216
2025-11-23 03:29:06,658 [DEBUG] PredPreyGrassEnv.env-c5d50d3b: event=StepSummary | env_id=env-c5d50d3b | step=216 | current_step=216 | terminated_agents=[] | truncated_agents=[] | remaining_agents=25 | reward_preview={prey_9:-0.001, predator_2:-0.001, predator_4:-0.001, prey_14:-0.001, prey_17:-0.001} | info_preview={}
2025-11-23 03:29:06,669 [DEBUG] PredPreyGrassEnv.env-c5d50d3b: event=StepBegin | env_id=env-c5d50d3b | step=217 | incoming_actions=['prey_9', 'prey_14', 'prey_17', 'prey_13', 'prey_18', ...] | active_agents=25 | current_step=217
2025-11-23 03:29:06,672 [DEBUG] PredPreyGrassEnv.env-c5d50d3b: event=StepSummary | env_id=env-c5d50d3b | step=217 | current_step=217 | terminated_agents=[] | truncated_agents=[] | remaining_agents=25 | reward_preview={prey_9:-0.001, predator_2:-0.001, predator_4:-0.001, prey_14:-0.001, prey_17:-0.001} | info_preview={}
2025-11-23 03:29:06,682 [DEBUG] PredPreyGrassEnv.env-c5d50d3b: event=StepBegin | env_id=env-c5d50d3b | step=218 | incoming_actions=['prey_9', 'prey_14', 'prey_17', 'prey_13', 'prey_18', ...] | active_agents=25 | current_step=218
2025-11-23 03:29:06,684 [DEBUG] PredPreyGrassEnv.env-c5d50d3b: event=PreyAteGrass | env_id=env-c5d50d3b | step=218 | prey='prey_1' | grass='grass_32' | prey_position=[253.86287050568978, 459.4777525766002] | grass_energy=10.0 | energy_gained=9.0 | prey_energy=116.6531054536179
2025-11-23 03:29:06,686 [DEBUG] PredPreyGrassEnv.env-c5d50d3b: event=StepSummary | env_id=env-c5d50d3b | step=218 | current_step=218 | terminated_agents=[] | truncated_agents=[] | remaining_agents=25 | reward_preview={prey_9:-0.001, predator_2:-0.001, predator_4:-0.001, prey_14:-0.001, prey_17:-0.001} | info_preview={}
2025-11-23 03:29:06,708 [DEBUG] PredPreyGrassEnv.env-c5d50d3b: event=StepBegin | env_id=env-c5d50d3b | step=219 | incoming_actions=['prey_9', 'prey_14', 'prey_17', 'prey_13', 'prey_18', ...] | active_agents=25 | current_step=219
2025-11-23 03:29:06,711 [DEBUG] PredPreyGrassEnv.env-c5d50d3b: event=StepSummary | env_id=env-c5d50d3b | step=219 | current_step=219 | terminated_agents=[] | truncated_agents=[] | remaining_agents=25 | reward_preview={prey_9:-0.001, predator_2:-0.001, predator_4:-0.001, prey_14:-0.001, prey_17:-0.001} | info_preview={}
2025-11-23 03:29:06,725 [DEBUG] PredPreyGrassEnv.env-c5d50d3b: event=StepBegin | env_id=env-c5d50d3b | step=220 | incoming_actions=['prey_9', 'prey_14', 'prey_17', 'prey_13', 'prey_18', ...] | active_agents=25 | current_step=220
2025-11-23 03:29:06,729 [DEBUG] PredPreyGrassEnv.env-c5d50d3b: event=StepSummary | env_id=env-c5d50d3b | step=220 | current_step=220 | terminated_agents=[] | truncated_agents=[] | remaining_agents=25 | reward_preview={prey_9:-0.001, predator_2:-0.001, predator_4:-0.001, prey_14:-0.001, prey_17:-0.001} | info_preview={}
2025-11-23 03:29:06,739 [DEBUG] PredPreyGrassEnv.env-c5d50d3b: event=StepBegin | env_id=env-c5d50d3b | step=221 | incoming_actions=['prey_9', 'prey_14', 'prey_17', 'prey_13', 'prey_18', ...] | active_agents=25 | current_step=221
2025-11-23 03:29:06,743 [DEBUG] PredPreyGrassEnv.env-c5d50d3b: event=StepSummary | env_id=env-c5d50d3b | step=221 | current_step=221 | terminated_agents=[] | truncated_agents=[] | remaining_agents=25 | reward_preview={prey_9:-0.001, predator_2:-0.001, predator_4:-0.001, prey_14:-0.001, prey_17:-0.001} | info_preview={}
2025-11-23 03:29:06,754 [DEBUG] PredPreyGrassEnv.env-c5d50d3b: event=StepBegin | env_id=env-c5d50d3b | step=222 | incoming_actions=['prey_9', 'prey_14', 'prey_17', 'prey_13', 'prey_18', ...] | active_agents=25 | current_step=222
2025-11-23 03:29:06,758 [DEBUG] PredPreyGrassEnv.env-c5d50d3b: event=StepSummary | env_id=env-c5d50d3b | step=222 | current_step=222 | terminated_agents=[] | truncated_agents=[] | remaining_agents=25 | reward_preview={prey_9:-0.001, predator_2:-0.001, predator_4:-0.001, prey_14:-0.001, prey_17:-0.001} | info_preview={}
2025-11-23 03:29:06,768 [DEBUG] PredPreyGrassEnv.env-c5d50d3b: event=StepBegin | env_id=env-c5d50d3b | step=223 | incoming_actions=['prey_9', 'prey_14', 'prey_17', 'prey_13', 'prey_18', ...] | active_agents=25 | current_step=223
2025-11-23 03:29:06,772 [DEBUG] PredPreyGrassEnv.env-c5d50d3b: event=StepSummary | env_id=env-c5d50d3b | step=223 | current_step=223 | terminated_agents=[] | truncated_agents=[] | remaining_agents=25 | reward_preview={prey_9:-0.001, predator_2:-0.001, predator_4:-0.001, prey_14:-0.001, prey_17:-0.001} | info_preview={}
2025-11-23 03:29:06,782 [DEBUG] PredPreyGrassEnv.env-c5d50d3b: event=StepBegin | env_id=env-c5d50d3b | step=224 | incoming_actions=['prey_9', 'prey_14', 'prey_17', 'prey_13', 'prey_18', ...] | active_agents=25 | current_step=224
2025-11-23 03:29:06,787 [DEBUG] PredPreyGrassEnv.env-c5d50d3b: event=StepSummary | env_id=env-c5d50d3b | step=224 | current_step=224 | terminated_agents=[] | truncated_agents=[] | remaining_agents=25 | reward_preview={prey_9:-0.001, predator_2:-0.001, predator_4:-0.001, prey_14:-0.001, prey_17:-0.001} | info_preview={}
2025-11-23 03:29:06,799 [DEBUG] PredPreyGrassEnv.env-c5d50d3b: event=StepBegin | env_id=env-c5d50d3b | step=225 | incoming_actions=['prey_9', 'prey_14', 'prey_17', 'prey_13', 'prey_18', ...] | active_agents=25 | current_step=225
2025-11-23 03:29:06,805 [DEBUG] PredPreyGrassEnv.env-c5d50d3b: event=PreyAteGrass | env_id=env-c5d50d3b | step=225 | prey='prey_18' | grass='grass_64' | prey_position=[294.14579984100516, 347.1721836947221] | grass_energy=10.0 | energy_gained=9.0 | prey_energy=122.8187800269218
2025-11-23 03:29:06,807 [DEBUG] PredPreyGrassEnv.env-c5d50d3b: event=StepSummary | env_id=env-c5d50d3b | step=225 | current_step=225 | terminated_agents=[] | truncated_agents=[] | remaining_agents=25 | reward_preview={prey_9:-0.001, predator_2:-0.001, predator_4:-0.001, prey_14:-0.001, prey_17:-0.001} | info_preview={}
2025-11-23 03:29:06,817 [DEBUG] PredPreyGrassEnv.env-c5d50d3b: event=StepBegin | env_id=env-c5d50d3b | step=226 | incoming_actions=['prey_9', 'prey_14', 'prey_17', 'prey_13', 'prey_18', ...] | active_agents=25 | current_step=226
2025-11-23 03:29:06,821 [DEBUG] PredPreyGrassEnv.env-c5d50d3b: event=StepSummary | env_id=env-c5d50d3b | step=226 | current_step=226 | terminated_agents=[] | truncated_agents=[] | remaining_agents=25 | reward_preview={prey_9:-0.001, predator_2:-0.001, predator_4:-0.001, prey_14:-0.001, prey_17:-0.001} | info_preview={}
2025-11-23 03:29:06,832 [DEBUG] PredPreyGrassEnv.env-c5d50d3b: event=StepBegin | env_id=env-c5d50d3b | step=227 | incoming_actions=['prey_9', 'prey_14', 'prey_17', 'prey_13', 'prey_18', ...] | active_agents=25 | current_step=227
2025-11-23 03:29:06,836 [DEBUG] PredPreyGrassEnv.env-c5d50d3b: event=StepSummary | env_id=env-c5d50d3b | step=227 | current_step=227 | terminated_agents=[] | truncated_agents=[] | remaining_agents=25 | reward_preview={prey_9:-0.001, predator_2:-0.001, predator_4:-0.001, prey_14:-0.001, prey_17:-0.001} | info_preview={}
2025-11-23 03:29:06,848 [DEBUG] PredPreyGrassEnv.env-c5d50d3b: event=StepBegin | env_id=env-c5d50d3b | step=228 | incoming_actions=['prey_9', 'prey_14', 'prey_17', 'prey_13', 'prey_18', ...] | active_agents=25 | current_step=228
2025-11-23 03:29:06,852 [DEBUG] PredPreyGrassEnv.env-c5d50d3b: event=StepSummary | env_id=env-c5d50d3b | step=228 | current_step=228 | terminated_agents=[] | truncated_agents=[] | remaining_agents=25 | reward_preview={prey_9:-0.001, predator_2:-0.001, predator_4:-0.001, prey_14:-0.001, prey_17:-0.001} | info_preview={}
2025-11-23 03:29:06,862 [DEBUG] PredPreyGrassEnv.env-c5d50d3b: event=StepBegin | env_id=env-c5d50d3b | step=229 | incoming_actions=['prey_9', 'prey_14', 'prey_17', 'prey_13', 'prey_18', ...] | active_agents=25 | current_step=229
2025-11-23 03:29:06,866 [DEBUG] PredPreyGrassEnv.env-c5d50d3b: event=StepSummary | env_id=env-c5d50d3b | step=229 | current_step=229 | terminated_agents=[] | truncated_agents=[] | remaining_agents=25 | reward_preview={prey_9:-0.001, predator_2:-0.001, predator_4:-0.001, prey_14:-0.001, prey_17:-0.001} | info_preview={}
2025-11-23 03:29:06,877 [DEBUG] PredPreyGrassEnv.env-c5d50d3b: event=StepBegin | env_id=env-c5d50d3b | step=230 | incoming_actions=['prey_9', 'prey_14', 'prey_17', 'prey_13', 'prey_18', ...] | active_agents=25 | current_step=230
2025-11-23 03:29:06,881 [DEBUG] PredPreyGrassEnv.env-c5d50d3b: event=StepSummary | env_id=env-c5d50d3b | step=230 | current_step=230 | terminated_agents=[] | truncated_agents=[] | remaining_agents=25 | reward_preview={prey_9:-0.001, predator_2:-0.001, predator_4:-0.001, prey_14:-0.001, prey_17:-0.001} | info_preview={}
2025-11-23 03:29:06,891 [DEBUG] PredPreyGrassEnv.env-c5d50d3b: event=StepBegin | env_id=env-c5d50d3b | step=231 | incoming_actions=['prey_9', 'prey_14', 'prey_17', 'prey_13', 'prey_18', ...] | active_agents=25 | current_step=231
2025-11-23 03:29:06,895 [DEBUG] PredPreyGrassEnv.env-c5d50d3b: event=StepSummary | env_id=env-c5d50d3b | step=231 | current_step=231 | terminated_agents=[] | truncated_agents=[] | remaining_agents=25 | reward_preview={prey_9:-0.001, predator_2:-0.001, predator_4:-0.001, prey_14:-0.001, prey_17:-0.001} | info_preview={}
2025-11-23 03:29:06,905 [DEBUG] PredPreyGrassEnv.env-c5d50d3b: event=StepBegin | env_id=env-c5d50d3b | step=232 | incoming_actions=['prey_9', 'prey_14', 'prey_17', 'prey_13', 'prey_18', ...] | active_agents=25 | current_step=232
2025-11-23 03:29:06,909 [DEBUG] PredPreyGrassEnv.env-c5d50d3b: event=StepSummary | env_id=env-c5d50d3b | step=232 | current_step=232 | terminated_agents=[] | truncated_agents=[] | remaining_agents=25 | reward_preview={prey_9:-0.001, predator_2:-0.001, predator_4:-0.001, prey_14:-0.001, prey_17:-0.001} | info_preview={}
2025-11-23 03:29:06,920 [DEBUG] PredPreyGrassEnv.env-c5d50d3b: event=StepBegin | env_id=env-c5d50d3b | step=233 | incoming_actions=['prey_9', 'prey_14', 'prey_17', 'prey_13', 'prey_18', ...] | active_agents=25 | current_step=233
2025-11-23 03:29:06,923 [DEBUG] PredPreyGrassEnv.env-c5d50d3b: event=StepSummary | env_id=env-c5d50d3b | step=233 | current_step=233 | terminated_agents=[] | truncated_agents=[] | remaining_agents=25 | reward_preview={prey_9:-0.001, predator_2:-0.001, predator_4:-0.001, prey_14:-0.001, prey_17:-0.001} | info_preview={}
2025-11-23 03:29:06,934 [DEBUG] PredPreyGrassEnv.env-c5d50d3b: event=StepBegin | env_id=env-c5d50d3b | step=234 | incoming_actions=['prey_9', 'prey_14', 'prey_17', 'prey_13', 'prey_18', ...] | active_agents=25 | current_step=234
2025-11-23 03:29:06,938 [DEBUG] PredPreyGrassEnv.env-c5d50d3b: event=StepSummary | env_id=env-c5d50d3b | step=234 | current_step=234 | terminated_agents=[] | truncated_agents=[] | remaining_agents=25 | reward_preview={prey_9:-0.001, predator_2:-0.001, predator_4:-0.001, prey_14:-0.001, prey_17:-0.001} | info_preview={}
2025-11-23 03:29:06,948 [DEBUG] PredPreyGrassEnv.env-c5d50d3b: event=StepBegin | env_id=env-c5d50d3b | step=235 | incoming_actions=['prey_9', 'prey_14', 'prey_17', 'prey_13', 'prey_18', ...] | active_agents=25 | current_step=235
2025-11-23 03:29:06,952 [DEBUG] PredPreyGrassEnv.env-c5d50d3b: event=StepSummary | env_id=env-c5d50d3b | step=235 | current_step=235 | terminated_agents=[] | truncated_agents=[] | remaining_agents=25 | reward_preview={prey_9:-0.001, predator_2:-0.001, predator_4:-0.001, prey_14:-0.001, prey_17:-0.001} | info_preview={}
2025-11-23 03:29:06,963 [DEBUG] PredPreyGrassEnv.env-c5d50d3b: event=StepBegin | env_id=env-c5d50d3b | step=236 | incoming_actions=['prey_9', 'prey_14', 'prey_17', 'prey_13', 'prey_18', ...] | active_agents=25 | current_step=236
2025-11-23 03:29:06,966 [DEBUG] PredPreyGrassEnv.env-c5d50d3b: event=StepSummary | env_id=env-c5d50d3b | step=236 | current_step=236 | terminated_agents=[] | truncated_agents=[] | remaining_agents=25 | reward_preview={prey_9:-0.001, predator_2:-0.001, predator_4:-0.001, prey_14:-0.001, prey_17:-0.001} | info_preview={}
2025-11-23 03:29:06,977 [DEBUG] PredPreyGrassEnv.env-c5d50d3b: event=StepBegin | env_id=env-c5d50d3b | step=237 | incoming_actions=['prey_9', 'prey_14', 'prey_17', 'prey_13', 'prey_18', ...] | active_agents=25 | current_step=237
2025-11-23 03:29:06,980 [DEBUG] PredPreyGrassEnv.env-c5d50d3b: event=StepSummary | env_id=env-c5d50d3b | step=237 | current_step=237 | terminated_agents=[] | truncated_agents=[] | remaining_agents=25 | reward_preview={prey_9:-0.001, predator_2:-0.001, predator_4:-0.001, prey_14:-0.001, prey_17:-0.001} | info_preview={}
2025-11-23 03:29:06,991 [DEBUG] PredPreyGrassEnv.env-c5d50d3b: event=StepBegin | env_id=env-c5d50d3b | step=238 | incoming_actions=['prey_9', 'prey_14', 'prey_17', 'prey_13', 'prey_18', ...] | active_agents=25 | current_step=238
2025-11-23 03:29:06,995 [DEBUG] PredPreyGrassEnv.env-c5d50d3b: event=StepSummary | env_id=env-c5d50d3b | step=238 | current_step=238 | terminated_agents=[] | truncated_agents=[] | remaining_agents=25 | reward_preview={prey_9:-0.001, predator_2:-0.001, predator_4:-0.001, prey_14:-0.001, prey_17:-0.001} | info_preview={}
2025-11-23 03:29:07,005 [DEBUG] PredPreyGrassEnv.env-c5d50d3b: event=StepBegin | env_id=env-c5d50d3b | step=239 | incoming_actions=['prey_9', 'prey_14', 'prey_17', 'prey_13', 'prey_18', ...] | active_agents=25 | current_step=239
2025-11-23 03:29:07,009 [DEBUG] PredPreyGrassEnv.env-c5d50d3b: event=StepSummary | env_id=env-c5d50d3b | step=239 | current_step=239 | terminated_agents=[] | truncated_agents=[] | remaining_agents=25 | reward_preview={prey_9:-0.001, predator_2:-0.001, predator_4:-0.001, prey_14:-0.001, prey_17:-0.001} | info_preview={}
2025-11-23 03:29:07,019 [DEBUG] PredPreyGrassEnv.env-c5d50d3b: event=StepBegin | env_id=env-c5d50d3b | step=240 | incoming_actions=['prey_9', 'prey_14', 'prey_17', 'prey_13', 'prey_18', ...] | active_agents=25 | current_step=240
2025-11-23 03:29:07,023 [DEBUG] PredPreyGrassEnv.env-c5d50d3b: event=StepSummary | env_id=env-c5d50d3b | step=240 | current_step=240 | terminated_agents=[] | truncated_agents=[] | remaining_agents=25 | reward_preview={prey_9:-0.001, predator_2:-0.001, predator_4:-0.001, prey_14:-0.001, prey_17:-0.001} | info_preview={}
2025-11-23 03:29:07,033 [DEBUG] PredPreyGrassEnv.env-c5d50d3b: event=StepBegin | env_id=env-c5d50d3b | step=241 | incoming_actions=['prey_9', 'prey_14', 'prey_17', 'prey_13', 'prey_18', ...] | active_agents=25 | current_step=241
2025-11-23 03:29:07,037 [DEBUG] PredPreyGrassEnv.env-c5d50d3b: event=PreyAteGrass | env_id=env-c5d50d3b | step=241 | prey='prey_5' | grass='grass_87' | prey_position=[778.0427392317175, 273.22641704403327] | grass_energy=10.0 | energy_gained=9.0 | prey_energy=116.62026024159086
2025-11-23 03:29:07,038 [DEBUG] PredPreyGrassEnv.env-c5d50d3b: event=StepSummary | env_id=env-c5d50d3b | step=241 | current_step=241 | terminated_agents=[] | truncated_agents=[] | remaining_agents=25 | reward_preview={prey_9:-0.001, predator_2:-0.001, predator_4:-0.001, prey_14:-0.001, prey_17:-0.001} | info_preview={}
2025-11-23 03:29:07,048 [DEBUG] PredPreyGrassEnv.env-c5d50d3b: event=StepBegin | env_id=env-c5d50d3b | step=242 | incoming_actions=['prey_9', 'prey_14', 'prey_17', 'prey_13', 'prey_18', ...] | active_agents=25 | current_step=242
2025-11-23 03:29:07,052 [DEBUG] PredPreyGrassEnv.env-c5d50d3b: event=StepSummary | env_id=env-c5d50d3b | step=242 | current_step=242 | terminated_agents=[] | truncated_agents=[] | remaining_agents=25 | reward_preview={prey_9:-0.001, predator_2:-0.001, predator_4:-0.001, prey_14:-0.001, prey_17:-0.001} | info_preview={}
2025-11-23 03:29:07,062 [DEBUG] PredPreyGrassEnv.env-c5d50d3b: event=StepBegin | env_id=env-c5d50d3b | step=243 | incoming_actions=['prey_9', 'prey_14', 'prey_17', 'prey_13', 'prey_18', ...] | active_agents=25 | current_step=243
2025-11-23 03:29:07,066 [DEBUG] PredPreyGrassEnv.env-c5d50d3b: event=StepSummary | env_id=env-c5d50d3b | step=243 | current_step=243 | terminated_agents=[] | truncated_agents=[] | remaining_agents=25 | reward_preview={prey_9:-0.001, predator_2:-0.001, predator_4:-0.001, prey_14:-0.001, prey_17:-0.001} | info_preview={}
2025-11-23 03:29:07,077 [DEBUG] PredPreyGrassEnv.env-c5d50d3b: event=StepBegin | env_id=env-c5d50d3b | step=244 | incoming_actions=['prey_9', 'prey_14', 'prey_17', 'prey_13', 'prey_18', ...] | active_agents=25 | current_step=244
2025-11-23 03:29:07,081 [DEBUG] PredPreyGrassEnv.env-c5d50d3b: event=StepSummary | env_id=env-c5d50d3b | step=244 | current_step=244 | terminated_agents=[] | truncated_agents=[] | remaining_agents=25 | reward_preview={prey_9:-0.001, predator_2:-0.001, predator_4:-0.001, prey_14:-0.001, prey_17:-0.001} | info_preview={}
2025-11-23 03:29:07,091 [DEBUG] PredPreyGrassEnv.env-c5d50d3b: event=StepBegin | env_id=env-c5d50d3b | step=245 | incoming_actions=['prey_9', 'prey_14', 'prey_17', 'prey_13', 'prey_18', ...] | active_agents=25 | current_step=245
2025-11-23 03:29:07,095 [DEBUG] PredPreyGrassEnv.env-c5d50d3b: event=StepSummary | env_id=env-c5d50d3b | step=245 | current_step=245 | terminated_agents=[] | truncated_agents=[] | remaining_agents=25 | reward_preview={prey_9:-0.001, predator_2:-0.001, predator_4:-0.001, prey_14:-0.001, prey_17:-0.001} | info_preview={}
2025-11-23 03:29:07,106 [DEBUG] PredPreyGrassEnv.env-c5d50d3b: event=StepBegin | env_id=env-c5d50d3b | step=246 | incoming_actions=['prey_9', 'prey_14', 'prey_17', 'prey_13', 'prey_18', ...] | active_agents=25 | current_step=246
2025-11-23 03:29:07,110 [DEBUG] PredPreyGrassEnv.env-c5d50d3b: event=StepSummary | env_id=env-c5d50d3b | step=246 | current_step=246 | terminated_agents=[] | truncated_agents=[] | remaining_agents=25 | reward_preview={prey_9:-0.001, predator_2:-0.001, predator_4:-0.001, prey_14:-0.001, prey_17:-0.001} | info_preview={}
2025-11-23 03:29:07,121 [DEBUG] PredPreyGrassEnv.env-c5d50d3b: event=StepBegin | env_id=env-c5d50d3b | step=247 | incoming_actions=['prey_9', 'prey_14', 'prey_17', 'prey_13', 'prey_18', ...] | active_agents=25 | current_step=247
2025-11-23 03:29:07,123 [DEBUG] PredPreyGrassEnv.env-c5d50d3b: event=PreyAteGrass | env_id=env-c5d50d3b | step=247 | prey='prey_13' | grass='grass_85' | prey_position=[585.5747950133208, 138.7777686519717] | grass_energy=10.0 | energy_gained=9.0 | prey_energy=119.53285646532207
2025-11-23 03:29:07,125 [DEBUG] PredPreyGrassEnv.env-c5d50d3b: event=StepSummary | env_id=env-c5d50d3b | step=247 | current_step=247 | terminated_agents=[] | truncated_agents=[] | remaining_agents=25 | reward_preview={prey_9:-0.001, predator_2:-0.001, predator_4:-0.001, prey_14:-0.001, prey_17:-0.001} | info_preview={}
2025-11-23 03:29:07,137 [DEBUG] PredPreyGrassEnv.env-c5d50d3b: event=StepBegin | env_id=env-c5d50d3b | step=248 | incoming_actions=['prey_9', 'prey_14', 'prey_17', 'prey_13', 'prey_18', ...] | active_agents=25 | current_step=248
2025-11-23 03:29:07,141 [DEBUG] PredPreyGrassEnv.env-c5d50d3b: event=StepSummary | env_id=env-c5d50d3b | step=248 | current_step=248 | terminated_agents=[] | truncated_agents=[] | remaining_agents=25 | reward_preview={prey_9:-0.001, predator_2:-0.001, predator_4:-0.001, prey_14:-0.001, prey_17:-0.001} | info_preview={}
2025-11-23 03:29:07,152 [DEBUG] PredPreyGrassEnv.env-c5d50d3b: event=StepBegin | env_id=env-c5d50d3b | step=249 | incoming_actions=['prey_9', 'prey_14', 'prey_17', 'prey_13', 'prey_18', ...] | active_agents=25 | current_step=249
2025-11-23 03:29:07,156 [DEBUG] PredPreyGrassEnv.env-c5d50d3b: event=StepSummary | env_id=env-c5d50d3b | step=249 | current_step=249 | terminated_agents=[] | truncated_agents=[] | remaining_agents=25 | reward_preview={prey_9:-0.001, predator_2:-0.001, predator_4:-0.001, prey_14:-0.001, prey_17:-0.001} | info_preview={}
2025-11-23 03:29:07,167 [DEBUG] PredPreyGrassEnv.env-c5d50d3b: event=StepBegin | env_id=env-c5d50d3b | step=250 | incoming_actions=['prey_9', 'prey_14', 'prey_17', 'prey_13', 'prey_18', ...] | active_agents=25 | current_step=250
2025-11-23 03:29:07,171 [DEBUG] PredPreyGrassEnv.env-c5d50d3b: event=StepSummary | env_id=env-c5d50d3b | step=250 | current_step=250 | terminated_agents=[] | truncated_agents=[] | remaining_agents=25 | reward_preview={prey_9:-0.001, predator_2:-0.001, predator_4:-0.001, prey_14:-0.001, prey_17:-0.001} | info_preview={}
2025-11-23 03:29:07,183 [DEBUG] PredPreyGrassEnv.env-c5d50d3b: event=StepBegin | env_id=env-c5d50d3b | step=251 | incoming_actions=['prey_9', 'prey_14', 'prey_17', 'prey_13', 'prey_18', ...] | active_agents=25 | current_step=251
2025-11-23 03:29:07,187 [DEBUG] PredPreyGrassEnv.env-c5d50d3b: event=StepSummary | env_id=env-c5d50d3b | step=251 | current_step=251 | terminated_agents=[] | truncated_agents=[] | remaining_agents=25 | reward_preview={prey_9:-0.001, predator_2:-0.001, predator_4:-0.001, prey_14:-0.001, prey_17:-0.001} | info_preview={}
2025-11-23 03:29:07,198 [DEBUG] PredPreyGrassEnv.env-c5d50d3b: event=StepBegin | env_id=env-c5d50d3b | step=252 | incoming_actions=['prey_9', 'prey_14', 'prey_17', 'prey_13', 'prey_18', ...] | active_agents=25 | current_step=252
2025-11-23 03:29:07,202 [DEBUG] PredPreyGrassEnv.env-c5d50d3b: event=StepSummary | env_id=env-c5d50d3b | step=252 | current_step=252 | terminated_agents=[] | truncated_agents=[] | remaining_agents=25 | reward_preview={prey_9:-0.001, predator_2:-0.001, predator_4:-0.001, prey_14:-0.001, prey_17:-0.001} | info_preview={}
2025-11-23 03:29:07,213 [DEBUG] PredPreyGrassEnv.env-c5d50d3b: event=StepBegin | env_id=env-c5d50d3b | step=253 | incoming_actions=['prey_9', 'prey_14', 'prey_17', 'prey_13', 'prey_18', ...] | active_agents=25 | current_step=253
2025-11-23 03:29:07,217 [DEBUG] PredPreyGrassEnv.env-c5d50d3b: event=StepSummary | env_id=env-c5d50d3b | step=253 | current_step=253 | terminated_agents=[] | truncated_agents=[] | remaining_agents=25 | reward_preview={prey_9:-0.001, predator_2:-0.001, predator_4:-0.001, prey_14:-0.001, prey_17:-0.001} | info_preview={}
2025-11-23 03:29:07,228 [DEBUG] PredPreyGrassEnv.env-c5d50d3b: event=StepBegin | env_id=env-c5d50d3b | step=254 | incoming_actions=['prey_9', 'prey_14', 'prey_17', 'prey_13', 'prey_18', ...] | active_agents=25 | current_step=254
2025-11-23 03:29:07,229 [DEBUG] PredPreyGrassEnv.env-c5d50d3b: event=PreyAteGrass | env_id=env-c5d50d3b | step=254 | prey='prey_13' | grass='grass_77' | prey_position=[593.9315481423741, 135.03506526281768] | grass_energy=10.0 | energy_gained=9.0 | prey_energy=127.39002808166964
2025-11-23 03:29:07,232 [DEBUG] PredPreyGrassEnv.env-c5d50d3b: event=StepSummary | env_id=env-c5d50d3b | step=254 | current_step=254 | terminated_agents=[] | truncated_agents=[] | remaining_agents=25 | reward_preview={prey_9:-0.001, predator_2:-0.001, predator_4:-0.001, prey_14:-0.001, prey_17:-0.001} | info_preview={}
2025-11-23 03:29:07,243 [DEBUG] PredPreyGrassEnv.env-c5d50d3b: event=StepBegin | env_id=env-c5d50d3b | step=255 | incoming_actions=['prey_9', 'prey_14', 'prey_17', 'prey_13', 'prey_18', ...] | active_agents=25 | current_step=255
2025-11-23 03:29:07,246 [DEBUG] PredPreyGrassEnv.env-c5d50d3b: event=StepSummary | env_id=env-c5d50d3b | step=255 | current_step=255 | terminated_agents=[] | truncated_agents=[] | remaining_agents=25 | reward_preview={prey_9:-0.001, predator_2:-0.001, predator_4:-0.001, prey_14:-0.001, prey_17:-0.001} | info_preview={}
2025-11-23 03:29:07,257 [DEBUG] PredPreyGrassEnv.env-c5d50d3b: event=StepBegin | env_id=env-c5d50d3b | step=256 | incoming_actions=['prey_9', 'prey_14', 'prey_17', 'prey_13', 'prey_18', ...] | active_agents=25 | current_step=256
2025-11-23 03:29:07,261 [DEBUG] PredPreyGrassEnv.env-c5d50d3b: event=StepSummary | env_id=env-c5d50d3b | step=256 | current_step=256 | terminated_agents=[] | truncated_agents=[] | remaining_agents=25 | reward_preview={prey_9:-0.001, predator_2:-0.001, predator_4:-0.001, prey_14:-0.001, prey_17:-0.001} | info_preview={}
2025-11-23 03:29:07,272 [DEBUG] PredPreyGrassEnv.env-c5d50d3b: event=StepBegin | env_id=env-c5d50d3b | step=257 | incoming_actions=['prey_9', 'prey_14', 'prey_17', 'prey_13', 'prey_18', ...] | active_agents=25 | current_step=257
2025-11-23 03:29:07,276 [DEBUG] PredPreyGrassEnv.env-c5d50d3b: event=StepSummary | env_id=env-c5d50d3b | step=257 | current_step=257 | terminated_agents=[] | truncated_agents=[] | remaining_agents=25 | reward_preview={prey_9:-0.001, predator_2:-0.001, predator_4:-0.001, prey_14:-0.001, prey_17:-0.001} | info_preview={}
2025-11-23 03:29:07,286 [DEBUG] PredPreyGrassEnv.env-c5d50d3b: event=StepBegin | env_id=env-c5d50d3b | step=258 | incoming_actions=['prey_9', 'prey_14', 'prey_17', 'prey_13', 'prey_18', ...] | active_agents=25 | current_step=258
2025-11-23 03:29:07,290 [DEBUG] PredPreyGrassEnv.env-c5d50d3b: event=StepSummary | env_id=env-c5d50d3b | step=258 | current_step=258 | terminated_agents=[] | truncated_agents=[] | remaining_agents=25 | reward_preview={prey_9:-0.001, predator_2:-0.001, predator_4:-0.001, prey_14:-0.001, prey_17:-0.001} | info_preview={}
2025-11-23 03:29:07,301 [DEBUG] PredPreyGrassEnv.env-c5d50d3b: event=StepBegin | env_id=env-c5d50d3b | step=259 | incoming_actions=['prey_9', 'prey_14', 'prey_17', 'prey_13', 'prey_18', ...] | active_agents=25 | current_step=259
2025-11-23 03:29:07,305 [DEBUG] PredPreyGrassEnv.env-c5d50d3b: event=StepSummary | env_id=env-c5d50d3b | step=259 | current_step=259 | terminated_agents=[] | truncated_agents=[] | remaining_agents=25 | reward_preview={prey_9:-0.001, predator_2:-0.001, predator_4:-0.001, prey_14:-0.001, prey_17:-0.001} | info_preview={}
2025-11-23 03:29:07,316 [DEBUG] PredPreyGrassEnv.env-c5d50d3b: event=StepBegin | env_id=env-c5d50d3b | step=260 | incoming_actions=['prey_9', 'prey_14', 'prey_17', 'prey_13', 'prey_18', ...] | active_agents=25 | current_step=260
2025-11-23 03:29:07,319 [DEBUG] PredPreyGrassEnv.env-c5d50d3b: event=StepSummary | env_id=env-c5d50d3b | step=260 | current_step=260 | terminated_agents=[] | truncated_agents=[] | remaining_agents=25 | reward_preview={prey_9:-0.001, predator_2:-0.001, predator_4:-0.001, prey_14:-0.001, prey_17:-0.001} | info_preview={}
2025-11-23 03:29:07,331 [DEBUG] PredPreyGrassEnv.env-c5d50d3b: event=StepBegin | env_id=env-c5d50d3b | step=261 | incoming_actions=['prey_9', 'prey_14', 'prey_17', 'prey_13', 'prey_18', ...] | active_agents=25 | current_step=261
2025-11-23 03:29:07,335 [DEBUG] PredPreyGrassEnv.env-c5d50d3b: event=StepSummary | env_id=env-c5d50d3b | step=261 | current_step=261 | terminated_agents=[] | truncated_agents=[] | remaining_agents=25 | reward_preview={prey_9:-0.001, predator_2:-0.001, predator_4:-0.001, prey_14:-0.001, prey_17:-0.001} | info_preview={}
2025-11-23 03:29:07,346 [DEBUG] PredPreyGrassEnv.env-c5d50d3b: event=StepBegin | env_id=env-c5d50d3b | step=262 | incoming_actions=['prey_9', 'prey_14', 'prey_17', 'prey_13', 'prey_18', ...] | active_agents=25 | current_step=262
2025-11-23 03:29:07,350 [DEBUG] PredPreyGrassEnv.env-c5d50d3b: event=PreyAteGrass | env_id=env-c5d50d3b | step=262 | prey='prey_7' | grass='grass_92' | prey_position=[673.6309081256431, 361.88296660824943] | grass_energy=10.0 | energy_gained=9.0 | prey_energy=104.95491509439466
2025-11-23 03:29:07,350 [DEBUG] PredPreyGrassEnv.env-c5d50d3b: event=StepSummary | env_id=env-c5d50d3b | step=262 | current_step=262 | terminated_agents=[] | truncated_agents=[] | remaining_agents=25 | reward_preview={prey_9:-0.001, predator_2:-0.001, predator_4:-0.001, prey_14:-0.001, prey_17:-0.001} | info_preview={}
2025-11-23 03:29:07,362 [DEBUG] PredPreyGrassEnv.env-c5d50d3b: event=StepBegin | env_id=env-c5d50d3b | step=263 | incoming_actions=['prey_9', 'prey_14', 'prey_17', 'prey_13', 'prey_18', ...] | active_agents=25 | current_step=263
2025-11-23 03:29:07,366 [DEBUG] PredPreyGrassEnv.env-c5d50d3b: event=StepSummary | env_id=env-c5d50d3b | step=263 | current_step=263 | terminated_agents=[] | truncated_agents=[] | remaining_agents=25 | reward_preview={prey_9:-0.001, predator_2:-0.001, predator_4:-0.001, prey_14:-0.001, prey_17:-0.001} | info_preview={}
2025-11-23 03:29:07,377 [DEBUG] PredPreyGrassEnv.env-c5d50d3b: event=StepBegin | env_id=env-c5d50d3b | step=264 | incoming_actions=['prey_9', 'prey_14', 'prey_17', 'prey_13', 'prey_18', ...] | active_agents=25 | current_step=264
2025-11-23 03:29:07,380 [DEBUG] PredPreyGrassEnv.env-c5d50d3b: event=PreyAteGrass | env_id=env-c5d50d3b | step=264 | prey='prey_6' | grass='grass_56' | prey_position=[583.8284602688467, 754.4963622334208] | grass_energy=10.0 | energy_gained=9.0 | prey_energy=127.2786828765113
2025-11-23 03:29:07,381 [DEBUG] PredPreyGrassEnv.env-c5d50d3b: event=StepSummary | env_id=env-c5d50d3b | step=264 | current_step=264 | terminated_agents=[] | truncated_agents=[] | remaining_agents=25 | reward_preview={prey_9:-0.001, predator_2:-0.001, predator_4:-0.001, prey_14:-0.001, prey_17:-0.001} | info_preview={}
2025-11-23 03:29:07,391 [DEBUG] PredPreyGrassEnv.env-c5d50d3b: event=StepBegin | env_id=env-c5d50d3b | step=265 | incoming_actions=['prey_9', 'prey_14', 'prey_17', 'prey_13', 'prey_18', ...] | active_agents=25 | current_step=265
2025-11-23 03:29:07,395 [DEBUG] PredPreyGrassEnv.env-c5d50d3b: event=StepSummary | env_id=env-c5d50d3b | step=265 | current_step=265 | terminated_agents=[] | truncated_agents=[] | remaining_agents=25 | reward_preview={prey_9:-0.001, predator_2:-0.001, predator_4:-0.001, prey_14:-0.001, prey_17:-0.001} | info_preview={}
2025-11-23 03:29:07,405 [DEBUG] PredPreyGrassEnv.env-c5d50d3b: event=StepBegin | env_id=env-c5d50d3b | step=266 | incoming_actions=['prey_9', 'prey_14', 'prey_17', 'prey_13', 'prey_18', ...] | active_agents=25 | current_step=266
2025-11-23 03:29:07,409 [DEBUG] PredPreyGrassEnv.env-c5d50d3b: event=StepSummary | env_id=env-c5d50d3b | step=266 | current_step=266 | terminated_agents=[] | truncated_agents=[] | remaining_agents=25 | reward_preview={prey_9:-0.001, predator_2:-0.001, predator_4:-0.001, prey_14:-0.001, prey_17:-0.001} | info_preview={}
2025-11-23 03:29:07,419 [DEBUG] PredPreyGrassEnv.env-c5d50d3b: event=StepBegin | env_id=env-c5d50d3b | step=267 | incoming_actions=['prey_9', 'prey_14', 'prey_17', 'prey_13', 'prey_18', ...] | active_agents=25 | current_step=267
2025-11-23 03:29:07,423 [DEBUG] PredPreyGrassEnv.env-c5d50d3b: event=StepSummary | env_id=env-c5d50d3b | step=267 | current_step=267 | terminated_agents=[] | truncated_agents=[] | remaining_agents=25 | reward_preview={prey_9:-0.001, predator_2:-0.001, predator_4:-0.001, prey_14:-0.001, prey_17:-0.001} | info_preview={}
2025-11-23 03:29:07,435 [DEBUG] PredPreyGrassEnv.env-c5d50d3b: event=StepBegin | env_id=env-c5d50d3b | step=268 | incoming_actions=['prey_9', 'prey_14', 'prey_17', 'prey_13', 'prey_18', ...] | active_agents=25 | current_step=268
2025-11-23 03:29:07,439 [DEBUG] PredPreyGrassEnv.env-c5d50d3b: event=StepSummary | env_id=env-c5d50d3b | step=268 | current_step=268 | terminated_agents=[] | truncated_agents=[] | remaining_agents=25 | reward_preview={prey_9:-0.001, predator_2:-0.001, predator_4:-0.001, prey_14:-0.001, prey_17:-0.001} | info_preview={}
2025-11-23 03:29:07,450 [DEBUG] PredPreyGrassEnv.env-c5d50d3b: event=StepBegin | env_id=env-c5d50d3b | step=269 | incoming_actions=['prey_9', 'prey_14', 'prey_17', 'prey_13', 'prey_18', ...] | active_agents=25 | current_step=269
2025-11-23 03:29:07,454 [DEBUG] PredPreyGrassEnv.env-c5d50d3b: event=StepSummary | env_id=env-c5d50d3b | step=269 | current_step=269 | terminated_agents=[] | truncated_agents=[] | remaining_agents=25 | reward_preview={prey_9:-0.001, predator_2:-0.001, predator_4:-0.001, prey_14:-0.001, prey_17:-0.001} | info_preview={}
2025-11-23 03:29:07,465 [DEBUG] PredPreyGrassEnv.env-c5d50d3b: event=StepBegin | env_id=env-c5d50d3b | step=270 | incoming_actions=['prey_9', 'prey_14', 'prey_17', 'prey_13', 'prey_18', ...] | active_agents=25 | current_step=270
2025-11-23 03:29:07,469 [DEBUG] PredPreyGrassEnv.env-c5d50d3b: event=StepSummary | env_id=env-c5d50d3b | step=270 | current_step=270 | terminated_agents=[] | truncated_agents=[] | remaining_agents=25 | reward_preview={prey_9:-0.001, predator_2:-0.001, predator_4:-0.001, prey_14:-0.001, prey_17:-0.001} | info_preview={}
2025-11-23 03:29:07,479 [DEBUG] PredPreyGrassEnv.env-c5d50d3b: event=StepBegin | env_id=env-c5d50d3b | step=271 | incoming_actions=['prey_9', 'prey_14', 'prey_17', 'prey_13', 'prey_18', ...] | active_agents=25 | current_step=271
2025-11-23 03:29:07,483 [DEBUG] PredPreyGrassEnv.env-c5d50d3b: event=StepSummary | env_id=env-c5d50d3b | step=271 | current_step=271 | terminated_agents=[] | truncated_agents=[] | remaining_agents=25 | reward_preview={prey_9:-0.001, predator_2:-0.001, predator_4:-0.001, prey_14:-0.001, prey_17:-0.001} | info_preview={}
2025-11-23 03:29:07,494 [DEBUG] PredPreyGrassEnv.env-c5d50d3b: event=StepBegin | env_id=env-c5d50d3b | step=272 | incoming_actions=['prey_9', 'prey_14', 'prey_17', 'prey_13', 'prey_18', ...] | active_agents=25 | current_step=272
2025-11-23 03:29:07,498 [DEBUG] PredPreyGrassEnv.env-c5d50d3b: event=StepSummary | env_id=env-c5d50d3b | step=272 | current_step=272 | terminated_agents=[] | truncated_agents=[] | remaining_agents=25 | reward_preview={prey_9:-0.001, predator_2:-0.001, predator_4:-0.001, prey_14:-0.001, prey_17:-0.001} | info_preview={}
2025-11-23 03:29:07,509 [DEBUG] PredPreyGrassEnv.env-c5d50d3b: event=StepBegin | env_id=env-c5d50d3b | step=273 | incoming_actions=['prey_9', 'prey_14', 'prey_17', 'prey_13', 'prey_18', ...] | active_agents=25 | current_step=273
2025-11-23 03:29:07,513 [DEBUG] PredPreyGrassEnv.env-c5d50d3b: event=StepSummary | env_id=env-c5d50d3b | step=273 | current_step=273 | terminated_agents=[] | truncated_agents=[] | remaining_agents=25 | reward_preview={prey_9:-0.001, predator_2:-0.001, predator_4:-0.001, prey_14:-0.001, prey_17:-0.001} | info_preview={}
2025-11-23 03:29:07,523 [DEBUG] PredPreyGrassEnv.env-c5d50d3b: event=StepBegin | env_id=env-c5d50d3b | step=274 | incoming_actions=['prey_9', 'prey_14', 'prey_17', 'prey_13', 'prey_18', ...] | active_agents=25 | current_step=274
2025-11-23 03:29:07,527 [DEBUG] PredPreyGrassEnv.env-c5d50d3b: event=StepSummary | env_id=env-c5d50d3b | step=274 | current_step=274 | terminated_agents=[] | truncated_agents=[] | remaining_agents=25 | reward_preview={prey_9:-0.001, predator_2:-0.001, predator_4:-0.001, prey_14:-0.001, prey_17:-0.001} | info_preview={}
2025-11-23 03:29:07,538 [DEBUG] PredPreyGrassEnv.env-c5d50d3b: event=StepBegin | env_id=env-c5d50d3b | step=275 | incoming_actions=['prey_9', 'prey_14', 'prey_17', 'prey_13', 'prey_18', ...] | active_agents=25 | current_step=275
2025-11-23 03:29:07,542 [DEBUG] PredPreyGrassEnv.env-c5d50d3b: event=StepSummary | env_id=env-c5d50d3b | step=275 | current_step=275 | terminated_agents=[] | truncated_agents=[] | remaining_agents=25 | reward_preview={prey_9:-0.001, predator_2:-0.001, predator_4:-0.001, prey_14:-0.001, prey_17:-0.001} | info_preview={}
2025-11-23 03:29:07,553 [DEBUG] PredPreyGrassEnv.env-c5d50d3b: event=StepBegin | env_id=env-c5d50d3b | step=276 | incoming_actions=['prey_9', 'prey_14', 'prey_17', 'prey_13', 'prey_18', ...] | active_agents=25 | current_step=276
2025-11-23 03:29:07,555 [DEBUG] PredPreyGrassEnv.env-c5d50d3b: event=PreyAteGrass | env_id=env-c5d50d3b | step=276 | prey='prey_15' | grass='grass_24' | prey_position=[634.3413351900317, 244.0013241505173] | grass_energy=10.0 | energy_gained=9.0 | prey_energy=127.75177639289264
2025-11-23 03:29:07,557 [DEBUG] PredPreyGrassEnv.env-c5d50d3b: event=StepSummary | env_id=env-c5d50d3b | step=276 | current_step=276 | terminated_agents=[] | truncated_agents=[] | remaining_agents=25 | reward_preview={prey_9:-0.001, predator_2:-0.001, predator_4:-0.001, prey_14:-0.001, prey_17:-0.001} | info_preview={}
2025-11-23 03:29:07,568 [DEBUG] PredPreyGrassEnv.env-c5d50d3b: event=StepBegin | env_id=env-c5d50d3b | step=277 | incoming_actions=['prey_9', 'prey_14', 'prey_17', 'prey_13', 'prey_18', ...] | active_agents=25 | current_step=277
2025-11-23 03:29:07,572 [DEBUG] PredPreyGrassEnv.env-c5d50d3b: event=StepSummary | env_id=env-c5d50d3b | step=277 | current_step=277 | terminated_agents=[] | truncated_agents=[] | remaining_agents=25 | reward_preview={prey_9:-0.001, predator_2:-0.001, predator_4:-0.001, prey_14:-0.001, prey_17:-0.001} | info_preview={}
2025-11-23 03:29:07,583 [DEBUG] PredPreyGrassEnv.env-c5d50d3b: event=StepBegin | env_id=env-c5d50d3b | step=278 | incoming_actions=['prey_9', 'prey_14', 'prey_17', 'prey_13', 'prey_18', ...] | active_agents=25 | current_step=278
2025-11-23 03:29:07,586 [DEBUG] PredPreyGrassEnv.env-c5d50d3b: event=StepSummary | env_id=env-c5d50d3b | step=278 | current_step=278 | terminated_agents=[] | truncated_agents=[] | remaining_agents=25 | reward_preview={prey_9:-0.001, predator_2:-0.001, predator_4:-0.001, prey_14:-0.001, prey_17:-0.001} | info_preview={}
2025-11-23 03:29:07,597 [DEBUG] PredPreyGrassEnv.env-c5d50d3b: event=StepBegin | env_id=env-c5d50d3b | step=279 | incoming_actions=['prey_9', 'prey_14', 'prey_17', 'prey_13', 'prey_18', ...] | active_agents=25 | current_step=279
2025-11-23 03:29:07,601 [DEBUG] PredPreyGrassEnv.env-c5d50d3b: event=StepSummary | env_id=env-c5d50d3b | step=279 | current_step=279 | terminated_agents=[] | truncated_agents=[] | remaining_agents=25 | reward_preview={prey_9:-0.001, predator_2:-0.001, predator_4:-0.001, prey_14:-0.001, prey_17:-0.001} | info_preview={}
2025-11-23 03:29:07,612 [DEBUG] PredPreyGrassEnv.env-c5d50d3b: event=StepBegin | env_id=env-c5d50d3b | step=280 | incoming_actions=['prey_9', 'prey_14', 'prey_17', 'prey_13', 'prey_18', ...] | active_agents=25 | current_step=280
2025-11-23 03:29:07,616 [DEBUG] PredPreyGrassEnv.env-c5d50d3b: event=StepSummary | env_id=env-c5d50d3b | step=280 | current_step=280 | terminated_agents=[] | truncated_agents=[] | remaining_agents=25 | reward_preview={prey_9:-0.001, predator_2:-0.001, predator_4:-0.001, prey_14:-0.001, prey_17:-0.001} | info_preview={}
2025-11-23 03:29:07,627 [DEBUG] PredPreyGrassEnv.env-c5d50d3b: event=StepBegin | env_id=env-c5d50d3b | step=281 | incoming_actions=['prey_9', 'prey_14', 'prey_17', 'prey_13', 'prey_18', ...] | active_agents=25 | current_step=281
2025-11-23 03:29:07,630 [DEBUG] PredPreyGrassEnv.env-c5d50d3b: event=StepSummary | env_id=env-c5d50d3b | step=281 | current_step=281 | terminated_agents=[] | truncated_agents=[] | remaining_agents=25 | reward_preview={prey_9:-0.001, predator_2:-0.001, predator_4:-0.001, prey_14:-0.001, prey_17:-0.001} | info_preview={}
2025-11-23 03:29:07,641 [DEBUG] PredPreyGrassEnv.env-c5d50d3b: event=StepBegin | env_id=env-c5d50d3b | step=282 | incoming_actions=['prey_9', 'prey_14', 'prey_17', 'prey_13', 'prey_18', ...] | active_agents=25 | current_step=282
2025-11-23 03:29:07,645 [DEBUG] PredPreyGrassEnv.env-c5d50d3b: event=StepSummary | env_id=env-c5d50d3b | step=282 | current_step=282 | terminated_agents=[] | truncated_agents=[] | remaining_agents=25 | reward_preview={prey_9:-0.001, predator_2:-0.001, predator_4:-0.001, prey_14:-0.001, prey_17:-0.001} | info_preview={}
2025-11-23 03:29:07,655 [DEBUG] PredPreyGrassEnv.env-c5d50d3b: event=StepBegin | env_id=env-c5d50d3b | step=283 | incoming_actions=['prey_9', 'prey_14', 'prey_17', 'prey_13', 'prey_18', ...] | active_agents=25 | current_step=283
2025-11-23 03:29:07,659 [DEBUG] PredPreyGrassEnv.env-c5d50d3b: event=StepSummary | env_id=env-c5d50d3b | step=283 | current_step=283 | terminated_agents=[] | truncated_agents=[] | remaining_agents=25 | reward_preview={prey_9:-0.001, predator_2:-0.001, predator_4:-0.001, prey_14:-0.001, prey_17:-0.001} | info_preview={}
2025-11-23 03:29:07,670 [DEBUG] PredPreyGrassEnv.env-c5d50d3b: event=StepBegin | env_id=env-c5d50d3b | step=284 | incoming_actions=['prey_9', 'prey_14', 'prey_17', 'prey_13', 'prey_18', ...] | active_agents=25 | current_step=284
2025-11-23 03:29:07,673 [DEBUG] PredPreyGrassEnv.env-c5d50d3b: event=StepSummary | env_id=env-c5d50d3b | step=284 | current_step=284 | terminated_agents=[] | truncated_agents=[] | remaining_agents=25 | reward_preview={prey_9:-0.001, predator_2:-0.001, predator_4:-0.001, prey_14:-0.001, prey_17:-0.001} | info_preview={}
2025-11-23 03:29:07,684 [DEBUG] PredPreyGrassEnv.env-c5d50d3b: event=StepBegin | env_id=env-c5d50d3b | step=285 | incoming_actions=['prey_9', 'prey_14', 'prey_17', 'prey_13', 'prey_18', ...] | active_agents=25 | current_step=285
2025-11-23 03:29:07,688 [DEBUG] PredPreyGrassEnv.env-c5d50d3b: event=StepSummary | env_id=env-c5d50d3b | step=285 | current_step=285 | terminated_agents=[] | truncated_agents=[] | remaining_agents=25 | reward_preview={prey_9:-0.001, predator_2:-0.001, predator_4:-0.001, prey_14:-0.001, prey_17:-0.001} | info_preview={}
2025-11-23 03:29:07,698 [DEBUG] PredPreyGrassEnv.env-c5d50d3b: event=StepBegin | env_id=env-c5d50d3b | step=286 | incoming_actions=['prey_9', 'prey_14', 'prey_17', 'prey_13', 'prey_18', ...] | active_agents=25 | current_step=286
2025-11-23 03:29:07,702 [DEBUG] PredPreyGrassEnv.env-c5d50d3b: event=StepSummary | env_id=env-c5d50d3b | step=286 | current_step=286 | terminated_agents=[] | truncated_agents=[] | remaining_agents=25 | reward_preview={prey_9:-0.001, predator_2:-0.001, predator_4:-0.001, prey_14:-0.001, prey_17:-0.001} | info_preview={}
2025-11-23 03:29:07,712 [DEBUG] PredPreyGrassEnv.env-c5d50d3b: event=StepBegin | env_id=env-c5d50d3b | step=287 | incoming_actions=['prey_9', 'prey_14', 'prey_17', 'prey_13', 'prey_18', ...] | active_agents=25 | current_step=287
2025-11-23 03:29:07,716 [DEBUG] PredPreyGrassEnv.env-c5d50d3b: event=StepSummary | env_id=env-c5d50d3b | step=287 | current_step=287 | terminated_agents=[] | truncated_agents=[] | remaining_agents=25 | reward_preview={prey_9:-0.001, predator_2:-0.001, predator_4:-0.001, prey_14:-0.001, prey_17:-0.001} | info_preview={}
2025-11-23 03:29:07,726 [DEBUG] PredPreyGrassEnv.env-c5d50d3b: event=StepBegin | env_id=env-c5d50d3b | step=288 | incoming_actions=['prey_9', 'prey_14', 'prey_17', 'prey_13', 'prey_18', ...] | active_agents=25 | current_step=288
2025-11-23 03:29:07,730 [DEBUG] PredPreyGrassEnv.env-c5d50d3b: event=StepSummary | env_id=env-c5d50d3b | step=288 | current_step=288 | terminated_agents=[] | truncated_agents=[] | remaining_agents=25 | reward_preview={prey_9:-0.001, predator_2:-0.001, predator_4:-0.001, prey_14:-0.001, prey_17:-0.001} | info_preview={}
2025-11-23 03:29:07,740 [DEBUG] PredPreyGrassEnv.env-c5d50d3b: event=StepBegin | env_id=env-c5d50d3b | step=289 | incoming_actions=['prey_9', 'prey_14', 'prey_17', 'prey_13', 'prey_18', ...] | active_agents=25 | current_step=289
2025-11-23 03:29:07,744 [DEBUG] PredPreyGrassEnv.env-c5d50d3b: event=StepSummary | env_id=env-c5d50d3b | step=289 | current_step=289 | terminated_agents=[] | truncated_agents=[] | remaining_agents=25 | reward_preview={prey_9:-0.001, predator_2:-0.001, predator_4:-0.001, prey_14:-0.001, prey_17:-0.001} | info_preview={}
2025-11-23 03:29:07,755 [DEBUG] PredPreyGrassEnv.env-c5d50d3b: event=StepBegin | env_id=env-c5d50d3b | step=290 | incoming_actions=['prey_9', 'prey_14', 'prey_17', 'prey_13', 'prey_18', ...] | active_agents=25 | current_step=290
2025-11-23 03:29:07,759 [DEBUG] PredPreyGrassEnv.env-c5d50d3b: event=StepSummary | env_id=env-c5d50d3b | step=290 | current_step=290 | terminated_agents=[] | truncated_agents=[] | remaining_agents=25 | reward_preview={prey_9:-0.001, predator_2:-0.001, predator_4:-0.001, prey_14:-0.001, prey_17:-0.001} | info_preview={}
2025-11-23 03:29:07,769 [DEBUG] PredPreyGrassEnv.env-c5d50d3b: event=StepBegin | env_id=env-c5d50d3b | step=291 | incoming_actions=['prey_9', 'prey_14', 'prey_17', 'prey_13', 'prey_18', ...] | active_agents=25 | current_step=291
2025-11-23 03:29:07,773 [DEBUG] PredPreyGrassEnv.env-c5d50d3b: event=StepSummary | env_id=env-c5d50d3b | step=291 | current_step=291 | terminated_agents=[] | truncated_agents=[] | remaining_agents=25 | reward_preview={prey_9:-0.001, predator_2:-0.001, predator_4:-0.001, prey_14:-0.001, prey_17:-0.001} | info_preview={}
2025-11-23 03:29:07,783 [DEBUG] PredPreyGrassEnv.env-c5d50d3b: event=StepBegin | env_id=env-c5d50d3b | step=292 | incoming_actions=['prey_9', 'prey_14', 'prey_17', 'prey_13', 'prey_18', ...] | active_agents=25 | current_step=292
2025-11-23 03:29:07,787 [DEBUG] PredPreyGrassEnv.env-c5d50d3b: event=StepSummary | env_id=env-c5d50d3b | step=292 | current_step=292 | terminated_agents=[] | truncated_agents=[] | remaining_agents=25 | reward_preview={prey_9:-0.001, predator_2:-0.001, predator_4:-0.001, prey_14:-0.001, prey_17:-0.001} | info_preview={}
2025-11-23 03:29:07,798 [DEBUG] PredPreyGrassEnv.env-c5d50d3b: event=StepBegin | env_id=env-c5d50d3b | step=293 | incoming_actions=['prey_9', 'prey_14', 'prey_17', 'prey_13', 'prey_18', ...] | active_agents=25 | current_step=293
2025-11-23 03:29:07,802 [DEBUG] PredPreyGrassEnv.env-c5d50d3b: event=StepSummary | env_id=env-c5d50d3b | step=293 | current_step=293 | terminated_agents=[] | truncated_agents=[] | remaining_agents=25 | reward_preview={prey_9:-0.001, predator_2:-0.001, predator_4:-0.001, prey_14:-0.001, prey_17:-0.001} | info_preview={}
2025-11-23 03:29:07,812 [DEBUG] PredPreyGrassEnv.env-c5d50d3b: event=StepBegin | env_id=env-c5d50d3b | step=294 | incoming_actions=['prey_9', 'prey_14', 'prey_17', 'prey_13', 'prey_18', ...] | active_agents=25 | current_step=294
2025-11-23 03:29:07,816 [DEBUG] PredPreyGrassEnv.env-c5d50d3b: event=StepSummary | env_id=env-c5d50d3b | step=294 | current_step=294 | terminated_agents=[] | truncated_agents=[] | remaining_agents=25 | reward_preview={prey_9:-0.001, predator_2:-0.001, predator_4:-0.001, prey_14:-0.001, prey_17:-0.001} | info_preview={}
2025-11-23 03:29:07,827 [DEBUG] PredPreyGrassEnv.env-c5d50d3b: event=StepBegin | env_id=env-c5d50d3b | step=295 | incoming_actions=['prey_9', 'prey_14', 'prey_17', 'prey_13', 'prey_18', ...] | active_agents=25 | current_step=295
2025-11-23 03:29:07,831 [DEBUG] PredPreyGrassEnv.env-c5d50d3b: event=StepSummary | env_id=env-c5d50d3b | step=295 | current_step=295 | terminated_agents=[] | truncated_agents=[] | remaining_agents=25 | reward_preview={prey_9:-0.001, predator_2:-0.001, predator_4:-0.001, prey_14:-0.001, prey_17:-0.001} | info_preview={}
2025-11-23 03:29:07,845 [DEBUG] PredPreyGrassEnv.env-c5d50d3b: event=StepBegin | env_id=env-c5d50d3b | step=296 | incoming_actions=['prey_9', 'prey_14', 'prey_17', 'prey_13', 'prey_18', ...] | active_agents=25 | current_step=296
2025-11-23 03:29:07,851 [DEBUG] PredPreyGrassEnv.env-c5d50d3b: event=StepSummary | env_id=env-c5d50d3b | step=296 | current_step=296 | terminated_agents=[] | truncated_agents=[] | remaining_agents=25 | reward_preview={prey_9:-0.001, predator_2:-0.001, predator_4:-0.001, prey_14:-0.001, prey_17:-0.001} | info_preview={}
2025-11-23 03:29:07,867 [DEBUG] PredPreyGrassEnv.env-c5d50d3b: event=StepBegin | env_id=env-c5d50d3b | step=297 | incoming_actions=['prey_9', 'prey_14', 'prey_17', 'prey_13', 'prey_18', ...] | active_agents=25 | current_step=297
2025-11-23 03:29:07,873 [DEBUG] PredPreyGrassEnv.env-c5d50d3b: event=StepSummary | env_id=env-c5d50d3b | step=297 | current_step=297 | terminated_agents=[] | truncated_agents=[] | remaining_agents=25 | reward_preview={prey_9:-0.001, predator_2:-0.001, predator_4:-0.001, prey_14:-0.001, prey_17:-0.001} | info_preview={}
2025-11-23 03:29:07,890 [DEBUG] PredPreyGrassEnv.env-c5d50d3b: event=StepBegin | env_id=env-c5d50d3b | step=298 | incoming_actions=['prey_9', 'prey_14', 'prey_17', 'prey_13', 'prey_18', ...] | active_agents=25 | current_step=298
2025-11-23 03:29:07,896 [DEBUG] PredPreyGrassEnv.env-c5d50d3b: event=StepSummary | env_id=env-c5d50d3b | step=298 | current_step=298 | terminated_agents=[] | truncated_agents=[] | remaining_agents=25 | reward_preview={prey_9:-0.001, predator_2:-0.001, predator_4:-0.001, prey_14:-0.001, prey_17:-0.001} | info_preview={}
2025-11-23 03:29:07,909 [DEBUG] PredPreyGrassEnv.env-c5d50d3b: event=StepBegin | env_id=env-c5d50d3b | step=299 | incoming_actions=['prey_9', 'prey_14', 'prey_17', 'prey_13', 'prey_18', ...] | active_agents=25 | current_step=299
2025-11-23 03:29:07,912 [DEBUG] PredPreyGrassEnv.env-c5d50d3b: event=StepSummary | env_id=env-c5d50d3b | step=299 | current_step=299 | terminated_agents=[] | truncated_agents=[] | remaining_agents=25 | reward_preview={prey_9:-0.001, predator_2:-0.001, predator_4:-0.001, prey_14:-0.001, prey_17:-0.001} | info_preview={}
2025-11-23 03:29:07,923 [DEBUG] PredPreyGrassEnv.env-c5d50d3b: event=StepBegin | env_id=env-c5d50d3b | step=300 | incoming_actions=['prey_9', 'prey_14', 'prey_17', 'prey_13', 'prey_18', ...] | active_agents=25 | current_step=300
2025-11-23 03:29:07,923 [DEBUG] PredPreyGrassEnv.env-c5d50d3b: event=CollisionBatch | env_id=env-c5d50d3b | step=300 | collisions=[['predator_catch_prey', 'predator_0', 'prey_3']]
2025-11-23 03:29:07,926 [DEBUG] PredPreyGrassEnv.env-c5d50d3b: event=AgentEnergyDepleted | env_id=env-c5d50d3b | step=300 | agent='prey_3' | position=[769.8855892249617, 759.8134307329292] | energy=0
2025-11-23 03:29:07,927 [DEBUG] PredPreyGrassEnv.env-c5d50d3b: event=AgentRemovedFromActiveList | env_id=env-c5d50d3b | step=300 | agent='prey_3' | remaining_agents=24
2025-11-23 03:29:07,927 [DEBUG] PredPreyGrassEnv.env-c5d50d3b: event=StepSummary | env_id=env-c5d50d3b | step=300 | current_step=300 | terminated_agents=['prey_3'] | truncated_agents=[] | remaining_agents=24 | reward_preview={prey_9:-0.001, predator_2:-0.001, predator_4:-0.001, prey_14:-0.001, prey_17:-0.001} | info_preview={}
2025-11-23 03:29:07,938 [DEBUG] PredPreyGrassEnv.env-c5d50d3b: event=StepBegin | env_id=env-c5d50d3b | step=301 | incoming_actions=['prey_9', 'prey_14', 'prey_17', 'prey_13', 'prey_18', ...] | active_agents=24 | current_step=301
2025-11-23 03:29:07,943 [DEBUG] PredPreyGrassEnv.env-c5d50d3b: event=StepSummary | env_id=env-c5d50d3b | step=301 | current_step=301 | terminated_agents=[] | truncated_agents=[] | remaining_agents=24 | reward_preview={prey_9:-0.001, predator_2:-0.001, predator_4:-0.001, prey_14:-0.001, prey_17:-0.001} | info_preview={}
2025-11-23 03:29:07,954 [DEBUG] PredPreyGrassEnv.env-c5d50d3b: event=StepBegin | env_id=env-c5d50d3b | step=302 | incoming_actions=['prey_9', 'prey_14', 'prey_17', 'prey_13', 'prey_18', ...] | active_agents=24 | current_step=302
2025-11-23 03:29:07,959 [DEBUG] PredPreyGrassEnv.env-c5d50d3b: event=StepSummary | env_id=env-c5d50d3b | step=302 | current_step=302 | terminated_agents=[] | truncated_agents=[] | remaining_agents=24 | reward_preview={prey_9:-0.001, predator_2:-0.001, predator_4:-0.001, prey_14:-0.001, prey_17:-0.001} | info_preview={}
2025-11-23 03:29:07,971 [DEBUG] PredPreyGrassEnv.env-c5d50d3b: event=StepBegin | env_id=env-c5d50d3b | step=303 | incoming_actions=['prey_9', 'prey_14', 'prey_17', 'prey_13', 'prey_18', ...] | active_agents=24 | current_step=303
2025-11-23 03:29:07,975 [DEBUG] PredPreyGrassEnv.env-c5d50d3b: event=StepSummary | env_id=env-c5d50d3b | step=303 | current_step=303 | terminated_agents=[] | truncated_agents=[] | remaining_agents=24 | reward_preview={prey_9:-0.001, predator_2:-0.001, predator_4:-0.001, prey_14:-0.001, prey_17:-0.001} | info_preview={}
2025-11-23 03:29:07,988 [DEBUG] PredPreyGrassEnv.env-c5d50d3b: event=StepBegin | env_id=env-c5d50d3b | step=304 | incoming_actions=['prey_9', 'prey_14', 'prey_17', 'prey_13', 'prey_18', ...] | active_agents=24 | current_step=304
2025-11-23 03:29:07,992 [DEBUG] PredPreyGrassEnv.env-c5d50d3b: event=StepSummary | env_id=env-c5d50d3b | step=304 | current_step=304 | terminated_agents=[] | truncated_agents=[] | remaining_agents=24 | reward_preview={prey_9:-0.001, predator_2:-0.001, predator_4:-0.001, prey_14:-0.001, prey_17:-0.001} | info_preview={}
2025-11-23 03:29:08,005 [DEBUG] PredPreyGrassEnv.env-c5d50d3b: event=StepBegin | env_id=env-c5d50d3b | step=305 | incoming_actions=['prey_9', 'prey_14', 'prey_17', 'prey_13', 'prey_18', ...] | active_agents=24 | current_step=305
2025-11-23 03:29:08,007 [DEBUG] PredPreyGrassEnv.env-c5d50d3b: event=PreyAteGrass | env_id=env-c5d50d3b | step=305 | prey='prey_13' | grass='grass_14' | prey_position=[649.4334466670745, 68.40634297941601] | grass_energy=10.0 | energy_gained=9.0 | prey_energy=125.12120667340231
2025-11-23 03:29:08,010 [DEBUG] PredPreyGrassEnv.env-c5d50d3b: event=StepSummary | env_id=env-c5d50d3b | step=305 | current_step=305 | terminated_agents=[] | truncated_agents=[] | remaining_agents=24 | reward_preview={prey_9:-0.001, predator_2:-0.001, predator_4:-0.001, prey_14:-0.001, prey_17:-0.001} | info_preview={}
2025-11-23 03:29:08,022 [DEBUG] PredPreyGrassEnv.env-c5d50d3b: event=StepBegin | env_id=env-c5d50d3b | step=306 | incoming_actions=['prey_9', 'prey_14', 'prey_17', 'prey_13', 'prey_18', ...] | active_agents=24 | current_step=306
2025-11-23 03:29:08,023 [DEBUG] PredPreyGrassEnv.env-c5d50d3b: event=CollisionBatch | env_id=env-c5d50d3b | step=306 | collisions=[['predator_catch_prey', 'predator_1', 'prey_2']]
2025-11-23 03:29:08,025 [DEBUG] PredPreyGrassEnv.env-c5d50d3b: event=AgentEnergyDepleted | env_id=env-c5d50d3b | step=306 | agent='prey_2' | position=[766.9494431088, 547.3971956571376] | energy=0
2025-11-23 03:29:08,027 [DEBUG] PredPreyGrassEnv.env-c5d50d3b: event=AgentRemovedFromActiveList | env_id=env-c5d50d3b | step=306 | agent='prey_2' | remaining_agents=23
2025-11-23 03:29:08,027 [DEBUG] PredPreyGrassEnv.env-c5d50d3b: event=StepSummary | env_id=env-c5d50d3b | step=306 | current_step=306 | terminated_agents=['prey_2'] | truncated_agents=[] | remaining_agents=23 | reward_preview={prey_9:-0.001, predator_2:-0.001, predator_4:-0.001, prey_14:-0.001, prey_17:-0.001} | info_preview={}
2025-11-23 03:29:08,039 [DEBUG] PredPreyGrassEnv.env-c5d50d3b: event=StepBegin | env_id=env-c5d50d3b | step=307 | incoming_actions=['prey_9', 'prey_14', 'prey_17', 'prey_13', 'prey_18', ...] | active_agents=23 | current_step=307
2025-11-23 03:29:08,043 [DEBUG] PredPreyGrassEnv.env-c5d50d3b: event=StepSummary | env_id=env-c5d50d3b | step=307 | current_step=307 | terminated_agents=[] | truncated_agents=[] | remaining_agents=23 | reward_preview={prey_9:-0.001, predator_2:-0.001, predator_4:-0.001, prey_14:-0.001, prey_17:-0.001} | info_preview={}
2025-11-23 03:29:08,056 [DEBUG] PredPreyGrassEnv.env-c5d50d3b: event=StepBegin | env_id=env-c5d50d3b | step=308 | incoming_actions=['prey_9', 'prey_14', 'prey_17', 'prey_13', 'prey_18', ...] | active_agents=23 | current_step=308
2025-11-23 03:29:08,060 [DEBUG] PredPreyGrassEnv.env-c5d50d3b: event=StepSummary | env_id=env-c5d50d3b | step=308 | current_step=308 | terminated_agents=[] | truncated_agents=[] | remaining_agents=23 | reward_preview={prey_9:-0.001, predator_2:-0.001, predator_4:-0.001, prey_14:-0.001, prey_17:-0.001} | info_preview={}
2025-11-23 03:29:08,074 [DEBUG] PredPreyGrassEnv.env-c5d50d3b: event=StepBegin | env_id=env-c5d50d3b | step=309 | incoming_actions=['prey_9', 'prey_14', 'prey_17', 'prey_13', 'prey_18', ...] | active_agents=23 | current_step=309
2025-11-23 03:29:08,077 [DEBUG] PredPreyGrassEnv.env-c5d50d3b: event=StepSummary | env_id=env-c5d50d3b | step=309 | current_step=309 | terminated_agents=[] | truncated_agents=[] | remaining_agents=23 | reward_preview={prey_9:-0.001, predator_2:-0.001, predator_4:-0.001, prey_14:-0.001, prey_17:-0.001} | info_preview={}
2025-11-23 03:29:08,091 [DEBUG] PredPreyGrassEnv.env-c5d50d3b: event=StepBegin | env_id=env-c5d50d3b | step=310 | incoming_actions=['prey_9', 'prey_14', 'prey_17', 'prey_13', 'prey_18', ...] | active_agents=23 | current_step=310
2025-11-23 03:29:08,095 [DEBUG] PredPreyGrassEnv.env-c5d50d3b: event=StepSummary | env_id=env-c5d50d3b | step=310 | current_step=310 | terminated_agents=[] | truncated_agents=[] | remaining_agents=23 | reward_preview={prey_9:-0.001, predator_2:-0.001, predator_4:-0.001, prey_14:-0.001, prey_17:-0.001} | info_preview={}
2025-11-23 03:29:08,107 [DEBUG] PredPreyGrassEnv.env-c5d50d3b: event=StepBegin | env_id=env-c5d50d3b | step=311 | incoming_actions=['prey_9', 'prey_14', 'prey_17', 'prey_13', 'prey_18', ...] | active_agents=23 | current_step=311
2025-11-23 03:29:08,112 [DEBUG] PredPreyGrassEnv.env-c5d50d3b: event=StepSummary | env_id=env-c5d50d3b | step=311 | current_step=311 | terminated_agents=[] | truncated_agents=[] | remaining_agents=23 | reward_preview={prey_9:-0.001, predator_2:-0.001, predator_4:-0.001, prey_14:-0.001, prey_17:-0.001} | info_preview={}
2025-11-23 03:29:08,125 [DEBUG] PredPreyGrassEnv.env-c5d50d3b: event=StepBegin | env_id=env-c5d50d3b | step=312 | incoming_actions=['prey_9', 'prey_14', 'prey_17', 'prey_13', 'prey_18', ...] | active_agents=23 | current_step=312
2025-11-23 03:29:08,129 [DEBUG] PredPreyGrassEnv.env-c5d50d3b: event=StepSummary | env_id=env-c5d50d3b | step=312 | current_step=312 | terminated_agents=[] | truncated_agents=[] | remaining_agents=23 | reward_preview={prey_9:-0.001, predator_2:-0.001, predator_4:-0.001, prey_14:-0.001, prey_17:-0.001} | info_preview={}
2025-11-23 03:29:08,142 [DEBUG] PredPreyGrassEnv.env-c5d50d3b: event=StepBegin | env_id=env-c5d50d3b | step=313 | incoming_actions=['prey_9', 'prey_14', 'prey_17', 'prey_13', 'prey_18', ...] | active_agents=23 | current_step=313
2025-11-23 03:29:08,146 [DEBUG] PredPreyGrassEnv.env-c5d50d3b: event=StepSummary | env_id=env-c5d50d3b | step=313 | current_step=313 | terminated_agents=[] | truncated_agents=[] | remaining_agents=23 | reward_preview={prey_9:-0.001, predator_2:-0.001, predator_4:-0.001, prey_14:-0.001, prey_17:-0.001} | info_preview={}
2025-11-23 03:29:08,159 [DEBUG] PredPreyGrassEnv.env-c5d50d3b: event=StepBegin | env_id=env-c5d50d3b | step=314 | incoming_actions=['prey_9', 'prey_14', 'prey_17', 'prey_13', 'prey_18', ...] | active_agents=23 | current_step=314
2025-11-23 03:29:08,163 [DEBUG] PredPreyGrassEnv.env-c5d50d3b: event=StepSummary | env_id=env-c5d50d3b | step=314 | current_step=314 | terminated_agents=[] | truncated_agents=[] | remaining_agents=23 | reward_preview={prey_9:-0.001, predator_2:-0.001, predator_4:-0.001, prey_14:-0.001, prey_17:-0.001} | info_preview={}
2025-11-23 03:29:08,175 [DEBUG] PredPreyGrassEnv.env-c5d50d3b: event=StepBegin | env_id=env-c5d50d3b | step=315 | incoming_actions=['prey_9', 'prey_14', 'prey_17', 'prey_13', 'prey_18', ...] | active_agents=23 | current_step=315
2025-11-23 03:29:08,175 [DEBUG] PredPreyGrassEnv.env-c5d50d3b: event=CollisionBatch | env_id=env-c5d50d3b | step=315 | collisions=[['prey_eat_grass', 'prey_16', 'grass_93']]
2025-11-23 03:29:08,179 [DEBUG] PredPreyGrassEnv.env-c5d50d3b: event=StepSummary | env_id=env-c5d50d3b | step=315 | current_step=315 | terminated_agents=[] | truncated_agents=[] | remaining_agents=23 | reward_preview={prey_9:-0.001, predator_2:-0.001, predator_4:-0.001, prey_14:-0.001, prey_17:-0.001} | info_preview={}
2025-11-23 03:29:08,190 [DEBUG] PredPreyGrassEnv.env-c5d50d3b: event=StepBegin | env_id=env-c5d50d3b | step=316 | incoming_actions=['prey_9', 'prey_14', 'prey_17', 'prey_13', 'prey_18', ...] | active_agents=23 | current_step=316
2025-11-23 03:29:08,194 [DEBUG] PredPreyGrassEnv.env-c5d50d3b: event=StepSummary | env_id=env-c5d50d3b | step=316 | current_step=316 | terminated_agents=[] | truncated_agents=[] | remaining_agents=23 | reward_preview={prey_9:-0.001, predator_2:-0.001, predator_4:-0.001, prey_14:-0.001, prey_17:-0.001} | info_preview={}
2025-11-23 03:29:08,209 [DEBUG] PredPreyGrassEnv.env-c5d50d3b: event=StepBegin | env_id=env-c5d50d3b | step=317 | incoming_actions=['prey_9', 'prey_14', 'prey_17', 'prey_13', 'prey_18', ...] | active_agents=23 | current_step=317
2025-11-23 03:29:08,215 [DEBUG] PredPreyGrassEnv.env-c5d50d3b: event=StepSummary | env_id=env-c5d50d3b | step=317 | current_step=317 | terminated_agents=[] | truncated_agents=[] | remaining_agents=23 | reward_preview={prey_9:-0.001, predator_2:-0.001, predator_4:-0.001, prey_14:-0.001, prey_17:-0.001} | info_preview={}
2025-11-23 03:29:08,230 [DEBUG] PredPreyGrassEnv.env-c5d50d3b: event=StepBegin | env_id=env-c5d50d3b | step=318 | incoming_actions=['prey_9', 'prey_14', 'prey_17', 'prey_13', 'prey_18', ...] | active_agents=23 | current_step=318
2025-11-23 03:29:08,233 [DEBUG] PredPreyGrassEnv.env-c5d50d3b: event=PreyAteGrass | env_id=env-c5d50d3b | step=318 | prey='prey_13' | grass='grass_38' | prey_position=[666.0885981498892, 45.417903814914055] | grass_energy=10.0 | energy_gained=9.0 | prey_energy=130.49435227573144
2025-11-23 03:29:08,236 [DEBUG] PredPreyGrassEnv.env-c5d50d3b: event=StepSummary | env_id=env-c5d50d3b | step=318 | current_step=318 | terminated_agents=[] | truncated_agents=[] | remaining_agents=23 | reward_preview={prey_9:-0.001, predator_2:-0.001, predator_4:-0.001, prey_14:-0.001, prey_17:-0.001} | info_preview={}
2025-11-23 03:29:08,252 [DEBUG] PredPreyGrassEnv.env-c5d50d3b: event=StepBegin | env_id=env-c5d50d3b | step=319 | incoming_actions=['prey_9', 'prey_14', 'prey_17', 'prey_13', 'prey_18', ...] | active_agents=23 | current_step=319
2025-11-23 03:29:08,257 [DEBUG] PredPreyGrassEnv.env-c5d50d3b: event=StepSummary | env_id=env-c5d50d3b | step=319 | current_step=319 | terminated_agents=[] | truncated_agents=[] | remaining_agents=23 | reward_preview={prey_9:-0.001, predator_2:-0.001, predator_4:-0.001, prey_14:-0.001, prey_17:-0.001} | info_preview={}
2025-11-23 03:29:08,272 [DEBUG] PredPreyGrassEnv.env-c5d50d3b: event=StepBegin | env_id=env-c5d50d3b | step=320 | incoming_actions=['prey_9', 'prey_14', 'prey_17', 'prey_13', 'prey_18', ...] | active_agents=23 | current_step=320
2025-11-23 03:29:08,276 [DEBUG] PredPreyGrassEnv.env-c5d50d3b: event=StepSummary | env_id=env-c5d50d3b | step=320 | current_step=320 | terminated_agents=[] | truncated_agents=[] | remaining_agents=23 | reward_preview={prey_9:-0.001, predator_2:-0.001, predator_4:-0.001, prey_14:-0.001, prey_17:-0.001} | info_preview={}
2025-11-23 03:29:08,290 [DEBUG] PredPreyGrassEnv.env-c5d50d3b: event=StepBegin | env_id=env-c5d50d3b | step=321 | incoming_actions=['prey_9', 'prey_14', 'prey_17', 'prey_13', 'prey_18', ...] | active_agents=23 | current_step=321
2025-11-23 03:29:08,295 [DEBUG] PredPreyGrassEnv.env-c5d50d3b: event=StepSummary | env_id=env-c5d50d3b | step=321 | current_step=321 | terminated_agents=[] | truncated_agents=[] | remaining_agents=23 | reward_preview={prey_9:-0.001, predator_2:-0.001, predator_4:-0.001, prey_14:-0.001, prey_17:-0.001} | info_preview={}
2025-11-23 03:29:08,310 [DEBUG] PredPreyGrassEnv.env-c5d50d3b: event=StepBegin | env_id=env-c5d50d3b | step=322 | incoming_actions=['prey_9', 'prey_14', 'prey_17', 'prey_13', 'prey_18', ...] | active_agents=23 | current_step=322
2025-11-23 03:29:08,315 [DEBUG] PredPreyGrassEnv.env-c5d50d3b: event=StepSummary | env_id=env-c5d50d3b | step=322 | current_step=322 | terminated_agents=[] | truncated_agents=[] | remaining_agents=23 | reward_preview={prey_9:-0.001, predator_2:-0.001, predator_4:-0.001, prey_14:-0.001, prey_17:-0.001} | info_preview={}
2025-11-23 03:29:08,331 [DEBUG] PredPreyGrassEnv.env-c5d50d3b: event=StepBegin | env_id=env-c5d50d3b | step=323 | incoming_actions=['prey_9', 'prey_14', 'prey_17', 'prey_13', 'prey_18', ...] | active_agents=23 | current_step=323
2025-11-23 03:29:08,336 [DEBUG] PredPreyGrassEnv.env-c5d50d3b: event=StepSummary | env_id=env-c5d50d3b | step=323 | current_step=323 | terminated_agents=[] | truncated_agents=[] | remaining_agents=23 | reward_preview={prey_9:-0.001, predator_2:-0.001, predator_4:-0.001, prey_14:-0.001, prey_17:-0.001} | info_preview={}
2025-11-23 03:29:08,350 [DEBUG] PredPreyGrassEnv.env-c5d50d3b: event=StepBegin | env_id=env-c5d50d3b | step=324 | incoming_actions=['prey_9', 'prey_14', 'prey_17', 'prey_13', 'prey_18', ...] | active_agents=23 | current_step=324
2025-11-23 03:29:08,354 [DEBUG] PredPreyGrassEnv.env-c5d50d3b: event=StepSummary | env_id=env-c5d50d3b | step=324 | current_step=324 | terminated_agents=[] | truncated_agents=[] | remaining_agents=23 | reward_preview={prey_9:-0.001, predator_2:-0.001, predator_4:-0.001, prey_14:-0.001, prey_17:-0.001} | info_preview={}
2025-11-23 03:29:08,369 [DEBUG] PredPreyGrassEnv.env-c5d50d3b: event=StepBegin | env_id=env-c5d50d3b | step=325 | incoming_actions=['prey_9', 'prey_14', 'prey_17', 'prey_13', 'prey_18', ...] | active_agents=23 | current_step=325
2025-11-23 03:29:08,374 [DEBUG] PredPreyGrassEnv.env-c5d50d3b: event=StepSummary | env_id=env-c5d50d3b | step=325 | current_step=325 | terminated_agents=[] | truncated_agents=[] | remaining_agents=23 | reward_preview={prey_9:-0.001, predator_2:-0.001, predator_4:-0.001, prey_14:-0.001, prey_17:-0.001} | info_preview={}
2025-11-23 03:29:08,389 [DEBUG] PredPreyGrassEnv.env-c5d50d3b: event=StepBegin | env_id=env-c5d50d3b | step=326 | incoming_actions=['prey_9', 'prey_14', 'prey_17', 'prey_13', 'prey_18', ...] | active_agents=23 | current_step=326
2025-11-23 03:29:08,394 [DEBUG] PredPreyGrassEnv.env-c5d50d3b: event=StepSummary | env_id=env-c5d50d3b | step=326 | current_step=326 | terminated_agents=[] | truncated_agents=[] | remaining_agents=23 | reward_preview={prey_9:-0.001, predator_2:-0.001, predator_4:-0.001, prey_14:-0.001, prey_17:-0.001} | info_preview={}
2025-11-23 03:29:08,409 [DEBUG] PredPreyGrassEnv.env-c5d50d3b: event=StepBegin | env_id=env-c5d50d3b | step=327 | incoming_actions=['prey_9', 'prey_14', 'prey_17', 'prey_13', 'prey_18', ...] | active_agents=23 | current_step=327
2025-11-23 03:29:08,414 [DEBUG] PredPreyGrassEnv.env-c5d50d3b: event=StepSummary | env_id=env-c5d50d3b | step=327 | current_step=327 | terminated_agents=[] | truncated_agents=[] | remaining_agents=23 | reward_preview={prey_9:-0.001, predator_2:-0.001, predator_4:-0.001, prey_14:-0.001, prey_17:-0.001} | info_preview={}
2025-11-23 03:29:08,425 [DEBUG] PredPreyGrassEnv.env-c5d50d3b: event=StepBegin | env_id=env-c5d50d3b | step=328 | incoming_actions=['prey_9', 'prey_14', 'prey_17', 'prey_13', 'prey_18', ...] | active_agents=23 | current_step=328
2025-11-23 03:29:08,428 [DEBUG] PredPreyGrassEnv.env-c5d50d3b: event=StepSummary | env_id=env-c5d50d3b | step=328 | current_step=328 | terminated_agents=[] | truncated_agents=[] | remaining_agents=23 | reward_preview={prey_9:-0.001, predator_2:-0.001, predator_4:-0.001, prey_14:-0.001, prey_17:-0.001} | info_preview={}
2025-11-23 03:29:08,438 [DEBUG] PredPreyGrassEnv.env-c5d50d3b: event=StepBegin | env_id=env-c5d50d3b | step=329 | incoming_actions=['prey_9', 'prey_14', 'prey_17', 'prey_13', 'prey_18', ...] | active_agents=23 | current_step=329
2025-11-23 03:29:08,442 [DEBUG] PredPreyGrassEnv.env-c5d50d3b: event=StepSummary | env_id=env-c5d50d3b | step=329 | current_step=329 | terminated_agents=[] | truncated_agents=[] | remaining_agents=23 | reward_preview={prey_9:-0.001, predator_2:-0.001, predator_4:-0.001, prey_14:-0.001, prey_17:-0.001} | info_preview={}
2025-11-23 03:29:08,452 [DEBUG] PredPreyGrassEnv.env-c5d50d3b: event=StepBegin | env_id=env-c5d50d3b | step=330 | incoming_actions=['prey_9', 'prey_14', 'prey_17', 'prey_13', 'prey_18', ...] | active_agents=23 | current_step=330
2025-11-23 03:29:08,456 [DEBUG] PredPreyGrassEnv.env-c5d50d3b: event=StepSummary | env_id=env-c5d50d3b | step=330 | current_step=330 | terminated_agents=[] | truncated_agents=[] | remaining_agents=23 | reward_preview={prey_9:-0.001, predator_2:-0.001, predator_4:-0.001, prey_14:-0.001, prey_17:-0.001} | info_preview={}
2025-11-23 03:29:08,466 [DEBUG] PredPreyGrassEnv.env-c5d50d3b: event=StepBegin | env_id=env-c5d50d3b | step=331 | incoming_actions=['prey_9', 'prey_14', 'prey_17', 'prey_13', 'prey_18', ...] | active_agents=23 | current_step=331
2025-11-23 03:29:08,469 [DEBUG] PredPreyGrassEnv.env-c5d50d3b: event=StepSummary | env_id=env-c5d50d3b | step=331 | current_step=331 | terminated_agents=[] | truncated_agents=[] | remaining_agents=23 | reward_preview={prey_9:-0.001, predator_2:-0.001, predator_4:-0.001, prey_14:-0.001, prey_17:-0.001} | info_preview={}
2025-11-23 03:29:08,480 [DEBUG] PredPreyGrassEnv.env-c5d50d3b: event=StepBegin | env_id=env-c5d50d3b | step=332 | incoming_actions=['prey_9', 'prey_14', 'prey_17', 'prey_13', 'prey_18', ...] | active_agents=23 | current_step=332
2025-11-23 03:29:08,484 [DEBUG] PredPreyGrassEnv.env-c5d50d3b: event=StepSummary | env_id=env-c5d50d3b | step=332 | current_step=332 | terminated_agents=[] | truncated_agents=[] | remaining_agents=23 | reward_preview={prey_9:-0.001, predator_2:-0.001, predator_4:-0.001, prey_14:-0.001, prey_17:-0.001} | info_preview={}
2025-11-23 03:29:08,494 [DEBUG] PredPreyGrassEnv.env-c5d50d3b: event=StepBegin | env_id=env-c5d50d3b | step=333 | incoming_actions=['prey_9', 'prey_14', 'prey_17', 'prey_13', 'prey_18', ...] | active_agents=23 | current_step=333
2025-11-23 03:29:08,497 [DEBUG] PredPreyGrassEnv.env-c5d50d3b: event=PreyAteGrass | env_id=env-c5d50d3b | step=333 | prey='prey_13' | grass='grass_68' | prey_position=[687.7856946425537, 23.502143542598358] | grass_energy=10.0 | energy_gained=9.0 | prey_energy=135.5513149253449
2025-11-23 03:29:08,500 [DEBUG] PredPreyGrassEnv.env-c5d50d3b: event=StepSummary | env_id=env-c5d50d3b | step=333 | current_step=333 | terminated_agents=[] | truncated_agents=[] | remaining_agents=23 | reward_preview={prey_9:-0.001, predator_2:-0.001, predator_4:-0.001, prey_14:-0.001, prey_17:-0.001} | info_preview={}
2025-11-23 03:29:08,514 [DEBUG] PredPreyGrassEnv.env-c5d50d3b: event=StepBegin | env_id=env-c5d50d3b | step=334 | incoming_actions=['prey_9', 'prey_14', 'prey_17', 'prey_13', 'prey_18', ...] | active_agents=23 | current_step=334
2025-11-23 03:29:08,519 [DEBUG] PredPreyGrassEnv.env-c5d50d3b: event=StepSummary | env_id=env-c5d50d3b | step=334 | current_step=334 | terminated_agents=[] | truncated_agents=[] | remaining_agents=23 | reward_preview={prey_9:-0.001, predator_2:-0.001, predator_4:-0.001, prey_14:-0.001, prey_17:-0.001} | info_preview={}
2025-11-23 03:29:08,534 [DEBUG] PredPreyGrassEnv.env-c5d50d3b: event=StepBegin | env_id=env-c5d50d3b | step=335 | incoming_actions=['prey_9', 'prey_14', 'prey_17', 'prey_13', 'prey_18', ...] | active_agents=23 | current_step=335
2025-11-23 03:29:08,539 [DEBUG] PredPreyGrassEnv.env-c5d50d3b: event=StepSummary | env_id=env-c5d50d3b | step=335 | current_step=335 | terminated_agents=[] | truncated_agents=[] | remaining_agents=23 | reward_preview={prey_9:-0.001, predator_2:-0.001, predator_4:-0.001, prey_14:-0.001, prey_17:-0.001} | info_preview={}
2025-11-23 03:29:08,554 [DEBUG] PredPreyGrassEnv.env-c5d50d3b: event=StepBegin | env_id=env-c5d50d3b | step=336 | incoming_actions=['prey_9', 'prey_14', 'prey_17', 'prey_13', 'prey_18', ...] | active_agents=23 | current_step=336
2025-11-23 03:29:08,559 [DEBUG] PredPreyGrassEnv.env-c5d50d3b: event=StepSummary | env_id=env-c5d50d3b | step=336 | current_step=336 | terminated_agents=[] | truncated_agents=[] | remaining_agents=23 | reward_preview={prey_9:-0.001, predator_2:-0.001, predator_4:-0.001, prey_14:-0.001, prey_17:-0.001} | info_preview={}
2025-11-23 03:29:08,572 [DEBUG] PredPreyGrassEnv.env-c5d50d3b: event=StepBegin | env_id=env-c5d50d3b | step=337 | incoming_actions=['prey_9', 'prey_14', 'prey_17', 'prey_13', 'prey_18', ...] | active_agents=23 | current_step=337
2025-11-23 03:29:08,577 [DEBUG] PredPreyGrassEnv.env-c5d50d3b: event=StepSummary | env_id=env-c5d50d3b | step=337 | current_step=337 | terminated_agents=[] | truncated_agents=[] | remaining_agents=23 | reward_preview={prey_9:-0.001, predator_2:-0.001, predator_4:-0.001, prey_14:-0.001, prey_17:-0.001} | info_preview={}
2025-11-23 03:29:08,589 [DEBUG] PredPreyGrassEnv.env-c5d50d3b: event=StepBegin | env_id=env-c5d50d3b | step=338 | incoming_actions=['prey_9', 'prey_14', 'prey_17', 'prey_13', 'prey_18', ...] | active_agents=23 | current_step=338
2025-11-23 03:29:08,593 [DEBUG] PredPreyGrassEnv.env-c5d50d3b: event=StepSummary | env_id=env-c5d50d3b | step=338 | current_step=338 | terminated_agents=[] | truncated_agents=[] | remaining_agents=23 | reward_preview={prey_9:-0.001, predator_2:-0.001, predator_4:-0.001, prey_14:-0.001, prey_17:-0.001} | info_preview={}
2025-11-23 03:29:08,604 [DEBUG] PredPreyGrassEnv.env-c5d50d3b: event=StepBegin | env_id=env-c5d50d3b | step=339 | incoming_actions=['prey_9', 'prey_14', 'prey_17', 'prey_13', 'prey_18', ...] | active_agents=23 | current_step=339
2025-11-23 03:29:08,608 [DEBUG] PredPreyGrassEnv.env-c5d50d3b: event=StepSummary | env_id=env-c5d50d3b | step=339 | current_step=339 | terminated_agents=[] | truncated_agents=[] | remaining_agents=23 | reward_preview={prey_9:-0.001, predator_2:-0.001, predator_4:-0.001, prey_14:-0.001, prey_17:-0.001} | info_preview={}
2025-11-23 03:29:08,620 [DEBUG] PredPreyGrassEnv.env-c5d50d3b: event=StepBegin | env_id=env-c5d50d3b | step=340 | incoming_actions=['prey_9', 'prey_14', 'prey_17', 'prey_13', 'prey_18', ...] | active_agents=23 | current_step=340
2025-11-23 03:29:08,624 [DEBUG] PredPreyGrassEnv.env-c5d50d3b: event=StepSummary | env_id=env-c5d50d3b | step=340 | current_step=340 | terminated_agents=[] | truncated_agents=[] | remaining_agents=23 | reward_preview={prey_9:-0.001, predator_2:-0.001, predator_4:-0.001, prey_14:-0.001, prey_17:-0.001} | info_preview={}
2025-11-23 03:29:08,634 [DEBUG] PredPreyGrassEnv.env-c5d50d3b: event=StepBegin | env_id=env-c5d50d3b | step=341 | incoming_actions=['prey_9', 'prey_14', 'prey_17', 'prey_13', 'prey_18', ...] | active_agents=23 | current_step=341
2025-11-23 03:29:08,638 [DEBUG] PredPreyGrassEnv.env-c5d50d3b: event=StepSummary | env_id=env-c5d50d3b | step=341 | current_step=341 | terminated_agents=[] | truncated_agents=[] | remaining_agents=23 | reward_preview={prey_9:-0.001, predator_2:-0.001, predator_4:-0.001, prey_14:-0.001, prey_17:-0.001} | info_preview={}
2025-11-23 03:29:08,649 [DEBUG] PredPreyGrassEnv.env-c5d50d3b: event=StepBegin | env_id=env-c5d50d3b | step=342 | incoming_actions=['prey_9', 'prey_14', 'prey_17', 'prey_13', 'prey_18', ...] | active_agents=23 | current_step=342
2025-11-23 03:29:08,653 [DEBUG] PredPreyGrassEnv.env-c5d50d3b: event=StepSummary | env_id=env-c5d50d3b | step=342 | current_step=342 | terminated_agents=[] | truncated_agents=[] | remaining_agents=23 | reward_preview={prey_9:-0.001, predator_2:-0.001, predator_4:-0.001, prey_14:-0.001, prey_17:-0.001} | info_preview={}
2025-11-23 03:29:08,665 [DEBUG] PredPreyGrassEnv.env-c5d50d3b: event=StepBegin | env_id=env-c5d50d3b | step=343 | incoming_actions=['prey_9', 'prey_14', 'prey_17', 'prey_13', 'prey_18', ...] | active_agents=23 | current_step=343
2025-11-23 03:29:08,668 [DEBUG] PredPreyGrassEnv.env-c5d50d3b: event=StepSummary | env_id=env-c5d50d3b | step=343 | current_step=343 | terminated_agents=[] | truncated_agents=[] | remaining_agents=23 | reward_preview={prey_9:-0.001, predator_2:-0.001, predator_4:-0.001, prey_14:-0.001, prey_17:-0.001} | info_preview={}
2025-11-23 03:29:08,679 [DEBUG] PredPreyGrassEnv.env-c5d50d3b: event=StepBegin | env_id=env-c5d50d3b | step=344 | incoming_actions=['prey_9', 'prey_14', 'prey_17', 'prey_13', 'prey_18', ...] | active_agents=23 | current_step=344
2025-11-23 03:29:08,682 [DEBUG] PredPreyGrassEnv.env-c5d50d3b: event=StepSummary | env_id=env-c5d50d3b | step=344 | current_step=344 | terminated_agents=[] | truncated_agents=[] | remaining_agents=23 | reward_preview={prey_9:-0.001, predator_2:-0.001, predator_4:-0.001, prey_14:-0.001, prey_17:-0.001} | info_preview={}
2025-11-23 03:29:08,693 [DEBUG] PredPreyGrassEnv.env-c5d50d3b: event=StepBegin | env_id=env-c5d50d3b | step=345 | incoming_actions=['prey_9', 'prey_14', 'prey_17', 'prey_13', 'prey_18', ...] | active_agents=23 | current_step=345
2025-11-23 03:29:08,696 [DEBUG] PredPreyGrassEnv.env-c5d50d3b: event=StepSummary | env_id=env-c5d50d3b | step=345 | current_step=345 | terminated_agents=[] | truncated_agents=[] | remaining_agents=23 | reward_preview={prey_9:-0.001, predator_2:-0.001, predator_4:-0.001, prey_14:-0.001, prey_17:-0.001} | info_preview={}
2025-11-23 03:29:08,706 [DEBUG] PredPreyGrassEnv.env-c5d50d3b: event=StepBegin | env_id=env-c5d50d3b | step=346 | incoming_actions=['prey_9', 'prey_14', 'prey_17', 'prey_13', 'prey_18', ...] | active_agents=23 | current_step=346
2025-11-23 03:29:08,710 [DEBUG] PredPreyGrassEnv.env-c5d50d3b: event=StepSummary | env_id=env-c5d50d3b | step=346 | current_step=346 | terminated_agents=[] | truncated_agents=[] | remaining_agents=23 | reward_preview={prey_9:-0.001, predator_2:-0.001, predator_4:-0.001, prey_14:-0.001, prey_17:-0.001} | info_preview={}
2025-11-23 03:29:08,720 [DEBUG] PredPreyGrassEnv.env-c5d50d3b: event=StepBegin | env_id=env-c5d50d3b | step=347 | incoming_actions=['prey_9', 'prey_14', 'prey_17', 'prey_13', 'prey_18', ...] | active_agents=23 | current_step=347
2025-11-23 03:29:08,724 [DEBUG] PredPreyGrassEnv.env-c5d50d3b: event=StepSummary | env_id=env-c5d50d3b | step=347 | current_step=347 | terminated_agents=[] | truncated_agents=[] | remaining_agents=23 | reward_preview={prey_9:-0.001, predator_2:-0.001, predator_4:-0.001, prey_14:-0.001, prey_17:-0.001} | info_preview={}
2025-11-23 03:29:08,734 [DEBUG] PredPreyGrassEnv.env-c5d50d3b: event=StepBegin | env_id=env-c5d50d3b | step=348 | incoming_actions=['prey_9', 'prey_14', 'prey_17', 'prey_13', 'prey_18', ...] | active_agents=23 | current_step=348
2025-11-23 03:29:08,737 [DEBUG] PredPreyGrassEnv.env-c5d50d3b: event=StepSummary | env_id=env-c5d50d3b | step=348 | current_step=348 | terminated_agents=[] | truncated_agents=[] | remaining_agents=23 | reward_preview={prey_9:-0.001, predator_2:-0.001, predator_4:-0.001, prey_14:-0.001, prey_17:-0.001} | info_preview={}
2025-11-23 03:29:08,748 [DEBUG] PredPreyGrassEnv.env-c5d50d3b: event=StepBegin | env_id=env-c5d50d3b | step=349 | incoming_actions=['prey_9', 'prey_14', 'prey_17', 'prey_13', 'prey_18', ...] | active_agents=23 | current_step=349
2025-11-23 03:29:08,751 [DEBUG] PredPreyGrassEnv.env-c5d50d3b: event=StepSummary | env_id=env-c5d50d3b | step=349 | current_step=349 | terminated_agents=[] | truncated_agents=[] | remaining_agents=23 | reward_preview={prey_9:-0.001, predator_2:-0.001, predator_4:-0.001, prey_14:-0.001, prey_17:-0.001} | info_preview={}
2025-11-23 03:29:08,761 [DEBUG] PredPreyGrassEnv.env-c5d50d3b: event=StepBegin | env_id=env-c5d50d3b | step=350 | incoming_actions=['prey_9', 'prey_14', 'prey_17', 'prey_13', 'prey_18', ...] | active_agents=23 | current_step=350
2025-11-23 03:29:08,765 [DEBUG] PredPreyGrassEnv.env-c5d50d3b: event=StepSummary | env_id=env-c5d50d3b | step=350 | current_step=350 | terminated_agents=[] | truncated_agents=[] | remaining_agents=23 | reward_preview={prey_9:-0.001, predator_2:-0.001, predator_4:-0.001, prey_14:-0.001, prey_17:-0.001} | info_preview={}
2025-11-23 03:29:08,775 [DEBUG] PredPreyGrassEnv.env-c5d50d3b: event=StepBegin | env_id=env-c5d50d3b | step=351 | incoming_actions=['prey_9', 'prey_14', 'prey_17', 'prey_13', 'prey_18', ...] | active_agents=23 | current_step=351
2025-11-23 03:29:08,779 [DEBUG] PredPreyGrassEnv.env-c5d50d3b: event=StepSummary | env_id=env-c5d50d3b | step=351 | current_step=351 | terminated_agents=[] | truncated_agents=[] | remaining_agents=23 | reward_preview={prey_9:-0.001, predator_2:-0.001, predator_4:-0.001, prey_14:-0.001, prey_17:-0.001} | info_preview={}
2025-11-23 03:29:08,793 [DEBUG] PredPreyGrassEnv.env-c5d50d3b: event=StepBegin | env_id=env-c5d50d3b | step=352 | incoming_actions=['prey_9', 'prey_14', 'prey_17', 'prey_13', 'prey_18', ...] | active_agents=23 | current_step=352
2025-11-23 03:29:08,797 [DEBUG] PredPreyGrassEnv.env-c5d50d3b: event=PreyAteGrass | env_id=env-c5d50d3b | step=352 | prey='prey_7' | grass='grass_86' | prey_position=[740.1109889073047, 178.33045024143348] | grass_energy=10.0 | energy_gained=9.0 | prey_energy=83.56995621572543
2025-11-23 03:29:08,798 [DEBUG] PredPreyGrassEnv.env-c5d50d3b: event=StepSummary | env_id=env-c5d50d3b | step=352 | current_step=352 | terminated_agents=[] | truncated_agents=[] | remaining_agents=23 | reward_preview={prey_9:-0.001, predator_2:-0.001, predator_4:-0.001, prey_14:-0.001, prey_17:-0.001} | info_preview={}
2025-11-23 03:29:08,813 [DEBUG] PredPreyGrassEnv.env-c5d50d3b: event=StepBegin | env_id=env-c5d50d3b | step=353 | incoming_actions=['prey_9', 'prey_14', 'prey_17', 'prey_13', 'prey_18', ...] | active_agents=23 | current_step=353
2025-11-23 03:29:08,818 [DEBUG] PredPreyGrassEnv.env-c5d50d3b: event=StepSummary | env_id=env-c5d50d3b | step=353 | current_step=353 | terminated_agents=[] | truncated_agents=[] | remaining_agents=23 | reward_preview={prey_9:-0.001, predator_2:-0.001, predator_4:-0.001, prey_14:-0.001, prey_17:-0.001} | info_preview={}
2025-11-23 03:29:08,833 [DEBUG] PredPreyGrassEnv.env-c5d50d3b: event=StepBegin | env_id=env-c5d50d3b | step=354 | incoming_actions=['prey_9', 'prey_14', 'prey_17', 'prey_13', 'prey_18', ...] | active_agents=23 | current_step=354
2025-11-23 03:29:08,837 [DEBUG] PredPreyGrassEnv.env-c5d50d3b: event=StepSummary | env_id=env-c5d50d3b | step=354 | current_step=354 | terminated_agents=[] | truncated_agents=[] | remaining_agents=23 | reward_preview={prey_9:-0.001, predator_2:-0.001, predator_4:-0.001, prey_14:-0.001, prey_17:-0.001} | info_preview={}
2025-11-23 03:29:08,849 [DEBUG] PredPreyGrassEnv.env-c5d50d3b: event=StepBegin | env_id=env-c5d50d3b | step=355 | incoming_actions=['prey_9', 'prey_14', 'prey_17', 'prey_13', 'prey_18', ...] | active_agents=23 | current_step=355
2025-11-23 03:29:08,854 [DEBUG] PredPreyGrassEnv.env-c5d50d3b: event=StepSummary | env_id=env-c5d50d3b | step=355 | current_step=355 | terminated_agents=[] | truncated_agents=[] | remaining_agents=23 | reward_preview={prey_9:-0.001, predator_2:-0.001, predator_4:-0.001, prey_14:-0.001, prey_17:-0.001} | info_preview={}
2025-11-23 03:29:08,869 [DEBUG] PredPreyGrassEnv.env-c5d50d3b: event=StepBegin | env_id=env-c5d50d3b | step=356 | incoming_actions=['prey_9', 'prey_14', 'prey_17', 'prey_13', 'prey_18', ...] | active_agents=23 | current_step=356
2025-11-23 03:29:08,874 [DEBUG] PredPreyGrassEnv.env-c5d50d3b: event=StepSummary | env_id=env-c5d50d3b | step=356 | current_step=356 | terminated_agents=[] | truncated_agents=[] | remaining_agents=23 | reward_preview={prey_9:-0.001, predator_2:-0.001, predator_4:-0.001, prey_14:-0.001, prey_17:-0.001} | info_preview={}
2025-11-23 03:29:08,889 [DEBUG] PredPreyGrassEnv.env-c5d50d3b: event=StepBegin | env_id=env-c5d50d3b | step=357 | incoming_actions=['prey_9', 'prey_14', 'prey_17', 'prey_13', 'prey_18', ...] | active_agents=23 | current_step=357
2025-11-23 03:29:08,893 [DEBUG] PredPreyGrassEnv.env-c5d50d3b: event=StepSummary | env_id=env-c5d50d3b | step=357 | current_step=357 | terminated_agents=[] | truncated_agents=[] | remaining_agents=23 | reward_preview={prey_9:-0.001, predator_2:-0.001, predator_4:-0.001, prey_14:-0.001, prey_17:-0.001} | info_preview={}
2025-11-23 03:29:08,906 [DEBUG] PredPreyGrassEnv.env-c5d50d3b: event=StepBegin | env_id=env-c5d50d3b | step=358 | incoming_actions=['prey_9', 'prey_14', 'prey_17', 'prey_13', 'prey_18', ...] | active_agents=23 | current_step=358
2025-11-23 03:29:08,910 [DEBUG] PredPreyGrassEnv.env-c5d50d3b: event=StepSummary | env_id=env-c5d50d3b | step=358 | current_step=358 | terminated_agents=[] | truncated_agents=[] | remaining_agents=23 | reward_preview={prey_9:-0.001, predator_2:-0.001, predator_4:-0.001, prey_14:-0.001, prey_17:-0.001} | info_preview={}
2025-11-23 03:29:08,923 [DEBUG] PredPreyGrassEnv.env-c5d50d3b: event=StepBegin | env_id=env-c5d50d3b | step=359 | incoming_actions=['prey_9', 'prey_14', 'prey_17', 'prey_13', 'prey_18', ...] | active_agents=23 | current_step=359
2025-11-23 03:29:08,928 [DEBUG] PredPreyGrassEnv.env-c5d50d3b: event=StepSummary | env_id=env-c5d50d3b | step=359 | current_step=359 | terminated_agents=[] | truncated_agents=[] | remaining_agents=23 | reward_preview={prey_9:-0.001, predator_2:-0.001, predator_4:-0.001, prey_14:-0.001, prey_17:-0.001} | info_preview={}
2025-11-23 03:29:08,941 [DEBUG] PredPreyGrassEnv.env-c5d50d3b: event=StepBegin | env_id=env-c5d50d3b | step=360 | incoming_actions=['prey_9', 'prey_14', 'prey_17', 'prey_13', 'prey_18', ...] | active_agents=23 | current_step=360
2025-11-23 03:29:08,946 [DEBUG] PredPreyGrassEnv.env-c5d50d3b: event=StepSummary | env_id=env-c5d50d3b | step=360 | current_step=360 | terminated_agents=[] | truncated_agents=[] | remaining_agents=23 | reward_preview={prey_9:-0.001, predator_2:-0.001, predator_4:-0.001, prey_14:-0.001, prey_17:-0.001} | info_preview={}
2025-11-23 03:29:08,961 [DEBUG] PredPreyGrassEnv.env-c5d50d3b: event=StepBegin | env_id=env-c5d50d3b | step=361 | incoming_actions=['prey_9', 'prey_14', 'prey_17', 'prey_13', 'prey_18', ...] | active_agents=23 | current_step=361
2025-11-23 03:29:08,965 [DEBUG] PredPreyGrassEnv.env-c5d50d3b: event=PreyAteGrass | env_id=env-c5d50d3b | step=361 | prey='prey_6' | grass='grass_28' | prey_position=[531.5148530301676, 733.5132004426334] | grass_energy=10.0 | energy_gained=9.0 | prey_energy=127.00211667974624
2025-11-23 03:29:08,966 [DEBUG] PredPreyGrassEnv.env-c5d50d3b: event=StepSummary | env_id=env-c5d50d3b | step=361 | current_step=361 | terminated_agents=[] | truncated_agents=[] | remaining_agents=23 | reward_preview={prey_9:-0.001, predator_2:-0.001, predator_4:-0.001, prey_14:-0.001, prey_17:-0.001} | info_preview={}
2025-11-23 03:29:08,977 [DEBUG] PredPreyGrassEnv.env-c5d50d3b: event=StepBegin | env_id=env-c5d50d3b | step=362 | incoming_actions=['prey_9', 'prey_14', 'prey_17', 'prey_13', 'prey_18', ...] | active_agents=23 | current_step=362
2025-11-23 03:29:08,982 [DEBUG] PredPreyGrassEnv.env-c5d50d3b: event=StepSummary | env_id=env-c5d50d3b | step=362 | current_step=362 | terminated_agents=[] | truncated_agents=[] | remaining_agents=23 | reward_preview={prey_9:-0.001, predator_2:-0.001, predator_4:-0.001, prey_14:-0.001, prey_17:-0.001} | info_preview={}
2025-11-23 03:29:08,996 [DEBUG] PredPreyGrassEnv.env-c5d50d3b: event=StepBegin | env_id=env-c5d50d3b | step=363 | incoming_actions=['prey_9', 'prey_14', 'prey_17', 'prey_13', 'prey_18', ...] | active_agents=23 | current_step=363
2025-11-23 03:29:08,999 [DEBUG] PredPreyGrassEnv.env-c5d50d3b: event=PreyAteGrass | env_id=env-c5d50d3b | step=363 | prey='prey_17' | grass='grass_20' | prey_position=[496.98272084616167, 541.6527982262091] | grass_energy=10.0 | energy_gained=9.0 | prey_energy=100.5415362414539
2025-11-23 03:29:09,001 [DEBUG] PredPreyGrassEnv.env-c5d50d3b: event=StepSummary | env_id=env-c5d50d3b | step=363 | current_step=363 | terminated_agents=[] | truncated_agents=[] | remaining_agents=23 | reward_preview={prey_9:-0.001, predator_2:-0.001, predator_4:-0.001, prey_14:-0.001, prey_17:1.0} | info_preview={}
2025-11-23 03:29:09,016 [DEBUG] PredPreyGrassEnv.env-c5d50d3b: event=StepBegin | env_id=env-c5d50d3b | step=364 | incoming_actions=['prey_9', 'prey_14', 'prey_17', 'prey_13', 'prey_18', ...] | active_agents=23 | current_step=364
2025-11-23 03:29:09,020 [DEBUG] PredPreyGrassEnv.env-c5d50d3b: event=StepSummary | env_id=env-c5d50d3b | step=364 | current_step=364 | terminated_agents=[] | truncated_agents=[] | remaining_agents=23 | reward_preview={prey_9:-0.001, predator_2:-0.001, predator_4:-0.001, prey_14:-0.001, prey_17:-0.001} | info_preview={}
2025-11-23 03:29:09,032 [DEBUG] PredPreyGrassEnv.env-c5d50d3b: event=StepBegin | env_id=env-c5d50d3b | step=365 | incoming_actions=['prey_9', 'prey_14', 'prey_17', 'prey_13', 'prey_18', ...] | active_agents=23 | current_step=365
2025-11-23 03:29:09,037 [DEBUG] PredPreyGrassEnv.env-c5d50d3b: event=StepSummary | env_id=env-c5d50d3b | step=365 | current_step=365 | terminated_agents=[] | truncated_agents=[] | remaining_agents=23 | reward_preview={prey_9:-0.001, predator_2:-0.001, predator_4:-0.001, prey_14:-0.001, prey_17:-0.001} | info_preview={}
2025-11-23 03:29:09,067 [DEBUG] PredPreyGrassEnv.env-c5d50d3b: event=StepBegin | env_id=env-c5d50d3b | step=366 | incoming_actions=['prey_9', 'prey_14', 'prey_17', 'prey_13', 'prey_18', ...] | active_agents=23 | current_step=366
2025-11-23 03:29:09,076 [DEBUG] PredPreyGrassEnv.env-c5d50d3b: event=StepSummary | env_id=env-c5d50d3b | step=366 | current_step=366 | terminated_agents=[] | truncated_agents=[] | remaining_agents=23 | reward_preview={prey_9:-0.001, predator_2:-0.001, predator_4:-0.001, prey_14:-0.001, prey_17:-0.001} | info_preview={}
2025-11-23 03:29:09,100 [DEBUG] PredPreyGrassEnv.env-c5d50d3b: event=StepBegin | env_id=env-c5d50d3b | step=367 | incoming_actions=['prey_9', 'prey_14', 'prey_17', 'prey_13', 'prey_18', ...] | active_agents=23 | current_step=367
2025-11-23 03:29:09,109 [DEBUG] PredPreyGrassEnv.env-c5d50d3b: event=StepSummary | env_id=env-c5d50d3b | step=367 | current_step=367 | terminated_agents=[] | truncated_agents=[] | remaining_agents=23 | reward_preview={prey_9:-0.001, predator_2:-0.001, predator_4:-0.001, prey_14:-0.001, prey_17:-0.001} | info_preview={}
2025-11-23 03:29:09,137 [DEBUG] PredPreyGrassEnv.env-c5d50d3b: event=StepBegin | env_id=env-c5d50d3b | step=368 | incoming_actions=['prey_9', 'prey_14', 'prey_17', 'prey_13', 'prey_18', ...] | active_agents=23 | current_step=368
2025-11-23 03:29:09,146 [DEBUG] PredPreyGrassEnv.env-c5d50d3b: event=StepSummary | env_id=env-c5d50d3b | step=368 | current_step=368 | terminated_agents=[] | truncated_agents=[] | remaining_agents=23 | reward_preview={prey_9:-0.001, predator_2:-0.001, predator_4:-0.001, prey_14:-0.001, prey_17:-0.001} | info_preview={}
2025-11-23 03:29:09,176 [DEBUG] PredPreyGrassEnv.env-c5d50d3b: event=StepBegin | env_id=env-c5d50d3b | step=369 | incoming_actions=['prey_9', 'prey_14', 'prey_17', 'prey_13', 'prey_18', ...] | active_agents=23 | current_step=369
2025-11-23 03:29:09,185 [DEBUG] PredPreyGrassEnv.env-c5d50d3b: event=StepSummary | env_id=env-c5d50d3b | step=369 | current_step=369 | terminated_agents=[] | truncated_agents=[] | remaining_agents=23 | reward_preview={prey_9:-0.001, predator_2:-0.001, predator_4:-0.001, prey_14:-0.001, prey_17:-0.001} | info_preview={}
2025-11-23 03:29:09,212 [DEBUG] PredPreyGrassEnv.env-c5d50d3b: event=StepBegin | env_id=env-c5d50d3b | step=370 | incoming_actions=['prey_9', 'prey_14', 'prey_17', 'prey_13', 'prey_18', ...] | active_agents=23 | current_step=370
2025-11-23 03:29:09,220 [DEBUG] PredPreyGrassEnv.env-c5d50d3b: event=StepSummary | env_id=env-c5d50d3b | step=370 | current_step=370 | terminated_agents=[] | truncated_agents=[] | remaining_agents=23 | reward_preview={prey_9:-0.001, predator_2:-0.001, predator_4:-0.001, prey_14:-0.001, prey_17:-0.001} | info_preview={}
2025-11-23 03:29:09,248 [DEBUG] PredPreyGrassEnv.env-c5d50d3b: event=StepBegin | env_id=env-c5d50d3b | step=371 | incoming_actions=['prey_9', 'prey_14', 'prey_17', 'prey_13', 'prey_18', ...] | active_agents=23 | current_step=371
2025-11-23 03:29:09,256 [DEBUG] PredPreyGrassEnv.env-c5d50d3b: event=StepSummary | env_id=env-c5d50d3b | step=371 | current_step=371 | terminated_agents=[] | truncated_agents=[] | remaining_agents=23 | reward_preview={prey_9:-0.001, predator_2:-0.001, predator_4:-0.001, prey_14:-0.001, prey_17:-0.001} | info_preview={}
2025-11-23 03:29:09,285 [DEBUG] PredPreyGrassEnv.env-c5d50d3b: event=StepBegin | env_id=env-c5d50d3b | step=372 | incoming_actions=['prey_9', 'prey_14', 'prey_17', 'prey_13', 'prey_18', ...] | active_agents=23 | current_step=372
2025-11-23 03:29:09,294 [DEBUG] PredPreyGrassEnv.env-c5d50d3b: event=StepSummary | env_id=env-c5d50d3b | step=372 | current_step=372 | terminated_agents=[] | truncated_agents=[] | remaining_agents=23 | reward_preview={prey_9:-0.001, predator_2:-0.001, predator_4:-0.001, prey_14:-0.001, prey_17:-0.001} | info_preview={}
2025-11-23 03:29:09,322 [DEBUG] PredPreyGrassEnv.env-c5d50d3b: event=StepBegin | env_id=env-c5d50d3b | step=373 | incoming_actions=['prey_9', 'prey_14', 'prey_17', 'prey_13', 'prey_18', ...] | active_agents=23 | current_step=373
2025-11-23 03:29:09,331 [DEBUG] PredPreyGrassEnv.env-c5d50d3b: event=StepSummary | env_id=env-c5d50d3b | step=373 | current_step=373 | terminated_agents=[] | truncated_agents=[] | remaining_agents=23 | reward_preview={prey_9:-0.001, predator_2:-0.001, predator_4:-0.001, prey_14:-0.001, prey_17:-0.001} | info_preview={}
2025-11-23 03:29:09,359 [DEBUG] PredPreyGrassEnv.env-c5d50d3b: event=StepBegin | env_id=env-c5d50d3b | step=374 | incoming_actions=['prey_9', 'prey_14', 'prey_17', 'prey_13', 'prey_18', ...] | active_agents=23 | current_step=374
2025-11-23 03:29:09,394 [DEBUG] PredPreyGrassEnv.env-c5d50d3b: event=StepSummary | env_id=env-c5d50d3b | step=374 | current_step=374 | terminated_agents=[] | truncated_agents=[] | remaining_agents=23 | reward_preview={prey_9:-0.001, predator_2:-0.001, predator_4:-0.001, prey_14:-0.001, prey_17:-0.001} | info_preview={}
2025-11-23 03:29:09,421 [DEBUG] PredPreyGrassEnv.env-c5d50d3b: event=StepBegin | env_id=env-c5d50d3b | step=375 | incoming_actions=['prey_9', 'prey_14', 'prey_17', 'prey_13', 'prey_18', ...] | active_agents=23 | current_step=375
2025-11-23 03:29:09,429 [DEBUG] PredPreyGrassEnv.env-c5d50d3b: event=StepSummary | env_id=env-c5d50d3b | step=375 | current_step=375 | terminated_agents=[] | truncated_agents=[] | remaining_agents=23 | reward_preview={prey_9:-0.001, predator_2:-0.001, predator_4:-0.001, prey_14:-0.001, prey_17:-0.001} | info_preview={}
2025-11-23 03:29:09,456 [DEBUG] PredPreyGrassEnv.env-c5d50d3b: event=StepBegin | env_id=env-c5d50d3b | step=376 | incoming_actions=['prey_9', 'prey_14', 'prey_17', 'prey_13', 'prey_18', ...] | active_agents=23 | current_step=376
2025-11-23 03:29:09,465 [DEBUG] PredPreyGrassEnv.env-c5d50d3b: event=StepSummary | env_id=env-c5d50d3b | step=376 | current_step=376 | terminated_agents=[] | truncated_agents=[] | remaining_agents=23 | reward_preview={prey_9:-0.001, predator_2:-0.001, predator_4:-0.001, prey_14:-0.001, prey_17:-0.001} | info_preview={}
2025-11-23 03:29:09,491 [DEBUG] PredPreyGrassEnv.env-c5d50d3b: event=StepBegin | env_id=env-c5d50d3b | step=377 | incoming_actions=['prey_9', 'prey_14', 'prey_17', 'prey_13', 'prey_18', ...] | active_agents=23 | current_step=377
2025-11-23 03:29:09,500 [DEBUG] PredPreyGrassEnv.env-c5d50d3b: event=StepSummary | env_id=env-c5d50d3b | step=377 | current_step=377 | terminated_agents=[] | truncated_agents=[] | remaining_agents=23 | reward_preview={prey_9:-0.001, predator_2:-0.001, predator_4:-0.001, prey_14:-0.001, prey_17:-0.001} | info_preview={}
2025-11-23 03:29:09,525 [DEBUG] PredPreyGrassEnv.env-c5d50d3b: event=StepBegin | env_id=env-c5d50d3b | step=378 | incoming_actions=['prey_9', 'prey_14', 'prey_17', 'prey_13', 'prey_18', ...] | active_agents=23 | current_step=378
2025-11-23 03:29:09,531 [DEBUG] PredPreyGrassEnv.env-c5d50d3b: event=PreyAteGrass | env_id=env-c5d50d3b | step=378 | prey='prey_15' | grass='grass_5' | prey_position=[447.4929859789156, 242.25914459927816] | grass_energy=10.0 | energy_gained=9.0 | prey_energy=111.20599358161564
2025-11-23 03:29:09,534 [DEBUG] PredPreyGrassEnv.env-c5d50d3b: event=StepSummary | env_id=env-c5d50d3b | step=378 | current_step=378 | terminated_agents=[] | truncated_agents=[] | remaining_agents=23 | reward_preview={prey_9:-0.001, predator_2:-0.001, predator_4:-0.001, prey_14:-0.001, prey_17:-0.001} | info_preview={}
2025-11-23 03:29:09,561 [DEBUG] PredPreyGrassEnv.env-c5d50d3b: event=StepBegin | env_id=env-c5d50d3b | step=379 | incoming_actions=['prey_9', 'prey_14', 'prey_17', 'prey_13', 'prey_18', ...] | active_agents=23 | current_step=379
2025-11-23 03:29:09,566 [DEBUG] PredPreyGrassEnv.env-c5d50d3b: event=PreyAteGrass | env_id=env-c5d50d3b | step=379 | prey='prey_15' | grass='grass_41' | prey_position=[445.121541222188, 243.36414391952698] | grass_energy=10.0 | energy_gained=9.0 | prey_energy=119.89770770076242
2025-11-23 03:29:09,570 [DEBUG] PredPreyGrassEnv.env-c5d50d3b: event=StepSummary | env_id=env-c5d50d3b | step=379 | current_step=379 | terminated_agents=[] | truncated_agents=[] | remaining_agents=23 | reward_preview={prey_9:-0.001, predator_2:-0.001, predator_4:-0.001, prey_14:-0.001, prey_17:-0.001} | info_preview={}
2025-11-23 03:29:09,597 [DEBUG] PredPreyGrassEnv.env-c5d50d3b: event=StepBegin | env_id=env-c5d50d3b | step=380 | incoming_actions=['prey_9', 'prey_14', 'prey_17', 'prey_13', 'prey_18', ...] | active_agents=23 | current_step=380
2025-11-23 03:29:09,606 [DEBUG] PredPreyGrassEnv.env-c5d50d3b: event=StepSummary | env_id=env-c5d50d3b | step=380 | current_step=380 | terminated_agents=[] | truncated_agents=[] | remaining_agents=23 | reward_preview={prey_9:-0.001, predator_2:-0.001, predator_4:-0.001, prey_14:-0.001, prey_17:-0.001} | info_preview={}
2025-11-23 03:29:09,632 [DEBUG] PredPreyGrassEnv.env-c5d50d3b: event=StepBegin | env_id=env-c5d50d3b | step=381 | incoming_actions=['prey_9', 'prey_14', 'prey_17', 'prey_13', 'prey_18', ...] | active_agents=23 | current_step=381
2025-11-23 03:29:09,641 [DEBUG] PredPreyGrassEnv.env-c5d50d3b: event=StepSummary | env_id=env-c5d50d3b | step=381 | current_step=381 | terminated_agents=[] | truncated_agents=[] | remaining_agents=23 | reward_preview={prey_9:-0.001, predator_2:-0.001, predator_4:-0.001, prey_14:-0.001, prey_17:-0.001} | info_preview={}
2025-11-23 03:29:09,667 [DEBUG] PredPreyGrassEnv.env-c5d50d3b: event=StepBegin | env_id=env-c5d50d3b | step=382 | incoming_actions=['prey_9', 'prey_14', 'prey_17', 'prey_13', 'prey_18', ...] | active_agents=23 | current_step=382
2025-11-23 03:29:09,676 [DEBUG] PredPreyGrassEnv.env-c5d50d3b: event=StepSummary | env_id=env-c5d50d3b | step=382 | current_step=382 | terminated_agents=[] | truncated_agents=[] | remaining_agents=23 | reward_preview={prey_9:-0.001, predator_2:-0.001, predator_4:-0.001, prey_14:-0.001, prey_17:-0.001} | info_preview={}
2025-11-23 03:29:09,702 [DEBUG] PredPreyGrassEnv.env-c5d50d3b: event=StepBegin | env_id=env-c5d50d3b | step=383 | incoming_actions=['prey_9', 'prey_14', 'prey_17', 'prey_13', 'prey_18', ...] | active_agents=23 | current_step=383
2025-11-23 03:29:09,711 [DEBUG] PredPreyGrassEnv.env-c5d50d3b: event=StepSummary | env_id=env-c5d50d3b | step=383 | current_step=383 | terminated_agents=[] | truncated_agents=[] | remaining_agents=23 | reward_preview={prey_9:-0.001, predator_2:-0.001, predator_4:-0.001, prey_14:-0.001, prey_17:-0.001} | info_preview={}
2025-11-23 03:29:09,739 [DEBUG] PredPreyGrassEnv.env-c5d50d3b: event=StepBegin | env_id=env-c5d50d3b | step=384 | incoming_actions=['prey_9', 'prey_14', 'prey_17', 'prey_13', 'prey_18', ...] | active_agents=23 | current_step=384
2025-11-23 03:29:09,748 [DEBUG] PredPreyGrassEnv.env-c5d50d3b: event=StepSummary | env_id=env-c5d50d3b | step=384 | current_step=384 | terminated_agents=[] | truncated_agents=[] | remaining_agents=23 | reward_preview={prey_9:-0.001, predator_2:-0.001, predator_4:-0.001, prey_14:-0.001, prey_17:-0.001} | info_preview={}
2025-11-23 03:29:09,775 [DEBUG] PredPreyGrassEnv.env-c5d50d3b: event=StepBegin | env_id=env-c5d50d3b | step=385 | incoming_actions=['prey_9', 'prey_14', 'prey_17', 'prey_13', 'prey_18', ...] | active_agents=23 | current_step=385
2025-11-23 03:29:09,784 [DEBUG] PredPreyGrassEnv.env-c5d50d3b: event=StepSummary | env_id=env-c5d50d3b | step=385 | current_step=385 | terminated_agents=[] | truncated_agents=[] | remaining_agents=23 | reward_preview={prey_9:-0.001, predator_2:-0.001, predator_4:-0.001, prey_14:-0.001, prey_17:-0.001} | info_preview={}
2025-11-23 03:29:09,811 [DEBUG] PredPreyGrassEnv.env-c5d50d3b: event=StepBegin | env_id=env-c5d50d3b | step=386 | incoming_actions=['prey_9', 'prey_14', 'prey_17', 'prey_13', 'prey_18', ...] | active_agents=23 | current_step=386
2025-11-23 03:29:09,820 [DEBUG] PredPreyGrassEnv.env-c5d50d3b: event=StepSummary | env_id=env-c5d50d3b | step=386 | current_step=386 | terminated_agents=[] | truncated_agents=[] | remaining_agents=23 | reward_preview={prey_9:-0.001, predator_2:-0.001, predator_4:-0.001, prey_14:-0.001, prey_17:-0.001} | info_preview={}
2025-11-23 03:29:09,843 [DEBUG] PredPreyGrassEnv.env-c5d50d3b: event=StepBegin | env_id=env-c5d50d3b | step=387 | incoming_actions=['prey_9', 'prey_14', 'prey_17', 'prey_13', 'prey_18', ...] | active_agents=23 | current_step=387
2025-11-23 03:29:09,852 [DEBUG] PredPreyGrassEnv.env-c5d50d3b: event=StepSummary | env_id=env-c5d50d3b | step=387 | current_step=387 | terminated_agents=[] | truncated_agents=[] | remaining_agents=23 | reward_preview={prey_9:-0.001, predator_2:-0.001, predator_4:-0.001, prey_14:-0.001, prey_17:-0.001} | info_preview={}
2025-11-23 03:29:09,888 [DEBUG] PredPreyGrassEnv.env-c5d50d3b: event=StepBegin | env_id=env-c5d50d3b | step=388 | incoming_actions=['prey_9', 'prey_14', 'prey_17', 'prey_13', 'prey_18', ...] | active_agents=23 | current_step=388
2025-11-23 03:29:09,899 [DEBUG] PredPreyGrassEnv.env-c5d50d3b: event=StepSummary | env_id=env-c5d50d3b | step=388 | current_step=388 | terminated_agents=[] | truncated_agents=[] | remaining_agents=23 | reward_preview={prey_9:-0.001, predator_2:-0.001, predator_4:-0.001, prey_14:-0.001, prey_17:-0.001} | info_preview={}
2025-11-23 03:29:09,929 [DEBUG] PredPreyGrassEnv.env-c5d50d3b: event=StepBegin | env_id=env-c5d50d3b | step=389 | incoming_actions=['prey_9', 'prey_14', 'prey_17', 'prey_13', 'prey_18', ...] | active_agents=23 | current_step=389
2025-11-23 03:29:09,939 [DEBUG] PredPreyGrassEnv.env-c5d50d3b: event=StepSummary | env_id=env-c5d50d3b | step=389 | current_step=389 | terminated_agents=[] | truncated_agents=[] | remaining_agents=23 | reward_preview={prey_9:-0.001, predator_2:-0.001, predator_4:-0.001, prey_14:-0.001, prey_17:-0.001} | info_preview={}
2025-11-23 03:29:09,968 [DEBUG] PredPreyGrassEnv.env-c5d50d3b: event=StepBegin | env_id=env-c5d50d3b | step=390 | incoming_actions=['prey_9', 'prey_14', 'prey_17', 'prey_13', 'prey_18', ...] | active_agents=23 | current_step=390
2025-11-23 03:29:09,977 [DEBUG] PredPreyGrassEnv.env-c5d50d3b: event=StepSummary | env_id=env-c5d50d3b | step=390 | current_step=390 | terminated_agents=[] | truncated_agents=[] | remaining_agents=23 | reward_preview={prey_9:-0.001, predator_2:-0.001, predator_4:-0.001, prey_14:-0.001, prey_17:-0.001} | info_preview={}
2025-11-23 03:29:10,004 [DEBUG] PredPreyGrassEnv.env-c5d50d3b: event=StepBegin | env_id=env-c5d50d3b | step=391 | incoming_actions=['prey_9', 'prey_14', 'prey_17', 'prey_13', 'prey_18', ...] | active_agents=23 | current_step=391
2025-11-23 03:29:10,009 [DEBUG] PredPreyGrassEnv.env-c5d50d3b: event=PreyAteGrass | env_id=env-c5d50d3b | step=391 | prey='prey_14' | grass='grass_39' | prey_position=[117.72651163644683, 149.63586743890318] | grass_energy=10.0 | energy_gained=9.0 | prey_energy=109.88721606409707
2025-11-23 03:29:10,013 [DEBUG] PredPreyGrassEnv.env-c5d50d3b: event=StepSummary | env_id=env-c5d50d3b | step=391 | current_step=391 | terminated_agents=[] | truncated_agents=[] | remaining_agents=23 | reward_preview={prey_9:-0.001, predator_2:-0.001, predator_4:-0.001, prey_14:1.0, prey_17:-0.001} | info_preview={}
2025-11-23 03:29:10,040 [DEBUG] PredPreyGrassEnv.env-c5d50d3b: event=StepBegin | env_id=env-c5d50d3b | step=392 | incoming_actions=['prey_9', 'prey_14', 'prey_17', 'prey_13', 'prey_18', ...] | active_agents=23 | current_step=392
2025-11-23 03:29:10,050 [DEBUG] PredPreyGrassEnv.env-c5d50d3b: event=StepSummary | env_id=env-c5d50d3b | step=392 | current_step=392 | terminated_agents=[] | truncated_agents=[] | remaining_agents=23 | reward_preview={prey_9:-0.001, predator_2:-0.001, predator_4:-0.001, prey_14:-0.001, prey_17:-0.001} | info_preview={}
2025-11-23 03:29:10,080 [DEBUG] PredPreyGrassEnv.env-c5d50d3b: event=StepBegin | env_id=env-c5d50d3b | step=393 | incoming_actions=['prey_9', 'prey_14', 'prey_17', 'prey_13', 'prey_18', ...] | active_agents=23 | current_step=393
2025-11-23 03:29:10,089 [DEBUG] PredPreyGrassEnv.env-c5d50d3b: event=StepSummary | env_id=env-c5d50d3b | step=393 | current_step=393 | terminated_agents=[] | truncated_agents=[] | remaining_agents=23 | reward_preview={prey_9:-0.001, predator_2:-0.001, predator_4:-0.001, prey_14:-0.001, prey_17:-0.001} | info_preview={}
2025-11-23 03:29:10,116 [DEBUG] PredPreyGrassEnv.env-c5d50d3b: event=StepBegin | env_id=env-c5d50d3b | step=394 | incoming_actions=['prey_9', 'prey_14', 'prey_17', 'prey_13', 'prey_18', ...] | active_agents=23 | current_step=394
2025-11-23 03:29:10,124 [DEBUG] PredPreyGrassEnv.env-c5d50d3b: event=StepSummary | env_id=env-c5d50d3b | step=394 | current_step=394 | terminated_agents=[] | truncated_agents=[] | remaining_agents=23 | reward_preview={prey_9:-0.001, predator_2:-0.001, predator_4:-0.001, prey_14:-0.001, prey_17:-0.001} | info_preview={}
2025-11-23 03:29:10,151 [DEBUG] PredPreyGrassEnv.env-c5d50d3b: event=StepBegin | env_id=env-c5d50d3b | step=395 | incoming_actions=['prey_9', 'prey_14', 'prey_17', 'prey_13', 'prey_18', ...] | active_agents=23 | current_step=395
2025-11-23 03:29:10,157 [DEBUG] PredPreyGrassEnv.env-c5d50d3b: event=PreyAteGrass | env_id=env-c5d50d3b | step=395 | prey='prey_19' | grass='grass_95' | prey_position=[531.5777272681765, 302.6089290190597] | grass_energy=10.0 | energy_gained=9.0 | prey_energy=106.71358793325085
2025-11-23 03:29:10,161 [DEBUG] PredPreyGrassEnv.env-c5d50d3b: event=StepSummary | env_id=env-c5d50d3b | step=395 | current_step=395 | terminated_agents=[] | truncated_agents=[] | remaining_agents=23 | reward_preview={prey_9:-0.001, predator_2:-0.001, predator_4:-0.001, prey_14:-0.001, prey_17:-0.001} | info_preview={}
2025-11-23 03:29:10,179 [DEBUG] PredPreyGrassEnv.env-c5d50d3b: event=StepBegin | env_id=env-c5d50d3b | step=396 | incoming_actions=['prey_9', 'prey_14', 'prey_17', 'prey_13', 'prey_18', ...] | active_agents=23 | current_step=396
2025-11-23 03:29:10,183 [DEBUG] PredPreyGrassEnv.env-c5d50d3b: event=StepSummary | env_id=env-c5d50d3b | step=396 | current_step=396 | terminated_agents=[] | truncated_agents=[] | remaining_agents=23 | reward_preview={prey_9:-0.001, predator_2:-0.001, predator_4:-0.001, prey_14:-0.001, prey_17:-0.001} | info_preview={}
2025-11-23 03:29:10,194 [DEBUG] PredPreyGrassEnv.env-c5d50d3b: event=StepBegin | env_id=env-c5d50d3b | step=397 | incoming_actions=['prey_9', 'prey_14', 'prey_17', 'prey_13', 'prey_18', ...] | active_agents=23 | current_step=397
2025-11-23 03:29:10,199 [DEBUG] PredPreyGrassEnv.env-c5d50d3b: event=StepSummary | env_id=env-c5d50d3b | step=397 | current_step=397 | terminated_agents=[] | truncated_agents=[] | remaining_agents=23 | reward_preview={prey_9:-0.001, predator_2:-0.001, predator_4:-0.001, prey_14:-0.001, prey_17:-0.001} | info_preview={}
2025-11-23 03:29:10,212 [DEBUG] PredPreyGrassEnv.env-c5d50d3b: event=StepBegin | env_id=env-c5d50d3b | step=398 | incoming_actions=['prey_9', 'prey_14', 'prey_17', 'prey_13', 'prey_18', ...] | active_agents=23 | current_step=398
2025-11-23 03:29:10,216 [DEBUG] PredPreyGrassEnv.env-c5d50d3b: event=StepSummary | env_id=env-c5d50d3b | step=398 | current_step=398 | terminated_agents=[] | truncated_agents=[] | remaining_agents=23 | reward_preview={prey_9:-0.001, predator_2:-0.001, predator_4:-0.001, prey_14:-0.001, prey_17:-0.001} | info_preview={}
2025-11-23 03:29:10,231 [DEBUG] PredPreyGrassEnv.env-c5d50d3b: event=StepBegin | env_id=env-c5d50d3b | step=399 | incoming_actions=['prey_9', 'prey_14', 'prey_17', 'prey_13', 'prey_18', ...] | active_agents=23 | current_step=399
2025-11-23 03:29:10,235 [DEBUG] PredPreyGrassEnv.env-c5d50d3b: event=StepSummary | env_id=env-c5d50d3b | step=399 | current_step=399 | terminated_agents=[] | truncated_agents=[] | remaining_agents=23 | reward_preview={prey_9:-0.001, predator_2:-0.001, predator_4:-0.001, prey_14:-0.001, prey_17:-0.001} | info_preview={}
2025-11-23 03:29:10,249 [DEBUG] PredPreyGrassEnv.env-c5d50d3b: event=StepBegin | env_id=env-c5d50d3b | step=400 | incoming_actions=['prey_9', 'prey_14', 'prey_17', 'prey_13', 'prey_18', ...] | active_agents=23 | current_step=400
2025-11-23 03:29:10,254 [DEBUG] PredPreyGrassEnv.env-c5d50d3b: event=StepSummary | env_id=env-c5d50d3b | step=400 | current_step=400 | terminated_agents=[] | truncated_agents=[] | remaining_agents=23 | reward_preview={prey_9:-0.001, predator_2:-0.001, predator_4:-0.001, prey_14:-0.001, prey_17:-0.001} | info_preview={}
2025-11-23 03:29:10,267 [DEBUG] PredPreyGrassEnv.env-c5d50d3b: event=StepBegin | env_id=env-c5d50d3b | step=401 | incoming_actions=['prey_9', 'prey_14', 'prey_17', 'prey_13', 'prey_18', ...] | active_agents=23 | current_step=401
2025-11-23 03:29:10,272 [DEBUG] PredPreyGrassEnv.env-c5d50d3b: event=StepSummary | env_id=env-c5d50d3b | step=401 | current_step=401 | terminated_agents=[] | truncated_agents=[] | remaining_agents=23 | reward_preview={prey_9:-0.001, predator_2:-0.001, predator_4:-0.001, prey_14:-0.001, prey_17:-0.001} | info_preview={}
2025-11-23 03:29:10,285 [DEBUG] PredPreyGrassEnv.env-c5d50d3b: event=StepBegin | env_id=env-c5d50d3b | step=402 | incoming_actions=['prey_9', 'prey_14', 'prey_17', 'prey_13', 'prey_18', ...] | active_agents=23 | current_step=402
2025-11-23 03:29:10,289 [DEBUG] PredPreyGrassEnv.env-c5d50d3b: event=StepSummary | env_id=env-c5d50d3b | step=402 | current_step=402 | terminated_agents=[] | truncated_agents=[] | remaining_agents=23 | reward_preview={prey_9:-0.001, predator_2:-0.001, predator_4:-0.001, prey_14:-0.001, prey_17:-0.001} | info_preview={}
2025-11-23 03:29:10,388 [DEBUG] PredPreyGrassEnv.env-c5d50d3b: event=StepBegin | env_id=env-c5d50d3b | step=403 | incoming_actions=['prey_9', 'prey_14', 'prey_17', 'prey_13', 'prey_18', ...] | active_agents=23 | current_step=403
2025-11-23 03:29:10,392 [DEBUG] PredPreyGrassEnv.env-c5d50d3b: event=StepSummary | env_id=env-c5d50d3b | step=403 | current_step=403 | terminated_agents=[] | truncated_agents=[] | remaining_agents=23 | reward_preview={prey_9:-0.001, predator_2:-0.001, predator_4:-0.001, prey_14:-0.001, prey_17:-0.001} | info_preview={}
2025-11-23 03:29:10,403 [DEBUG] PredPreyGrassEnv.env-c5d50d3b: event=StepBegin | env_id=env-c5d50d3b | step=404 | incoming_actions=['prey_9', 'prey_14', 'prey_17', 'prey_13', 'prey_18', ...] | active_agents=23 | current_step=404
2025-11-23 03:29:10,407 [DEBUG] PredPreyGrassEnv.env-c5d50d3b: event=StepSummary | env_id=env-c5d50d3b | step=404 | current_step=404 | terminated_agents=[] | truncated_agents=[] | remaining_agents=23 | reward_preview={prey_9:-0.001, predator_2:-0.001, predator_4:-0.001, prey_14:-0.001, prey_17:-0.001} | info_preview={}
2025-11-23 03:29:10,418 [DEBUG] PredPreyGrassEnv.env-c5d50d3b: event=StepBegin | env_id=env-c5d50d3b | step=405 | incoming_actions=['prey_9', 'prey_14', 'prey_17', 'prey_13', 'prey_18', ...] | active_agents=23 | current_step=405
2025-11-23 03:29:10,422 [DEBUG] PredPreyGrassEnv.env-c5d50d3b: event=StepSummary | env_id=env-c5d50d3b | step=405 | current_step=405 | terminated_agents=[] | truncated_agents=[] | remaining_agents=23 | reward_preview={prey_9:-0.001, predator_2:-0.001, predator_4:-0.001, prey_14:-0.001, prey_17:-0.001} | info_preview={}
2025-11-23 03:29:10,432 [DEBUG] PredPreyGrassEnv.env-c5d50d3b: event=StepBegin | env_id=env-c5d50d3b | step=406 | incoming_actions=['prey_9', 'prey_14', 'prey_17', 'prey_13', 'prey_18', ...] | active_agents=23 | current_step=406
2025-11-23 03:29:10,436 [DEBUG] PredPreyGrassEnv.env-c5d50d3b: event=StepSummary | env_id=env-c5d50d3b | step=406 | current_step=406 | terminated_agents=[] | truncated_agents=[] | remaining_agents=23 | reward_preview={prey_9:-0.001, predator_2:-0.001, predator_4:-0.001, prey_14:-0.001, prey_17:-0.001} | info_preview={}
2025-11-23 03:29:10,446 [DEBUG] PredPreyGrassEnv.env-c5d50d3b: event=StepBegin | env_id=env-c5d50d3b | step=407 | incoming_actions=['prey_9', 'prey_14', 'prey_17', 'prey_13', 'prey_18', ...] | active_agents=23 | current_step=407
2025-11-23 03:29:10,450 [DEBUG] PredPreyGrassEnv.env-c5d50d3b: event=StepSummary | env_id=env-c5d50d3b | step=407 | current_step=407 | terminated_agents=[] | truncated_agents=[] | remaining_agents=23 | reward_preview={prey_9:-0.001, predator_2:-0.001, predator_4:-0.001, prey_14:-0.001, prey_17:-0.001} | info_preview={}
2025-11-23 03:29:10,461 [DEBUG] PredPreyGrassEnv.env-c5d50d3b: event=StepBegin | env_id=env-c5d50d3b | step=408 | incoming_actions=['prey_9', 'prey_14', 'prey_17', 'prey_13', 'prey_18', ...] | active_agents=23 | current_step=408
2025-11-23 03:29:10,465 [DEBUG] PredPreyGrassEnv.env-c5d50d3b: event=StepSummary | env_id=env-c5d50d3b | step=408 | current_step=408 | terminated_agents=[] | truncated_agents=[] | remaining_agents=23 | reward_preview={prey_9:-0.001, predator_2:-0.001, predator_4:-0.001, prey_14:-0.001, prey_17:-0.001} | info_preview={}
2025-11-23 03:29:10,476 [DEBUG] PredPreyGrassEnv.env-c5d50d3b: event=StepBegin | env_id=env-c5d50d3b | step=409 | incoming_actions=['prey_9', 'prey_14', 'prey_17', 'prey_13', 'prey_18', ...] | active_agents=23 | current_step=409
2025-11-23 03:29:10,480 [DEBUG] PredPreyGrassEnv.env-c5d50d3b: event=StepSummary | env_id=env-c5d50d3b | step=409 | current_step=409 | terminated_agents=[] | truncated_agents=[] | remaining_agents=23 | reward_preview={prey_9:-0.001, predator_2:-0.001, predator_4:-0.001, prey_14:-0.001, prey_17:-0.001} | info_preview={}
2025-11-23 03:29:10,492 [DEBUG] PredPreyGrassEnv.env-c5d50d3b: event=StepBegin | env_id=env-c5d50d3b | step=410 | incoming_actions=['prey_9', 'prey_14', 'prey_17', 'prey_13', 'prey_18', ...] | active_agents=23 | current_step=410
2025-11-23 03:29:10,497 [DEBUG] PredPreyGrassEnv.env-c5d50d3b: event=StepSummary | env_id=env-c5d50d3b | step=410 | current_step=410 | terminated_agents=[] | truncated_agents=[] | remaining_agents=23 | reward_preview={prey_9:-0.001, predator_2:-0.001, predator_4:-0.001, prey_14:-0.001, prey_17:-0.001} | info_preview={}
2025-11-23 03:29:10,511 [DEBUG] PredPreyGrassEnv.env-c5d50d3b: event=StepBegin | env_id=env-c5d50d3b | step=411 | incoming_actions=['prey_9', 'prey_14', 'prey_17', 'prey_13', 'prey_18', ...] | active_agents=23 | current_step=411
2025-11-23 03:29:10,515 [DEBUG] PredPreyGrassEnv.env-c5d50d3b: event=StepSummary | env_id=env-c5d50d3b | step=411 | current_step=411 | terminated_agents=[] | truncated_agents=[] | remaining_agents=23 | reward_preview={prey_9:-0.001, predator_2:-0.001, predator_4:-0.001, prey_14:-0.001, prey_17:-0.001} | info_preview={}
2025-11-23 03:29:10,527 [DEBUG] PredPreyGrassEnv.env-c5d50d3b: event=StepBegin | env_id=env-c5d50d3b | step=412 | incoming_actions=['prey_9', 'prey_14', 'prey_17', 'prey_13', 'prey_18', ...] | active_agents=23 | current_step=412
2025-11-23 03:29:10,529 [DEBUG] PredPreyGrassEnv.env-c5d50d3b: event=PreyAteGrass | env_id=env-c5d50d3b | step=412 | prey='prey_15' | grass='grass_71' | prey_position=[358.4457418524323, 260.63283225262296] | grass_energy=10.0 | energy_gained=9.0 | prey_energy=117.7802500382202
2025-11-23 03:29:10,530 [DEBUG] PredPreyGrassEnv.env-c5d50d3b: event=StepSummary | env_id=env-c5d50d3b | step=412 | current_step=412 | terminated_agents=[] | truncated_agents=[] | remaining_agents=23 | reward_preview={prey_9:-0.001, predator_2:-0.001, predator_4:-0.001, prey_14:-0.001, prey_17:-0.001} | info_preview={}
2025-11-23 03:29:10,541 [DEBUG] PredPreyGrassEnv.env-c5d50d3b: event=StepBegin | env_id=env-c5d50d3b | step=413 | incoming_actions=['prey_9', 'prey_14', 'prey_17', 'prey_13', 'prey_18', ...] | active_agents=23 | current_step=413
2025-11-23 03:29:10,547 [DEBUG] PredPreyGrassEnv.env-c5d50d3b: event=PreyAteGrass | env_id=env-c5d50d3b | step=413 | prey='prey_8' | grass='grass_43' | prey_position=[50.11463815601957, 626.5691418997931] | grass_energy=10.0 | energy_gained=9.0 | prey_energy=109.64794633998793
2025-11-23 03:29:10,548 [DEBUG] PredPreyGrassEnv.env-c5d50d3b: event=StepSummary | env_id=env-c5d50d3b | step=413 | current_step=413 | terminated_agents=[] | truncated_agents=[] | remaining_agents=23 | reward_preview={prey_9:-0.001, predator_2:-0.001, predator_4:-0.001, prey_14:-0.001, prey_17:-0.001} | info_preview={}
2025-11-23 03:29:10,560 [DEBUG] PredPreyGrassEnv.env-c5d50d3b: event=StepBegin | env_id=env-c5d50d3b | step=414 | incoming_actions=['prey_9', 'prey_14', 'prey_17', 'prey_13', 'prey_18', ...] | active_agents=23 | current_step=414
2025-11-23 03:29:10,563 [DEBUG] PredPreyGrassEnv.env-c5d50d3b: event=StepSummary | env_id=env-c5d50d3b | step=414 | current_step=414 | terminated_agents=[] | truncated_agents=[] | remaining_agents=23 | reward_preview={prey_9:-0.001, predator_2:-0.001, predator_4:-0.001, prey_14:-0.001, prey_17:-0.001} | info_preview={}
2025-11-23 03:29:10,574 [DEBUG] PredPreyGrassEnv.env-c5d50d3b: event=StepBegin | env_id=env-c5d50d3b | step=415 | incoming_actions=['prey_9', 'prey_14', 'prey_17', 'prey_13', 'prey_18', ...] | active_agents=23 | current_step=415
2025-11-23 03:29:10,577 [DEBUG] PredPreyGrassEnv.env-c5d50d3b: event=PreyAteGrass | env_id=env-c5d50d3b | step=415 | prey='prey_9' | grass='grass_93' | prey_position=[156.05853365969543, 729.4801768319179] | grass_energy=10.0 | energy_gained=9.0 | prey_energy=110.5364032718973
2025-11-23 03:29:10,578 [DEBUG] PredPreyGrassEnv.env-c5d50d3b: event=StepSummary | env_id=env-c5d50d3b | step=415 | current_step=415 | terminated_agents=[] | truncated_agents=[] | remaining_agents=23 | reward_preview={prey_9:1.0, predator_2:-0.001, predator_4:-0.001, prey_14:-0.001, prey_17:-0.001} | info_preview={}
2025-11-23 03:29:10,588 [DEBUG] PredPreyGrassEnv.env-c5d50d3b: event=StepBegin | env_id=env-c5d50d3b | step=416 | incoming_actions=['prey_9', 'prey_14', 'prey_17', 'prey_13', 'prey_18', ...] | active_agents=23 | current_step=416
2025-11-23 03:29:10,591 [DEBUG] PredPreyGrassEnv.env-c5d50d3b: event=StepSummary | env_id=env-c5d50d3b | step=416 | current_step=416 | terminated_agents=[] | truncated_agents=[] | remaining_agents=23 | reward_preview={prey_9:-0.001, predator_2:-0.001, predator_4:-0.001, prey_14:-0.001, prey_17:-0.001} | info_preview={}
2025-11-23 03:29:10,602 [DEBUG] PredPreyGrassEnv.env-c5d50d3b: event=StepBegin | env_id=env-c5d50d3b | step=417 | incoming_actions=['prey_9', 'prey_14', 'prey_17', 'prey_13', 'prey_18', ...] | active_agents=23 | current_step=417
2025-11-23 03:29:10,605 [DEBUG] PredPreyGrassEnv.env-c5d50d3b: event=StepSummary | env_id=env-c5d50d3b | step=417 | current_step=417 | terminated_agents=[] | truncated_agents=[] | remaining_agents=23 | reward_preview={prey_9:-0.001, predator_2:-0.001, predator_4:-0.001, prey_14:-0.001, prey_17:-0.001} | info_preview={}
2025-11-23 03:29:10,617 [DEBUG] PredPreyGrassEnv.env-c5d50d3b: event=StepBegin | env_id=env-c5d50d3b | step=418 | incoming_actions=['prey_9', 'prey_14', 'prey_17', 'prey_13', 'prey_18', ...] | active_agents=23 | current_step=418
2025-11-23 03:29:10,620 [DEBUG] PredPreyGrassEnv.env-c5d50d3b: event=StepSummary | env_id=env-c5d50d3b | step=418 | current_step=418 | terminated_agents=[] | truncated_agents=[] | remaining_agents=23 | reward_preview={prey_9:-0.001, predator_2:-0.001, predator_4:-0.001, prey_14:-0.001, prey_17:-0.001} | info_preview={}
2025-11-23 03:29:10,631 [DEBUG] PredPreyGrassEnv.env-c5d50d3b: event=StepBegin | env_id=env-c5d50d3b | step=419 | incoming_actions=['prey_9', 'prey_14', 'prey_17', 'prey_13', 'prey_18', ...] | active_agents=23 | current_step=419
2025-11-23 03:29:10,634 [DEBUG] PredPreyGrassEnv.env-c5d50d3b: event=StepSummary | env_id=env-c5d50d3b | step=419 | current_step=419 | terminated_agents=[] | truncated_agents=[] | remaining_agents=23 | reward_preview={prey_9:-0.001, predator_2:-0.001, predator_4:-0.001, prey_14:-0.001, prey_17:-0.001} | info_preview={}
2025-11-23 03:29:10,647 [DEBUG] PredPreyGrassEnv.env-c5d50d3b: event=StepBegin | env_id=env-c5d50d3b | step=420 | incoming_actions=['prey_9', 'prey_14', 'prey_17', 'prey_13', 'prey_18', ...] | active_agents=23 | current_step=420
2025-11-23 03:29:10,651 [DEBUG] PredPreyGrassEnv.env-c5d50d3b: event=StepSummary | env_id=env-c5d50d3b | step=420 | current_step=420 | terminated_agents=[] | truncated_agents=[] | remaining_agents=23 | reward_preview={prey_9:-0.001, predator_2:-0.001, predator_4:-0.001, prey_14:-0.001, prey_17:-0.001} | info_preview={}
2025-11-23 03:29:10,662 [DEBUG] PredPreyGrassEnv.env-c5d50d3b: event=StepBegin | env_id=env-c5d50d3b | step=421 | incoming_actions=['prey_9', 'prey_14', 'prey_17', 'prey_13', 'prey_18', ...] | active_agents=23 | current_step=421
2025-11-23 03:29:10,666 [DEBUG] PredPreyGrassEnv.env-c5d50d3b: event=StepSummary | env_id=env-c5d50d3b | step=421 | current_step=421 | terminated_agents=[] | truncated_agents=[] | remaining_agents=23 | reward_preview={prey_9:-0.001, predator_2:-0.001, predator_4:-0.001, prey_14:-0.001, prey_17:-0.001} | info_preview={}
2025-11-23 03:29:10,677 [DEBUG] PredPreyGrassEnv.env-c5d50d3b: event=StepBegin | env_id=env-c5d50d3b | step=422 | incoming_actions=['prey_9', 'prey_14', 'prey_17', 'prey_13', 'prey_18', ...] | active_agents=23 | current_step=422
2025-11-23 03:29:10,680 [DEBUG] PredPreyGrassEnv.env-c5d50d3b: event=StepSummary | env_id=env-c5d50d3b | step=422 | current_step=422 | terminated_agents=[] | truncated_agents=[] | remaining_agents=23 | reward_preview={prey_9:-0.001, predator_2:-0.001, predator_4:-0.001, prey_14:-0.001, prey_17:-0.001} | info_preview={}
2025-11-23 03:29:10,692 [DEBUG] PredPreyGrassEnv.env-c5d50d3b: event=StepBegin | env_id=env-c5d50d3b | step=423 | incoming_actions=['prey_9', 'prey_14', 'prey_17', 'prey_13', 'prey_18', ...] | active_agents=23 | current_step=423
2025-11-23 03:29:10,693 [DEBUG] PredPreyGrassEnv.env-c5d50d3b: event=PreyAteGrass | env_id=env-c5d50d3b | step=423 | prey='prey_1' | grass='grass_30' | prey_position=[121.82413341783638, 285.72207238075237] | grass_energy=10.0 | energy_gained=9.0 | prey_energy=90.25577914756079
2025-11-23 03:29:10,696 [DEBUG] PredPreyGrassEnv.env-c5d50d3b: event=StepSummary | env_id=env-c5d50d3b | step=423 | current_step=423 | terminated_agents=[] | truncated_agents=[] | remaining_agents=23 | reward_preview={prey_9:-0.001, predator_2:-0.001, predator_4:-0.001, prey_14:-0.001, prey_17:-0.001} | info_preview={}
2025-11-23 03:29:10,706 [DEBUG] PredPreyGrassEnv.env-c5d50d3b: event=StepBegin | env_id=env-c5d50d3b | step=424 | incoming_actions=['prey_9', 'prey_14', 'prey_17', 'prey_13', 'prey_18', ...] | active_agents=23 | current_step=424
2025-11-23 03:29:10,710 [DEBUG] PredPreyGrassEnv.env-c5d50d3b: event=StepSummary | env_id=env-c5d50d3b | step=424 | current_step=424 | terminated_agents=[] | truncated_agents=[] | remaining_agents=23 | reward_preview={prey_9:-0.001, predator_2:-0.001, predator_4:-0.001, prey_14:-0.001, prey_17:-0.001} | info_preview={}
2025-11-23 03:29:10,722 [DEBUG] PredPreyGrassEnv.env-c5d50d3b: event=StepBegin | env_id=env-c5d50d3b | step=425 | incoming_actions=['prey_9', 'prey_14', 'prey_17', 'prey_13', 'prey_18', ...] | active_agents=23 | current_step=425
2025-11-23 03:29:10,725 [DEBUG] PredPreyGrassEnv.env-c5d50d3b: event=StepSummary | env_id=env-c5d50d3b | step=425 | current_step=425 | terminated_agents=[] | truncated_agents=[] | remaining_agents=23 | reward_preview={prey_9:-0.001, predator_2:-0.001, predator_4:-0.001, prey_14:-0.001, prey_17:-0.001} | info_preview={}
2025-11-23 03:29:10,735 [DEBUG] PredPreyGrassEnv.env-c5d50d3b: event=StepBegin | env_id=env-c5d50d3b | step=426 | incoming_actions=['prey_9', 'prey_14', 'prey_17', 'prey_13', 'prey_18', ...] | active_agents=23 | current_step=426
2025-11-23 03:29:10,739 [DEBUG] PredPreyGrassEnv.env-c5d50d3b: event=StepSummary | env_id=env-c5d50d3b | step=426 | current_step=426 | terminated_agents=[] | truncated_agents=[] | remaining_agents=23 | reward_preview={prey_9:-0.001, predator_2:-0.001, predator_4:-0.001, prey_14:-0.001, prey_17:-0.001} | info_preview={}
2025-11-23 03:29:10,750 [DEBUG] PredPreyGrassEnv.env-c5d50d3b: event=StepBegin | env_id=env-c5d50d3b | step=427 | incoming_actions=['prey_9', 'prey_14', 'prey_17', 'prey_13', 'prey_18', ...] | active_agents=23 | current_step=427
2025-11-23 03:29:10,754 [DEBUG] PredPreyGrassEnv.env-c5d50d3b: event=StepSummary | env_id=env-c5d50d3b | step=427 | current_step=427 | terminated_agents=[] | truncated_agents=[] | remaining_agents=23 | reward_preview={prey_9:-0.001, predator_2:-0.001, predator_4:-0.001, prey_14:-0.001, prey_17:-0.001} | info_preview={}
2025-11-23 03:29:10,764 [DEBUG] PredPreyGrassEnv.env-c5d50d3b: event=StepBegin | env_id=env-c5d50d3b | step=428 | incoming_actions=['prey_9', 'prey_14', 'prey_17', 'prey_13', 'prey_18', ...] | active_agents=23 | current_step=428
2025-11-23 03:29:10,768 [DEBUG] PredPreyGrassEnv.env-c5d50d3b: event=StepSummary | env_id=env-c5d50d3b | step=428 | current_step=428 | terminated_agents=[] | truncated_agents=[] | remaining_agents=23 | reward_preview={prey_9:-0.001, predator_2:-0.001, predator_4:-0.001, prey_14:-0.001, prey_17:-0.001} | info_preview={}
2025-11-23 03:29:10,778 [DEBUG] PredPreyGrassEnv.env-c5d50d3b: event=StepBegin | env_id=env-c5d50d3b | step=429 | incoming_actions=['prey_9', 'prey_14', 'prey_17', 'prey_13', 'prey_18', ...] | active_agents=23 | current_step=429
2025-11-23 03:29:10,782 [DEBUG] PredPreyGrassEnv.env-c5d50d3b: event=StepSummary | env_id=env-c5d50d3b | step=429 | current_step=429 | terminated_agents=[] | truncated_agents=[] | remaining_agents=23 | reward_preview={prey_9:-0.001, predator_2:-0.001, predator_4:-0.001, prey_14:-0.001, prey_17:-0.001} | info_preview={}
2025-11-23 03:29:10,793 [DEBUG] PredPreyGrassEnv.env-c5d50d3b: event=StepBegin | env_id=env-c5d50d3b | step=430 | incoming_actions=['prey_9', 'prey_14', 'prey_17', 'prey_13', 'prey_18', ...] | active_agents=23 | current_step=430
2025-11-23 03:29:10,796 [DEBUG] PredPreyGrassEnv.env-c5d50d3b: event=StepSummary | env_id=env-c5d50d3b | step=430 | current_step=430 | terminated_agents=[] | truncated_agents=[] | remaining_agents=23 | reward_preview={prey_9:-0.001, predator_2:-0.001, predator_4:-0.001, prey_14:-0.001, prey_17:-0.001} | info_preview={}
2025-11-23 03:29:10,807 [DEBUG] PredPreyGrassEnv.env-c5d50d3b: event=StepBegin | env_id=env-c5d50d3b | step=431 | incoming_actions=['prey_9', 'prey_14', 'prey_17', 'prey_13', 'prey_18', ...] | active_agents=23 | current_step=431
2025-11-23 03:29:10,810 [DEBUG] PredPreyGrassEnv.env-c5d50d3b: event=StepSummary | env_id=env-c5d50d3b | step=431 | current_step=431 | terminated_agents=[] | truncated_agents=[] | remaining_agents=23 | reward_preview={prey_9:-0.001, predator_2:-0.001, predator_4:-0.001, prey_14:-0.001, prey_17:-0.001} | info_preview={}
2025-11-23 03:29:10,821 [DEBUG] PredPreyGrassEnv.env-c5d50d3b: event=StepBegin | env_id=env-c5d50d3b | step=432 | incoming_actions=['prey_9', 'prey_14', 'prey_17', 'prey_13', 'prey_18', ...] | active_agents=23 | current_step=432
2025-11-23 03:29:10,824 [DEBUG] PredPreyGrassEnv.env-c5d50d3b: event=StepSummary | env_id=env-c5d50d3b | step=432 | current_step=432 | terminated_agents=[] | truncated_agents=[] | remaining_agents=23 | reward_preview={prey_9:-0.001, predator_2:-0.001, predator_4:-0.001, prey_14:-0.001, prey_17:-0.001} | info_preview={}
2025-11-23 03:29:10,835 [DEBUG] PredPreyGrassEnv.env-c5d50d3b: event=StepBegin | env_id=env-c5d50d3b | step=433 | incoming_actions=['prey_9', 'prey_14', 'prey_17', 'prey_13', 'prey_18', ...] | active_agents=23 | current_step=433
2025-11-23 03:29:10,839 [DEBUG] PredPreyGrassEnv.env-c5d50d3b: event=StepSummary | env_id=env-c5d50d3b | step=433 | current_step=433 | terminated_agents=[] | truncated_agents=[] | remaining_agents=23 | reward_preview={prey_9:-0.001, predator_2:-0.001, predator_4:-0.001, prey_14:-0.001, prey_17:-0.001} | info_preview={}
2025-11-23 03:29:10,849 [DEBUG] PredPreyGrassEnv.env-c5d50d3b: event=StepBegin | env_id=env-c5d50d3b | step=434 | incoming_actions=['prey_9', 'prey_14', 'prey_17', 'prey_13', 'prey_18', ...] | active_agents=23 | current_step=434
2025-11-23 03:29:10,851 [DEBUG] PredPreyGrassEnv.env-c5d50d3b: event=PreyAteGrass | env_id=env-c5d50d3b | step=434 | prey='prey_14' | grass='grass_9' | prey_position=[81.87440762888043, 114.23854142248115] | grass_energy=10.0 | energy_gained=9.0 | prey_energy=111.97896181833691
2025-11-23 03:29:10,853 [DEBUG] PredPreyGrassEnv.env-c5d50d3b: event=StepSummary | env_id=env-c5d50d3b | step=434 | current_step=434 | terminated_agents=[] | truncated_agents=[] | remaining_agents=23 | reward_preview={prey_9:-0.001, predator_2:-0.001, predator_4:-0.001, prey_14:1.0, prey_17:-0.001} | info_preview={}
2025-11-23 03:29:10,864 [DEBUG] PredPreyGrassEnv.env-c5d50d3b: event=StepBegin | env_id=env-c5d50d3b | step=435 | incoming_actions=['prey_9', 'prey_14', 'prey_17', 'prey_13', 'prey_18', ...] | active_agents=23 | current_step=435
2025-11-23 03:29:10,867 [DEBUG] PredPreyGrassEnv.env-c5d50d3b: event=StepSummary | env_id=env-c5d50d3b | step=435 | current_step=435 | terminated_agents=[] | truncated_agents=[] | remaining_agents=23 | reward_preview={prey_9:-0.001, predator_2:-0.001, predator_4:-0.001, prey_14:-0.001, prey_17:-0.001} | info_preview={}
2025-11-23 03:29:10,878 [DEBUG] PredPreyGrassEnv.env-c5d50d3b: event=StepBegin | env_id=env-c5d50d3b | step=436 | incoming_actions=['prey_9', 'prey_14', 'prey_17', 'prey_13', 'prey_18', ...] | active_agents=23 | current_step=436
2025-11-23 03:29:10,881 [DEBUG] PredPreyGrassEnv.env-c5d50d3b: event=StepSummary | env_id=env-c5d50d3b | step=436 | current_step=436 | terminated_agents=[] | truncated_agents=[] | remaining_agents=23 | reward_preview={prey_9:-0.001, predator_2:-0.001, predator_4:-0.001, prey_14:-0.001, prey_17:-0.001} | info_preview={}
2025-11-23 03:29:10,892 [DEBUG] PredPreyGrassEnv.env-c5d50d3b: event=StepBegin | env_id=env-c5d50d3b | step=437 | incoming_actions=['prey_9', 'prey_14', 'prey_17', 'prey_13', 'prey_18', ...] | active_agents=23 | current_step=437
2025-11-23 03:29:10,895 [DEBUG] PredPreyGrassEnv.env-c5d50d3b: event=StepSummary | env_id=env-c5d50d3b | step=437 | current_step=437 | terminated_agents=[] | truncated_agents=[] | remaining_agents=23 | reward_preview={prey_9:-0.001, predator_2:-0.001, predator_4:-0.001, prey_14:-0.001, prey_17:-0.001} | info_preview={}
2025-11-23 03:29:10,905 [DEBUG] PredPreyGrassEnv.env-c5d50d3b: event=StepBegin | env_id=env-c5d50d3b | step=438 | incoming_actions=['prey_9', 'prey_14', 'prey_17', 'prey_13', 'prey_18', ...] | active_agents=23 | current_step=438
2025-11-23 03:29:10,909 [DEBUG] PredPreyGrassEnv.env-c5d50d3b: event=StepSummary | env_id=env-c5d50d3b | step=438 | current_step=438 | terminated_agents=[] | truncated_agents=[] | remaining_agents=23 | reward_preview={prey_9:-0.001, predator_2:-0.001, predator_4:-0.001, prey_14:-0.001, prey_17:-0.001} | info_preview={}
2025-11-23 03:29:10,919 [DEBUG] PredPreyGrassEnv.env-c5d50d3b: event=StepBegin | env_id=env-c5d50d3b | step=439 | incoming_actions=['prey_9', 'prey_14', 'prey_17', 'prey_13', 'prey_18', ...] | active_agents=23 | current_step=439
2025-11-23 03:29:10,923 [DEBUG] PredPreyGrassEnv.env-c5d50d3b: event=StepSummary | env_id=env-c5d50d3b | step=439 | current_step=439 | terminated_agents=[] | truncated_agents=[] | remaining_agents=23 | reward_preview={prey_9:-0.001, predator_2:-0.001, predator_4:-0.001, prey_14:-0.001, prey_17:-0.001} | info_preview={}
2025-11-23 03:29:10,933 [DEBUG] PredPreyGrassEnv.env-c5d50d3b: event=StepBegin | env_id=env-c5d50d3b | step=440 | incoming_actions=['prey_9', 'prey_14', 'prey_17', 'prey_13', 'prey_18', ...] | active_agents=23 | current_step=440
2025-11-23 03:29:10,937 [DEBUG] PredPreyGrassEnv.env-c5d50d3b: event=StepSummary | env_id=env-c5d50d3b | step=440 | current_step=440 | terminated_agents=[] | truncated_agents=[] | remaining_agents=23 | reward_preview={prey_9:-0.001, predator_2:-0.001, predator_4:-0.001, prey_14:-0.001, prey_17:-0.001} | info_preview={}
2025-11-23 03:29:10,948 [DEBUG] PredPreyGrassEnv.env-c5d50d3b: event=StepBegin | env_id=env-c5d50d3b | step=441 | incoming_actions=['prey_9', 'prey_14', 'prey_17', 'prey_13', 'prey_18', ...] | active_agents=23 | current_step=441
2025-11-23 03:29:10,951 [DEBUG] PredPreyGrassEnv.env-c5d50d3b: event=StepSummary | env_id=env-c5d50d3b | step=441 | current_step=441 | terminated_agents=[] | truncated_agents=[] | remaining_agents=23 | reward_preview={prey_9:-0.001, predator_2:-0.001, predator_4:-0.001, prey_14:-0.001, prey_17:-0.001} | info_preview={}
2025-11-23 03:29:10,962 [DEBUG] PredPreyGrassEnv.env-c5d50d3b: event=StepBegin | env_id=env-c5d50d3b | step=442 | incoming_actions=['prey_9', 'prey_14', 'prey_17', 'prey_13', 'prey_18', ...] | active_agents=23 | current_step=442
2025-11-23 03:29:10,965 [DEBUG] PredPreyGrassEnv.env-c5d50d3b: event=StepSummary | env_id=env-c5d50d3b | step=442 | current_step=442 | terminated_agents=[] | truncated_agents=[] | remaining_agents=23 | reward_preview={prey_9:-0.001, predator_2:-0.001, predator_4:-0.001, prey_14:-0.001, prey_17:-0.001} | info_preview={}
2025-11-23 03:29:10,976 [DEBUG] PredPreyGrassEnv.env-c5d50d3b: event=StepBegin | env_id=env-c5d50d3b | step=443 | incoming_actions=['prey_9', 'prey_14', 'prey_17', 'prey_13', 'prey_18', ...] | active_agents=23 | current_step=443
2025-11-23 03:29:10,979 [DEBUG] PredPreyGrassEnv.env-c5d50d3b: event=StepSummary | env_id=env-c5d50d3b | step=443 | current_step=443 | terminated_agents=[] | truncated_agents=[] | remaining_agents=23 | reward_preview={prey_9:-0.001, predator_2:-0.001, predator_4:-0.001, prey_14:-0.001, prey_17:-0.001} | info_preview={}
2025-11-23 03:29:10,990 [DEBUG] PredPreyGrassEnv.env-c5d50d3b: event=StepBegin | env_id=env-c5d50d3b | step=444 | incoming_actions=['prey_9', 'prey_14', 'prey_17', 'prey_13', 'prey_18', ...] | active_agents=23 | current_step=444
2025-11-23 03:29:10,993 [DEBUG] PredPreyGrassEnv.env-c5d50d3b: event=StepSummary | env_id=env-c5d50d3b | step=444 | current_step=444 | terminated_agents=[] | truncated_agents=[] | remaining_agents=23 | reward_preview={prey_9:-0.001, predator_2:-0.001, predator_4:-0.001, prey_14:-0.001, prey_17:-0.001} | info_preview={}
2025-11-23 03:29:11,004 [DEBUG] PredPreyGrassEnv.env-c5d50d3b: event=StepBegin | env_id=env-c5d50d3b | step=445 | incoming_actions=['prey_9', 'prey_14', 'prey_17', 'prey_13', 'prey_18', ...] | active_agents=23 | current_step=445
2025-11-23 03:29:11,008 [DEBUG] PredPreyGrassEnv.env-c5d50d3b: event=StepSummary | env_id=env-c5d50d3b | step=445 | current_step=445 | terminated_agents=[] | truncated_agents=[] | remaining_agents=23 | reward_preview={prey_9:-0.001, predator_2:-0.001, predator_4:-0.001, prey_14:-0.001, prey_17:-0.001} | info_preview={}
2025-11-23 03:29:11,018 [DEBUG] PredPreyGrassEnv.env-c5d50d3b: event=StepBegin | env_id=env-c5d50d3b | step=446 | incoming_actions=['prey_9', 'prey_14', 'prey_17', 'prey_13', 'prey_18', ...] | active_agents=23 | current_step=446
2025-11-23 03:29:11,022 [DEBUG] PredPreyGrassEnv.env-c5d50d3b: event=StepSummary | env_id=env-c5d50d3b | step=446 | current_step=446 | terminated_agents=[] | truncated_agents=[] | remaining_agents=23 | reward_preview={prey_9:-0.001, predator_2:-0.001, predator_4:-0.001, prey_14:-0.001, prey_17:-0.001} | info_preview={}
2025-11-23 03:29:11,032 [DEBUG] PredPreyGrassEnv.env-c5d50d3b: event=StepBegin | env_id=env-c5d50d3b | step=447 | incoming_actions=['prey_9', 'prey_14', 'prey_17', 'prey_13', 'prey_18', ...] | active_agents=23 | current_step=447
2025-11-23 03:29:11,036 [DEBUG] PredPreyGrassEnv.env-c5d50d3b: event=StepSummary | env_id=env-c5d50d3b | step=447 | current_step=447 | terminated_agents=[] | truncated_agents=[] | remaining_agents=23 | reward_preview={prey_9:-0.001, predator_2:-0.001, predator_4:-0.001, prey_14:-0.001, prey_17:-0.001} | info_preview={}
2025-11-23 03:29:11,047 [DEBUG] PredPreyGrassEnv.env-c5d50d3b: event=StepBegin | env_id=env-c5d50d3b | step=448 | incoming_actions=['prey_9', 'prey_14', 'prey_17', 'prey_13', 'prey_18', ...] | active_agents=23 | current_step=448
2025-11-23 03:29:11,050 [DEBUG] PredPreyGrassEnv.env-c5d50d3b: event=StepSummary | env_id=env-c5d50d3b | step=448 | current_step=448 | terminated_agents=[] | truncated_agents=[] | remaining_agents=23 | reward_preview={prey_9:-0.001, predator_2:-0.001, predator_4:-0.001, prey_14:-0.001, prey_17:-0.001} | info_preview={}
2025-11-23 03:29:11,061 [DEBUG] PredPreyGrassEnv.env-c5d50d3b: event=StepBegin | env_id=env-c5d50d3b | step=449 | incoming_actions=['prey_9', 'prey_14', 'prey_17', 'prey_13', 'prey_18', ...] | active_agents=23 | current_step=449
2025-11-23 03:29:11,064 [DEBUG] PredPreyGrassEnv.env-c5d50d3b: event=StepSummary | env_id=env-c5d50d3b | step=449 | current_step=449 | terminated_agents=[] | truncated_agents=[] | remaining_agents=23 | reward_preview={prey_9:-0.001, predator_2:-0.001, predator_4:-0.001, prey_14:-0.001, prey_17:-0.001} | info_preview={}
2025-11-23 03:29:11,075 [DEBUG] PredPreyGrassEnv.env-c5d50d3b: event=StepBegin | env_id=env-c5d50d3b | step=450 | incoming_actions=['prey_9', 'prey_14', 'prey_17', 'prey_13', 'prey_18', ...] | active_agents=23 | current_step=450
2025-11-23 03:29:11,078 [DEBUG] PredPreyGrassEnv.env-c5d50d3b: event=PreyAteGrass | env_id=env-c5d50d3b | step=450 | prey='prey_9' | grass='grass_46' | prey_position=[146.3684283455167, 670.8739976164345] | grass_energy=10.0 | energy_gained=9.0 | prey_energy=111.8877991553847
2025-11-23 03:29:11,078 [DEBUG] PredPreyGrassEnv.env-c5d50d3b: event=StepSummary | env_id=env-c5d50d3b | step=450 | current_step=450 | terminated_agents=[] | truncated_agents=[] | remaining_agents=23 | reward_preview={prey_9:1.0, predator_2:-0.001, predator_4:-0.001, prey_14:-0.001, prey_17:-0.001} | info_preview={}
2025-11-23 03:29:11,088 [DEBUG] PredPreyGrassEnv.env-c5d50d3b: event=StepBegin | env_id=env-c5d50d3b | step=451 | incoming_actions=['prey_9', 'prey_14', 'prey_17', 'prey_13', 'prey_18', ...] | active_agents=23 | current_step=451
2025-11-23 03:29:11,092 [DEBUG] PredPreyGrassEnv.env-c5d50d3b: event=StepSummary | env_id=env-c5d50d3b | step=451 | current_step=451 | terminated_agents=[] | truncated_agents=[] | remaining_agents=23 | reward_preview={prey_9:-0.001, predator_2:-0.001, predator_4:-0.001, prey_14:-0.001, prey_17:-0.001} | info_preview={}
2025-11-23 03:29:11,103 [DEBUG] PredPreyGrassEnv.env-c5d50d3b: event=StepBegin | env_id=env-c5d50d3b | step=452 | incoming_actions=['prey_9', 'prey_14', 'prey_17', 'prey_13', 'prey_18', ...] | active_agents=23 | current_step=452
2025-11-23 03:29:11,106 [DEBUG] PredPreyGrassEnv.env-c5d50d3b: event=StepSummary | env_id=env-c5d50d3b | step=452 | current_step=452 | terminated_agents=[] | truncated_agents=[] | remaining_agents=23 | reward_preview={prey_9:-0.001, predator_2:-0.001, predator_4:-0.001, prey_14:-0.001, prey_17:-0.001} | info_preview={}
2025-11-23 03:29:11,117 [DEBUG] PredPreyGrassEnv.env-c5d50d3b: event=StepBegin | env_id=env-c5d50d3b | step=453 | incoming_actions=['prey_9', 'prey_14', 'prey_17', 'prey_13', 'prey_18', ...] | active_agents=23 | current_step=453
2025-11-23 03:29:11,120 [DEBUG] PredPreyGrassEnv.env-c5d50d3b: event=PreyAteGrass | env_id=env-c5d50d3b | step=453 | prey='prey_15' | grass='grass_11' | prey_position=[239.67968217216196, 288.93391452435776] | grass_energy=10.0 | energy_gained=9.0 | prey_energy=111.49843129368519
2025-11-23 03:29:11,121 [DEBUG] PredPreyGrassEnv.env-c5d50d3b: event=StepSummary | env_id=env-c5d50d3b | step=453 | current_step=453 | terminated_agents=[] | truncated_agents=[] | remaining_agents=23 | reward_preview={prey_9:-0.001, predator_2:-0.001, predator_4:-0.001, prey_14:-0.001, prey_17:-0.001} | info_preview={}
2025-11-23 03:29:11,132 [DEBUG] PredPreyGrassEnv.env-c5d50d3b: event=StepBegin | env_id=env-c5d50d3b | step=454 | incoming_actions=['prey_9', 'prey_14', 'prey_17', 'prey_13', 'prey_18', ...] | active_agents=23 | current_step=454
2025-11-23 03:29:11,135 [DEBUG] PredPreyGrassEnv.env-c5d50d3b: event=StepSummary | env_id=env-c5d50d3b | step=454 | current_step=454 | terminated_agents=[] | truncated_agents=[] | remaining_agents=23 | reward_preview={prey_9:-0.001, predator_2:-0.001, predator_4:-0.001, prey_14:-0.001, prey_17:-0.001} | info_preview={}
2025-11-23 03:29:11,147 [DEBUG] PredPreyGrassEnv.env-c5d50d3b: event=StepBegin | env_id=env-c5d50d3b | step=455 | incoming_actions=['prey_9', 'prey_14', 'prey_17', 'prey_13', 'prey_18', ...] | active_agents=23 | current_step=455
2025-11-23 03:29:11,150 [DEBUG] PredPreyGrassEnv.env-c5d50d3b: event=StepSummary | env_id=env-c5d50d3b | step=455 | current_step=455 | terminated_agents=[] | truncated_agents=[] | remaining_agents=23 | reward_preview={prey_9:-0.001, predator_2:-0.001, predator_4:-0.001, prey_14:-0.001, prey_17:-0.001} | info_preview={}
2025-11-23 03:29:11,162 [DEBUG] PredPreyGrassEnv.env-c5d50d3b: event=StepBegin | env_id=env-c5d50d3b | step=456 | incoming_actions=['prey_9', 'prey_14', 'prey_17', 'prey_13', 'prey_18', ...] | active_agents=23 | current_step=456
2025-11-23 03:29:11,163 [DEBUG] PredPreyGrassEnv.env-c5d50d3b: event=PreyAteGrass | env_id=env-c5d50d3b | step=456 | prey='prey_1' | grass='grass_79' | prey_position=[67.4147484812871, 270.2983347291819] | grass_energy=10.0 | energy_gained=9.0 | prey_energy=91.90571149573863
2025-11-23 03:29:11,165 [DEBUG] PredPreyGrassEnv.env-c5d50d3b: event=StepSummary | env_id=env-c5d50d3b | step=456 | current_step=456 | terminated_agents=[] | truncated_agents=[] | remaining_agents=23 | reward_preview={prey_9:-0.001, predator_2:-0.001, predator_4:-0.001, prey_14:-0.001, prey_17:-0.001} | info_preview={}
2025-11-23 03:29:11,176 [DEBUG] PredPreyGrassEnv.env-c5d50d3b: event=StepBegin | env_id=env-c5d50d3b | step=457 | incoming_actions=['prey_9', 'prey_14', 'prey_17', 'prey_13', 'prey_18', ...] | active_agents=23 | current_step=457
2025-11-23 03:29:11,178 [DEBUG] PredPreyGrassEnv.env-c5d50d3b: event=PreyAteGrass | env_id=env-c5d50d3b | step=457 | prey='prey_14' | grass='grass_89' | prey_position=[71.88457514182578, 81.4598865834323] | grass_energy=10.0 | energy_gained=9.0 | prey_energy=116.4554144662653
2025-11-23 03:29:11,180 [DEBUG] PredPreyGrassEnv.env-c5d50d3b: event=PreyAteGrass | env_id=env-c5d50d3b | step=457 | prey='prey_9' | grass='grass_96' | prey_position=[144.73907792917194, 659.1191060120523] | grass_energy=10.0 | energy_gained=9.0 | prey_energy=119.36032810842903
2025-11-23 03:29:11,180 [DEBUG] PredPreyGrassEnv.env-c5d50d3b: event=StepSummary | env_id=env-c5d50d3b | step=457 | current_step=457 | terminated_agents=[] | truncated_agents=[] | remaining_agents=23 | reward_preview={prey_9:1.0, predator_2:-0.001, predator_4:-0.001, prey_14:1.0, prey_17:-0.001} | info_preview={}
2025-11-23 03:29:11,191 [DEBUG] PredPreyGrassEnv.env-c5d50d3b: event=StepBegin | env_id=env-c5d50d3b | step=458 | incoming_actions=['prey_9', 'prey_14', 'prey_17', 'prey_13', 'prey_18', ...] | active_agents=23 | current_step=458
2025-11-23 03:29:11,194 [DEBUG] PredPreyGrassEnv.env-c5d50d3b: event=PreyAteGrass | env_id=env-c5d50d3b | step=458 | prey='prey_7' | grass='grass_18' | prey_position=[524.3093766491864, 63.3601638047394] | grass_energy=10.0 | energy_gained=9.0 | prey_energy=53.781027418178205
2025-11-23 03:29:11,195 [DEBUG] PredPreyGrassEnv.env-c5d50d3b: event=StepSummary | env_id=env-c5d50d3b | step=458 | current_step=458 | terminated_agents=[] | truncated_agents=[] | remaining_agents=23 | reward_preview={prey_9:-0.001, predator_2:-0.001, predator_4:-0.001, prey_14:-0.001, prey_17:-0.001} | info_preview={}
2025-11-23 03:29:11,205 [DEBUG] PredPreyGrassEnv.env-c5d50d3b: event=StepBegin | env_id=env-c5d50d3b | step=459 | incoming_actions=['prey_9', 'prey_14', 'prey_17', 'prey_13', 'prey_18', ...] | active_agents=23 | current_step=459
2025-11-23 03:29:11,209 [DEBUG] PredPreyGrassEnv.env-c5d50d3b: event=StepSummary | env_id=env-c5d50d3b | step=459 | current_step=459 | terminated_agents=[] | truncated_agents=[] | remaining_agents=23 | reward_preview={prey_9:-0.001, predator_2:-0.001, predator_4:-0.001, prey_14:-0.001, prey_17:-0.001} | info_preview={}
2025-11-23 03:29:11,220 [DEBUG] PredPreyGrassEnv.env-c5d50d3b: event=StepBegin | env_id=env-c5d50d3b | step=460 | incoming_actions=['prey_9', 'prey_14', 'prey_17', 'prey_13', 'prey_18', ...] | active_agents=23 | current_step=460
2025-11-23 03:29:11,224 [DEBUG] PredPreyGrassEnv.env-c5d50d3b: event=StepSummary | env_id=env-c5d50d3b | step=460 | current_step=460 | terminated_agents=[] | truncated_agents=[] | remaining_agents=23 | reward_preview={prey_9:-0.001, predator_2:-0.001, predator_4:-0.001, prey_14:-0.001, prey_17:-0.001} | info_preview={}
2025-11-23 03:29:11,235 [DEBUG] PredPreyGrassEnv.env-c5d50d3b: event=StepBegin | env_id=env-c5d50d3b | step=461 | incoming_actions=['prey_9', 'prey_14', 'prey_17', 'prey_13', 'prey_18', ...] | active_agents=23 | current_step=461
2025-11-23 03:29:11,239 [DEBUG] PredPreyGrassEnv.env-c5d50d3b: event=StepSummary | env_id=env-c5d50d3b | step=461 | current_step=461 | terminated_agents=[] | truncated_agents=[] | remaining_agents=23 | reward_preview={prey_9:-0.001, predator_2:-0.001, predator_4:-0.001, prey_14:-0.001, prey_17:-0.001} | info_preview={}
2025-11-23 03:29:11,250 [DEBUG] PredPreyGrassEnv.env-c5d50d3b: event=StepBegin | env_id=env-c5d50d3b | step=462 | incoming_actions=['prey_9', 'prey_14', 'prey_17', 'prey_13', 'prey_18', ...] | active_agents=23 | current_step=462
2025-11-23 03:29:11,254 [DEBUG] PredPreyGrassEnv.env-c5d50d3b: event=StepSummary | env_id=env-c5d50d3b | step=462 | current_step=462 | terminated_agents=[] | truncated_agents=[] | remaining_agents=23 | reward_preview={prey_9:-0.001, predator_2:-0.001, predator_4:-0.001, prey_14:-0.001, prey_17:-0.001} | info_preview={}
2025-11-23 03:29:11,265 [DEBUG] PredPreyGrassEnv.env-c5d50d3b: event=StepBegin | env_id=env-c5d50d3b | step=463 | incoming_actions=['prey_9', 'prey_14', 'prey_17', 'prey_13', 'prey_18', ...] | active_agents=23 | current_step=463
2025-11-23 03:29:11,269 [DEBUG] PredPreyGrassEnv.env-c5d50d3b: event=StepSummary | env_id=env-c5d50d3b | step=463 | current_step=463 | terminated_agents=[] | truncated_agents=[] | remaining_agents=23 | reward_preview={prey_9:-0.001, predator_2:-0.001, predator_4:-0.001, prey_14:-0.001, prey_17:-0.001} | info_preview={}
2025-11-23 03:29:11,280 [DEBUG] PredPreyGrassEnv.env-c5d50d3b: event=StepBegin | env_id=env-c5d50d3b | step=464 | incoming_actions=['prey_9', 'prey_14', 'prey_17', 'prey_13', 'prey_18', ...] | active_agents=23 | current_step=464
2025-11-23 03:29:11,284 [DEBUG] PredPreyGrassEnv.env-c5d50d3b: event=StepSummary | env_id=env-c5d50d3b | step=464 | current_step=464 | terminated_agents=[] | truncated_agents=[] | remaining_agents=23 | reward_preview={prey_9:-0.001, predator_2:-0.001, predator_4:-0.001, prey_14:-0.001, prey_17:-0.001} | info_preview={}
2025-11-23 03:29:11,295 [DEBUG] PredPreyGrassEnv.env-c5d50d3b: event=StepBegin | env_id=env-c5d50d3b | step=465 | incoming_actions=['prey_9', 'prey_14', 'prey_17', 'prey_13', 'prey_18', ...] | active_agents=23 | current_step=465
2025-11-23 03:29:11,299 [DEBUG] PredPreyGrassEnv.env-c5d50d3b: event=StepSummary | env_id=env-c5d50d3b | step=465 | current_step=465 | terminated_agents=[] | truncated_agents=[] | remaining_agents=23 | reward_preview={prey_9:-0.001, predator_2:-0.001, predator_4:-0.001, prey_14:-0.001, prey_17:-0.001} | info_preview={}
2025-11-23 03:29:11,310 [DEBUG] PredPreyGrassEnv.env-c5d50d3b: event=StepBegin | env_id=env-c5d50d3b | step=466 | incoming_actions=['prey_9', 'prey_14', 'prey_17', 'prey_13', 'prey_18', ...] | active_agents=23 | current_step=466
2025-11-23 03:29:11,312 [DEBUG] PredPreyGrassEnv.env-c5d50d3b: event=PreyAteGrass | env_id=env-c5d50d3b | step=466 | prey='prey_14' | grass='grass_54' | prey_position=[66.4060896962962, 68.80067903333922] | grass_energy=10.0 | energy_gained=9.0 | prey_energy=123.71755684540399
2025-11-23 03:29:11,313 [DEBUG] PredPreyGrassEnv.env-c5d50d3b: event=StepSummary | env_id=env-c5d50d3b | step=466 | current_step=466 | terminated_agents=[] | truncated_agents=[] | remaining_agents=23 | reward_preview={prey_9:-0.001, predator_2:-0.001, predator_4:-0.001, prey_14:1.0, prey_17:-0.001} | info_preview={}
2025-11-23 03:29:11,324 [DEBUG] PredPreyGrassEnv.env-c5d50d3b: event=StepBegin | env_id=env-c5d50d3b | step=467 | incoming_actions=['prey_9', 'prey_14', 'prey_17', 'prey_13', 'prey_18', ...] | active_agents=23 | current_step=467
2025-11-23 03:29:11,326 [DEBUG] PredPreyGrassEnv.env-c5d50d3b: event=PreyAteGrass | env_id=env-c5d50d3b | step=467 | prey='prey_17' | grass='grass_15' | prey_position=[414.728428899371, 420.82123819147904] | grass_energy=10.0 | energy_gained=9.0 | prey_energy=89.07400411721804
2025-11-23 03:29:11,328 [DEBUG] PredPreyGrassEnv.env-c5d50d3b: event=StepSummary | env_id=env-c5d50d3b | step=467 | current_step=467 | terminated_agents=[] | truncated_agents=[] | remaining_agents=23 | reward_preview={prey_9:-0.001, predator_2:-0.001, predator_4:-0.001, prey_14:-0.001, prey_17:1.0} | info_preview={}
2025-11-23 03:29:11,338 [DEBUG] PredPreyGrassEnv.env-c5d50d3b: event=StepBegin | env_id=env-c5d50d3b | step=468 | incoming_actions=['prey_9', 'prey_14', 'prey_17', 'prey_13', 'prey_18', ...] | active_agents=23 | current_step=468
2025-11-23 03:29:11,342 [DEBUG] PredPreyGrassEnv.env-c5d50d3b: event=StepSummary | env_id=env-c5d50d3b | step=468 | current_step=468 | terminated_agents=[] | truncated_agents=[] | remaining_agents=23 | reward_preview={prey_9:-0.001, predator_2:-0.001, predator_4:-0.001, prey_14:-0.001, prey_17:-0.001} | info_preview={}
2025-11-23 03:29:11,352 [DEBUG] PredPreyGrassEnv.env-c5d50d3b: event=StepBegin | env_id=env-c5d50d3b | step=469 | incoming_actions=['prey_9', 'prey_14', 'prey_17', 'prey_13', 'prey_18', ...] | active_agents=23 | current_step=469
2025-11-23 03:29:11,356 [DEBUG] PredPreyGrassEnv.env-c5d50d3b: event=StepSummary | env_id=env-c5d50d3b | step=469 | current_step=469 | terminated_agents=[] | truncated_agents=[] | remaining_agents=23 | reward_preview={prey_9:-0.001, predator_2:-0.001, predator_4:-0.001, prey_14:-0.001, prey_17:-0.001} | info_preview={}
2025-11-23 03:29:11,367 [DEBUG] PredPreyGrassEnv.env-c5d50d3b: event=StepBegin | env_id=env-c5d50d3b | step=470 | incoming_actions=['prey_9', 'prey_14', 'prey_17', 'prey_13', 'prey_18', ...] | active_agents=23 | current_step=470
2025-11-23 03:29:11,368 [DEBUG] PredPreyGrassEnv.env-c5d50d3b: event=PreyAteGrass | env_id=env-c5d50d3b | step=470 | prey='prey_10' | grass='grass_4' | prey_position=[190.28507112506765, 546.7980574024155] | grass_energy=10.0 | energy_gained=9.0 | prey_energy=92.87777359626195
2025-11-23 03:29:11,370 [DEBUG] PredPreyGrassEnv.env-c5d50d3b: event=StepSummary | env_id=env-c5d50d3b | step=470 | current_step=470 | terminated_agents=[] | truncated_agents=[] | remaining_agents=23 | reward_preview={prey_9:-0.001, predator_2:-0.001, predator_4:-0.001, prey_14:-0.001, prey_17:-0.001} | info_preview={}
2025-11-23 03:29:11,381 [DEBUG] PredPreyGrassEnv.env-c5d50d3b: event=StepBegin | env_id=env-c5d50d3b | step=471 | incoming_actions=['prey_9', 'prey_14', 'prey_17', 'prey_13', 'prey_18', ...] | active_agents=23 | current_step=471
2025-11-23 03:29:11,384 [DEBUG] PredPreyGrassEnv.env-c5d50d3b: event=StepSummary | env_id=env-c5d50d3b | step=471 | current_step=471 | terminated_agents=[] | truncated_agents=[] | remaining_agents=23 | reward_preview={prey_9:-0.001, predator_2:-0.001, predator_4:-0.001, prey_14:-0.001, prey_17:-0.001} | info_preview={}
2025-11-23 03:29:11,396 [DEBUG] PredPreyGrassEnv.env-c5d50d3b: event=StepBegin | env_id=env-c5d50d3b | step=472 | incoming_actions=['prey_9', 'prey_14', 'prey_17', 'prey_13', 'prey_18', ...] | active_agents=23 | current_step=472
2025-11-23 03:29:11,399 [DEBUG] PredPreyGrassEnv.env-c5d50d3b: event=StepSummary | env_id=env-c5d50d3b | step=472 | current_step=472 | terminated_agents=[] | truncated_agents=[] | remaining_agents=23 | reward_preview={prey_9:-0.001, predator_2:-0.001, predator_4:-0.001, prey_14:-0.001, prey_17:-0.001} | info_preview={}
2025-11-23 03:29:11,410 [DEBUG] PredPreyGrassEnv.env-c5d50d3b: event=StepBegin | env_id=env-c5d50d3b | step=473 | incoming_actions=['prey_9', 'prey_14', 'prey_17', 'prey_13', 'prey_18', ...] | active_agents=23 | current_step=473
2025-11-23 03:29:11,411 [DEBUG] PredPreyGrassEnv.env-c5d50d3b: event=PreyAteGrass | env_id=env-c5d50d3b | step=473 | prey='prey_1' | grass='grass_83' | prey_position=[34.4033161529866, 266.55991339986105] | grass_energy=10.0 | energy_gained=9.0 | prey_energy=96.67676986957574
2025-11-23 03:29:11,414 [DEBUG] PredPreyGrassEnv.env-c5d50d3b: event=StepSummary | env_id=env-c5d50d3b | step=473 | current_step=473 | terminated_agents=[] | truncated_agents=[] | remaining_agents=23 | reward_preview={prey_9:-0.001, predator_2:-0.001, predator_4:-0.001, prey_14:-0.001, prey_17:-0.001} | info_preview={}
2025-11-23 03:29:11,424 [DEBUG] PredPreyGrassEnv.env-c5d50d3b: event=StepBegin | env_id=env-c5d50d3b | step=474 | incoming_actions=['prey_9', 'prey_14', 'prey_17', 'prey_13', 'prey_18', ...] | active_agents=23 | current_step=474
2025-11-23 03:29:11,428 [DEBUG] PredPreyGrassEnv.env-c5d50d3b: event=StepSummary | env_id=env-c5d50d3b | step=474 | current_step=474 | terminated_agents=[] | truncated_agents=[] | remaining_agents=23 | reward_preview={prey_9:-0.001, predator_2:-0.001, predator_4:-0.001, prey_14:-0.001, prey_17:-0.001} | info_preview={}
2025-11-23 03:29:11,439 [DEBUG] PredPreyGrassEnv.env-c5d50d3b: event=StepBegin | env_id=env-c5d50d3b | step=475 | incoming_actions=['prey_9', 'prey_14', 'prey_17', 'prey_13', 'prey_18', ...] | active_agents=23 | current_step=475
2025-11-23 03:29:11,444 [DEBUG] PredPreyGrassEnv.env-c5d50d3b: event=StepSummary | env_id=env-c5d50d3b | step=475 | current_step=475 | terminated_agents=[] | truncated_agents=[] | remaining_agents=23 | reward_preview={prey_9:-0.001, predator_2:-0.001, predator_4:-0.001, prey_14:-0.001, prey_17:-0.001} | info_preview={}
2025-11-23 03:29:11,458 [DEBUG] PredPreyGrassEnv.env-c5d50d3b: event=StepBegin | env_id=env-c5d50d3b | step=476 | incoming_actions=['prey_9', 'prey_14', 'prey_17', 'prey_13', 'prey_18', ...] | active_agents=23 | current_step=476
2025-11-23 03:29:11,463 [DEBUG] PredPreyGrassEnv.env-c5d50d3b: event=StepSummary | env_id=env-c5d50d3b | step=476 | current_step=476 | terminated_agents=[] | truncated_agents=[] | remaining_agents=23 | reward_preview={prey_9:-0.001, predator_2:-0.001, predator_4:-0.001, prey_14:-0.001, prey_17:-0.001} | info_preview={}
2025-11-23 03:29:11,478 [DEBUG] PredPreyGrassEnv.env-c5d50d3b: event=StepBegin | env_id=env-c5d50d3b | step=477 | incoming_actions=['prey_9', 'prey_14', 'prey_17', 'prey_13', 'prey_18', ...] | active_agents=23 | current_step=477
2025-11-23 03:29:11,483 [DEBUG] PredPreyGrassEnv.env-c5d50d3b: event=StepSummary | env_id=env-c5d50d3b | step=477 | current_step=477 | terminated_agents=[] | truncated_agents=[] | remaining_agents=23 | reward_preview={prey_9:-0.001, predator_2:-0.001, predator_4:-0.001, prey_14:-0.001, prey_17:-0.001} | info_preview={}
2025-11-23 03:29:11,494 [DEBUG] PredPreyGrassEnv.env-c5d50d3b: event=StepBegin | env_id=env-c5d50d3b | step=478 | incoming_actions=['prey_9', 'prey_14', 'prey_17', 'prey_13', 'prey_18', ...] | active_agents=23 | current_step=478
2025-11-23 03:29:11,497 [DEBUG] PredPreyGrassEnv.env-c5d50d3b: event=StepSummary | env_id=env-c5d50d3b | step=478 | current_step=478 | terminated_agents=[] | truncated_agents=[] | remaining_agents=23 | reward_preview={prey_9:-0.001, predator_2:-0.001, predator_4:-0.001, prey_14:-0.001, prey_17:-0.001} | info_preview={}
2025-11-23 03:29:11,508 [DEBUG] PredPreyGrassEnv.env-c5d50d3b: event=StepBegin | env_id=env-c5d50d3b | step=479 | incoming_actions=['prey_9', 'prey_14', 'prey_17', 'prey_13', 'prey_18', ...] | active_agents=23 | current_step=479
2025-11-23 03:29:11,511 [DEBUG] PredPreyGrassEnv.env-c5d50d3b: event=StepSummary | env_id=env-c5d50d3b | step=479 | current_step=479 | terminated_agents=[] | truncated_agents=[] | remaining_agents=23 | reward_preview={prey_9:-0.001, predator_2:-0.001, predator_4:-0.001, prey_14:-0.001, prey_17:-0.001} | info_preview={}
2025-11-23 03:29:11,522 [DEBUG] PredPreyGrassEnv.env-c5d50d3b: event=StepBegin | env_id=env-c5d50d3b | step=480 | incoming_actions=['prey_9', 'prey_14', 'prey_17', 'prey_13', 'prey_18', ...] | active_agents=23 | current_step=480
2025-11-23 03:29:11,526 [DEBUG] PredPreyGrassEnv.env-c5d50d3b: event=StepSummary | env_id=env-c5d50d3b | step=480 | current_step=480 | terminated_agents=[] | truncated_agents=[] | remaining_agents=23 | reward_preview={prey_9:-0.001, predator_2:-0.001, predator_4:-0.001, prey_14:-0.001, prey_17:-0.001} | info_preview={}
2025-11-23 03:29:11,538 [DEBUG] PredPreyGrassEnv.env-c5d50d3b: event=StepBegin | env_id=env-c5d50d3b | step=481 | incoming_actions=['prey_9', 'prey_14', 'prey_17', 'prey_13', 'prey_18', ...] | active_agents=23 | current_step=481
2025-11-23 03:29:11,542 [DEBUG] PredPreyGrassEnv.env-c5d50d3b: event=StepSummary | env_id=env-c5d50d3b | step=481 | current_step=481 | terminated_agents=[] | truncated_agents=[] | remaining_agents=23 | reward_preview={prey_9:-0.001, predator_2:-0.001, predator_4:-0.001, prey_14:-0.001, prey_17:-0.001} | info_preview={}
2025-11-23 03:29:11,553 [DEBUG] PredPreyGrassEnv.env-c5d50d3b: event=StepBegin | env_id=env-c5d50d3b | step=482 | incoming_actions=['prey_9', 'prey_14', 'prey_17', 'prey_13', 'prey_18', ...] | active_agents=23 | current_step=482
2025-11-23 03:29:11,556 [DEBUG] PredPreyGrassEnv.env-c5d50d3b: event=StepSummary | env_id=env-c5d50d3b | step=482 | current_step=482 | terminated_agents=[] | truncated_agents=[] | remaining_agents=23 | reward_preview={prey_9:-0.001, predator_2:-0.001, predator_4:-0.001, prey_14:-0.001, prey_17:-0.001} | info_preview={}
2025-11-23 03:29:11,567 [DEBUG] PredPreyGrassEnv.env-c5d50d3b: event=StepBegin | env_id=env-c5d50d3b | step=483 | incoming_actions=['prey_9', 'prey_14', 'prey_17', 'prey_13', 'prey_18', ...] | active_agents=23 | current_step=483
2025-11-23 03:29:11,570 [DEBUG] PredPreyGrassEnv.env-c5d50d3b: event=PreyAteGrass | env_id=env-c5d50d3b | step=483 | prey='prey_18' | grass='grass_53' | prey_position=[35.07986713831803, 293.1154852743592] | grass_energy=10.0 | energy_gained=9.0 | prey_energy=77.71489261354097
2025-11-23 03:29:11,571 [DEBUG] PredPreyGrassEnv.env-c5d50d3b: event=StepSummary | env_id=env-c5d50d3b | step=483 | current_step=483 | terminated_agents=[] | truncated_agents=[] | remaining_agents=23 | reward_preview={prey_9:-0.001, predator_2:-0.001, predator_4:-0.001, prey_14:-0.001, prey_17:-0.001} | info_preview={}
2025-11-23 03:29:11,582 [DEBUG] PredPreyGrassEnv.env-c5d50d3b: event=StepBegin | env_id=env-c5d50d3b | step=484 | incoming_actions=['prey_9', 'prey_14', 'prey_17', 'prey_13', 'prey_18', ...] | active_agents=23 | current_step=484
2025-11-23 03:29:11,586 [DEBUG] PredPreyGrassEnv.env-c5d50d3b: event=StepSummary | env_id=env-c5d50d3b | step=484 | current_step=484 | terminated_agents=[] | truncated_agents=[] | remaining_agents=23 | reward_preview={prey_9:-0.001, predator_2:-0.001, predator_4:-0.001, prey_14:-0.001, prey_17:-0.001} | info_preview={}
2025-11-23 03:29:11,596 [DEBUG] PredPreyGrassEnv.env-c5d50d3b: event=StepBegin | env_id=env-c5d50d3b | step=485 | incoming_actions=['prey_9', 'prey_14', 'prey_17', 'prey_13', 'prey_18', ...] | active_agents=23 | current_step=485
2025-11-23 03:29:11,598 [DEBUG] PredPreyGrassEnv.env-c5d50d3b: event=PreyAteGrass | env_id=env-c5d50d3b | step=485 | prey='prey_13' | grass='grass_86' | prey_position=[727.390594126728, 156.42383675197195] | grass_energy=10.0 | energy_gained=9.0 | prey_energy=116.01433562394604
2025-11-23 03:29:11,600 [DEBUG] PredPreyGrassEnv.env-c5d50d3b: event=StepSummary | env_id=env-c5d50d3b | step=485 | current_step=485 | terminated_agents=[] | truncated_agents=[] | remaining_agents=23 | reward_preview={prey_9:-0.001, predator_2:-0.001, predator_4:-0.001, prey_14:-0.001, prey_17:-0.001} | info_preview={}
2025-11-23 03:29:11,611 [DEBUG] PredPreyGrassEnv.env-c5d50d3b: event=StepBegin | env_id=env-c5d50d3b | step=486 | incoming_actions=['prey_9', 'prey_14', 'prey_17', 'prey_13', 'prey_18', ...] | active_agents=23 | current_step=486
2025-11-23 03:29:11,615 [DEBUG] PredPreyGrassEnv.env-c5d50d3b: event=StepSummary | env_id=env-c5d50d3b | step=486 | current_step=486 | terminated_agents=[] | truncated_agents=[] | remaining_agents=23 | reward_preview={prey_9:-0.001, predator_2:-0.001, predator_4:-0.001, prey_14:-0.001, prey_17:-0.001} | info_preview={}
2025-11-23 03:29:11,626 [DEBUG] PredPreyGrassEnv.env-c5d50d3b: event=StepBegin | env_id=env-c5d50d3b | step=487 | incoming_actions=['prey_9', 'prey_14', 'prey_17', 'prey_13', 'prey_18', ...] | active_agents=23 | current_step=487
2025-11-23 03:29:11,629 [DEBUG] PredPreyGrassEnv.env-c5d50d3b: event=StepSummary | env_id=env-c5d50d3b | step=487 | current_step=487 | terminated_agents=[] | truncated_agents=[] | remaining_agents=23 | reward_preview={prey_9:-0.001, predator_2:-0.001, predator_4:-0.001, prey_14:-0.001, prey_17:-0.001} | info_preview={}
2025-11-23 03:29:11,640 [DEBUG] PredPreyGrassEnv.env-c5d50d3b: event=StepBegin | env_id=env-c5d50d3b | step=488 | incoming_actions=['prey_9', 'prey_14', 'prey_17', 'prey_13', 'prey_18', ...] | active_agents=23 | current_step=488
2025-11-23 03:29:11,644 [DEBUG] PredPreyGrassEnv.env-c5d50d3b: event=StepSummary | env_id=env-c5d50d3b | step=488 | current_step=488 | terminated_agents=[] | truncated_agents=[] | remaining_agents=23 | reward_preview={prey_9:-0.001, predator_2:-0.001, predator_4:-0.001, prey_14:-0.001, prey_17:-0.001} | info_preview={}
2025-11-23 03:29:11,654 [DEBUG] PredPreyGrassEnv.env-c5d50d3b: event=StepBegin | env_id=env-c5d50d3b | step=489 | incoming_actions=['prey_9', 'prey_14', 'prey_17', 'prey_13', 'prey_18', ...] | active_agents=23 | current_step=489
2025-11-23 03:29:11,659 [DEBUG] PredPreyGrassEnv.env-c5d50d3b: event=StepSummary | env_id=env-c5d50d3b | step=489 | current_step=489 | terminated_agents=[] | truncated_agents=[] | remaining_agents=23 | reward_preview={prey_9:-0.001, predator_2:-0.001, predator_4:-0.001, prey_14:-0.001, prey_17:-0.001} | info_preview={}
2025-11-23 03:29:11,669 [DEBUG] PredPreyGrassEnv.env-c5d50d3b: event=StepBegin | env_id=env-c5d50d3b | step=490 | incoming_actions=['prey_9', 'prey_14', 'prey_17', 'prey_13', 'prey_18', ...] | active_agents=23 | current_step=490
2025-11-23 03:29:11,673 [DEBUG] PredPreyGrassEnv.env-c5d50d3b: event=StepSummary | env_id=env-c5d50d3b | step=490 | current_step=490 | terminated_agents=[] | truncated_agents=[] | remaining_agents=23 | reward_preview={prey_9:-0.001, predator_2:-0.001, predator_4:-0.001, prey_14:-0.001, prey_17:-0.001} | info_preview={}
2025-11-23 03:29:11,684 [DEBUG] PredPreyGrassEnv.env-c5d50d3b: event=StepBegin | env_id=env-c5d50d3b | step=491 | incoming_actions=['prey_9', 'prey_14', 'prey_17', 'prey_13', 'prey_18', ...] | active_agents=23 | current_step=491
2025-11-23 03:29:11,686 [DEBUG] PredPreyGrassEnv.env-c5d50d3b: event=PreyAteGrass | env_id=env-c5d50d3b | step=491 | prey='prey_17' | grass='grass_61' | prey_position=[394.23359438308205, 365.7940278171516] | grass_energy=10.0 | energy_gained=9.0 | prey_energy=90.73344946754274
2025-11-23 03:29:11,688 [DEBUG] PredPreyGrassEnv.env-c5d50d3b: event=StepSummary | env_id=env-c5d50d3b | step=491 | current_step=491 | terminated_agents=[] | truncated_agents=[] | remaining_agents=23 | reward_preview={prey_9:-0.001, predator_2:-0.001, predator_4:-0.001, prey_14:-0.001, prey_17:1.0} | info_preview={}
2025-11-23 03:29:11,699 [DEBUG] PredPreyGrassEnv.env-c5d50d3b: event=StepBegin | env_id=env-c5d50d3b | step=492 | incoming_actions=['prey_9', 'prey_14', 'prey_17', 'prey_13', 'prey_18', ...] | active_agents=23 | current_step=492
2025-11-23 03:29:11,702 [DEBUG] PredPreyGrassEnv.env-c5d50d3b: event=PreyAteGrass | env_id=env-c5d50d3b | step=492 | prey='prey_19' | grass='grass_27' | prey_position=[470.05048591905336, 339.2883748253852] | grass_energy=10.0 | energy_gained=9.0 | prey_energy=104.08250838707275
2025-11-23 03:29:11,703 [DEBUG] PredPreyGrassEnv.env-c5d50d3b: event=StepSummary | env_id=env-c5d50d3b | step=492 | current_step=492 | terminated_agents=[] | truncated_agents=[] | remaining_agents=23 | reward_preview={prey_9:-0.001, predator_2:-0.001, predator_4:-0.001, prey_14:-0.001, prey_17:-0.001} | info_preview={}
2025-11-23 03:29:11,714 [DEBUG] PredPreyGrassEnv.env-c5d50d3b: event=StepBegin | env_id=env-c5d50d3b | step=493 | incoming_actions=['prey_9', 'prey_14', 'prey_17', 'prey_13', 'prey_18', ...] | active_agents=23 | current_step=493
2025-11-23 03:29:11,718 [DEBUG] PredPreyGrassEnv.env-c5d50d3b: event=StepSummary | env_id=env-c5d50d3b | step=493 | current_step=493 | terminated_agents=[] | truncated_agents=[] | remaining_agents=23 | reward_preview={prey_9:-0.001, predator_2:-0.001, predator_4:-0.001, prey_14:-0.001, prey_17:-0.001} | info_preview={}
2025-11-23 03:29:11,729 [DEBUG] PredPreyGrassEnv.env-c5d50d3b: event=StepBegin | env_id=env-c5d50d3b | step=494 | incoming_actions=['prey_9', 'prey_14', 'prey_17', 'prey_13', 'prey_18', ...] | active_agents=23 | current_step=494
2025-11-23 03:29:11,733 [DEBUG] PredPreyGrassEnv.env-c5d50d3b: event=StepSummary | env_id=env-c5d50d3b | step=494 | current_step=494 | terminated_agents=[] | truncated_agents=[] | remaining_agents=23 | reward_preview={prey_9:-0.001, predator_2:-0.001, predator_4:-0.001, prey_14:-0.001, prey_17:-0.001} | info_preview={}
2025-11-23 03:29:11,745 [DEBUG] PredPreyGrassEnv.env-c5d50d3b: event=StepBegin | env_id=env-c5d50d3b | step=495 | incoming_actions=['prey_9', 'prey_14', 'prey_17', 'prey_13', 'prey_18', ...] | active_agents=23 | current_step=495
2025-11-23 03:29:11,749 [DEBUG] PredPreyGrassEnv.env-c5d50d3b: event=StepSummary | env_id=env-c5d50d3b | step=495 | current_step=495 | terminated_agents=[] | truncated_agents=[] | remaining_agents=23 | reward_preview={prey_9:-0.001, predator_2:-0.001, predator_4:-0.001, prey_14:-0.001, prey_17:-0.001} | info_preview={}
2025-11-23 03:29:11,760 [DEBUG] PredPreyGrassEnv.env-c5d50d3b: event=StepBegin | env_id=env-c5d50d3b | step=496 | incoming_actions=['prey_9', 'prey_14', 'prey_17', 'prey_13', 'prey_18', ...] | active_agents=23 | current_step=496
2025-11-23 03:29:11,764 [DEBUG] PredPreyGrassEnv.env-c5d50d3b: event=StepSummary | env_id=env-c5d50d3b | step=496 | current_step=496 | terminated_agents=[] | truncated_agents=[] | remaining_agents=23 | reward_preview={prey_9:-0.001, predator_2:-0.001, predator_4:-0.001, prey_14:-0.001, prey_17:-0.001} | info_preview={}
2025-11-23 03:29:11,775 [DEBUG] PredPreyGrassEnv.env-c5d50d3b: event=StepBegin | env_id=env-c5d50d3b | step=497 | incoming_actions=['prey_9', 'prey_14', 'prey_17', 'prey_13', 'prey_18', ...] | active_agents=23 | current_step=497
2025-11-23 03:29:11,778 [DEBUG] PredPreyGrassEnv.env-c5d50d3b: event=StepSummary | env_id=env-c5d50d3b | step=497 | current_step=497 | terminated_agents=[] | truncated_agents=[] | remaining_agents=23 | reward_preview={prey_9:-0.001, predator_2:-0.001, predator_4:-0.001, prey_14:-0.001, prey_17:-0.001} | info_preview={}
2025-11-23 03:29:11,789 [DEBUG] PredPreyGrassEnv.env-c5d50d3b: event=StepBegin | env_id=env-c5d50d3b | step=498 | incoming_actions=['prey_9', 'prey_14', 'prey_17', 'prey_13', 'prey_18', ...] | active_agents=23 | current_step=498
2025-11-23 03:29:11,793 [DEBUG] PredPreyGrassEnv.env-c5d50d3b: event=StepSummary | env_id=env-c5d50d3b | step=498 | current_step=498 | terminated_agents=[] | truncated_agents=[] | remaining_agents=23 | reward_preview={prey_9:-0.001, predator_2:-0.001, predator_4:-0.001, prey_14:-0.001, prey_17:-0.001} | info_preview={}
2025-11-23 03:29:11,804 [DEBUG] PredPreyGrassEnv.env-c5d50d3b: event=StepBegin | env_id=env-c5d50d3b | step=499 | incoming_actions=['prey_9', 'prey_14', 'prey_17', 'prey_13', 'prey_18', ...] | active_agents=23 | current_step=499
2025-11-23 03:29:11,807 [DEBUG] PredPreyGrassEnv.env-c5d50d3b: event=StepSummary | env_id=env-c5d50d3b | step=499 | current_step=499 | terminated_agents=[] | truncated_agents=[] | remaining_agents=23 | reward_preview={prey_9:-0.001, predator_2:-0.001, predator_4:-0.001, prey_14:-0.001, prey_17:-0.001} | info_preview={}
2025-11-23 03:29:11,818 [DEBUG] PredPreyGrassEnv.env-c5d50d3b: event=StepBegin | env_id=env-c5d50d3b | step=500 | incoming_actions=['prey_9', 'prey_14', 'prey_17', 'prey_13', 'prey_18', ...] | active_agents=23 | current_step=500
2025-11-23 03:29:11,821 [DEBUG] PredPreyGrassEnv.env-c5d50d3b: event=StepSummary | env_id=env-c5d50d3b | step=500 | current_step=500 | terminated_agents=[] | truncated_agents=[] | remaining_agents=23 | reward_preview={prey_9:-0.001, predator_2:-0.001, predator_4:-0.001, prey_14:-0.001, prey_17:-0.001} | info_preview={}
2025-11-23 03:29:11,832 [DEBUG] PredPreyGrassEnv.env-c5d50d3b: event=StepBegin | env_id=env-c5d50d3b | step=501 | incoming_actions=['prey_9', 'prey_14', 'prey_17', 'prey_13', 'prey_18', ...] | active_agents=23 | current_step=501
2025-11-23 03:29:11,835 [DEBUG] PredPreyGrassEnv.env-c5d50d3b: event=StepSummary | env_id=env-c5d50d3b | step=501 | current_step=501 | terminated_agents=[] | truncated_agents=[] | remaining_agents=23 | reward_preview={prey_9:-0.001, predator_2:-0.001, predator_4:-0.001, prey_14:-0.001, prey_17:-0.001} | info_preview={}
2025-11-23 03:29:11,846 [DEBUG] PredPreyGrassEnv.env-c5d50d3b: event=StepBegin | env_id=env-c5d50d3b | step=502 | incoming_actions=['prey_9', 'prey_14', 'prey_17', 'prey_13', 'prey_18', ...] | active_agents=23 | current_step=502
2025-11-23 03:29:11,849 [DEBUG] PredPreyGrassEnv.env-c5d50d3b: event=StepSummary | env_id=env-c5d50d3b | step=502 | current_step=502 | terminated_agents=[] | truncated_agents=[] | remaining_agents=23 | reward_preview={prey_9:-0.001, predator_2:-0.001, predator_4:-0.001, prey_14:-0.001, prey_17:-0.001} | info_preview={}
2025-11-23 03:29:11,859 [DEBUG] PredPreyGrassEnv.env-c5d50d3b: event=StepBegin | env_id=env-c5d50d3b | step=503 | incoming_actions=['prey_9', 'prey_14', 'prey_17', 'prey_13', 'prey_18', ...] | active_agents=23 | current_step=503
2025-11-23 03:29:11,863 [DEBUG] PredPreyGrassEnv.env-c5d50d3b: event=StepSummary | env_id=env-c5d50d3b | step=503 | current_step=503 | terminated_agents=[] | truncated_agents=[] | remaining_agents=23 | reward_preview={prey_9:-0.001, predator_2:-0.001, predator_4:-0.001, prey_14:-0.001, prey_17:-0.001} | info_preview={}
2025-11-23 03:29:11,873 [DEBUG] PredPreyGrassEnv.env-c5d50d3b: event=StepBegin | env_id=env-c5d50d3b | step=504 | incoming_actions=['prey_9', 'prey_14', 'prey_17', 'prey_13', 'prey_18', ...] | active_agents=23 | current_step=504
2025-11-23 03:29:11,877 [DEBUG] PredPreyGrassEnv.env-c5d50d3b: event=StepSummary | env_id=env-c5d50d3b | step=504 | current_step=504 | terminated_agents=[] | truncated_agents=[] | remaining_agents=23 | reward_preview={prey_9:-0.001, predator_2:-0.001, predator_4:-0.001, prey_14:-0.001, prey_17:-0.001} | info_preview={}
2025-11-23 03:29:11,887 [DEBUG] PredPreyGrassEnv.env-c5d50d3b: event=StepBegin | env_id=env-c5d50d3b | step=505 | incoming_actions=['prey_9', 'prey_14', 'prey_17', 'prey_13', 'prey_18', ...] | active_agents=23 | current_step=505
2025-11-23 03:29:11,889 [DEBUG] PredPreyGrassEnv.env-c5d50d3b: event=PreyAteGrass | env_id=env-c5d50d3b | step=505 | prey='prey_16' | grass='grass_62' | prey_position=[381.3699036157875, 429.37436625843446] | grass_energy=10.0 | energy_gained=9.0 | prey_energy=81.33009300751476
2025-11-23 03:29:11,889 [DEBUG] PredPreyGrassEnv.env-c5d50d3b: event=PreyAteGrass | env_id=env-c5d50d3b | step=505 | prey='prey_17' | grass='grass_74' | prey_position=[380.8946638462322, 324.2158462554176] | grass_energy=10.0 | energy_gained=9.0 | prey_energy=94.27959499612525
2025-11-23 03:29:11,891 [DEBUG] PredPreyGrassEnv.env-c5d50d3b: event=StepSummary | env_id=env-c5d50d3b | step=505 | current_step=505 | terminated_agents=[] | truncated_agents=[] | remaining_agents=23 | reward_preview={prey_9:-0.001, predator_2:-0.001, predator_4:-0.001, prey_14:-0.001, prey_17:1.0} | info_preview={}
2025-11-23 03:29:11,901 [DEBUG] PredPreyGrassEnv.env-c5d50d3b: event=StepBegin | env_id=env-c5d50d3b | step=506 | incoming_actions=['prey_9', 'prey_14', 'prey_17', 'prey_13', 'prey_18', ...] | active_agents=23 | current_step=506
2025-11-23 03:29:11,904 [DEBUG] PredPreyGrassEnv.env-c5d50d3b: event=StepSummary | env_id=env-c5d50d3b | step=506 | current_step=506 | terminated_agents=[] | truncated_agents=[] | remaining_agents=23 | reward_preview={prey_9:-0.001, predator_2:-0.001, predator_4:-0.001, prey_14:-0.001, prey_17:-0.001} | info_preview={}
2025-11-23 03:29:11,915 [DEBUG] PredPreyGrassEnv.env-c5d50d3b: event=StepBegin | env_id=env-c5d50d3b | step=507 | incoming_actions=['prey_9', 'prey_14', 'prey_17', 'prey_13', 'prey_18', ...] | active_agents=23 | current_step=507
2025-11-23 03:29:11,918 [DEBUG] PredPreyGrassEnv.env-c5d50d3b: event=StepSummary | env_id=env-c5d50d3b | step=507 | current_step=507 | terminated_agents=[] | truncated_agents=[] | remaining_agents=23 | reward_preview={prey_9:-0.001, predator_2:-0.001, predator_4:-0.001, prey_14:-0.001, prey_17:-0.001} | info_preview={}
2025-11-23 03:29:11,929 [DEBUG] PredPreyGrassEnv.env-c5d50d3b: event=StepBegin | env_id=env-c5d50d3b | step=508 | incoming_actions=['prey_9', 'prey_14', 'prey_17', 'prey_13', 'prey_18', ...] | active_agents=23 | current_step=508
2025-11-23 03:29:11,932 [DEBUG] PredPreyGrassEnv.env-c5d50d3b: event=StepSummary | env_id=env-c5d50d3b | step=508 | current_step=508 | terminated_agents=[] | truncated_agents=[] | remaining_agents=23 | reward_preview={prey_9:-0.001, predator_2:-0.001, predator_4:-0.001, prey_14:-0.001, prey_17:-0.001} | info_preview={}
2025-11-23 03:29:11,943 [DEBUG] PredPreyGrassEnv.env-c5d50d3b: event=StepBegin | env_id=env-c5d50d3b | step=509 | incoming_actions=['prey_9', 'prey_14', 'prey_17', 'prey_13', 'prey_18', ...] | active_agents=23 | current_step=509
2025-11-23 03:29:11,946 [DEBUG] PredPreyGrassEnv.env-c5d50d3b: event=StepSummary | env_id=env-c5d50d3b | step=509 | current_step=509 | terminated_agents=[] | truncated_agents=[] | remaining_agents=23 | reward_preview={prey_9:-0.001, predator_2:-0.001, predator_4:-0.001, prey_14:-0.001, prey_17:-0.001} | info_preview={}
2025-11-23 03:29:11,958 [DEBUG] PredPreyGrassEnv.env-c5d50d3b: event=StepBegin | env_id=env-c5d50d3b | step=510 | incoming_actions=['prey_9', 'prey_14', 'prey_17', 'prey_13', 'prey_18', ...] | active_agents=23 | current_step=510
2025-11-23 03:29:11,963 [DEBUG] PredPreyGrassEnv.env-c5d50d3b: event=StepSummary | env_id=env-c5d50d3b | step=510 | current_step=510 | terminated_agents=[] | truncated_agents=[] | remaining_agents=23 | reward_preview={prey_9:-0.001, predator_2:-0.001, predator_4:-0.001, prey_14:-0.001, prey_17:-0.001} | info_preview={}
2025-11-23 03:29:11,973 [DEBUG] PredPreyGrassEnv.env-c5d50d3b: event=StepBegin | env_id=env-c5d50d3b | step=511 | incoming_actions=['prey_9', 'prey_14', 'prey_17', 'prey_13', 'prey_18', ...] | active_agents=23 | current_step=511
2025-11-23 03:29:11,977 [DEBUG] PredPreyGrassEnv.env-c5d50d3b: event=StepSummary | env_id=env-c5d50d3b | step=511 | current_step=511 | terminated_agents=[] | truncated_agents=[] | remaining_agents=23 | reward_preview={prey_9:-0.001, predator_2:-0.001, predator_4:-0.001, prey_14:-0.001, prey_17:-0.001} | info_preview={}
2025-11-23 03:29:11,987 [DEBUG] PredPreyGrassEnv.env-c5d50d3b: event=StepBegin | env_id=env-c5d50d3b | step=512 | incoming_actions=['prey_9', 'prey_14', 'prey_17', 'prey_13', 'prey_18', ...] | active_agents=23 | current_step=512
2025-11-23 03:29:11,991 [DEBUG] PredPreyGrassEnv.env-c5d50d3b: event=StepSummary | env_id=env-c5d50d3b | step=512 | current_step=512 | terminated_agents=[] | truncated_agents=[] | remaining_agents=23 | reward_preview={prey_9:-0.001, predator_2:-0.001, predator_4:-0.001, prey_14:-0.001, prey_17:-0.001} | info_preview={}
2025-11-23 03:29:12,001 [DEBUG] PredPreyGrassEnv.env-c5d50d3b: event=StepBegin | env_id=env-c5d50d3b | step=513 | incoming_actions=['prey_9', 'prey_14', 'prey_17', 'prey_13', 'prey_18', ...] | active_agents=23 | current_step=513
2025-11-23 03:29:12,005 [DEBUG] PredPreyGrassEnv.env-c5d50d3b: event=StepSummary | env_id=env-c5d50d3b | step=513 | current_step=513 | terminated_agents=[] | truncated_agents=[] | remaining_agents=23 | reward_preview={prey_9:-0.001, predator_2:-0.001, predator_4:-0.001, prey_14:-0.001, prey_17:-0.001} | info_preview={}
2025-11-23 03:29:12,016 [DEBUG] PredPreyGrassEnv.env-c5d50d3b: event=StepBegin | env_id=env-c5d50d3b | step=514 | incoming_actions=['prey_9', 'prey_14', 'prey_17', 'prey_13', 'prey_18', ...] | active_agents=23 | current_step=514
2025-11-23 03:29:12,019 [DEBUG] PredPreyGrassEnv.env-c5d50d3b: event=StepSummary | env_id=env-c5d50d3b | step=514 | current_step=514 | terminated_agents=[] | truncated_agents=[] | remaining_agents=23 | reward_preview={prey_9:-0.001, predator_2:-0.001, predator_4:-0.001, prey_14:-0.001, prey_17:-0.001} | info_preview={}
2025-11-23 03:29:12,029 [DEBUG] PredPreyGrassEnv.env-c5d50d3b: event=StepBegin | env_id=env-c5d50d3b | step=515 | incoming_actions=['prey_9', 'prey_14', 'prey_17', 'prey_13', 'prey_18', ...] | active_agents=23 | current_step=515
2025-11-23 03:29:12,033 [DEBUG] PredPreyGrassEnv.env-c5d50d3b: event=StepSummary | env_id=env-c5d50d3b | step=515 | current_step=515 | terminated_agents=[] | truncated_agents=[] | remaining_agents=23 | reward_preview={prey_9:-0.001, predator_2:-0.001, predator_4:-0.001, prey_14:-0.001, prey_17:-0.001} | info_preview={}
2025-11-23 03:29:12,044 [DEBUG] PredPreyGrassEnv.env-c5d50d3b: event=StepBegin | env_id=env-c5d50d3b | step=516 | incoming_actions=['prey_9', 'prey_14', 'prey_17', 'prey_13', 'prey_18', ...] | active_agents=23 | current_step=516
2025-11-23 03:29:12,047 [DEBUG] PredPreyGrassEnv.env-c5d50d3b: event=StepSummary | env_id=env-c5d50d3b | step=516 | current_step=516 | terminated_agents=[] | truncated_agents=[] | remaining_agents=23 | reward_preview={prey_9:-0.001, predator_2:-0.001, predator_4:-0.001, prey_14:-0.001, prey_17:-0.001} | info_preview={}
2025-11-23 03:29:12,058 [DEBUG] PredPreyGrassEnv.env-c5d50d3b: event=StepBegin | env_id=env-c5d50d3b | step=517 | incoming_actions=['prey_9', 'prey_14', 'prey_17', 'prey_13', 'prey_18', ...] | active_agents=23 | current_step=517
2025-11-23 03:29:12,062 [DEBUG] PredPreyGrassEnv.env-c5d50d3b: event=StepSummary | env_id=env-c5d50d3b | step=517 | current_step=517 | terminated_agents=[] | truncated_agents=[] | remaining_agents=23 | reward_preview={prey_9:-0.001, predator_2:-0.001, predator_4:-0.001, prey_14:-0.001, prey_17:-0.001} | info_preview={}
2025-11-23 03:29:12,072 [DEBUG] PredPreyGrassEnv.env-c5d50d3b: event=StepBegin | env_id=env-c5d50d3b | step=518 | incoming_actions=['prey_9', 'prey_14', 'prey_17', 'prey_13', 'prey_18', ...] | active_agents=23 | current_step=518
2025-11-23 03:29:12,076 [DEBUG] PredPreyGrassEnv.env-c5d50d3b: event=PreyAteGrass | env_id=env-c5d50d3b | step=518 | prey='prey_7' | grass='grass_13' | prey_position=[434.28846050338467, 106.76819752735678] | grass_energy=10.0 | energy_gained=9.0 | prey_energy=49.75732514086856
2025-11-23 03:29:12,076 [DEBUG] PredPreyGrassEnv.env-c5d50d3b: event=StepSummary | env_id=env-c5d50d3b | step=518 | current_step=518 | terminated_agents=[] | truncated_agents=[] | remaining_agents=23 | reward_preview={prey_9:-0.001, predator_2:-0.001, predator_4:-0.001, prey_14:-0.001, prey_17:-0.001} | info_preview={}
2025-11-23 03:29:12,087 [DEBUG] PredPreyGrassEnv.env-c5d50d3b: event=StepBegin | env_id=env-c5d50d3b | step=519 | incoming_actions=['prey_9', 'prey_14', 'prey_17', 'prey_13', 'prey_18', ...] | active_agents=23 | current_step=519
2025-11-23 03:29:12,090 [DEBUG] PredPreyGrassEnv.env-c5d50d3b: event=StepSummary | env_id=env-c5d50d3b | step=519 | current_step=519 | terminated_agents=[] | truncated_agents=[] | remaining_agents=23 | reward_preview={prey_9:-0.001, predator_2:-0.001, predator_4:-0.001, prey_14:-0.001, prey_17:-0.001} | info_preview={}
2025-11-23 03:29:12,101 [DEBUG] PredPreyGrassEnv.env-c5d50d3b: event=StepBegin | env_id=env-c5d50d3b | step=520 | incoming_actions=['prey_9', 'prey_14', 'prey_17', 'prey_13', 'prey_18', ...] | active_agents=23 | current_step=520
2025-11-23 03:29:12,104 [DEBUG] PredPreyGrassEnv.env-c5d50d3b: event=PreyAteGrass | env_id=env-c5d50d3b | step=520 | prey='prey_17' | grass='grass_71' | prey_position=[359.8991209293197, 287.8589046968541] | grass_energy=10.0 | energy_gained=9.0 | prey_energy=97.96855066916969
2025-11-23 03:29:12,105 [DEBUG] PredPreyGrassEnv.env-c5d50d3b: event=StepSummary | env_id=env-c5d50d3b | step=520 | current_step=520 | terminated_agents=[] | truncated_agents=[] | remaining_agents=23 | reward_preview={prey_9:-0.001, predator_2:-0.001, predator_4:-0.001, prey_14:-0.001, prey_17:1.0} | info_preview={}
2025-11-23 03:29:12,116 [DEBUG] PredPreyGrassEnv.env-c5d50d3b: event=StepBegin | env_id=env-c5d50d3b | step=521 | incoming_actions=['prey_9', 'prey_14', 'prey_17', 'prey_13', 'prey_18', ...] | active_agents=23 | current_step=521
2025-11-23 03:29:12,119 [DEBUG] PredPreyGrassEnv.env-c5d50d3b: event=StepSummary | env_id=env-c5d50d3b | step=521 | current_step=521 | terminated_agents=[] | truncated_agents=[] | remaining_agents=23 | reward_preview={prey_9:-0.001, predator_2:-0.001, predator_4:-0.001, prey_14:-0.001, prey_17:-0.001} | info_preview={}
2025-11-23 03:29:12,130 [DEBUG] PredPreyGrassEnv.env-c5d50d3b: event=StepBegin | env_id=env-c5d50d3b | step=522 | incoming_actions=['prey_9', 'prey_14', 'prey_17', 'prey_13', 'prey_18', ...] | active_agents=23 | current_step=522
2025-11-23 03:29:12,133 [DEBUG] PredPreyGrassEnv.env-c5d50d3b: event=StepSummary | env_id=env-c5d50d3b | step=522 | current_step=522 | terminated_agents=[] | truncated_agents=[] | remaining_agents=23 | reward_preview={prey_9:-0.001, predator_2:-0.001, predator_4:-0.001, prey_14:-0.001, prey_17:-0.001} | info_preview={}
2025-11-23 03:29:12,144 [DEBUG] PredPreyGrassEnv.env-c5d50d3b: event=StepBegin | env_id=env-c5d50d3b | step=523 | incoming_actions=['prey_9', 'prey_14', 'prey_17', 'prey_13', 'prey_18', ...] | active_agents=23 | current_step=523
2025-11-23 03:29:12,147 [DEBUG] PredPreyGrassEnv.env-c5d50d3b: event=StepSummary | env_id=env-c5d50d3b | step=523 | current_step=523 | terminated_agents=[] | truncated_agents=[] | remaining_agents=23 | reward_preview={prey_9:-0.001, predator_2:-0.001, predator_4:-0.001, prey_14:-0.001, prey_17:-0.001} | info_preview={}
2025-11-23 03:29:12,158 [DEBUG] PredPreyGrassEnv.env-c5d50d3b: event=StepBegin | env_id=env-c5d50d3b | step=524 | incoming_actions=['prey_9', 'prey_14', 'prey_17', 'prey_13', 'prey_18', ...] | active_agents=23 | current_step=524
2025-11-23 03:29:12,161 [DEBUG] PredPreyGrassEnv.env-c5d50d3b: event=StepSummary | env_id=env-c5d50d3b | step=524 | current_step=524 | terminated_agents=[] | truncated_agents=[] | remaining_agents=23 | reward_preview={prey_9:-0.001, predator_2:-0.001, predator_4:-0.001, prey_14:-0.001, prey_17:-0.001} | info_preview={}
2025-11-23 03:29:12,172 [DEBUG] PredPreyGrassEnv.env-c5d50d3b: event=StepBegin | env_id=env-c5d50d3b | step=525 | incoming_actions=['prey_9', 'prey_14', 'prey_17', 'prey_13', 'prey_18', ...] | active_agents=23 | current_step=525
2025-11-23 03:29:12,175 [DEBUG] PredPreyGrassEnv.env-c5d50d3b: event=StepSummary | env_id=env-c5d50d3b | step=525 | current_step=525 | terminated_agents=[] | truncated_agents=[] | remaining_agents=23 | reward_preview={prey_9:-0.001, predator_2:-0.001, predator_4:-0.001, prey_14:-0.001, prey_17:-0.001} | info_preview={}
2025-11-23 03:29:12,186 [DEBUG] PredPreyGrassEnv.env-c5d50d3b: event=StepBegin | env_id=env-c5d50d3b | step=526 | incoming_actions=['prey_9', 'prey_14', 'prey_17', 'prey_13', 'prey_18', ...] | active_agents=23 | current_step=526
2025-11-23 03:29:12,189 [DEBUG] PredPreyGrassEnv.env-c5d50d3b: event=StepSummary | env_id=env-c5d50d3b | step=526 | current_step=526 | terminated_agents=[] | truncated_agents=[] | remaining_agents=23 | reward_preview={prey_9:-0.001, predator_2:-0.001, predator_4:-0.001, prey_14:-0.001, prey_17:-0.001} | info_preview={}
2025-11-23 03:29:12,200 [DEBUG] PredPreyGrassEnv.env-c5d50d3b: event=StepBegin | env_id=env-c5d50d3b | step=527 | incoming_actions=['prey_9', 'prey_14', 'prey_17', 'prey_13', 'prey_18', ...] | active_agents=23 | current_step=527
2025-11-23 03:29:12,203 [DEBUG] PredPreyGrassEnv.env-c5d50d3b: event=StepSummary | env_id=env-c5d50d3b | step=527 | current_step=527 | terminated_agents=[] | truncated_agents=[] | remaining_agents=23 | reward_preview={prey_9:-0.001, predator_2:-0.001, predator_4:-0.001, prey_14:-0.001, prey_17:-0.001} | info_preview={}
2025-11-23 03:29:12,214 [DEBUG] PredPreyGrassEnv.env-c5d50d3b: event=StepBegin | env_id=env-c5d50d3b | step=528 | incoming_actions=['prey_9', 'prey_14', 'prey_17', 'prey_13', 'prey_18', ...] | active_agents=23 | current_step=528
2025-11-23 03:29:12,217 [DEBUG] PredPreyGrassEnv.env-c5d50d3b: event=StepSummary | env_id=env-c5d50d3b | step=528 | current_step=528 | terminated_agents=[] | truncated_agents=[] | remaining_agents=23 | reward_preview={prey_9:-0.001, predator_2:-0.001, predator_4:-0.001, prey_14:-0.001, prey_17:-0.001} | info_preview={}
2025-11-23 03:29:12,227 [DEBUG] PredPreyGrassEnv.env-c5d50d3b: event=StepBegin | env_id=env-c5d50d3b | step=529 | incoming_actions=['prey_9', 'prey_14', 'prey_17', 'prey_13', 'prey_18', ...] | active_agents=23 | current_step=529
2025-11-23 03:29:12,231 [DEBUG] PredPreyGrassEnv.env-c5d50d3b: event=StepSummary | env_id=env-c5d50d3b | step=529 | current_step=529 | terminated_agents=[] | truncated_agents=[] | remaining_agents=23 | reward_preview={prey_9:-0.001, predator_2:-0.001, predator_4:-0.001, prey_14:-0.001, prey_17:-0.001} | info_preview={}
2025-11-23 03:29:12,241 [DEBUG] PredPreyGrassEnv.env-c5d50d3b: event=StepBegin | env_id=env-c5d50d3b | step=530 | incoming_actions=['prey_9', 'prey_14', 'prey_17', 'prey_13', 'prey_18', ...] | active_agents=23 | current_step=530
2025-11-23 03:29:12,245 [DEBUG] PredPreyGrassEnv.env-c5d50d3b: event=StepSummary | env_id=env-c5d50d3b | step=530 | current_step=530 | terminated_agents=[] | truncated_agents=[] | remaining_agents=23 | reward_preview={prey_9:-0.001, predator_2:-0.001, predator_4:-0.001, prey_14:-0.001, prey_17:-0.001} | info_preview={}
2025-11-23 03:29:12,256 [DEBUG] PredPreyGrassEnv.env-c5d50d3b: event=StepBegin | env_id=env-c5d50d3b | step=531 | incoming_actions=['prey_9', 'prey_14', 'prey_17', 'prey_13', 'prey_18', ...] | active_agents=23 | current_step=531
2025-11-23 03:29:12,260 [DEBUG] PredPreyGrassEnv.env-c5d50d3b: event=StepSummary | env_id=env-c5d50d3b | step=531 | current_step=531 | terminated_agents=[] | truncated_agents=[] | remaining_agents=23 | reward_preview={prey_9:-0.001, predator_2:-0.001, predator_4:-0.001, prey_14:-0.001, prey_17:-0.001} | info_preview={}
2025-11-23 03:29:12,271 [DEBUG] PredPreyGrassEnv.env-c5d50d3b: event=StepBegin | env_id=env-c5d50d3b | step=532 | incoming_actions=['prey_9', 'prey_14', 'prey_17', 'prey_13', 'prey_18', ...] | active_agents=23 | current_step=532
2025-11-23 03:29:12,275 [DEBUG] PredPreyGrassEnv.env-c5d50d3b: event=StepSummary | env_id=env-c5d50d3b | step=532 | current_step=532 | terminated_agents=[] | truncated_agents=[] | remaining_agents=23 | reward_preview={prey_9:-0.001, predator_2:-0.001, predator_4:-0.001, prey_14:-0.001, prey_17:-0.001} | info_preview={}
2025-11-23 03:29:12,286 [DEBUG] PredPreyGrassEnv.env-c5d50d3b: event=StepBegin | env_id=env-c5d50d3b | step=533 | incoming_actions=['prey_9', 'prey_14', 'prey_17', 'prey_13', 'prey_18', ...] | active_agents=23 | current_step=533
2025-11-23 03:29:12,290 [DEBUG] PredPreyGrassEnv.env-c5d50d3b: event=StepSummary | env_id=env-c5d50d3b | step=533 | current_step=533 | terminated_agents=[] | truncated_agents=[] | remaining_agents=23 | reward_preview={prey_9:-0.001, predator_2:-0.001, predator_4:-0.001, prey_14:-0.001, prey_17:-0.001} | info_preview={}
2025-11-23 03:29:12,300 [DEBUG] PredPreyGrassEnv.env-c5d50d3b: event=StepBegin | env_id=env-c5d50d3b | step=534 | incoming_actions=['prey_9', 'prey_14', 'prey_17', 'prey_13', 'prey_18', ...] | active_agents=23 | current_step=534
2025-11-23 03:29:12,304 [DEBUG] PredPreyGrassEnv.env-c5d50d3b: event=StepSummary | env_id=env-c5d50d3b | step=534 | current_step=534 | terminated_agents=[] | truncated_agents=[] | remaining_agents=23 | reward_preview={prey_9:-0.001, predator_2:-0.001, predator_4:-0.001, prey_14:-0.001, prey_17:-0.001} | info_preview={}
2025-11-23 03:29:12,316 [DEBUG] PredPreyGrassEnv.env-c5d50d3b: event=StepBegin | env_id=env-c5d50d3b | step=535 | incoming_actions=['prey_9', 'prey_14', 'prey_17', 'prey_13', 'prey_18', ...] | active_agents=23 | current_step=535
2025-11-23 03:29:12,319 [DEBUG] PredPreyGrassEnv.env-c5d50d3b: event=StepSummary | env_id=env-c5d50d3b | step=535 | current_step=535 | terminated_agents=[] | truncated_agents=[] | remaining_agents=23 | reward_preview={prey_9:-0.001, predator_2:-0.001, predator_4:-0.001, prey_14:-0.001, prey_17:-0.001} | info_preview={}
2025-11-23 03:29:12,329 [DEBUG] PredPreyGrassEnv.env-c5d50d3b: event=StepBegin | env_id=env-c5d50d3b | step=536 | incoming_actions=['prey_9', 'prey_14', 'prey_17', 'prey_13', 'prey_18', ...] | active_agents=23 | current_step=536
2025-11-23 03:29:12,333 [DEBUG] PredPreyGrassEnv.env-c5d50d3b: event=StepSummary | env_id=env-c5d50d3b | step=536 | current_step=536 | terminated_agents=[] | truncated_agents=[] | remaining_agents=23 | reward_preview={prey_9:-0.001, predator_2:-0.001, predator_4:-0.001, prey_14:-0.001, prey_17:-0.001} | info_preview={}
2025-11-23 03:29:12,343 [DEBUG] PredPreyGrassEnv.env-c5d50d3b: event=StepBegin | env_id=env-c5d50d3b | step=537 | incoming_actions=['prey_9', 'prey_14', 'prey_17', 'prey_13', 'prey_18', ...] | active_agents=23 | current_step=537
2025-11-23 03:29:12,347 [DEBUG] PredPreyGrassEnv.env-c5d50d3b: event=StepSummary | env_id=env-c5d50d3b | step=537 | current_step=537 | terminated_agents=[] | truncated_agents=[] | remaining_agents=23 | reward_preview={prey_9:-0.001, predator_2:-0.001, predator_4:-0.001, prey_14:-0.001, prey_17:-0.001} | info_preview={}
2025-11-23 03:29:12,357 [DEBUG] PredPreyGrassEnv.env-c5d50d3b: event=StepBegin | env_id=env-c5d50d3b | step=538 | incoming_actions=['prey_9', 'prey_14', 'prey_17', 'prey_13', 'prey_18', ...] | active_agents=23 | current_step=538
2025-11-23 03:29:12,361 [DEBUG] PredPreyGrassEnv.env-c5d50d3b: event=StepSummary | env_id=env-c5d50d3b | step=538 | current_step=538 | terminated_agents=[] | truncated_agents=[] | remaining_agents=23 | reward_preview={prey_9:-0.001, predator_2:-0.001, predator_4:-0.001, prey_14:-0.001, prey_17:-0.001} | info_preview={}
2025-11-23 03:29:12,371 [DEBUG] PredPreyGrassEnv.env-c5d50d3b: event=StepBegin | env_id=env-c5d50d3b | step=539 | incoming_actions=['prey_9', 'prey_14', 'prey_17', 'prey_13', 'prey_18', ...] | active_agents=23 | current_step=539
2025-11-23 03:29:12,375 [DEBUG] PredPreyGrassEnv.env-c5d50d3b: event=StepSummary | env_id=env-c5d50d3b | step=539 | current_step=539 | terminated_agents=[] | truncated_agents=[] | remaining_agents=23 | reward_preview={prey_9:-0.001, predator_2:-0.001, predator_4:-0.001, prey_14:-0.001, prey_17:-0.001} | info_preview={}
2025-11-23 03:29:12,385 [DEBUG] PredPreyGrassEnv.env-c5d50d3b: event=StepBegin | env_id=env-c5d50d3b | step=540 | incoming_actions=['prey_9', 'prey_14', 'prey_17', 'prey_13', 'prey_18', ...] | active_agents=23 | current_step=540
2025-11-23 03:29:12,389 [DEBUG] PredPreyGrassEnv.env-c5d50d3b: event=StepSummary | env_id=env-c5d50d3b | step=540 | current_step=540 | terminated_agents=[] | truncated_agents=[] | remaining_agents=23 | reward_preview={prey_9:-0.001, predator_2:-0.001, predator_4:-0.001, prey_14:-0.001, prey_17:-0.001} | info_preview={}
2025-11-23 03:29:12,400 [DEBUG] PredPreyGrassEnv.env-c5d50d3b: event=StepBegin | env_id=env-c5d50d3b | step=541 | incoming_actions=['prey_9', 'prey_14', 'prey_17', 'prey_13', 'prey_18', ...] | active_agents=23 | current_step=541
2025-11-23 03:29:12,404 [DEBUG] PredPreyGrassEnv.env-c5d50d3b: event=StepSummary | env_id=env-c5d50d3b | step=541 | current_step=541 | terminated_agents=[] | truncated_agents=[] | remaining_agents=23 | reward_preview={prey_9:-0.001, predator_2:-0.001, predator_4:-0.001, prey_14:-0.001, prey_17:-0.001} | info_preview={}
2025-11-23 03:29:12,414 [DEBUG] PredPreyGrassEnv.env-c5d50d3b: event=StepBegin | env_id=env-c5d50d3b | step=542 | incoming_actions=['prey_9', 'prey_14', 'prey_17', 'prey_13', 'prey_18', ...] | active_agents=23 | current_step=542
2025-11-23 03:29:12,417 [DEBUG] PredPreyGrassEnv.env-c5d50d3b: event=PreyAteGrass | env_id=env-c5d50d3b | step=542 | prey='prey_9' | grass='grass_40' | prey_position=[287.5403185421732, 590.6156840317625] | grass_energy=10.0 | energy_gained=9.0 | prey_energy=106.74778326280074
2025-11-23 03:29:12,418 [DEBUG] PredPreyGrassEnv.env-c5d50d3b: event=StepSummary | env_id=env-c5d50d3b | step=542 | current_step=542 | terminated_agents=[] | truncated_agents=[] | remaining_agents=23 | reward_preview={prey_9:1.0, predator_2:-0.001, predator_4:-0.001, prey_14:-0.001, prey_17:-0.001} | info_preview={}
2025-11-23 03:29:12,428 [DEBUG] PredPreyGrassEnv.env-c5d50d3b: event=StepBegin | env_id=env-c5d50d3b | step=543 | incoming_actions=['prey_9', 'prey_14', 'prey_17', 'prey_13', 'prey_18', ...] | active_agents=23 | current_step=543
2025-11-23 03:29:12,432 [DEBUG] PredPreyGrassEnv.env-c5d50d3b: event=StepSummary | env_id=env-c5d50d3b | step=543 | current_step=543 | terminated_agents=[] | truncated_agents=[] | remaining_agents=23 | reward_preview={prey_9:-0.001, predator_2:-0.001, predator_4:-0.001, prey_14:-0.001, prey_17:-0.001} | info_preview={}
2025-11-23 03:29:12,442 [DEBUG] PredPreyGrassEnv.env-c5d50d3b: event=StepBegin | env_id=env-c5d50d3b | step=544 | incoming_actions=['prey_9', 'prey_14', 'prey_17', 'prey_13', 'prey_18', ...] | active_agents=23 | current_step=544
2025-11-23 03:29:12,446 [DEBUG] PredPreyGrassEnv.env-c5d50d3b: event=StepSummary | env_id=env-c5d50d3b | step=544 | current_step=544 | terminated_agents=[] | truncated_agents=[] | remaining_agents=23 | reward_preview={prey_9:-0.001, predator_2:-0.001, predator_4:-0.001, prey_14:-0.001, prey_17:-0.001} | info_preview={}
2025-11-23 03:29:12,457 [DEBUG] PredPreyGrassEnv.env-c5d50d3b: event=StepBegin | env_id=env-c5d50d3b | step=545 | incoming_actions=['prey_9', 'prey_14', 'prey_17', 'prey_13', 'prey_18', ...] | active_agents=23 | current_step=545
2025-11-23 03:29:12,461 [DEBUG] PredPreyGrassEnv.env-c5d50d3b: event=StepSummary | env_id=env-c5d50d3b | step=545 | current_step=545 | terminated_agents=[] | truncated_agents=[] | remaining_agents=23 | reward_preview={prey_9:-0.001, predator_2:-0.001, predator_4:-0.001, prey_14:-0.001, prey_17:-0.001} | info_preview={}
2025-11-23 03:29:12,472 [DEBUG] PredPreyGrassEnv.env-c5d50d3b: event=StepBegin | env_id=env-c5d50d3b | step=546 | incoming_actions=['prey_9', 'prey_14', 'prey_17', 'prey_13', 'prey_18', ...] | active_agents=23 | current_step=546
2025-11-23 03:29:12,476 [DEBUG] PredPreyGrassEnv.env-c5d50d3b: event=StepSummary | env_id=env-c5d50d3b | step=546 | current_step=546 | terminated_agents=[] | truncated_agents=[] | remaining_agents=23 | reward_preview={prey_9:-0.001, predator_2:-0.001, predator_4:-0.001, prey_14:-0.001, prey_17:-0.001} | info_preview={}
2025-11-23 03:29:12,486 [DEBUG] PredPreyGrassEnv.env-c5d50d3b: event=StepBegin | env_id=env-c5d50d3b | step=547 | incoming_actions=['prey_9', 'prey_14', 'prey_17', 'prey_13', 'prey_18', ...] | active_agents=23 | current_step=547
2025-11-23 03:29:12,490 [DEBUG] PredPreyGrassEnv.env-c5d50d3b: event=StepSummary | env_id=env-c5d50d3b | step=547 | current_step=547 | terminated_agents=[] | truncated_agents=[] | remaining_agents=23 | reward_preview={prey_9:-0.001, predator_2:-0.001, predator_4:-0.001, prey_14:-0.001, prey_17:-0.001} | info_preview={}
2025-11-23 03:29:12,502 [DEBUG] PredPreyGrassEnv.env-c5d50d3b: event=StepBegin | env_id=env-c5d50d3b | step=548 | incoming_actions=['prey_9', 'prey_14', 'prey_17', 'prey_13', 'prey_18', ...] | active_agents=23 | current_step=548
2025-11-23 03:29:12,505 [DEBUG] PredPreyGrassEnv.env-c5d50d3b: event=StepSummary | env_id=env-c5d50d3b | step=548 | current_step=548 | terminated_agents=[] | truncated_agents=[] | remaining_agents=23 | reward_preview={prey_9:-0.001, predator_2:-0.001, predator_4:-0.001, prey_14:-0.001, prey_17:-0.001} | info_preview={}
2025-11-23 03:29:12,520 [DEBUG] PredPreyGrassEnv.env-c5d50d3b: event=StepBegin | env_id=env-c5d50d3b | step=549 | incoming_actions=['prey_9', 'prey_14', 'prey_17', 'prey_13', 'prey_18', ...] | active_agents=23 | current_step=549
2025-11-23 03:29:12,524 [DEBUG] PredPreyGrassEnv.env-c5d50d3b: event=StepSummary | env_id=env-c5d50d3b | step=549 | current_step=549 | terminated_agents=[] | truncated_agents=[] | remaining_agents=23 | reward_preview={prey_9:-0.001, predator_2:-0.001, predator_4:-0.001, prey_14:-0.001, prey_17:-0.001} | info_preview={}
2025-11-23 03:29:12,537 [DEBUG] PredPreyGrassEnv.env-c5d50d3b: event=StepBegin | env_id=env-c5d50d3b | step=550 | incoming_actions=['prey_9', 'prey_14', 'prey_17', 'prey_13', 'prey_18', ...] | active_agents=23 | current_step=550
2025-11-23 03:29:12,542 [DEBUG] PredPreyGrassEnv.env-c5d50d3b: event=PreyAteGrass | env_id=env-c5d50d3b | step=550 | prey='prey_7' | grass='grass_16' | prey_position=[401.5362328905321, 122.31041849457242] | grass_energy=10.0 | energy_gained=9.0 | prey_energy=53.7993129203027
2025-11-23 03:29:12,543 [DEBUG] PredPreyGrassEnv.env-c5d50d3b: event=StepSummary | env_id=env-c5d50d3b | step=550 | current_step=550 | terminated_agents=[] | truncated_agents=[] | remaining_agents=23 | reward_preview={prey_9:-0.001, predator_2:-0.001, predator_4:-0.001, prey_14:-0.001, prey_17:-0.001} | info_preview={}
2025-11-23 03:29:12,559 [DEBUG] PredPreyGrassEnv.env-c5d50d3b: event=StepBegin | env_id=env-c5d50d3b | step=551 | incoming_actions=['prey_9', 'prey_14', 'prey_17', 'prey_13', 'prey_18', ...] | active_agents=23 | current_step=551
2025-11-23 03:29:12,563 [DEBUG] PredPreyGrassEnv.env-c5d50d3b: event=StepSummary | env_id=env-c5d50d3b | step=551 | current_step=551 | terminated_agents=[] | truncated_agents=[] | remaining_agents=23 | reward_preview={prey_9:-0.001, predator_2:-0.001, predator_4:-0.001, prey_14:-0.001, prey_17:-0.001} | info_preview={}
2025-11-23 03:29:12,578 [DEBUG] PredPreyGrassEnv.env-c5d50d3b: event=StepBegin | env_id=env-c5d50d3b | step=552 | incoming_actions=['prey_9', 'prey_14', 'prey_17', 'prey_13', 'prey_18', ...] | active_agents=23 | current_step=552
2025-11-23 03:29:12,582 [DEBUG] PredPreyGrassEnv.env-c5d50d3b: event=PreyAteGrass | env_id=env-c5d50d3b | step=552 | prey='prey_16' | grass='grass_52' | prey_position=[456.1289500281649, 313.969537958732] | grass_energy=10.0 | energy_gained=9.0 | prey_energy=73.00559433579421
2025-11-23 03:29:12,584 [DEBUG] PredPreyGrassEnv.env-c5d50d3b: event=StepSummary | env_id=env-c5d50d3b | step=552 | current_step=552 | terminated_agents=[] | truncated_agents=[] | remaining_agents=23 | reward_preview={prey_9:-0.001, predator_2:-0.001, predator_4:-0.001, prey_14:-0.001, prey_17:-0.001} | info_preview={}
2025-11-23 03:29:12,595 [DEBUG] PredPreyGrassEnv.env-c5d50d3b: event=StepBegin | env_id=env-c5d50d3b | step=553 | incoming_actions=['prey_9', 'prey_14', 'prey_17', 'prey_13', 'prey_18', ...] | active_agents=23 | current_step=553
2025-11-23 03:29:12,601 [DEBUG] PredPreyGrassEnv.env-c5d50d3b: event=StepSummary | env_id=env-c5d50d3b | step=553 | current_step=553 | terminated_agents=[] | truncated_agents=[] | remaining_agents=23 | reward_preview={prey_9:-0.001, predator_2:-0.001, predator_4:-0.001, prey_14:-0.001, prey_17:-0.001} | info_preview={}
2025-11-23 03:29:12,617 [DEBUG] PredPreyGrassEnv.env-c5d50d3b: event=StepBegin | env_id=env-c5d50d3b | step=554 | incoming_actions=['prey_9', 'prey_14', 'prey_17', 'prey_13', 'prey_18', ...] | active_agents=23 | current_step=554
2025-11-23 03:29:12,618 [DEBUG] PredPreyGrassEnv.env-c5d50d3b: event=CollisionBatch | env_id=env-c5d50d3b | step=554 | collisions=[['predator_catch_prey', 'predator_2', 'prey_6']]
2025-11-23 03:29:12,622 [DEBUG] PredPreyGrassEnv.env-c5d50d3b: event=AgentEnergyDepleted | env_id=env-c5d50d3b | step=554 | agent='prey_6' | position=[187.54932352210722, 777.3595569767883] | energy=0
2025-11-23 03:29:12,623 [DEBUG] PredPreyGrassEnv.env-c5d50d3b: event=AgentRemovedFromActiveList | env_id=env-c5d50d3b | step=554 | agent='prey_6' | remaining_agents=22
2025-11-23 03:29:12,623 [DEBUG] PredPreyGrassEnv.env-c5d50d3b: event=StepSummary | env_id=env-c5d50d3b | step=554 | current_step=554 | terminated_agents=['prey_6'] | truncated_agents=[] | remaining_agents=22 | reward_preview={prey_9:-0.001, predator_2:-0.001, predator_4:-0.001, prey_14:-0.001, prey_17:-0.001} | info_preview={}
2025-11-23 03:29:12,635 [DEBUG] PredPreyGrassEnv.env-c5d50d3b: event=StepBegin | env_id=env-c5d50d3b | step=555 | incoming_actions=['prey_9', 'prey_14', 'prey_17', 'prey_13', 'prey_18', ...] | active_agents=22 | current_step=555
2025-11-23 03:29:12,639 [DEBUG] PredPreyGrassEnv.env-c5d50d3b: event=StepSummary | env_id=env-c5d50d3b | step=555 | current_step=555 | terminated_agents=[] | truncated_agents=[] | remaining_agents=22 | reward_preview={prey_9:-0.001, predator_2:-0.001, predator_4:-0.001, prey_14:-0.001, prey_17:-0.001} | info_preview={}
2025-11-23 03:29:12,652 [DEBUG] PredPreyGrassEnv.env-c5d50d3b: event=StepBegin | env_id=env-c5d50d3b | step=556 | incoming_actions=['prey_9', 'prey_14', 'prey_17', 'prey_13', 'prey_18', ...] | active_agents=22 | current_step=556
2025-11-23 03:29:12,656 [DEBUG] PredPreyGrassEnv.env-c5d50d3b: event=StepSummary | env_id=env-c5d50d3b | step=556 | current_step=556 | terminated_agents=[] | truncated_agents=[] | remaining_agents=22 | reward_preview={prey_9:-0.001, predator_2:-0.001, predator_4:-0.001, prey_14:-0.001, prey_17:-0.001} | info_preview={}
2025-11-23 03:29:12,673 [DEBUG] PredPreyGrassEnv.env-c5d50d3b: event=StepBegin | env_id=env-c5d50d3b | step=557 | incoming_actions=['prey_9', 'prey_14', 'prey_17', 'prey_13', 'prey_18', ...] | active_agents=22 | current_step=557
2025-11-23 03:29:12,679 [DEBUG] PredPreyGrassEnv.env-c5d50d3b: event=StepSummary | env_id=env-c5d50d3b | step=557 | current_step=557 | terminated_agents=[] | truncated_agents=[] | remaining_agents=22 | reward_preview={prey_9:-0.001, predator_2:-0.001, predator_4:-0.001, prey_14:-0.001, prey_17:-0.001} | info_preview={}
2025-11-23 03:29:12,696 [DEBUG] PredPreyGrassEnv.env-c5d50d3b: event=StepBegin | env_id=env-c5d50d3b | step=558 | incoming_actions=['prey_9', 'prey_14', 'prey_17', 'prey_13', 'prey_18', ...] | active_agents=22 | current_step=558
2025-11-23 03:29:12,700 [DEBUG] PredPreyGrassEnv.env-c5d50d3b: event=PreyAteGrass | env_id=env-c5d50d3b | step=558 | prey='prey_9' | grass='grass_60' | prey_position=[308.01030975430757, 579.9187051695147] | grass_energy=10.0 | energy_gained=9.0 | prey_energy=112.69128046780055
2025-11-23 03:29:12,700 [DEBUG] PredPreyGrassEnv.env-c5d50d3b: event=StepSummary | env_id=env-c5d50d3b | step=558 | current_step=558 | terminated_agents=[] | truncated_agents=[] | remaining_agents=22 | reward_preview={prey_9:1.0, predator_2:-0.001, predator_4:-0.001, prey_14:-0.001, prey_17:-0.001} | info_preview={}
2025-11-23 03:29:12,712 [DEBUG] PredPreyGrassEnv.env-c5d50d3b: event=StepBegin | env_id=env-c5d50d3b | step=559 | incoming_actions=['prey_9', 'prey_14', 'prey_17', 'prey_13', 'prey_18', ...] | active_agents=22 | current_step=559
2025-11-23 03:29:12,715 [DEBUG] PredPreyGrassEnv.env-c5d50d3b: event=StepSummary | env_id=env-c5d50d3b | step=559 | current_step=559 | terminated_agents=[] | truncated_agents=[] | remaining_agents=22 | reward_preview={prey_9:-0.001, predator_2:-0.001, predator_4:-0.001, prey_14:-0.001, prey_17:-0.001} | info_preview={}
2025-11-23 03:29:12,727 [DEBUG] PredPreyGrassEnv.env-c5d50d3b: event=StepBegin | env_id=env-c5d50d3b | step=560 | incoming_actions=['prey_9', 'prey_14', 'prey_17', 'prey_13', 'prey_18', ...] | active_agents=22 | current_step=560
2025-11-23 03:29:12,731 [DEBUG] PredPreyGrassEnv.env-c5d50d3b: event=StepSummary | env_id=env-c5d50d3b | step=560 | current_step=560 | terminated_agents=[] | truncated_agents=[] | remaining_agents=22 | reward_preview={prey_9:-0.001, predator_2:-0.001, predator_4:-0.001, prey_14:-0.001, prey_17:-0.001} | info_preview={}
2025-11-23 03:29:12,742 [DEBUG] PredPreyGrassEnv.env-c5d50d3b: event=StepBegin | env_id=env-c5d50d3b | step=561 | incoming_actions=['prey_9', 'prey_14', 'prey_17', 'prey_13', 'prey_18', ...] | active_agents=22 | current_step=561
2025-11-23 03:29:12,745 [DEBUG] PredPreyGrassEnv.env-c5d50d3b: event=StepSummary | env_id=env-c5d50d3b | step=561 | current_step=561 | terminated_agents=[] | truncated_agents=[] | remaining_agents=22 | reward_preview={prey_9:-0.001, predator_2:-0.001, predator_4:-0.001, prey_14:-0.001, prey_17:-0.001} | info_preview={}
2025-11-23 03:29:12,756 [DEBUG] PredPreyGrassEnv.env-c5d50d3b: event=StepBegin | env_id=env-c5d50d3b | step=562 | incoming_actions=['prey_9', 'prey_14', 'prey_17', 'prey_13', 'prey_18', ...] | active_agents=22 | current_step=562
2025-11-23 03:29:12,760 [DEBUG] PredPreyGrassEnv.env-c5d50d3b: event=StepSummary | env_id=env-c5d50d3b | step=562 | current_step=562 | terminated_agents=[] | truncated_agents=[] | remaining_agents=22 | reward_preview={prey_9:-0.001, predator_2:-0.001, predator_4:-0.001, prey_14:-0.001, prey_17:-0.001} | info_preview={}
2025-11-23 03:29:12,770 [DEBUG] PredPreyGrassEnv.env-c5d50d3b: event=StepBegin | env_id=env-c5d50d3b | step=563 | incoming_actions=['prey_9', 'prey_14', 'prey_17', 'prey_13', 'prey_18', ...] | active_agents=22 | current_step=563
2025-11-23 03:29:12,774 [DEBUG] PredPreyGrassEnv.env-c5d50d3b: event=StepSummary | env_id=env-c5d50d3b | step=563 | current_step=563 | terminated_agents=[] | truncated_agents=[] | remaining_agents=22 | reward_preview={prey_9:-0.001, predator_2:-0.001, predator_4:-0.001, prey_14:-0.001, prey_17:-0.001} | info_preview={}
2025-11-23 03:29:12,784 [DEBUG] PredPreyGrassEnv.env-c5d50d3b: event=StepBegin | env_id=env-c5d50d3b | step=564 | incoming_actions=['prey_9', 'prey_14', 'prey_17', 'prey_13', 'prey_18', ...] | active_agents=22 | current_step=564
2025-11-23 03:29:12,788 [DEBUG] PredPreyGrassEnv.env-c5d50d3b: event=StepSummary | env_id=env-c5d50d3b | step=564 | current_step=564 | terminated_agents=[] | truncated_agents=[] | remaining_agents=22 | reward_preview={prey_9:-0.001, predator_2:-0.001, predator_4:-0.001, prey_14:-0.001, prey_17:-0.001} | info_preview={}
2025-11-23 03:29:12,799 [DEBUG] PredPreyGrassEnv.env-c5d50d3b: event=StepBegin | env_id=env-c5d50d3b | step=565 | incoming_actions=['prey_9', 'prey_14', 'prey_17', 'prey_13', 'prey_18', ...] | active_agents=22 | current_step=565
2025-11-23 03:29:12,800 [DEBUG] PredPreyGrassEnv.env-c5d50d3b: event=PreyAteGrass | env_id=env-c5d50d3b | step=565 | prey='prey_10' | grass='grass_79' | prey_position=[53.5317508774115, 294.3536026181739] | grass_energy=10.0 | energy_gained=9.0 | prey_energy=65.91054259879292
2025-11-23 03:29:12,803 [DEBUG] PredPreyGrassEnv.env-c5d50d3b: event=StepSummary | env_id=env-c5d50d3b | step=565 | current_step=565 | terminated_agents=[] | truncated_agents=[] | remaining_agents=22 | reward_preview={prey_9:-0.001, predator_2:-0.001, predator_4:-0.001, prey_14:-0.001, prey_17:-0.001} | info_preview={}
2025-11-23 03:29:12,813 [DEBUG] PredPreyGrassEnv.env-c5d50d3b: event=StepBegin | env_id=env-c5d50d3b | step=566 | incoming_actions=['prey_9', 'prey_14', 'prey_17', 'prey_13', 'prey_18', ...] | active_agents=22 | current_step=566
2025-11-23 03:29:12,816 [DEBUG] PredPreyGrassEnv.env-c5d50d3b: event=StepSummary | env_id=env-c5d50d3b | step=566 | current_step=566 | terminated_agents=[] | truncated_agents=[] | remaining_agents=22 | reward_preview={prey_9:-0.001, predator_2:-0.001, predator_4:-0.001, prey_14:-0.001, prey_17:-0.001} | info_preview={}
2025-11-23 03:29:12,827 [DEBUG] PredPreyGrassEnv.env-c5d50d3b: event=StepBegin | env_id=env-c5d50d3b | step=567 | incoming_actions=['prey_9', 'prey_14', 'prey_17', 'prey_13', 'prey_18', ...] | active_agents=22 | current_step=567
2025-11-23 03:29:12,830 [DEBUG] PredPreyGrassEnv.env-c5d50d3b: event=StepSummary | env_id=env-c5d50d3b | step=567 | current_step=567 | terminated_agents=[] | truncated_agents=[] | remaining_agents=22 | reward_preview={prey_9:-0.001, predator_2:-0.001, predator_4:-0.001, prey_14:-0.001, prey_17:-0.001} | info_preview={}
2025-11-23 03:29:12,841 [DEBUG] PredPreyGrassEnv.env-c5d50d3b: event=StepBegin | env_id=env-c5d50d3b | step=568 | incoming_actions=['prey_9', 'prey_14', 'prey_17', 'prey_13', 'prey_18', ...] | active_agents=22 | current_step=568
2025-11-23 03:29:12,844 [DEBUG] PredPreyGrassEnv.env-c5d50d3b: event=StepSummary | env_id=env-c5d50d3b | step=568 | current_step=568 | terminated_agents=[] | truncated_agents=[] | remaining_agents=22 | reward_preview={prey_9:-0.001, predator_2:-0.001, predator_4:-0.001, prey_14:-0.001, prey_17:-0.001} | info_preview={}
2025-11-23 03:29:12,854 [DEBUG] PredPreyGrassEnv.env-c5d50d3b: event=StepBegin | env_id=env-c5d50d3b | step=569 | incoming_actions=['prey_9', 'prey_14', 'prey_17', 'prey_13', 'prey_18', ...] | active_agents=22 | current_step=569
2025-11-23 03:29:12,858 [DEBUG] PredPreyGrassEnv.env-c5d50d3b: event=StepSummary | env_id=env-c5d50d3b | step=569 | current_step=569 | terminated_agents=[] | truncated_agents=[] | remaining_agents=22 | reward_preview={prey_9:-0.001, predator_2:-0.001, predator_4:-0.001, prey_14:-0.001, prey_17:-0.001} | info_preview={}
2025-11-23 03:29:12,868 [DEBUG] PredPreyGrassEnv.env-c5d50d3b: event=StepBegin | env_id=env-c5d50d3b | step=570 | incoming_actions=['prey_9', 'prey_14', 'prey_17', 'prey_13', 'prey_18', ...] | active_agents=22 | current_step=570
2025-11-23 03:29:12,872 [DEBUG] PredPreyGrassEnv.env-c5d50d3b: event=StepSummary | env_id=env-c5d50d3b | step=570 | current_step=570 | terminated_agents=[] | truncated_agents=[] | remaining_agents=22 | reward_preview={prey_9:-0.001, predator_2:-0.001, predator_4:-0.001, prey_14:-0.001, prey_17:-0.001} | info_preview={}
2025-11-23 03:29:12,881 [DEBUG] PredPreyGrassEnv.env-c5d50d3b: event=StepBegin | env_id=env-c5d50d3b | step=571 | incoming_actions=['prey_9', 'prey_14', 'prey_17', 'prey_13', 'prey_18', ...] | active_agents=22 | current_step=571
2025-11-23 03:29:12,885 [DEBUG] PredPreyGrassEnv.env-c5d50d3b: event=StepSummary | env_id=env-c5d50d3b | step=571 | current_step=571 | terminated_agents=[] | truncated_agents=[] | remaining_agents=22 | reward_preview={prey_9:-0.001, predator_2:-0.001, predator_4:-0.001, prey_14:-0.001, prey_17:-0.001} | info_preview={}
2025-11-23 03:29:12,895 [DEBUG] PredPreyGrassEnv.env-c5d50d3b: event=StepBegin | env_id=env-c5d50d3b | step=572 | incoming_actions=['prey_9', 'prey_14', 'prey_17', 'prey_13', 'prey_18', ...] | active_agents=22 | current_step=572
2025-11-23 03:29:12,898 [DEBUG] PredPreyGrassEnv.env-c5d50d3b: event=StepSummary | env_id=env-c5d50d3b | step=572 | current_step=572 | terminated_agents=[] | truncated_agents=[] | remaining_agents=22 | reward_preview={prey_9:-0.001, predator_2:-0.001, predator_4:-0.001, prey_14:-0.001, prey_17:-0.001} | info_preview={}
2025-11-23 03:29:12,908 [DEBUG] PredPreyGrassEnv.env-c5d50d3b: event=StepBegin | env_id=env-c5d50d3b | step=573 | incoming_actions=['prey_9', 'prey_14', 'prey_17', 'prey_13', 'prey_18', ...] | active_agents=22 | current_step=573
2025-11-23 03:29:12,911 [DEBUG] PredPreyGrassEnv.env-c5d50d3b: event=StepSummary | env_id=env-c5d50d3b | step=573 | current_step=573 | terminated_agents=[] | truncated_agents=[] | remaining_agents=22 | reward_preview={prey_9:-0.001, predator_2:-0.001, predator_4:-0.001, prey_14:-0.001, prey_17:-0.001} | info_preview={}
2025-11-23 03:29:12,921 [DEBUG] PredPreyGrassEnv.env-c5d50d3b: event=StepBegin | env_id=env-c5d50d3b | step=574 | incoming_actions=['prey_9', 'prey_14', 'prey_17', 'prey_13', 'prey_18', ...] | active_agents=22 | current_step=574
2025-11-23 03:29:12,925 [DEBUG] PredPreyGrassEnv.env-c5d50d3b: event=StepSummary | env_id=env-c5d50d3b | step=574 | current_step=574 | terminated_agents=[] | truncated_agents=[] | remaining_agents=22 | reward_preview={prey_9:-0.001, predator_2:-0.001, predator_4:-0.001, prey_14:-0.001, prey_17:-0.001} | info_preview={}
2025-11-23 03:29:12,935 [DEBUG] PredPreyGrassEnv.env-c5d50d3b: event=StepBegin | env_id=env-c5d50d3b | step=575 | incoming_actions=['prey_9', 'prey_14', 'prey_17', 'prey_13', 'prey_18', ...] | active_agents=22 | current_step=575
2025-11-23 03:29:12,938 [DEBUG] PredPreyGrassEnv.env-c5d50d3b: event=StepSummary | env_id=env-c5d50d3b | step=575 | current_step=575 | terminated_agents=[] | truncated_agents=[] | remaining_agents=22 | reward_preview={prey_9:-0.001, predator_2:-0.001, predator_4:-0.001, prey_14:-0.001, prey_17:-0.001} | info_preview={}
2025-11-23 03:29:12,948 [DEBUG] PredPreyGrassEnv.env-c5d50d3b: event=StepBegin | env_id=env-c5d50d3b | step=576 | incoming_actions=['prey_9', 'prey_14', 'prey_17', 'prey_13', 'prey_18', ...] | active_agents=22 | current_step=576
2025-11-23 03:29:12,953 [DEBUG] PredPreyGrassEnv.env-c5d50d3b: event=StepSummary | env_id=env-c5d50d3b | step=576 | current_step=576 | terminated_agents=[] | truncated_agents=[] | remaining_agents=22 | reward_preview={prey_9:-0.001, predator_2:-0.001, predator_4:-0.001, prey_14:-0.001, prey_17:-0.001} | info_preview={}
2025-11-23 03:29:12,963 [DEBUG] PredPreyGrassEnv.env-c5d50d3b: event=StepBegin | env_id=env-c5d50d3b | step=577 | incoming_actions=['prey_9', 'prey_14', 'prey_17', 'prey_13', 'prey_18', ...] | active_agents=22 | current_step=577
2025-11-23 03:29:12,965 [DEBUG] PredPreyGrassEnv.env-c5d50d3b: event=PreyAteGrass | env_id=env-c5d50d3b | step=577 | prey='prey_10' | grass='grass_83' | prey_position=[34.71396698109161, 269.04015220988924] | grass_energy=10.0 | energy_gained=9.0 | prey_energy=70.92100517680214
2025-11-23 03:29:12,967 [DEBUG] PredPreyGrassEnv.env-c5d50d3b: event=StepSummary | env_id=env-c5d50d3b | step=577 | current_step=577 | terminated_agents=[] | truncated_agents=[] | remaining_agents=22 | reward_preview={prey_9:-0.001, predator_2:-0.001, predator_4:-0.001, prey_14:-0.001, prey_17:-0.001} | info_preview={}
2025-11-23 03:29:12,977 [DEBUG] PredPreyGrassEnv.env-c5d50d3b: event=StepBegin | env_id=env-c5d50d3b | step=578 | incoming_actions=['prey_9', 'prey_14', 'prey_17', 'prey_13', 'prey_18', ...] | active_agents=22 | current_step=578
2025-11-23 03:29:12,981 [DEBUG] PredPreyGrassEnv.env-c5d50d3b: event=StepSummary | env_id=env-c5d50d3b | step=578 | current_step=578 | terminated_agents=[] | truncated_agents=[] | remaining_agents=22 | reward_preview={prey_9:-0.001, predator_2:-0.001, predator_4:-0.001, prey_14:-0.001, prey_17:-0.001} | info_preview={}
2025-11-23 03:29:12,991 [DEBUG] PredPreyGrassEnv.env-c5d50d3b: event=StepBegin | env_id=env-c5d50d3b | step=579 | incoming_actions=['prey_9', 'prey_14', 'prey_17', 'prey_13', 'prey_18', ...] | active_agents=22 | current_step=579
2025-11-23 03:29:12,994 [DEBUG] PredPreyGrassEnv.env-c5d50d3b: event=PreyAteGrass | env_id=env-c5d50d3b | step=579 | prey='prey_17' | grass='grass_36' | prey_position=[308.0904267231902, 129.73755425504453] | grass_energy=10.0 | energy_gained=9.0 | prey_energy=85.83665632066825
2025-11-23 03:29:12,995 [DEBUG] PredPreyGrassEnv.env-c5d50d3b: event=StepSummary | env_id=env-c5d50d3b | step=579 | current_step=579 | terminated_agents=[] | truncated_agents=[] | remaining_agents=22 | reward_preview={prey_9:-0.001, predator_2:-0.001, predator_4:-0.001, prey_14:-0.001, prey_17:1.0} | info_preview={}
2025-11-23 03:29:13,005 [DEBUG] PredPreyGrassEnv.env-c5d50d3b: event=StepBegin | env_id=env-c5d50d3b | step=580 | incoming_actions=['prey_9', 'prey_14', 'prey_17', 'prey_13', 'prey_18', ...] | active_agents=22 | current_step=580
2025-11-23 03:29:13,009 [DEBUG] PredPreyGrassEnv.env-c5d50d3b: event=StepSummary | env_id=env-c5d50d3b | step=580 | current_step=580 | terminated_agents=[] | truncated_agents=[] | remaining_agents=22 | reward_preview={prey_9:-0.001, predator_2:-0.001, predator_4:-0.001, prey_14:-0.001, prey_17:-0.001} | info_preview={}
2025-11-23 03:29:13,019 [DEBUG] PredPreyGrassEnv.env-c5d50d3b: event=StepBegin | env_id=env-c5d50d3b | step=581 | incoming_actions=['prey_9', 'prey_14', 'prey_17', 'prey_13', 'prey_18', ...] | active_agents=22 | current_step=581
2025-11-23 03:29:13,022 [DEBUG] PredPreyGrassEnv.env-c5d50d3b: event=StepSummary | env_id=env-c5d50d3b | step=581 | current_step=581 | terminated_agents=[] | truncated_agents=[] | remaining_agents=22 | reward_preview={prey_9:-0.001, predator_2:-0.001, predator_4:-0.001, prey_14:-0.001, prey_17:-0.001} | info_preview={}
2025-11-23 03:29:13,032 [DEBUG] PredPreyGrassEnv.env-c5d50d3b: event=StepBegin | env_id=env-c5d50d3b | step=582 | incoming_actions=['prey_9', 'prey_14', 'prey_17', 'prey_13', 'prey_18', ...] | active_agents=22 | current_step=582
2025-11-23 03:29:13,036 [DEBUG] PredPreyGrassEnv.env-c5d50d3b: event=StepSummary | env_id=env-c5d50d3b | step=582 | current_step=582 | terminated_agents=[] | truncated_agents=[] | remaining_agents=22 | reward_preview={prey_9:-0.001, predator_2:-0.001, predator_4:-0.001, prey_14:-0.001, prey_17:-0.001} | info_preview={}
2025-11-23 03:29:13,046 [DEBUG] PredPreyGrassEnv.env-c5d50d3b: event=StepBegin | env_id=env-c5d50d3b | step=583 | incoming_actions=['prey_9', 'prey_14', 'prey_17', 'prey_13', 'prey_18', ...] | active_agents=22 | current_step=583
2025-11-23 03:29:13,046 [DEBUG] PredPreyGrassEnv.env-c5d50d3b: event=CollisionBatch | env_id=env-c5d50d3b | step=583 | collisions=[['prey_eat_grass', 'prey_1', 'grass_53']]
2025-11-23 03:29:13,050 [DEBUG] PredPreyGrassEnv.env-c5d50d3b: event=StepSummary | env_id=env-c5d50d3b | step=583 | current_step=583 | terminated_agents=[] | truncated_agents=[] | remaining_agents=22 | reward_preview={prey_9:-0.001, predator_2:-0.001, predator_4:-0.001, prey_14:-0.001, prey_17:-0.001} | info_preview={}
2025-11-23 03:29:13,060 [DEBUG] PredPreyGrassEnv.env-c5d50d3b: event=StepBegin | env_id=env-c5d50d3b | step=584 | incoming_actions=['prey_9', 'prey_14', 'prey_17', 'prey_13', 'prey_18', ...] | active_agents=22 | current_step=584
2025-11-23 03:29:13,063 [DEBUG] PredPreyGrassEnv.env-c5d50d3b: event=StepSummary | env_id=env-c5d50d3b | step=584 | current_step=584 | terminated_agents=[] | truncated_agents=[] | remaining_agents=22 | reward_preview={prey_9:-0.001, predator_2:-0.001, predator_4:-0.001, prey_14:-0.001, prey_17:-0.001} | info_preview={}
2025-11-23 03:29:13,073 [DEBUG] PredPreyGrassEnv.env-c5d50d3b: event=StepBegin | env_id=env-c5d50d3b | step=585 | incoming_actions=['prey_9', 'prey_14', 'prey_17', 'prey_13', 'prey_18', ...] | active_agents=22 | current_step=585
2025-11-23 03:29:13,077 [DEBUG] PredPreyGrassEnv.env-c5d50d3b: event=StepSummary | env_id=env-c5d50d3b | step=585 | current_step=585 | terminated_agents=[] | truncated_agents=[] | remaining_agents=22 | reward_preview={prey_9:-0.001, predator_2:-0.001, predator_4:-0.001, prey_14:-0.001, prey_17:-0.001} | info_preview={}
2025-11-23 03:29:13,087 [DEBUG] PredPreyGrassEnv.env-c5d50d3b: event=StepBegin | env_id=env-c5d50d3b | step=586 | incoming_actions=['prey_9', 'prey_14', 'prey_17', 'prey_13', 'prey_18', ...] | active_agents=22 | current_step=586
2025-11-23 03:29:13,090 [DEBUG] PredPreyGrassEnv.env-c5d50d3b: event=StepSummary | env_id=env-c5d50d3b | step=586 | current_step=586 | terminated_agents=[] | truncated_agents=[] | remaining_agents=22 | reward_preview={prey_9:-0.001, predator_2:-0.001, predator_4:-0.001, prey_14:-0.001, prey_17:-0.001} | info_preview={}
2025-11-23 03:29:13,100 [DEBUG] PredPreyGrassEnv.env-c5d50d3b: event=StepBegin | env_id=env-c5d50d3b | step=587 | incoming_actions=['prey_9', 'prey_14', 'prey_17', 'prey_13', 'prey_18', ...] | active_agents=22 | current_step=587
2025-11-23 03:29:13,103 [DEBUG] PredPreyGrassEnv.env-c5d50d3b: event=StepSummary | env_id=env-c5d50d3b | step=587 | current_step=587 | terminated_agents=[] | truncated_agents=[] | remaining_agents=22 | reward_preview={prey_9:-0.001, predator_2:-0.001, predator_4:-0.001, prey_14:-0.001, prey_17:-0.001} | info_preview={}
2025-11-23 03:29:13,113 [DEBUG] PredPreyGrassEnv.env-c5d50d3b: event=StepBegin | env_id=env-c5d50d3b | step=588 | incoming_actions=['prey_9', 'prey_14', 'prey_17', 'prey_13', 'prey_18', ...] | active_agents=22 | current_step=588
2025-11-23 03:29:13,116 [DEBUG] PredPreyGrassEnv.env-c5d50d3b: event=StepSummary | env_id=env-c5d50d3b | step=588 | current_step=588 | terminated_agents=[] | truncated_agents=[] | remaining_agents=22 | reward_preview={prey_9:-0.001, predator_2:-0.001, predator_4:-0.001, prey_14:-0.001, prey_17:-0.001} | info_preview={}
2025-11-23 03:29:13,125 [DEBUG] PredPreyGrassEnv.env-c5d50d3b: event=StepBegin | env_id=env-c5d50d3b | step=589 | incoming_actions=['prey_9', 'prey_14', 'prey_17', 'prey_13', 'prey_18', ...] | active_agents=22 | current_step=589
2025-11-23 03:29:13,129 [DEBUG] PredPreyGrassEnv.env-c5d50d3b: event=StepSummary | env_id=env-c5d50d3b | step=589 | current_step=589 | terminated_agents=[] | truncated_agents=[] | remaining_agents=22 | reward_preview={prey_9:-0.001, predator_2:-0.001, predator_4:-0.001, prey_14:-0.001, prey_17:-0.001} | info_preview={}
2025-11-23 03:29:13,138 [DEBUG] PredPreyGrassEnv.env-c5d50d3b: event=StepBegin | env_id=env-c5d50d3b | step=590 | incoming_actions=['prey_9', 'prey_14', 'prey_17', 'prey_13', 'prey_18', ...] | active_agents=22 | current_step=590
2025-11-23 03:29:13,141 [DEBUG] PredPreyGrassEnv.env-c5d50d3b: event=StepSummary | env_id=env-c5d50d3b | step=590 | current_step=590 | terminated_agents=[] | truncated_agents=[] | remaining_agents=22 | reward_preview={prey_9:-0.001, predator_2:-0.001, predator_4:-0.001, prey_14:-0.001, prey_17:-0.001} | info_preview={}
2025-11-23 03:29:13,151 [DEBUG] PredPreyGrassEnv.env-c5d50d3b: event=StepBegin | env_id=env-c5d50d3b | step=591 | incoming_actions=['prey_9', 'prey_14', 'prey_17', 'prey_13', 'prey_18', ...] | active_agents=22 | current_step=591
2025-11-23 03:29:13,154 [DEBUG] PredPreyGrassEnv.env-c5d50d3b: event=StepSummary | env_id=env-c5d50d3b | step=591 | current_step=591 | terminated_agents=[] | truncated_agents=[] | remaining_agents=22 | reward_preview={prey_9:-0.001, predator_2:-0.001, predator_4:-0.001, prey_14:-0.001, prey_17:-0.001} | info_preview={}
2025-11-23 03:29:13,164 [DEBUG] PredPreyGrassEnv.env-c5d50d3b: event=StepBegin | env_id=env-c5d50d3b | step=592 | incoming_actions=['prey_9', 'prey_14', 'prey_17', 'prey_13', 'prey_18', ...] | active_agents=22 | current_step=592
2025-11-23 03:29:13,167 [DEBUG] PredPreyGrassEnv.env-c5d50d3b: event=StepSummary | env_id=env-c5d50d3b | step=592 | current_step=592 | terminated_agents=[] | truncated_agents=[] | remaining_agents=22 | reward_preview={prey_9:-0.001, predator_2:-0.001, predator_4:-0.001, prey_14:-0.001, prey_17:-0.001} | info_preview={}
2025-11-23 03:29:13,177 [DEBUG] PredPreyGrassEnv.env-c5d50d3b: event=StepBegin | env_id=env-c5d50d3b | step=593 | incoming_actions=['prey_9', 'prey_14', 'prey_17', 'prey_13', 'prey_18', ...] | active_agents=22 | current_step=593
2025-11-23 03:29:13,180 [DEBUG] PredPreyGrassEnv.env-c5d50d3b: event=StepSummary | env_id=env-c5d50d3b | step=593 | current_step=593 | terminated_agents=[] | truncated_agents=[] | remaining_agents=22 | reward_preview={prey_9:-0.001, predator_2:-0.001, predator_4:-0.001, prey_14:-0.001, prey_17:-0.001} | info_preview={}
2025-11-23 03:29:13,190 [DEBUG] PredPreyGrassEnv.env-c5d50d3b: event=StepBegin | env_id=env-c5d50d3b | step=594 | incoming_actions=['prey_9', 'prey_14', 'prey_17', 'prey_13', 'prey_18', ...] | active_agents=22 | current_step=594
2025-11-23 03:29:13,193 [DEBUG] PredPreyGrassEnv.env-c5d50d3b: event=StepSummary | env_id=env-c5d50d3b | step=594 | current_step=594 | terminated_agents=[] | truncated_agents=[] | remaining_agents=22 | reward_preview={prey_9:-0.001, predator_2:-0.001, predator_4:-0.001, prey_14:-0.001, prey_17:-0.001} | info_preview={}
2025-11-23 03:29:13,202 [DEBUG] PredPreyGrassEnv.env-c5d50d3b: event=StepBegin | env_id=env-c5d50d3b | step=595 | incoming_actions=['prey_9', 'prey_14', 'prey_17', 'prey_13', 'prey_18', ...] | active_agents=22 | current_step=595
2025-11-23 03:29:13,206 [DEBUG] PredPreyGrassEnv.env-c5d50d3b: event=StepSummary | env_id=env-c5d50d3b | step=595 | current_step=595 | terminated_agents=[] | truncated_agents=[] | remaining_agents=22 | reward_preview={prey_9:-0.001, predator_2:-0.001, predator_4:-0.001, prey_14:-0.001, prey_17:-0.001} | info_preview={}
2025-11-23 03:29:13,215 [DEBUG] PredPreyGrassEnv.env-c5d50d3b: event=StepBegin | env_id=env-c5d50d3b | step=596 | incoming_actions=['prey_9', 'prey_14', 'prey_17', 'prey_13', 'prey_18', ...] | active_agents=22 | current_step=596
2025-11-23 03:29:13,218 [DEBUG] PredPreyGrassEnv.env-c5d50d3b: event=StepSummary | env_id=env-c5d50d3b | step=596 | current_step=596 | terminated_agents=[] | truncated_agents=[] | remaining_agents=22 | reward_preview={prey_9:-0.001, predator_2:-0.001, predator_4:-0.001, prey_14:-0.001, prey_17:-0.001} | info_preview={}
2025-11-23 03:29:13,228 [DEBUG] PredPreyGrassEnv.env-c5d50d3b: event=StepBegin | env_id=env-c5d50d3b | step=597 | incoming_actions=['prey_9', 'prey_14', 'prey_17', 'prey_13', 'prey_18', ...] | active_agents=22 | current_step=597
2025-11-23 03:29:13,231 [DEBUG] PredPreyGrassEnv.env-c5d50d3b: event=StepSummary | env_id=env-c5d50d3b | step=597 | current_step=597 | terminated_agents=[] | truncated_agents=[] | remaining_agents=22 | reward_preview={prey_9:-0.001, predator_2:-0.001, predator_4:-0.001, prey_14:-0.001, prey_17:-0.001} | info_preview={}
2025-11-23 03:29:13,240 [DEBUG] PredPreyGrassEnv.env-c5d50d3b: event=StepBegin | env_id=env-c5d50d3b | step=598 | incoming_actions=['prey_9', 'prey_14', 'prey_17', 'prey_13', 'prey_18', ...] | active_agents=22 | current_step=598
2025-11-23 03:29:13,244 [DEBUG] PredPreyGrassEnv.env-c5d50d3b: event=StepSummary | env_id=env-c5d50d3b | step=598 | current_step=598 | terminated_agents=[] | truncated_agents=[] | remaining_agents=22 | reward_preview={prey_9:-0.001, predator_2:-0.001, predator_4:-0.001, prey_14:-0.001, prey_17:-0.001} | info_preview={}
2025-11-23 03:29:13,253 [DEBUG] PredPreyGrassEnv.env-c5d50d3b: event=StepBegin | env_id=env-c5d50d3b | step=599 | incoming_actions=['prey_9', 'prey_14', 'prey_17', 'prey_13', 'prey_18', ...] | active_agents=22 | current_step=599
2025-11-23 03:29:13,257 [DEBUG] PredPreyGrassEnv.env-c5d50d3b: event=StepSummary | env_id=env-c5d50d3b | step=599 | current_step=599 | terminated_agents=[] | truncated_agents=[] | remaining_agents=22 | reward_preview={prey_9:-0.001, predator_2:-0.001, predator_4:-0.001, prey_14:-0.001, prey_17:-0.001} | info_preview={}
2025-11-23 03:29:13,266 [DEBUG] PredPreyGrassEnv.env-c5d50d3b: event=StepBegin | env_id=env-c5d50d3b | step=600 | incoming_actions=['prey_9', 'prey_14', 'prey_17', 'prey_13', 'prey_18', ...] | active_agents=22 | current_step=600
2025-11-23 03:29:13,270 [DEBUG] PredPreyGrassEnv.env-c5d50d3b: event=StepSummary | env_id=env-c5d50d3b | step=600 | current_step=600 | terminated_agents=[] | truncated_agents=[] | remaining_agents=22 | reward_preview={prey_9:-0.001, predator_2:-0.001, predator_4:-0.001, prey_14:-0.001, prey_17:-0.001} | info_preview={}
2025-11-23 03:29:13,279 [DEBUG] PredPreyGrassEnv.env-c5d50d3b: event=StepBegin | env_id=env-c5d50d3b | step=601 | incoming_actions=['prey_9', 'prey_14', 'prey_17', 'prey_13', 'prey_18', ...] | active_agents=22 | current_step=601
2025-11-23 03:29:13,282 [DEBUG] PredPreyGrassEnv.env-c5d50d3b: event=StepSummary | env_id=env-c5d50d3b | step=601 | current_step=601 | terminated_agents=[] | truncated_agents=[] | remaining_agents=22 | reward_preview={prey_9:-0.001, predator_2:-0.001, predator_4:-0.001, prey_14:-0.001, prey_17:-0.001} | info_preview={}
2025-11-23 03:29:13,292 [DEBUG] PredPreyGrassEnv.env-c5d50d3b: event=StepBegin | env_id=env-c5d50d3b | step=602 | incoming_actions=['prey_9', 'prey_14', 'prey_17', 'prey_13', 'prey_18', ...] | active_agents=22 | current_step=602
2025-11-23 03:29:13,295 [DEBUG] PredPreyGrassEnv.env-c5d50d3b: event=StepSummary | env_id=env-c5d50d3b | step=602 | current_step=602 | terminated_agents=[] | truncated_agents=[] | remaining_agents=22 | reward_preview={prey_9:-0.001, predator_2:-0.001, predator_4:-0.001, prey_14:-0.001, prey_17:-0.001} | info_preview={}
2025-11-23 03:29:13,304 [DEBUG] PredPreyGrassEnv.env-c5d50d3b: event=StepBegin | env_id=env-c5d50d3b | step=603 | incoming_actions=['prey_9', 'prey_14', 'prey_17', 'prey_13', 'prey_18', ...] | active_agents=22 | current_step=603
2025-11-23 03:29:13,308 [DEBUG] PredPreyGrassEnv.env-c5d50d3b: event=StepSummary | env_id=env-c5d50d3b | step=603 | current_step=603 | terminated_agents=[] | truncated_agents=[] | remaining_agents=22 | reward_preview={prey_9:-0.001, predator_2:-0.001, predator_4:-0.001, prey_14:-0.001, prey_17:-0.001} | info_preview={}
2025-11-23 03:29:13,317 [DEBUG] PredPreyGrassEnv.env-c5d50d3b: event=StepBegin | env_id=env-c5d50d3b | step=604 | incoming_actions=['prey_9', 'prey_14', 'prey_17', 'prey_13', 'prey_18', ...] | active_agents=22 | current_step=604
2025-11-23 03:29:13,319 [DEBUG] PredPreyGrassEnv.env-c5d50d3b: event=PreyAteGrass | env_id=env-c5d50d3b | step=604 | prey='prey_13' | grass='grass_6' | prey_position=[481.48803456559324, 148.29071694455024] | grass_energy=10.0 | energy_gained=9.0 | prey_energy=93.28351483413223
2025-11-23 03:29:13,320 [DEBUG] PredPreyGrassEnv.env-c5d50d3b: event=StepSummary | env_id=env-c5d50d3b | step=604 | current_step=604 | terminated_agents=[] | truncated_agents=[] | remaining_agents=22 | reward_preview={prey_9:-0.001, predator_2:-0.001, predator_4:-0.001, prey_14:-0.001, prey_17:-0.001} | info_preview={}
2025-11-23 03:29:13,330 [DEBUG] PredPreyGrassEnv.env-c5d50d3b: event=StepBegin | env_id=env-c5d50d3b | step=605 | incoming_actions=['prey_9', 'prey_14', 'prey_17', 'prey_13', 'prey_18', ...] | active_agents=22 | current_step=605
2025-11-23 03:29:13,333 [DEBUG] PredPreyGrassEnv.env-c5d50d3b: event=StepSummary | env_id=env-c5d50d3b | step=605 | current_step=605 | terminated_agents=[] | truncated_agents=[] | remaining_agents=22 | reward_preview={prey_9:-0.001, predator_2:-0.001, predator_4:-0.001, prey_14:-0.001, prey_17:-0.001} | info_preview={}
2025-11-23 03:29:13,342 [DEBUG] PredPreyGrassEnv.env-c5d50d3b: event=StepBegin | env_id=env-c5d50d3b | step=606 | incoming_actions=['prey_9', 'prey_14', 'prey_17', 'prey_13', 'prey_18', ...] | active_agents=22 | current_step=606
2025-11-23 03:29:13,346 [DEBUG] PredPreyGrassEnv.env-c5d50d3b: event=StepSummary | env_id=env-c5d50d3b | step=606 | current_step=606 | terminated_agents=[] | truncated_agents=[] | remaining_agents=22 | reward_preview={prey_9:-0.001, predator_2:-0.001, predator_4:-0.001, prey_14:-0.001, prey_17:-0.001} | info_preview={}
2025-11-23 03:29:13,355 [DEBUG] PredPreyGrassEnv.env-c5d50d3b: event=StepBegin | env_id=env-c5d50d3b | step=607 | incoming_actions=['prey_9', 'prey_14', 'prey_17', 'prey_13', 'prey_18', ...] | active_agents=22 | current_step=607
2025-11-23 03:29:13,359 [DEBUG] PredPreyGrassEnv.env-c5d50d3b: event=StepSummary | env_id=env-c5d50d3b | step=607 | current_step=607 | terminated_agents=[] | truncated_agents=[] | remaining_agents=22 | reward_preview={prey_9:-0.001, predator_2:-0.001, predator_4:-0.001, prey_14:-0.001, prey_17:-0.001} | info_preview={}
2025-11-23 03:29:13,368 [DEBUG] PredPreyGrassEnv.env-c5d50d3b: event=StepBegin | env_id=env-c5d50d3b | step=608 | incoming_actions=['prey_9', 'prey_14', 'prey_17', 'prey_13', 'prey_18', ...] | active_agents=22 | current_step=608
2025-11-23 03:29:13,371 [DEBUG] PredPreyGrassEnv.env-c5d50d3b: event=StepSummary | env_id=env-c5d50d3b | step=608 | current_step=608 | terminated_agents=[] | truncated_agents=[] | remaining_agents=22 | reward_preview={prey_9:-0.001, predator_2:-0.001, predator_4:-0.001, prey_14:-0.001, prey_17:-0.001} | info_preview={}
2025-11-23 03:29:13,381 [DEBUG] PredPreyGrassEnv.env-c5d50d3b: event=StepBegin | env_id=env-c5d50d3b | step=609 | incoming_actions=['prey_9', 'prey_14', 'prey_17', 'prey_13', 'prey_18', ...] | active_agents=22 | current_step=609
2025-11-23 03:29:13,384 [DEBUG] PredPreyGrassEnv.env-c5d50d3b: event=StepSummary | env_id=env-c5d50d3b | step=609 | current_step=609 | terminated_agents=[] | truncated_agents=[] | remaining_agents=22 | reward_preview={prey_9:-0.001, predator_2:-0.001, predator_4:-0.001, prey_14:-0.001, prey_17:-0.001} | info_preview={}
2025-11-23 03:29:13,394 [DEBUG] PredPreyGrassEnv.env-c5d50d3b: event=StepBegin | env_id=env-c5d50d3b | step=610 | incoming_actions=['prey_9', 'prey_14', 'prey_17', 'prey_13', 'prey_18', ...] | active_agents=22 | current_step=610
2025-11-23 03:29:13,397 [DEBUG] PredPreyGrassEnv.env-c5d50d3b: event=StepSummary | env_id=env-c5d50d3b | step=610 | current_step=610 | terminated_agents=[] | truncated_agents=[] | remaining_agents=22 | reward_preview={prey_9:-0.001, predator_2:-0.001, predator_4:-0.001, prey_14:-0.001, prey_17:-0.001} | info_preview={}
2025-11-23 03:29:13,407 [DEBUG] PredPreyGrassEnv.env-c5d50d3b: event=StepBegin | env_id=env-c5d50d3b | step=611 | incoming_actions=['prey_9', 'prey_14', 'prey_17', 'prey_13', 'prey_18', ...] | active_agents=22 | current_step=611
2025-11-23 03:29:13,408 [DEBUG] PredPreyGrassEnv.env-c5d50d3b: event=PreyAteGrass | env_id=env-c5d50d3b | step=611 | prey='prey_10' | grass='grass_49' | prey_position=[45.01701136885431, 215.14109074451423] | grass_energy=10.0 | energy_gained=9.0 | prey_energy=70.76083147521732
2025-11-23 03:29:13,410 [DEBUG] PredPreyGrassEnv.env-c5d50d3b: event=StepSummary | env_id=env-c5d50d3b | step=611 | current_step=611 | terminated_agents=[] | truncated_agents=[] | remaining_agents=22 | reward_preview={prey_9:-0.001, predator_2:-0.001, predator_4:-0.001, prey_14:-0.001, prey_17:-0.001} | info_preview={}
2025-11-23 03:29:13,419 [DEBUG] PredPreyGrassEnv.env-c5d50d3b: event=StepBegin | env_id=env-c5d50d3b | step=612 | incoming_actions=['prey_9', 'prey_14', 'prey_17', 'prey_13', 'prey_18', ...] | active_agents=22 | current_step=612
2025-11-23 03:29:13,423 [DEBUG] PredPreyGrassEnv.env-c5d50d3b: event=StepSummary | env_id=env-c5d50d3b | step=612 | current_step=612 | terminated_agents=[] | truncated_agents=[] | remaining_agents=22 | reward_preview={prey_9:-0.001, predator_2:-0.001, predator_4:-0.001, prey_14:-0.001, prey_17:-0.001} | info_preview={}
2025-11-23 03:29:13,432 [DEBUG] PredPreyGrassEnv.env-c5d50d3b: event=StepBegin | env_id=env-c5d50d3b | step=613 | incoming_actions=['prey_9', 'prey_14', 'prey_17', 'prey_13', 'prey_18', ...] | active_agents=22 | current_step=613
2025-11-23 03:29:13,436 [DEBUG] PredPreyGrassEnv.env-c5d50d3b: event=StepSummary | env_id=env-c5d50d3b | step=613 | current_step=613 | terminated_agents=[] | truncated_agents=[] | remaining_agents=22 | reward_preview={prey_9:-0.001, predator_2:-0.001, predator_4:-0.001, prey_14:-0.001, prey_17:-0.001} | info_preview={}
2025-11-23 03:29:13,445 [DEBUG] PredPreyGrassEnv.env-c5d50d3b: event=StepBegin | env_id=env-c5d50d3b | step=614 | incoming_actions=['prey_9', 'prey_14', 'prey_17', 'prey_13', 'prey_18', ...] | active_agents=22 | current_step=614
2025-11-23 03:29:13,449 [DEBUG] PredPreyGrassEnv.env-c5d50d3b: event=StepSummary | env_id=env-c5d50d3b | step=614 | current_step=614 | terminated_agents=[] | truncated_agents=[] | remaining_agents=22 | reward_preview={prey_9:-0.001, predator_2:-0.001, predator_4:-0.001, prey_14:-0.001, prey_17:-0.001} | info_preview={}
2025-11-23 03:29:13,458 [DEBUG] PredPreyGrassEnv.env-c5d50d3b: event=StepBegin | env_id=env-c5d50d3b | step=615 | incoming_actions=['prey_9', 'prey_14', 'prey_17', 'prey_13', 'prey_18', ...] | active_agents=22 | current_step=615
2025-11-23 03:29:13,462 [DEBUG] PredPreyGrassEnv.env-c5d50d3b: event=StepSummary | env_id=env-c5d50d3b | step=615 | current_step=615 | terminated_agents=[] | truncated_agents=[] | remaining_agents=22 | reward_preview={prey_9:-0.001, predator_2:-0.001, predator_4:-0.001, prey_14:-0.001, prey_17:-0.001} | info_preview={}
2025-11-23 03:29:13,471 [DEBUG] PredPreyGrassEnv.env-c5d50d3b: event=StepBegin | env_id=env-c5d50d3b | step=616 | incoming_actions=['prey_9', 'prey_14', 'prey_17', 'prey_13', 'prey_18', ...] | active_agents=22 | current_step=616
2025-11-23 03:29:13,474 [DEBUG] PredPreyGrassEnv.env-c5d50d3b: event=StepSummary | env_id=env-c5d50d3b | step=616 | current_step=616 | terminated_agents=[] | truncated_agents=[] | remaining_agents=22 | reward_preview={prey_9:-0.001, predator_2:-0.001, predator_4:-0.001, prey_14:-0.001, prey_17:-0.001} | info_preview={}
2025-11-23 03:29:13,484 [DEBUG] PredPreyGrassEnv.env-c5d50d3b: event=StepBegin | env_id=env-c5d50d3b | step=617 | incoming_actions=['prey_9', 'prey_14', 'prey_17', 'prey_13', 'prey_18', ...] | active_agents=22 | current_step=617
2025-11-23 03:29:13,487 [DEBUG] PredPreyGrassEnv.env-c5d50d3b: event=StepSummary | env_id=env-c5d50d3b | step=617 | current_step=617 | terminated_agents=[] | truncated_agents=[] | remaining_agents=22 | reward_preview={prey_9:-0.001, predator_2:-0.001, predator_4:-0.001, prey_14:-0.001, prey_17:-0.001} | info_preview={}
2025-11-23 03:29:13,496 [DEBUG] PredPreyGrassEnv.env-c5d50d3b: event=StepBegin | env_id=env-c5d50d3b | step=618 | incoming_actions=['prey_9', 'prey_14', 'prey_17', 'prey_13', 'prey_18', ...] | active_agents=22 | current_step=618
2025-11-23 03:29:13,500 [DEBUG] PredPreyGrassEnv.env-c5d50d3b: event=StepSummary | env_id=env-c5d50d3b | step=618 | current_step=618 | terminated_agents=[] | truncated_agents=[] | remaining_agents=22 | reward_preview={prey_9:-0.001, predator_2:-0.001, predator_4:-0.001, prey_14:-0.001, prey_17:-0.001} | info_preview={}
2025-11-23 03:29:13,509 [DEBUG] PredPreyGrassEnv.env-c5d50d3b: event=StepBegin | env_id=env-c5d50d3b | step=619 | incoming_actions=['prey_9', 'prey_14', 'prey_17', 'prey_13', 'prey_18', ...] | active_agents=22 | current_step=619
2025-11-23 03:29:13,512 [DEBUG] PredPreyGrassEnv.env-c5d50d3b: event=PreyAteGrass | env_id=env-c5d50d3b | step=619 | prey='prey_19' | grass='grass_15' | prey_position=[420.95049884382615, 418.37774604677713] | grass_energy=10.0 | energy_gained=9.0 | prey_energy=98.81388228877302
2025-11-23 03:29:13,513 [DEBUG] PredPreyGrassEnv.env-c5d50d3b: event=StepSummary | env_id=env-c5d50d3b | step=619 | current_step=619 | terminated_agents=[] | truncated_agents=[] | remaining_agents=22 | reward_preview={prey_9:-0.001, predator_2:-0.001, predator_4:-0.001, prey_14:-0.001, prey_17:-0.001} | info_preview={}
2025-11-23 03:29:13,522 [DEBUG] PredPreyGrassEnv.env-c5d50d3b: event=StepBegin | env_id=env-c5d50d3b | step=620 | incoming_actions=['prey_9', 'prey_14', 'prey_17', 'prey_13', 'prey_18', ...] | active_agents=22 | current_step=620
2025-11-23 03:29:13,526 [DEBUG] PredPreyGrassEnv.env-c5d50d3b: event=StepSummary | env_id=env-c5d50d3b | step=620 | current_step=620 | terminated_agents=[] | truncated_agents=[] | remaining_agents=22 | reward_preview={prey_9:-0.001, predator_2:-0.001, predator_4:-0.001, prey_14:-0.001, prey_17:-0.001} | info_preview={}
2025-11-23 03:29:13,534 [DEBUG] PredPreyGrassEnv.env-c5d50d3b: event=StepBegin | env_id=env-c5d50d3b | step=621 | incoming_actions=['prey_9', 'prey_14', 'prey_17', 'prey_13', 'prey_18', ...] | active_agents=22 | current_step=621
2025-11-23 03:29:13,538 [DEBUG] PredPreyGrassEnv.env-c5d50d3b: event=StepSummary | env_id=env-c5d50d3b | step=621 | current_step=621 | terminated_agents=[] | truncated_agents=[] | remaining_agents=22 | reward_preview={prey_9:-0.001, predator_2:-0.001, predator_4:-0.001, prey_14:-0.001, prey_17:-0.001} | info_preview={}
2025-11-23 03:29:13,547 [DEBUG] PredPreyGrassEnv.env-c5d50d3b: event=StepBegin | env_id=env-c5d50d3b | step=622 | incoming_actions=['prey_9', 'prey_14', 'prey_17', 'prey_13', 'prey_18', ...] | active_agents=22 | current_step=622
2025-11-23 03:29:13,550 [DEBUG] PredPreyGrassEnv.env-c5d50d3b: event=PreyAteGrass | env_id=env-c5d50d3b | step=622 | prey='prey_7' | grass='grass_23' | prey_position=[291.48072487769383, 188.24503393291107] | grass_energy=10.0 | energy_gained=9.0 | prey_energy=46.36024086941667
2025-11-23 03:29:13,551 [DEBUG] PredPreyGrassEnv.env-c5d50d3b: event=StepSummary | env_id=env-c5d50d3b | step=622 | current_step=622 | terminated_agents=[] | truncated_agents=[] | remaining_agents=22 | reward_preview={prey_9:-0.001, predator_2:-0.001, predator_4:-0.001, prey_14:-0.001, prey_17:-0.001} | info_preview={}
2025-11-23 03:29:13,560 [DEBUG] PredPreyGrassEnv.env-c5d50d3b: event=StepBegin | env_id=env-c5d50d3b | step=623 | incoming_actions=['prey_9', 'prey_14', 'prey_17', 'prey_13', 'prey_18', ...] | active_agents=22 | current_step=623
2025-11-23 03:29:13,564 [DEBUG] PredPreyGrassEnv.env-c5d50d3b: event=StepSummary | env_id=env-c5d50d3b | step=623 | current_step=623 | terminated_agents=[] | truncated_agents=[] | remaining_agents=22 | reward_preview={prey_9:-0.001, predator_2:-0.001, predator_4:-0.001, prey_14:-0.001, prey_17:-0.001} | info_preview={}
2025-11-23 03:29:13,574 [DEBUG] PredPreyGrassEnv.env-c5d50d3b: event=StepBegin | env_id=env-c5d50d3b | step=624 | incoming_actions=['prey_9', 'prey_14', 'prey_17', 'prey_13', 'prey_18', ...] | active_agents=22 | current_step=624
2025-11-23 03:29:13,578 [DEBUG] PredPreyGrassEnv.env-c5d50d3b: event=PreyAteGrass | env_id=env-c5d50d3b | step=624 | prey='prey_8' | grass='grass_88' | prey_position=[19.163047144049624, 436.0126494800712] | grass_energy=10.0 | energy_gained=9.0 | prey_energy=76.45622941125305
2025-11-23 03:29:13,578 [DEBUG] PredPreyGrassEnv.env-c5d50d3b: event=StepSummary | env_id=env-c5d50d3b | step=624 | current_step=624 | terminated_agents=[] | truncated_agents=[] | remaining_agents=22 | reward_preview={prey_9:-0.001, predator_2:-0.001, predator_4:-0.001, prey_14:-0.001, prey_17:-0.001} | info_preview={}
2025-11-23 03:29:13,591 [DEBUG] PredPreyGrassEnv.env-c5d50d3b: event=StepBegin | env_id=env-c5d50d3b | step=625 | incoming_actions=['prey_9', 'prey_14', 'prey_17', 'prey_13', 'prey_18', ...] | active_agents=22 | current_step=625
2025-11-23 03:29:13,594 [DEBUG] PredPreyGrassEnv.env-c5d50d3b: event=PreyAteGrass | env_id=env-c5d50d3b | step=625 | prey='prey_14' | grass='grass_2' | prey_position=[85.1255861141304, 23.109786954144504] | grass_energy=10.0 | energy_gained=9.0 | prey_energy=112.64726304097357
2025-11-23 03:29:13,596 [DEBUG] PredPreyGrassEnv.env-c5d50d3b: event=StepSummary | env_id=env-c5d50d3b | step=625 | current_step=625 | terminated_agents=[] | truncated_agents=[] | remaining_agents=22 | reward_preview={prey_9:-0.001, predator_2:-0.001, predator_4:-0.001, prey_14:1.0, prey_17:-0.001} | info_preview={}
2025-11-23 03:29:13,608 [DEBUG] PredPreyGrassEnv.env-c5d50d3b: event=StepBegin | env_id=env-c5d50d3b | step=626 | incoming_actions=['prey_9', 'prey_14', 'prey_17', 'prey_13', 'prey_18', ...] | active_agents=22 | current_step=626
2025-11-23 03:29:13,612 [DEBUG] PredPreyGrassEnv.env-c5d50d3b: event=StepSummary | env_id=env-c5d50d3b | step=626 | current_step=626 | terminated_agents=[] | truncated_agents=[] | remaining_agents=22 | reward_preview={prey_9:-0.001, predator_2:-0.001, predator_4:-0.001, prey_14:-0.001, prey_17:-0.001} | info_preview={}
2025-11-23 03:29:13,624 [DEBUG] PredPreyGrassEnv.env-c5d50d3b: event=StepBegin | env_id=env-c5d50d3b | step=627 | incoming_actions=['prey_9', 'prey_14', 'prey_17', 'prey_13', 'prey_18', ...] | active_agents=22 | current_step=627
2025-11-23 03:29:13,626 [DEBUG] PredPreyGrassEnv.env-c5d50d3b: event=PreyAteGrass | env_id=env-c5d50d3b | step=627 | prey='prey_13' | grass='grass_13' | prey_position=[427.01437122851695, 129.51964841807714] | grass_energy=10.0 | energy_gained=9.0 | prey_energy=94.9775915137745
2025-11-23 03:29:13,628 [DEBUG] PredPreyGrassEnv.env-c5d50d3b: event=StepSummary | env_id=env-c5d50d3b | step=627 | current_step=627 | terminated_agents=[] | truncated_agents=[] | remaining_agents=22 | reward_preview={prey_9:-0.001, predator_2:-0.001, predator_4:-0.001, prey_14:-0.001, prey_17:-0.001} | info_preview={}
2025-11-23 03:29:13,639 [DEBUG] PredPreyGrassEnv.env-c5d50d3b: event=StepBegin | env_id=env-c5d50d3b | step=628 | incoming_actions=['prey_9', 'prey_14', 'prey_17', 'prey_13', 'prey_18', ...] | active_agents=22 | current_step=628
2025-11-23 03:29:13,643 [DEBUG] PredPreyGrassEnv.env-c5d50d3b: event=StepSummary | env_id=env-c5d50d3b | step=628 | current_step=628 | terminated_agents=[] | truncated_agents=[] | remaining_agents=22 | reward_preview={prey_9:-0.001, predator_2:-0.001, predator_4:-0.001, prey_14:-0.001, prey_17:-0.001} | info_preview={}
2025-11-23 03:29:13,653 [DEBUG] PredPreyGrassEnv.env-c5d50d3b: event=StepBegin | env_id=env-c5d50d3b | step=629 | incoming_actions=['prey_9', 'prey_14', 'prey_17', 'prey_13', 'prey_18', ...] | active_agents=22 | current_step=629
2025-11-23 03:29:13,657 [DEBUG] PredPreyGrassEnv.env-c5d50d3b: event=StepSummary | env_id=env-c5d50d3b | step=629 | current_step=629 | terminated_agents=[] | truncated_agents=[] | remaining_agents=22 | reward_preview={prey_9:-0.001, predator_2:-0.001, predator_4:-0.001, prey_14:-0.001, prey_17:-0.001} | info_preview={}
2025-11-23 03:29:13,676 [DEBUG] PredPreyGrassEnv.env-c5d50d3b: event=StepBegin | env_id=env-c5d50d3b | step=630 | incoming_actions=['prey_9', 'prey_14', 'prey_17', 'prey_13', 'prey_18', ...] | active_agents=22 | current_step=630
2025-11-23 03:29:13,684 [DEBUG] PredPreyGrassEnv.env-c5d50d3b: event=StepSummary | env_id=env-c5d50d3b | step=630 | current_step=630 | terminated_agents=[] | truncated_agents=[] | remaining_agents=22 | reward_preview={prey_9:-0.001, predator_2:-0.001, predator_4:-0.001, prey_14:-0.001, prey_17:-0.001} | info_preview={}
2025-11-23 03:29:13,705 [DEBUG] PredPreyGrassEnv.env-c5d50d3b: event=StepBegin | env_id=env-c5d50d3b | step=631 | incoming_actions=['prey_9', 'prey_14', 'prey_17', 'prey_13', 'prey_18', ...] | active_agents=22 | current_step=631
2025-11-23 03:29:13,709 [DEBUG] PredPreyGrassEnv.env-c5d50d3b: event=StepSummary | env_id=env-c5d50d3b | step=631 | current_step=631 | terminated_agents=[] | truncated_agents=[] | remaining_agents=22 | reward_preview={prey_9:-0.001, predator_2:-0.001, predator_4:-0.001, prey_14:-0.001, prey_17:-0.001} | info_preview={}
2025-11-23 03:29:13,719 [DEBUG] PredPreyGrassEnv.env-c5d50d3b: event=StepBegin | env_id=env-c5d50d3b | step=632 | incoming_actions=['prey_9', 'prey_14', 'prey_17', 'prey_13', 'prey_18', ...] | active_agents=22 | current_step=632
2025-11-23 03:29:13,722 [DEBUG] PredPreyGrassEnv.env-c5d50d3b: event=StepSummary | env_id=env-c5d50d3b | step=632 | current_step=632 | terminated_agents=[] | truncated_agents=[] | remaining_agents=22 | reward_preview={prey_9:-0.001, predator_2:-0.001, predator_4:-0.001, prey_14:-0.001, prey_17:-0.001} | info_preview={}
2025-11-23 03:29:13,731 [DEBUG] PredPreyGrassEnv.env-c5d50d3b: event=StepBegin | env_id=env-c5d50d3b | step=633 | incoming_actions=['prey_9', 'prey_14', 'prey_17', 'prey_13', 'prey_18', ...] | active_agents=22 | current_step=633
2025-11-23 03:29:13,734 [DEBUG] PredPreyGrassEnv.env-c5d50d3b: event=StepSummary | env_id=env-c5d50d3b | step=633 | current_step=633 | terminated_agents=[] | truncated_agents=[] | remaining_agents=22 | reward_preview={prey_9:-0.001, predator_2:-0.001, predator_4:-0.001, prey_14:-0.001, prey_17:-0.001} | info_preview={}
2025-11-23 03:29:13,748 [DEBUG] PredPreyGrassEnv.env-c5d50d3b: event=StepBegin | env_id=env-c5d50d3b | step=634 | incoming_actions=['prey_9', 'prey_14', 'prey_17', 'prey_13', 'prey_18', ...] | active_agents=22 | current_step=634
2025-11-23 03:29:13,756 [DEBUG] PredPreyGrassEnv.env-c5d50d3b: event=StepSummary | env_id=env-c5d50d3b | step=634 | current_step=634 | terminated_agents=[] | truncated_agents=[] | remaining_agents=22 | reward_preview={prey_9:-0.001, predator_2:-0.001, predator_4:-0.001, prey_14:-0.001, prey_17:-0.001} | info_preview={}
2025-11-23 03:29:13,778 [DEBUG] PredPreyGrassEnv.env-c5d50d3b: event=StepBegin | env_id=env-c5d50d3b | step=635 | incoming_actions=['prey_9', 'prey_14', 'prey_17', 'prey_13', 'prey_18', ...] | active_agents=22 | current_step=635
2025-11-23 03:29:13,785 [DEBUG] PredPreyGrassEnv.env-c5d50d3b: event=StepSummary | env_id=env-c5d50d3b | step=635 | current_step=635 | terminated_agents=[] | truncated_agents=[] | remaining_agents=22 | reward_preview={prey_9:-0.001, predator_2:-0.001, predator_4:-0.001, prey_14:-0.001, prey_17:-0.001} | info_preview={}
2025-11-23 03:29:13,794 [DEBUG] PredPreyGrassEnv.env-c5d50d3b: event=StepBegin | env_id=env-c5d50d3b | step=636 | incoming_actions=['prey_9', 'prey_14', 'prey_17', 'prey_13', 'prey_18', ...] | active_agents=22 | current_step=636
2025-11-23 03:29:13,798 [DEBUG] PredPreyGrassEnv.env-c5d50d3b: event=StepSummary | env_id=env-c5d50d3b | step=636 | current_step=636 | terminated_agents=[] | truncated_agents=[] | remaining_agents=22 | reward_preview={prey_9:-0.001, predator_2:-0.001, predator_4:-0.001, prey_14:-0.001, prey_17:-0.001} | info_preview={}
2025-11-23 03:29:13,820 [DEBUG] PredPreyGrassEnv.env-c5d50d3b: event=StepBegin | env_id=env-c5d50d3b | step=637 | incoming_actions=['prey_9', 'prey_14', 'prey_17', 'prey_13', 'prey_18', ...] | active_agents=22 | current_step=637
2025-11-23 03:29:13,828 [DEBUG] PredPreyGrassEnv.env-c5d50d3b: event=StepSummary | env_id=env-c5d50d3b | step=637 | current_step=637 | terminated_agents=[] | truncated_agents=[] | remaining_agents=22 | reward_preview={prey_9:-0.001, predator_2:-0.001, predator_4:-0.001, prey_14:-0.001, prey_17:-0.001} | info_preview={}
2025-11-23 03:29:13,851 [DEBUG] PredPreyGrassEnv.env-c5d50d3b: event=StepBegin | env_id=env-c5d50d3b | step=638 | incoming_actions=['prey_9', 'prey_14', 'prey_17', 'prey_13', 'prey_18', ...] | active_agents=22 | current_step=638
2025-11-23 03:29:13,859 [DEBUG] PredPreyGrassEnv.env-c5d50d3b: event=StepSummary | env_id=env-c5d50d3b | step=638 | current_step=638 | terminated_agents=[] | truncated_agents=[] | remaining_agents=22 | reward_preview={prey_9:-0.001, predator_2:-0.001, predator_4:-0.001, prey_14:-0.001, prey_17:-0.001} | info_preview={}
2025-11-23 03:29:13,881 [DEBUG] PredPreyGrassEnv.env-c5d50d3b: event=StepBegin | env_id=env-c5d50d3b | step=639 | incoming_actions=['prey_9', 'prey_14', 'prey_17', 'prey_13', 'prey_18', ...] | active_agents=22 | current_step=639
2025-11-23 03:29:13,884 [DEBUG] PredPreyGrassEnv.env-c5d50d3b: event=PreyAteGrass | env_id=env-c5d50d3b | step=639 | prey='prey_10' | grass='grass_65' | prey_position=[77.24939953630489, 162.16711112626683] | grass_energy=10.0 | energy_gained=9.0 | prey_energy=71.98222549792007
2025-11-23 03:29:13,886 [DEBUG] PredPreyGrassEnv.env-c5d50d3b: event=PreyAteGrass | env_id=env-c5d50d3b | step=639 | prey='prey_16' | grass='grass_73' | prey_position=[556.6832162524279, 82.2231079745089] | grass_energy=10.0 | energy_gained=9.0 | prey_energy=49.84169855919821
2025-11-23 03:29:13,889 [DEBUG] PredPreyGrassEnv.env-c5d50d3b: event=StepSummary | env_id=env-c5d50d3b | step=639 | current_step=639 | terminated_agents=[] | truncated_agents=[] | remaining_agents=22 | reward_preview={prey_9:-0.001, predator_2:-0.001, predator_4:-0.001, prey_14:-0.001, prey_17:-0.001} | info_preview={}
2025-11-23 03:29:13,911 [DEBUG] PredPreyGrassEnv.env-c5d50d3b: event=StepBegin | env_id=env-c5d50d3b | step=640 | incoming_actions=['prey_9', 'prey_14', 'prey_17', 'prey_13', 'prey_18', ...] | active_agents=22 | current_step=640
2025-11-23 03:29:13,916 [DEBUG] PredPreyGrassEnv.env-c5d50d3b: event=StepSummary | env_id=env-c5d50d3b | step=640 | current_step=640 | terminated_agents=[] | truncated_agents=[] | remaining_agents=22 | reward_preview={prey_9:-0.001, predator_2:-0.001, predator_4:-0.001, prey_14:-0.001, prey_17:-0.001} | info_preview={}
2025-11-23 03:29:13,937 [DEBUG] PredPreyGrassEnv.env-c5d50d3b: event=StepBegin | env_id=env-c5d50d3b | step=641 | incoming_actions=['prey_9', 'prey_14', 'prey_17', 'prey_13', 'prey_18', ...] | active_agents=22 | current_step=641
2025-11-23 03:29:13,945 [DEBUG] PredPreyGrassEnv.env-c5d50d3b: event=StepSummary | env_id=env-c5d50d3b | step=641 | current_step=641 | terminated_agents=[] | truncated_agents=[] | remaining_agents=22 | reward_preview={prey_9:-0.001, predator_2:-0.001, predator_4:-0.001, prey_14:-0.001, prey_17:-0.001} | info_preview={}
2025-11-23 03:29:13,959 [DEBUG] PredPreyGrassEnv.env-c5d50d3b: event=StepBegin | env_id=env-c5d50d3b | step=642 | incoming_actions=['prey_9', 'prey_14', 'prey_17', 'prey_13', 'prey_18', ...] | active_agents=22 | current_step=642
2025-11-23 03:29:13,963 [DEBUG] PredPreyGrassEnv.env-c5d50d3b: event=StepSummary | env_id=env-c5d50d3b | step=642 | current_step=642 | terminated_agents=[] | truncated_agents=[] | remaining_agents=22 | reward_preview={prey_9:-0.001, predator_2:-0.001, predator_4:-0.001, prey_14:-0.001, prey_17:-0.001} | info_preview={}
2025-11-23 03:29:13,972 [DEBUG] PredPreyGrassEnv.env-c5d50d3b: event=StepBegin | env_id=env-c5d50d3b | step=643 | incoming_actions=['prey_9', 'prey_14', 'prey_17', 'prey_13', 'prey_18', ...] | active_agents=22 | current_step=643
2025-11-23 03:29:13,975 [DEBUG] PredPreyGrassEnv.env-c5d50d3b: event=StepSummary | env_id=env-c5d50d3b | step=643 | current_step=643 | terminated_agents=[] | truncated_agents=[] | remaining_agents=22 | reward_preview={prey_9:-0.001, predator_2:-0.001, predator_4:-0.001, prey_14:-0.001, prey_17:-0.001} | info_preview={}
2025-11-23 03:29:13,984 [DEBUG] PredPreyGrassEnv.env-c5d50d3b: event=StepBegin | env_id=env-c5d50d3b | step=644 | incoming_actions=['prey_9', 'prey_14', 'prey_17', 'prey_13', 'prey_18', ...] | active_agents=22 | current_step=644
2025-11-23 03:29:13,987 [DEBUG] PredPreyGrassEnv.env-c5d50d3b: event=PreyAteGrass | env_id=env-c5d50d3b | step=644 | prey='prey_18' | grass='grass_40' | prey_position=[289.1672425169741, 577.5460334891685] | grass_energy=10.0 | energy_gained=9.0 | prey_energy=35.133737558788084
2025-11-23 03:29:13,988 [DEBUG] PredPreyGrassEnv.env-c5d50d3b: event=StepSummary | env_id=env-c5d50d3b | step=644 | current_step=644 | terminated_agents=[] | truncated_agents=[] | remaining_agents=22 | reward_preview={prey_9:-0.001, predator_2:-0.001, predator_4:-0.001, prey_14:-0.001, prey_17:-0.001} | info_preview={}
2025-11-23 03:29:13,997 [DEBUG] PredPreyGrassEnv.env-c5d50d3b: event=StepBegin | env_id=env-c5d50d3b | step=645 | incoming_actions=['prey_9', 'prey_14', 'prey_17', 'prey_13', 'prey_18', ...] | active_agents=22 | current_step=645
2025-11-23 03:29:14,000 [DEBUG] PredPreyGrassEnv.env-c5d50d3b: event=StepSummary | env_id=env-c5d50d3b | step=645 | current_step=645 | terminated_agents=[] | truncated_agents=[] | remaining_agents=22 | reward_preview={prey_9:-0.001, predator_2:-0.001, predator_4:-0.001, prey_14:-0.001, prey_17:-0.001} | info_preview={}
2025-11-23 03:29:14,009 [DEBUG] PredPreyGrassEnv.env-c5d50d3b: event=StepBegin | env_id=env-c5d50d3b | step=646 | incoming_actions=['prey_9', 'prey_14', 'prey_17', 'prey_13', 'prey_18', ...] | active_agents=22 | current_step=646
2025-11-23 03:29:14,012 [DEBUG] PredPreyGrassEnv.env-c5d50d3b: event=StepSummary | env_id=env-c5d50d3b | step=646 | current_step=646 | terminated_agents=[] | truncated_agents=[] | remaining_agents=22 | reward_preview={prey_9:-0.001, predator_2:-0.001, predator_4:-0.001, prey_14:-0.001, prey_17:-0.001} | info_preview={}
2025-11-23 03:29:14,021 [DEBUG] PredPreyGrassEnv.env-c5d50d3b: event=StepBegin | env_id=env-c5d50d3b | step=647 | incoming_actions=['prey_9', 'prey_14', 'prey_17', 'prey_13', 'prey_18', ...] | active_agents=22 | current_step=647
2025-11-23 03:29:14,025 [DEBUG] PredPreyGrassEnv.env-c5d50d3b: event=StepSummary | env_id=env-c5d50d3b | step=647 | current_step=647 | terminated_agents=[] | truncated_agents=[] | remaining_agents=22 | reward_preview={prey_9:-0.001, predator_2:-0.001, predator_4:-0.001, prey_14:-0.001, prey_17:-0.001} | info_preview={}
2025-11-23 03:29:14,033 [DEBUG] PredPreyGrassEnv.env-c5d50d3b: event=StepBegin | env_id=env-c5d50d3b | step=648 | incoming_actions=['prey_9', 'prey_14', 'prey_17', 'prey_13', 'prey_18', ...] | active_agents=22 | current_step=648
2025-11-23 03:29:14,037 [DEBUG] PredPreyGrassEnv.env-c5d50d3b: event=StepSummary | env_id=env-c5d50d3b | step=648 | current_step=648 | terminated_agents=[] | truncated_agents=[] | remaining_agents=22 | reward_preview={prey_9:-0.001, predator_2:-0.001, predator_4:-0.001, prey_14:-0.001, prey_17:-0.001} | info_preview={}
2025-11-23 03:29:14,046 [DEBUG] PredPreyGrassEnv.env-c5d50d3b: event=StepBegin | env_id=env-c5d50d3b | step=649 | incoming_actions=['prey_9', 'prey_14', 'prey_17', 'prey_13', 'prey_18', ...] | active_agents=22 | current_step=649
2025-11-23 03:29:14,049 [DEBUG] PredPreyGrassEnv.env-c5d50d3b: event=StepSummary | env_id=env-c5d50d3b | step=649 | current_step=649 | terminated_agents=[] | truncated_agents=[] | remaining_agents=22 | reward_preview={prey_9:-0.001, predator_2:-0.001, predator_4:-0.001, prey_14:-0.001, prey_17:-0.001} | info_preview={}
2025-11-23 03:29:14,058 [DEBUG] PredPreyGrassEnv.env-c5d50d3b: event=StepBegin | env_id=env-c5d50d3b | step=650 | incoming_actions=['prey_9', 'prey_14', 'prey_17', 'prey_13', 'prey_18', ...] | active_agents=22 | current_step=650
2025-11-23 03:29:14,062 [DEBUG] PredPreyGrassEnv.env-c5d50d3b: event=StepSummary | env_id=env-c5d50d3b | step=650 | current_step=650 | terminated_agents=[] | truncated_agents=[] | remaining_agents=22 | reward_preview={prey_9:-0.001, predator_2:-0.001, predator_4:-0.001, prey_14:-0.001, prey_17:-0.001} | info_preview={}
2025-11-23 03:29:14,071 [DEBUG] PredPreyGrassEnv.env-c5d50d3b: event=StepBegin | env_id=env-c5d50d3b | step=651 | incoming_actions=['prey_9', 'prey_14', 'prey_17', 'prey_13', 'prey_18', ...] | active_agents=22 | current_step=651
2025-11-23 03:29:14,074 [DEBUG] PredPreyGrassEnv.env-c5d50d3b: event=StepSummary | env_id=env-c5d50d3b | step=651 | current_step=651 | terminated_agents=[] | truncated_agents=[] | remaining_agents=22 | reward_preview={prey_9:-0.001, predator_2:-0.001, predator_4:-0.001, prey_14:-0.001, prey_17:-0.001} | info_preview={}
2025-11-23 03:29:14,085 [DEBUG] PredPreyGrassEnv.env-c5d50d3b: event=StepBegin | env_id=env-c5d50d3b | step=652 | incoming_actions=['prey_9', 'prey_14', 'prey_17', 'prey_13', 'prey_18', ...] | active_agents=22 | current_step=652
2025-11-23 03:29:14,088 [DEBUG] PredPreyGrassEnv.env-c5d50d3b: event=StepSummary | env_id=env-c5d50d3b | step=652 | current_step=652 | terminated_agents=[] | truncated_agents=[] | remaining_agents=22 | reward_preview={prey_9:-0.001, predator_2:-0.001, predator_4:-0.001, prey_14:-0.001, prey_17:-0.001} | info_preview={}
2025-11-23 03:29:14,097 [DEBUG] PredPreyGrassEnv.env-c5d50d3b: event=StepBegin | env_id=env-c5d50d3b | step=653 | incoming_actions=['prey_9', 'prey_14', 'prey_17', 'prey_13', 'prey_18', ...] | active_agents=22 | current_step=653
2025-11-23 03:29:14,101 [DEBUG] PredPreyGrassEnv.env-c5d50d3b: event=StepSummary | env_id=env-c5d50d3b | step=653 | current_step=653 | terminated_agents=[] | truncated_agents=[] | remaining_agents=22 | reward_preview={prey_9:-0.001, predator_2:-0.001, predator_4:-0.001, prey_14:-0.001, prey_17:-0.001} | info_preview={}
2025-11-23 03:29:14,110 [DEBUG] PredPreyGrassEnv.env-c5d50d3b: event=StepBegin | env_id=env-c5d50d3b | step=654 | incoming_actions=['prey_9', 'prey_14', 'prey_17', 'prey_13', 'prey_18', ...] | active_agents=22 | current_step=654
2025-11-23 03:29:14,113 [DEBUG] PredPreyGrassEnv.env-c5d50d3b: event=StepSummary | env_id=env-c5d50d3b | step=654 | current_step=654 | terminated_agents=[] | truncated_agents=[] | remaining_agents=22 | reward_preview={prey_9:-0.001, predator_2:-0.001, predator_4:-0.001, prey_14:-0.001, prey_17:-0.001} | info_preview={}
2025-11-23 03:29:14,122 [DEBUG] PredPreyGrassEnv.env-c5d50d3b: event=StepBegin | env_id=env-c5d50d3b | step=655 | incoming_actions=['prey_9', 'prey_14', 'prey_17', 'prey_13', 'prey_18', ...] | active_agents=22 | current_step=655
2025-11-23 03:29:14,125 [DEBUG] PredPreyGrassEnv.env-c5d50d3b: event=PreyAteGrass | env_id=env-c5d50d3b | step=655 | prey='prey_16' | grass='grass_67' | prey_position=[556.9569992671929, 44.779945508802754] | grass_energy=10.0 | energy_gained=9.0 | prey_energy=54.10413896672701
2025-11-23 03:29:14,126 [DEBUG] PredPreyGrassEnv.env-c5d50d3b: event=StepSummary | env_id=env-c5d50d3b | step=655 | current_step=655 | terminated_agents=[] | truncated_agents=[] | remaining_agents=22 | reward_preview={prey_9:-0.001, predator_2:-0.001, predator_4:-0.001, prey_14:-0.001, prey_17:-0.001} | info_preview={}
2025-11-23 03:29:14,135 [DEBUG] PredPreyGrassEnv.env-c5d50d3b: event=StepBegin | env_id=env-c5d50d3b | step=656 | incoming_actions=['prey_9', 'prey_14', 'prey_17', 'prey_13', 'prey_18', ...] | active_agents=22 | current_step=656
2025-11-23 03:29:14,138 [DEBUG] PredPreyGrassEnv.env-c5d50d3b: event=PreyAteGrass | env_id=env-c5d50d3b | step=656 | prey='prey_7' | grass='grass_8' | prey_position=[234.4228710297766, 235.08387466433945] | grass_energy=10.0 | energy_gained=9.0 | prey_energy=45.95528217885077
2025-11-23 03:29:14,139 [DEBUG] PredPreyGrassEnv.env-c5d50d3b: event=StepSummary | env_id=env-c5d50d3b | step=656 | current_step=656 | terminated_agents=[] | truncated_agents=[] | remaining_agents=22 | reward_preview={prey_9:-0.001, predator_2:-0.001, predator_4:-0.001, prey_14:-0.001, prey_17:-0.001} | info_preview={}
2025-11-23 03:29:14,149 [DEBUG] PredPreyGrassEnv.env-c5d50d3b: event=StepBegin | env_id=env-c5d50d3b | step=657 | incoming_actions=['prey_9', 'prey_14', 'prey_17', 'prey_13', 'prey_18', ...] | active_agents=22 | current_step=657
2025-11-23 03:29:14,153 [DEBUG] PredPreyGrassEnv.env-c5d50d3b: event=StepSummary | env_id=env-c5d50d3b | step=657 | current_step=657 | terminated_agents=[] | truncated_agents=[] | remaining_agents=22 | reward_preview={prey_9:-0.001, predator_2:-0.001, predator_4:-0.001, prey_14:-0.001, prey_17:-0.001} | info_preview={}
2025-11-23 03:29:14,162 [DEBUG] PredPreyGrassEnv.env-c5d50d3b: event=StepBegin | env_id=env-c5d50d3b | step=658 | incoming_actions=['prey_9', 'prey_14', 'prey_17', 'prey_13', 'prey_18', ...] | active_agents=22 | current_step=658
2025-11-23 03:29:14,166 [DEBUG] PredPreyGrassEnv.env-c5d50d3b: event=StepSummary | env_id=env-c5d50d3b | step=658 | current_step=658 | terminated_agents=[] | truncated_agents=[] | remaining_agents=22 | reward_preview={prey_9:-0.001, predator_2:-0.001, predator_4:-0.001, prey_14:-0.001, prey_17:-0.001} | info_preview={}
2025-11-23 03:29:14,175 [DEBUG] PredPreyGrassEnv.env-c5d50d3b: event=StepBegin | env_id=env-c5d50d3b | step=659 | incoming_actions=['prey_9', 'prey_14', 'prey_17', 'prey_13', 'prey_18', ...] | active_agents=22 | current_step=659
2025-11-23 03:29:14,178 [DEBUG] PredPreyGrassEnv.env-c5d50d3b: event=StepSummary | env_id=env-c5d50d3b | step=659 | current_step=659 | terminated_agents=[] | truncated_agents=[] | remaining_agents=22 | reward_preview={prey_9:-0.001, predator_2:-0.001, predator_4:-0.001, prey_14:-0.001, prey_17:-0.001} | info_preview={}
2025-11-23 03:29:14,187 [DEBUG] PredPreyGrassEnv.env-c5d50d3b: event=StepBegin | env_id=env-c5d50d3b | step=660 | incoming_actions=['prey_9', 'prey_14', 'prey_17', 'prey_13', 'prey_18', ...] | active_agents=22 | current_step=660
2025-11-23 03:29:14,191 [DEBUG] PredPreyGrassEnv.env-c5d50d3b: event=StepSummary | env_id=env-c5d50d3b | step=660 | current_step=660 | terminated_agents=[] | truncated_agents=[] | remaining_agents=22 | reward_preview={prey_9:-0.001, predator_2:-0.001, predator_4:-0.001, prey_14:-0.001, prey_17:-0.001} | info_preview={}
2025-11-23 03:29:14,199 [DEBUG] PredPreyGrassEnv.env-c5d50d3b: event=StepBegin | env_id=env-c5d50d3b | step=661 | incoming_actions=['prey_9', 'prey_14', 'prey_17', 'prey_13', 'prey_18', ...] | active_agents=22 | current_step=661
2025-11-23 03:29:14,203 [DEBUG] PredPreyGrassEnv.env-c5d50d3b: event=StepSummary | env_id=env-c5d50d3b | step=661 | current_step=661 | terminated_agents=[] | truncated_agents=[] | remaining_agents=22 | reward_preview={prey_9:-0.001, predator_2:-0.001, predator_4:-0.001, prey_14:-0.001, prey_17:-0.001} | info_preview={}
2025-11-23 03:29:14,212 [DEBUG] PredPreyGrassEnv.env-c5d50d3b: event=StepBegin | env_id=env-c5d50d3b | step=662 | incoming_actions=['prey_9', 'prey_14', 'prey_17', 'prey_13', 'prey_18', ...] | active_agents=22 | current_step=662
2025-11-23 03:29:14,215 [DEBUG] PredPreyGrassEnv.env-c5d50d3b: event=StepSummary | env_id=env-c5d50d3b | step=662 | current_step=662 | terminated_agents=[] | truncated_agents=[] | remaining_agents=22 | reward_preview={prey_9:-0.001, predator_2:-0.001, predator_4:-0.001, prey_14:-0.001, prey_17:-0.001} | info_preview={}
2025-11-23 03:29:14,224 [DEBUG] PredPreyGrassEnv.env-c5d50d3b: event=StepBegin | env_id=env-c5d50d3b | step=663 | incoming_actions=['prey_9', 'prey_14', 'prey_17', 'prey_13', 'prey_18', ...] | active_agents=22 | current_step=663
2025-11-23 03:29:14,227 [DEBUG] PredPreyGrassEnv.env-c5d50d3b: event=StepSummary | env_id=env-c5d50d3b | step=663 | current_step=663 | terminated_agents=[] | truncated_agents=[] | remaining_agents=22 | reward_preview={prey_9:-0.001, predator_2:-0.001, predator_4:-0.001, prey_14:-0.001, prey_17:-0.001} | info_preview={}
2025-11-23 03:29:14,236 [DEBUG] PredPreyGrassEnv.env-c5d50d3b: event=StepBegin | env_id=env-c5d50d3b | step=664 | incoming_actions=['prey_9', 'prey_14', 'prey_17', 'prey_13', 'prey_18', ...] | active_agents=22 | current_step=664
2025-11-23 03:29:14,239 [DEBUG] PredPreyGrassEnv.env-c5d50d3b: event=PreyAteGrass | env_id=env-c5d50d3b | step=664 | prey='prey_7' | grass='grass_35' | prey_position=[222.94097846776887, 247.8271044787219] | grass_energy=10.0 | energy_gained=9.0 | prey_energy=52.775253023681245
2025-11-23 03:29:14,239 [DEBUG] PredPreyGrassEnv.env-c5d50d3b: event=StepSummary | env_id=env-c5d50d3b | step=664 | current_step=664 | terminated_agents=[] | truncated_agents=[] | remaining_agents=22 | reward_preview={prey_9:-0.001, predator_2:-0.001, predator_4:-0.001, prey_14:-0.001, prey_17:-0.001} | info_preview={}
2025-11-23 03:29:14,248 [DEBUG] PredPreyGrassEnv.env-c5d50d3b: event=StepBegin | env_id=env-c5d50d3b | step=665 | incoming_actions=['prey_9', 'prey_14', 'prey_17', 'prey_13', 'prey_18', ...] | active_agents=22 | current_step=665
2025-11-23 03:29:14,252 [DEBUG] PredPreyGrassEnv.env-c5d50d3b: event=StepSummary | env_id=env-c5d50d3b | step=665 | current_step=665 | terminated_agents=[] | truncated_agents=[] | remaining_agents=22 | reward_preview={prey_9:-0.001, predator_2:-0.001, predator_4:-0.001, prey_14:-0.001, prey_17:-0.001} | info_preview={}
2025-11-23 03:29:14,261 [DEBUG] PredPreyGrassEnv.env-c5d50d3b: event=StepBegin | env_id=env-c5d50d3b | step=666 | incoming_actions=['prey_9', 'prey_14', 'prey_17', 'prey_13', 'prey_18', ...] | active_agents=22 | current_step=666
2025-11-23 03:29:14,264 [DEBUG] PredPreyGrassEnv.env-c5d50d3b: event=StepSummary | env_id=env-c5d50d3b | step=666 | current_step=666 | terminated_agents=[] | truncated_agents=[] | remaining_agents=22 | reward_preview={prey_9:-0.001, predator_2:-0.001, predator_4:-0.001, prey_14:-0.001, prey_17:-0.001} | info_preview={}
2025-11-23 03:29:14,274 [DEBUG] PredPreyGrassEnv.env-c5d50d3b: event=StepBegin | env_id=env-c5d50d3b | step=667 | incoming_actions=['prey_9', 'prey_14', 'prey_17', 'prey_13', 'prey_18', ...] | active_agents=22 | current_step=667
2025-11-23 03:29:14,277 [DEBUG] PredPreyGrassEnv.env-c5d50d3b: event=StepSummary | env_id=env-c5d50d3b | step=667 | current_step=667 | terminated_agents=[] | truncated_agents=[] | remaining_agents=22 | reward_preview={prey_9:-0.001, predator_2:-0.001, predator_4:-0.001, prey_14:-0.001, prey_17:-0.001} | info_preview={}
2025-11-23 03:29:14,286 [DEBUG] PredPreyGrassEnv.env-c5d50d3b: event=StepBegin | env_id=env-c5d50d3b | step=668 | incoming_actions=['prey_9', 'prey_14', 'prey_17', 'prey_13', 'prey_18', ...] | active_agents=22 | current_step=668
2025-11-23 03:29:14,290 [DEBUG] PredPreyGrassEnv.env-c5d50d3b: event=StepSummary | env_id=env-c5d50d3b | step=668 | current_step=668 | terminated_agents=[] | truncated_agents=[] | remaining_agents=22 | reward_preview={prey_9:-0.001, predator_2:-0.001, predator_4:-0.001, prey_14:-0.001, prey_17:-0.001} | info_preview={}
2025-11-23 03:29:14,299 [DEBUG] PredPreyGrassEnv.env-c5d50d3b: event=StepBegin | env_id=env-c5d50d3b | step=669 | incoming_actions=['prey_9', 'prey_14', 'prey_17', 'prey_13', 'prey_18', ...] | active_agents=22 | current_step=669
2025-11-23 03:29:14,302 [DEBUG] PredPreyGrassEnv.env-c5d50d3b: event=StepSummary | env_id=env-c5d50d3b | step=669 | current_step=669 | terminated_agents=[] | truncated_agents=[] | remaining_agents=22 | reward_preview={prey_9:-0.001, predator_2:-0.001, predator_4:-0.001, prey_14:-0.001, prey_17:-0.001} | info_preview={}
2025-11-23 03:29:14,311 [DEBUG] PredPreyGrassEnv.env-c5d50d3b: event=StepBegin | env_id=env-c5d50d3b | step=670 | incoming_actions=['prey_9', 'prey_14', 'prey_17', 'prey_13', 'prey_18', ...] | active_agents=22 | current_step=670
2025-11-23 03:29:14,315 [DEBUG] PredPreyGrassEnv.env-c5d50d3b: event=StepSummary | env_id=env-c5d50d3b | step=670 | current_step=670 | terminated_agents=[] | truncated_agents=[] | remaining_agents=22 | reward_preview={prey_9:-0.001, predator_2:-0.001, predator_4:-0.001, prey_14:-0.001, prey_17:-0.001} | info_preview={}
2025-11-23 03:29:14,324 [DEBUG] PredPreyGrassEnv.env-c5d50d3b: event=StepBegin | env_id=env-c5d50d3b | step=671 | incoming_actions=['prey_9', 'prey_14', 'prey_17', 'prey_13', 'prey_18', ...] | active_agents=22 | current_step=671
2025-11-23 03:29:14,328 [DEBUG] PredPreyGrassEnv.env-c5d50d3b: event=StepSummary | env_id=env-c5d50d3b | step=671 | current_step=671 | terminated_agents=[] | truncated_agents=[] | remaining_agents=22 | reward_preview={prey_9:-0.001, predator_2:-0.001, predator_4:-0.001, prey_14:-0.001, prey_17:-0.001} | info_preview={}
2025-11-23 03:29:14,337 [DEBUG] PredPreyGrassEnv.env-c5d50d3b: event=StepBegin | env_id=env-c5d50d3b | step=672 | incoming_actions=['prey_9', 'prey_14', 'prey_17', 'prey_13', 'prey_18', ...] | active_agents=22 | current_step=672
2025-11-23 03:29:14,341 [DEBUG] PredPreyGrassEnv.env-c5d50d3b: event=StepSummary | env_id=env-c5d50d3b | step=672 | current_step=672 | terminated_agents=[] | truncated_agents=[] | remaining_agents=22 | reward_preview={prey_9:-0.001, predator_2:-0.001, predator_4:-0.001, prey_14:-0.001, prey_17:-0.001} | info_preview={}
2025-11-23 03:29:14,350 [DEBUG] PredPreyGrassEnv.env-c5d50d3b: event=StepBegin | env_id=env-c5d50d3b | step=673 | incoming_actions=['prey_9', 'prey_14', 'prey_17', 'prey_13', 'prey_18', ...] | active_agents=22 | current_step=673
2025-11-23 03:29:14,353 [DEBUG] PredPreyGrassEnv.env-c5d50d3b: event=StepSummary | env_id=env-c5d50d3b | step=673 | current_step=673 | terminated_agents=[] | truncated_agents=[] | remaining_agents=22 | reward_preview={prey_9:-0.001, predator_2:-0.001, predator_4:-0.001, prey_14:-0.001, prey_17:-0.001} | info_preview={}
2025-11-23 03:29:14,362 [DEBUG] PredPreyGrassEnv.env-c5d50d3b: event=StepBegin | env_id=env-c5d50d3b | step=674 | incoming_actions=['prey_9', 'prey_14', 'prey_17', 'prey_13', 'prey_18', ...] | active_agents=22 | current_step=674
2025-11-23 03:29:14,366 [DEBUG] PredPreyGrassEnv.env-c5d50d3b: event=StepSummary | env_id=env-c5d50d3b | step=674 | current_step=674 | terminated_agents=[] | truncated_agents=[] | remaining_agents=22 | reward_preview={prey_9:-0.001, predator_2:-0.001, predator_4:-0.001, prey_14:-0.001, prey_17:-0.001} | info_preview={}
2025-11-23 03:29:14,374 [DEBUG] PredPreyGrassEnv.env-c5d50d3b: event=StepBegin | env_id=env-c5d50d3b | step=675 | incoming_actions=['prey_9', 'prey_14', 'prey_17', 'prey_13', 'prey_18', ...] | active_agents=22 | current_step=675
2025-11-23 03:29:14,379 [DEBUG] PredPreyGrassEnv.env-c5d50d3b: event=StepSummary | env_id=env-c5d50d3b | step=675 | current_step=675 | terminated_agents=[] | truncated_agents=[] | remaining_agents=22 | reward_preview={prey_9:-0.001, predator_2:-0.001, predator_4:-0.001, prey_14:-0.001, prey_17:-0.001} | info_preview={}
2025-11-23 03:29:14,394 [DEBUG] PredPreyGrassEnv.env-c5d50d3b: event=StepBegin | env_id=env-c5d50d3b | step=676 | incoming_actions=['prey_9', 'prey_14', 'prey_17', 'prey_13', 'prey_18', ...] | active_agents=22 | current_step=676
2025-11-23 03:29:14,397 [DEBUG] PredPreyGrassEnv.env-c5d50d3b: event=StepSummary | env_id=env-c5d50d3b | step=676 | current_step=676 | terminated_agents=[] | truncated_agents=[] | remaining_agents=22 | reward_preview={prey_9:-0.001, predator_2:-0.001, predator_4:-0.001, prey_14:-0.001, prey_17:-0.001} | info_preview={}
2025-11-23 03:29:14,407 [DEBUG] PredPreyGrassEnv.env-c5d50d3b: event=StepBegin | env_id=env-c5d50d3b | step=677 | incoming_actions=['prey_9', 'prey_14', 'prey_17', 'prey_13', 'prey_18', ...] | active_agents=22 | current_step=677
2025-11-23 03:29:14,411 [DEBUG] PredPreyGrassEnv.env-c5d50d3b: event=StepSummary | env_id=env-c5d50d3b | step=677 | current_step=677 | terminated_agents=[] | truncated_agents=[] | remaining_agents=22 | reward_preview={prey_9:-0.001, predator_2:-0.001, predator_4:-0.001, prey_14:-0.001, prey_17:-0.001} | info_preview={}
2025-11-23 03:29:14,420 [DEBUG] PredPreyGrassEnv.env-c5d50d3b: event=StepBegin | env_id=env-c5d50d3b | step=678 | incoming_actions=['prey_9', 'prey_14', 'prey_17', 'prey_13', 'prey_18', ...] | active_agents=22 | current_step=678
2025-11-23 03:29:14,423 [DEBUG] PredPreyGrassEnv.env-c5d50d3b: event=StepSummary | env_id=env-c5d50d3b | step=678 | current_step=678 | terminated_agents=[] | truncated_agents=[] | remaining_agents=22 | reward_preview={prey_9:-0.001, predator_2:-0.001, predator_4:-0.001, prey_14:-0.001, prey_17:-0.001} | info_preview={}
2025-11-23 03:29:14,433 [DEBUG] PredPreyGrassEnv.env-c5d50d3b: event=StepBegin | env_id=env-c5d50d3b | step=679 | incoming_actions=['prey_9', 'prey_14', 'prey_17', 'prey_13', 'prey_18', ...] | active_agents=22 | current_step=679
2025-11-23 03:29:14,436 [DEBUG] PredPreyGrassEnv.env-c5d50d3b: event=StepSummary | env_id=env-c5d50d3b | step=679 | current_step=679 | terminated_agents=[] | truncated_agents=[] | remaining_agents=22 | reward_preview={prey_9:-0.001, predator_2:-0.001, predator_4:-0.001, prey_14:-0.001, prey_17:-0.001} | info_preview={}
2025-11-23 03:29:14,446 [DEBUG] PredPreyGrassEnv.env-c5d50d3b: event=StepBegin | env_id=env-c5d50d3b | step=680 | incoming_actions=['prey_9', 'prey_14', 'prey_17', 'prey_13', 'prey_18', ...] | active_agents=22 | current_step=680
2025-11-23 03:29:14,449 [DEBUG] PredPreyGrassEnv.env-c5d50d3b: event=StepSummary | env_id=env-c5d50d3b | step=680 | current_step=680 | terminated_agents=[] | truncated_agents=[] | remaining_agents=22 | reward_preview={prey_9:-0.001, predator_2:-0.001, predator_4:-0.001, prey_14:-0.001, prey_17:-0.001} | info_preview={}
2025-11-23 03:29:14,459 [DEBUG] PredPreyGrassEnv.env-c5d50d3b: event=StepBegin | env_id=env-c5d50d3b | step=681 | incoming_actions=['prey_9', 'prey_14', 'prey_17', 'prey_13', 'prey_18', ...] | active_agents=22 | current_step=681
2025-11-23 03:29:14,462 [DEBUG] PredPreyGrassEnv.env-c5d50d3b: event=StepSummary | env_id=env-c5d50d3b | step=681 | current_step=681 | terminated_agents=[] | truncated_agents=[] | remaining_agents=22 | reward_preview={prey_9:-0.001, predator_2:-0.001, predator_4:-0.001, prey_14:-0.001, prey_17:-0.001} | info_preview={}
2025-11-23 03:29:14,471 [DEBUG] PredPreyGrassEnv.env-c5d50d3b: event=StepBegin | env_id=env-c5d50d3b | step=682 | incoming_actions=['prey_9', 'prey_14', 'prey_17', 'prey_13', 'prey_18', ...] | active_agents=22 | current_step=682
2025-11-23 03:29:14,474 [DEBUG] PredPreyGrassEnv.env-c5d50d3b: event=StepSummary | env_id=env-c5d50d3b | step=682 | current_step=682 | terminated_agents=[] | truncated_agents=[] | remaining_agents=22 | reward_preview={prey_9:-0.001, predator_2:-0.001, predator_4:-0.001, prey_14:-0.001, prey_17:-0.001} | info_preview={}
2025-11-23 03:29:14,483 [DEBUG] PredPreyGrassEnv.env-c5d50d3b: event=StepBegin | env_id=env-c5d50d3b | step=683 | incoming_actions=['prey_9', 'prey_14', 'prey_17', 'prey_13', 'prey_18', ...] | active_agents=22 | current_step=683
2025-11-23 03:29:14,487 [DEBUG] PredPreyGrassEnv.env-c5d50d3b: event=StepSummary | env_id=env-c5d50d3b | step=683 | current_step=683 | terminated_agents=[] | truncated_agents=[] | remaining_agents=22 | reward_preview={prey_9:-0.001, predator_2:-0.001, predator_4:-0.001, prey_14:-0.001, prey_17:-0.001} | info_preview={}
2025-11-23 03:29:14,496 [DEBUG] PredPreyGrassEnv.env-c5d50d3b: event=StepBegin | env_id=env-c5d50d3b | step=684 | incoming_actions=['prey_9', 'prey_14', 'prey_17', 'prey_13', 'prey_18', ...] | active_agents=22 | current_step=684
2025-11-23 03:29:14,499 [DEBUG] PredPreyGrassEnv.env-c5d50d3b: event=StepSummary | env_id=env-c5d50d3b | step=684 | current_step=684 | terminated_agents=[] | truncated_agents=[] | remaining_agents=22 | reward_preview={prey_9:-0.001, predator_2:-0.001, predator_4:-0.001, prey_14:-0.001, prey_17:-0.001} | info_preview={}
2025-11-23 03:29:14,508 [DEBUG] PredPreyGrassEnv.env-c5d50d3b: event=StepBegin | env_id=env-c5d50d3b | step=685 | incoming_actions=['prey_9', 'prey_14', 'prey_17', 'prey_13', 'prey_18', ...] | active_agents=22 | current_step=685
2025-11-23 03:29:14,511 [DEBUG] PredPreyGrassEnv.env-c5d50d3b: event=StepSummary | env_id=env-c5d50d3b | step=685 | current_step=685 | terminated_agents=[] | truncated_agents=[] | remaining_agents=22 | reward_preview={prey_9:-0.001, predator_2:-0.001, predator_4:-0.001, prey_14:-0.001, prey_17:-0.001} | info_preview={}
2025-11-23 03:29:14,520 [DEBUG] PredPreyGrassEnv.env-c5d50d3b: event=StepBegin | env_id=env-c5d50d3b | step=686 | incoming_actions=['prey_9', 'prey_14', 'prey_17', 'prey_13', 'prey_18', ...] | active_agents=22 | current_step=686
2025-11-23 03:29:14,524 [DEBUG] PredPreyGrassEnv.env-c5d50d3b: event=StepSummary | env_id=env-c5d50d3b | step=686 | current_step=686 | terminated_agents=[] | truncated_agents=[] | remaining_agents=22 | reward_preview={prey_9:-0.001, predator_2:-0.001, predator_4:-0.001, prey_14:-0.001, prey_17:-0.001} | info_preview={}
2025-11-23 03:29:14,533 [DEBUG] PredPreyGrassEnv.env-c5d50d3b: event=StepBegin | env_id=env-c5d50d3b | step=687 | incoming_actions=['prey_9', 'prey_14', 'prey_17', 'prey_13', 'prey_18', ...] | active_agents=22 | current_step=687
2025-11-23 03:29:14,536 [DEBUG] PredPreyGrassEnv.env-c5d50d3b: event=StepSummary | env_id=env-c5d50d3b | step=687 | current_step=687 | terminated_agents=[] | truncated_agents=[] | remaining_agents=22 | reward_preview={prey_9:-0.001, predator_2:-0.001, predator_4:-0.001, prey_14:-0.001, prey_17:-0.001} | info_preview={}
2025-11-23 03:29:14,545 [DEBUG] PredPreyGrassEnv.env-c5d50d3b: event=StepBegin | env_id=env-c5d50d3b | step=688 | incoming_actions=['prey_9', 'prey_14', 'prey_17', 'prey_13', 'prey_18', ...] | active_agents=22 | current_step=688
2025-11-23 03:29:14,549 [DEBUG] PredPreyGrassEnv.env-c5d50d3b: event=StepSummary | env_id=env-c5d50d3b | step=688 | current_step=688 | terminated_agents=[] | truncated_agents=[] | remaining_agents=22 | reward_preview={prey_9:-0.001, predator_2:-0.001, predator_4:-0.001, prey_14:-0.001, prey_17:-0.001} | info_preview={}
2025-11-23 03:29:14,558 [DEBUG] PredPreyGrassEnv.env-c5d50d3b: event=StepBegin | env_id=env-c5d50d3b | step=689 | incoming_actions=['prey_9', 'prey_14', 'prey_17', 'prey_13', 'prey_18', ...] | active_agents=22 | current_step=689
2025-11-23 03:29:14,562 [DEBUG] PredPreyGrassEnv.env-c5d50d3b: event=StepSummary | env_id=env-c5d50d3b | step=689 | current_step=689 | terminated_agents=[] | truncated_agents=[] | remaining_agents=22 | reward_preview={prey_9:-0.001, predator_2:-0.001, predator_4:-0.001, prey_14:-0.001, prey_17:-0.001} | info_preview={}
2025-11-23 03:29:14,570 [DEBUG] PredPreyGrassEnv.env-c5d50d3b: event=StepBegin | env_id=env-c5d50d3b | step=690 | incoming_actions=['prey_9', 'prey_14', 'prey_17', 'prey_13', 'prey_18', ...] | active_agents=22 | current_step=690
2025-11-23 03:29:14,574 [DEBUG] PredPreyGrassEnv.env-c5d50d3b: event=StepSummary | env_id=env-c5d50d3b | step=690 | current_step=690 | terminated_agents=[] | truncated_agents=[] | remaining_agents=22 | reward_preview={prey_9:-0.001, predator_2:-0.001, predator_4:-0.001, prey_14:-0.001, prey_17:-0.001} | info_preview={}
2025-11-23 03:29:14,583 [DEBUG] PredPreyGrassEnv.env-c5d50d3b: event=StepBegin | env_id=env-c5d50d3b | step=691 | incoming_actions=['prey_9', 'prey_14', 'prey_17', 'prey_13', 'prey_18', ...] | active_agents=22 | current_step=691
2025-11-23 03:29:14,587 [DEBUG] PredPreyGrassEnv.env-c5d50d3b: event=StepSummary | env_id=env-c5d50d3b | step=691 | current_step=691 | terminated_agents=[] | truncated_agents=[] | remaining_agents=22 | reward_preview={prey_9:-0.001, predator_2:-0.001, predator_4:-0.001, prey_14:-0.001, prey_17:-0.001} | info_preview={}
2025-11-23 03:29:14,595 [DEBUG] PredPreyGrassEnv.env-c5d50d3b: event=StepBegin | env_id=env-c5d50d3b | step=692 | incoming_actions=['prey_9', 'prey_14', 'prey_17', 'prey_13', 'prey_18', ...] | active_agents=22 | current_step=692
2025-11-23 03:29:14,599 [DEBUG] PredPreyGrassEnv.env-c5d50d3b: event=StepSummary | env_id=env-c5d50d3b | step=692 | current_step=692 | terminated_agents=[] | truncated_agents=[] | remaining_agents=22 | reward_preview={prey_9:-0.001, predator_2:-0.001, predator_4:-0.001, prey_14:-0.001, prey_17:-0.001} | info_preview={}
2025-11-23 03:29:14,607 [DEBUG] PredPreyGrassEnv.env-c5d50d3b: event=StepBegin | env_id=env-c5d50d3b | step=693 | incoming_actions=['prey_9', 'prey_14', 'prey_17', 'prey_13', 'prey_18', ...] | active_agents=22 | current_step=693
2025-11-23 03:29:14,611 [DEBUG] PredPreyGrassEnv.env-c5d50d3b: event=StepSummary | env_id=env-c5d50d3b | step=693 | current_step=693 | terminated_agents=[] | truncated_agents=[] | remaining_agents=22 | reward_preview={prey_9:-0.001, predator_2:-0.001, predator_4:-0.001, prey_14:-0.001, prey_17:-0.001} | info_preview={}
2025-11-23 03:29:14,620 [DEBUG] PredPreyGrassEnv.env-c5d50d3b: event=StepBegin | env_id=env-c5d50d3b | step=694 | incoming_actions=['prey_9', 'prey_14', 'prey_17', 'prey_13', 'prey_18', ...] | active_agents=22 | current_step=694
2025-11-23 03:29:14,624 [DEBUG] PredPreyGrassEnv.env-c5d50d3b: event=StepSummary | env_id=env-c5d50d3b | step=694 | current_step=694 | terminated_agents=[] | truncated_agents=[] | remaining_agents=22 | reward_preview={prey_9:-0.001, predator_2:-0.001, predator_4:-0.001, prey_14:-0.001, prey_17:-0.001} | info_preview={}
2025-11-23 03:29:14,633 [DEBUG] PredPreyGrassEnv.env-c5d50d3b: event=StepBegin | env_id=env-c5d50d3b | step=695 | incoming_actions=['prey_9', 'prey_14', 'prey_17', 'prey_13', 'prey_18', ...] | active_agents=22 | current_step=695
2025-11-23 03:29:14,636 [DEBUG] PredPreyGrassEnv.env-c5d50d3b: event=StepSummary | env_id=env-c5d50d3b | step=695 | current_step=695 | terminated_agents=[] | truncated_agents=[] | remaining_agents=22 | reward_preview={prey_9:-0.001, predator_2:-0.001, predator_4:-0.001, prey_14:-0.001, prey_17:-0.001} | info_preview={}
2025-11-23 03:29:14,645 [DEBUG] PredPreyGrassEnv.env-c5d50d3b: event=StepBegin | env_id=env-c5d50d3b | step=696 | incoming_actions=['prey_9', 'prey_14', 'prey_17', 'prey_13', 'prey_18', ...] | active_agents=22 | current_step=696
2025-11-23 03:29:14,648 [DEBUG] PredPreyGrassEnv.env-c5d50d3b: event=StepSummary | env_id=env-c5d50d3b | step=696 | current_step=696 | terminated_agents=[] | truncated_agents=[] | remaining_agents=22 | reward_preview={prey_9:-0.001, predator_2:-0.001, predator_4:-0.001, prey_14:-0.001, prey_17:-0.001} | info_preview={}
2025-11-23 03:29:14,657 [DEBUG] PredPreyGrassEnv.env-c5d50d3b: event=StepBegin | env_id=env-c5d50d3b | step=697 | incoming_actions=['prey_9', 'prey_14', 'prey_17', 'prey_13', 'prey_18', ...] | active_agents=22 | current_step=697
2025-11-23 03:29:14,658 [DEBUG] PredPreyGrassEnv.env-c5d50d3b: event=PreyAteGrass | env_id=env-c5d50d3b | step=697 | prey='prey_1' | grass='grass_72' | prey_position=[180.91700731068264, 418.6905313723261] | grass_energy=10.0 | energy_gained=9.0 | prey_energy=79.391282344143
2025-11-23 03:29:14,660 [DEBUG] PredPreyGrassEnv.env-c5d50d3b: event=StepSummary | env_id=env-c5d50d3b | step=697 | current_step=697 | terminated_agents=[] | truncated_agents=[] | remaining_agents=22 | reward_preview={prey_9:-0.001, predator_2:-0.001, predator_4:-0.001, prey_14:-0.001, prey_17:-0.001} | info_preview={}
2025-11-23 03:29:14,669 [DEBUG] PredPreyGrassEnv.env-c5d50d3b: event=StepBegin | env_id=env-c5d50d3b | step=698 | incoming_actions=['prey_9', 'prey_14', 'prey_17', 'prey_13', 'prey_18', ...] | active_agents=22 | current_step=698
2025-11-23 03:29:14,673 [DEBUG] PredPreyGrassEnv.env-c5d50d3b: event=StepSummary | env_id=env-c5d50d3b | step=698 | current_step=698 | terminated_agents=[] | truncated_agents=[] | remaining_agents=22 | reward_preview={prey_9:-0.001, predator_2:-0.001, predator_4:-0.001, prey_14:-0.001, prey_17:-0.001} | info_preview={}
2025-11-23 03:29:14,681 [DEBUG] PredPreyGrassEnv.env-c5d50d3b: event=StepBegin | env_id=env-c5d50d3b | step=699 | incoming_actions=['prey_9', 'prey_14', 'prey_17', 'prey_13', 'prey_18', ...] | active_agents=22 | current_step=699
2025-11-23 03:29:14,685 [DEBUG] PredPreyGrassEnv.env-c5d50d3b: event=StepSummary | env_id=env-c5d50d3b | step=699 | current_step=699 | terminated_agents=[] | truncated_agents=[] | remaining_agents=22 | reward_preview={prey_9:-0.001, predator_2:-0.001, predator_4:-0.001, prey_14:-0.001, prey_17:-0.001} | info_preview={}
2025-11-23 03:29:14,693 [DEBUG] PredPreyGrassEnv.env-c5d50d3b: event=StepBegin | env_id=env-c5d50d3b | step=700 | incoming_actions=['prey_9', 'prey_14', 'prey_17', 'prey_13', 'prey_18', ...] | active_agents=22 | current_step=700
2025-11-23 03:29:14,697 [DEBUG] PredPreyGrassEnv.env-c5d50d3b: event=StepSummary | env_id=env-c5d50d3b | step=700 | current_step=700 | terminated_agents=[] | truncated_agents=[] | remaining_agents=22 | reward_preview={prey_9:-0.001, predator_2:-0.001, predator_4:-0.001, prey_14:-0.001, prey_17:-0.001} | info_preview={}
2025-11-23 03:29:14,705 [DEBUG] PredPreyGrassEnv.env-c5d50d3b: event=StepBegin | env_id=env-c5d50d3b | step=701 | incoming_actions=['prey_9', 'prey_14', 'prey_17', 'prey_13', 'prey_18', ...] | active_agents=22 | current_step=701
2025-11-23 03:29:14,709 [DEBUG] PredPreyGrassEnv.env-c5d50d3b: event=StepSummary | env_id=env-c5d50d3b | step=701 | current_step=701 | terminated_agents=[] | truncated_agents=[] | remaining_agents=22 | reward_preview={prey_9:-0.001, predator_2:-0.001, predator_4:-0.001, prey_14:-0.001, prey_17:-0.001} | info_preview={}
2025-11-23 03:29:14,718 [DEBUG] PredPreyGrassEnv.env-c5d50d3b: event=StepBegin | env_id=env-c5d50d3b | step=702 | incoming_actions=['prey_9', 'prey_14', 'prey_17', 'prey_13', 'prey_18', ...] | active_agents=22 | current_step=702
2025-11-23 03:29:14,721 [DEBUG] PredPreyGrassEnv.env-c5d50d3b: event=StepSummary | env_id=env-c5d50d3b | step=702 | current_step=702 | terminated_agents=[] | truncated_agents=[] | remaining_agents=22 | reward_preview={prey_9:-0.001, predator_2:-0.001, predator_4:-0.001, prey_14:-0.001, prey_17:-0.001} | info_preview={}
2025-11-23 03:29:14,730 [DEBUG] PredPreyGrassEnv.env-c5d50d3b: event=StepBegin | env_id=env-c5d50d3b | step=703 | incoming_actions=['prey_9', 'prey_14', 'prey_17', 'prey_13', 'prey_18', ...] | active_agents=22 | current_step=703
2025-11-23 03:29:14,733 [DEBUG] PredPreyGrassEnv.env-c5d50d3b: event=StepSummary | env_id=env-c5d50d3b | step=703 | current_step=703 | terminated_agents=[] | truncated_agents=[] | remaining_agents=22 | reward_preview={prey_9:-0.001, predator_2:-0.001, predator_4:-0.001, prey_14:-0.001, prey_17:-0.001} | info_preview={}
2025-11-23 03:29:14,742 [DEBUG] PredPreyGrassEnv.env-c5d50d3b: event=StepBegin | env_id=env-c5d50d3b | step=704 | incoming_actions=['prey_9', 'prey_14', 'prey_17', 'prey_13', 'prey_18', ...] | active_agents=22 | current_step=704
2025-11-23 03:29:14,745 [DEBUG] PredPreyGrassEnv.env-c5d50d3b: event=StepSummary | env_id=env-c5d50d3b | step=704 | current_step=704 | terminated_agents=[] | truncated_agents=[] | remaining_agents=22 | reward_preview={prey_9:-0.001, predator_2:-0.001, predator_4:-0.001, prey_14:-0.001, prey_17:-0.001} | info_preview={}
2025-11-23 03:29:14,754 [DEBUG] PredPreyGrassEnv.env-c5d50d3b: event=StepBegin | env_id=env-c5d50d3b | step=705 | incoming_actions=['prey_9', 'prey_14', 'prey_17', 'prey_13', 'prey_18', ...] | active_agents=22 | current_step=705
2025-11-23 03:29:14,757 [DEBUG] PredPreyGrassEnv.env-c5d50d3b: event=StepSummary | env_id=env-c5d50d3b | step=705 | current_step=705 | terminated_agents=[] | truncated_agents=[] | remaining_agents=22 | reward_preview={prey_9:-0.001, predator_2:-0.001, predator_4:-0.001, prey_14:-0.001, prey_17:-0.001} | info_preview={}
2025-11-23 03:29:14,766 [DEBUG] PredPreyGrassEnv.env-c5d50d3b: event=StepBegin | env_id=env-c5d50d3b | step=706 | incoming_actions=['prey_9', 'prey_14', 'prey_17', 'prey_13', 'prey_18', ...] | active_agents=22 | current_step=706
2025-11-23 03:29:14,769 [DEBUG] PredPreyGrassEnv.env-c5d50d3b: event=StepSummary | env_id=env-c5d50d3b | step=706 | current_step=706 | terminated_agents=[] | truncated_agents=[] | remaining_agents=22 | reward_preview={prey_9:-0.001, predator_2:-0.001, predator_4:-0.001, prey_14:-0.001, prey_17:-0.001} | info_preview={}
2025-11-23 03:29:14,778 [DEBUG] PredPreyGrassEnv.env-c5d50d3b: event=StepBegin | env_id=env-c5d50d3b | step=707 | incoming_actions=['prey_9', 'prey_14', 'prey_17', 'prey_13', 'prey_18', ...] | active_agents=22 | current_step=707
2025-11-23 03:29:14,781 [DEBUG] PredPreyGrassEnv.env-c5d50d3b: event=StepSummary | env_id=env-c5d50d3b | step=707 | current_step=707 | terminated_agents=[] | truncated_agents=[] | remaining_agents=22 | reward_preview={prey_9:-0.001, predator_2:-0.001, predator_4:-0.001, prey_14:-0.001, prey_17:-0.001} | info_preview={}
2025-11-23 03:29:14,790 [DEBUG] PredPreyGrassEnv.env-c5d50d3b: event=StepBegin | env_id=env-c5d50d3b | step=708 | incoming_actions=['prey_9', 'prey_14', 'prey_17', 'prey_13', 'prey_18', ...] | active_agents=22 | current_step=708
2025-11-23 03:29:14,793 [DEBUG] PredPreyGrassEnv.env-c5d50d3b: event=StepSummary | env_id=env-c5d50d3b | step=708 | current_step=708 | terminated_agents=[] | truncated_agents=[] | remaining_agents=22 | reward_preview={prey_9:-0.001, predator_2:-0.001, predator_4:-0.001, prey_14:-0.001, prey_17:-0.001} | info_preview={}
2025-11-23 03:29:14,802 [DEBUG] PredPreyGrassEnv.env-c5d50d3b: event=StepBegin | env_id=env-c5d50d3b | step=709 | incoming_actions=['prey_9', 'prey_14', 'prey_17', 'prey_13', 'prey_18', ...] | active_agents=22 | current_step=709
2025-11-23 03:29:14,805 [DEBUG] PredPreyGrassEnv.env-c5d50d3b: event=StepSummary | env_id=env-c5d50d3b | step=709 | current_step=709 | terminated_agents=[] | truncated_agents=[] | remaining_agents=22 | reward_preview={prey_9:-0.001, predator_2:-0.001, predator_4:-0.001, prey_14:-0.001, prey_17:-0.001} | info_preview={}
2025-11-23 03:29:14,814 [DEBUG] PredPreyGrassEnv.env-c5d50d3b: event=StepBegin | env_id=env-c5d50d3b | step=710 | incoming_actions=['prey_9', 'prey_14', 'prey_17', 'prey_13', 'prey_18', ...] | active_agents=22 | current_step=710
2025-11-23 03:29:14,817 [DEBUG] PredPreyGrassEnv.env-c5d50d3b: event=PreyAteGrass | env_id=env-c5d50d3b | step=710 | prey='prey_4' | grass='grass_43' | prey_position=[48.93476021961486, 626.4165009926561] | grass_energy=10.0 | energy_gained=9.0 | prey_energy=65.9314645249714
2025-11-23 03:29:14,817 [DEBUG] PredPreyGrassEnv.env-c5d50d3b: event=StepSummary | env_id=env-c5d50d3b | step=710 | current_step=710 | terminated_agents=[] | truncated_agents=[] | remaining_agents=22 | reward_preview={prey_9:-0.001, predator_2:-0.001, predator_4:-0.001, prey_14:-0.001, prey_17:-0.001} | info_preview={}
2025-11-23 03:29:14,826 [DEBUG] PredPreyGrassEnv.env-c5d50d3b: event=StepBegin | env_id=env-c5d50d3b | step=711 | incoming_actions=['prey_9', 'prey_14', 'prey_17', 'prey_13', 'prey_18', ...] | active_agents=22 | current_step=711
2025-11-23 03:29:14,829 [DEBUG] PredPreyGrassEnv.env-c5d50d3b: event=StepSummary | env_id=env-c5d50d3b | step=711 | current_step=711 | terminated_agents=[] | truncated_agents=[] | remaining_agents=22 | reward_preview={prey_9:-0.001, predator_2:-0.001, predator_4:-0.001, prey_14:-0.001, prey_17:-0.001} | info_preview={}
2025-11-23 03:29:14,838 [DEBUG] PredPreyGrassEnv.env-c5d50d3b: event=StepBegin | env_id=env-c5d50d3b | step=712 | incoming_actions=['prey_9', 'prey_14', 'prey_17', 'prey_13', 'prey_18', ...] | active_agents=22 | current_step=712
2025-11-23 03:29:14,839 [DEBUG] PredPreyGrassEnv.env-c5d50d3b: event=PreyAteGrass | env_id=env-c5d50d3b | step=712 | prey='prey_14' | grass='grass_54' | prey_position=[74.58619391270918, 56.253778395510516] | grass_energy=10.0 | energy_gained=9.0 | prey_energy=109.64517527802205
2025-11-23 03:29:14,841 [DEBUG] PredPreyGrassEnv.env-c5d50d3b: event=PreyAteGrass | env_id=env-c5d50d3b | step=712 | prey='prey_7' | grass='grass_57' | prey_position=[151.82470222237393, 338.1404127551095] | grass_energy=10.0 | energy_gained=9.0 | prey_energy=47.1846280062458
2025-11-23 03:29:14,841 [DEBUG] PredPreyGrassEnv.env-c5d50d3b: event=StepSummary | env_id=env-c5d50d3b | step=712 | current_step=712 | terminated_agents=[] | truncated_agents=[] | remaining_agents=22 | reward_preview={prey_9:-0.001, predator_2:-0.001, predator_4:-0.001, prey_14:1.0, prey_17:-0.001} | info_preview={}
2025-11-23 03:29:14,850 [DEBUG] PredPreyGrassEnv.env-c5d50d3b: event=StepBegin | env_id=env-c5d50d3b | step=713 | incoming_actions=['prey_9', 'prey_14', 'prey_17', 'prey_13', 'prey_18', ...] | active_agents=22 | current_step=713
2025-11-23 03:29:14,853 [DEBUG] PredPreyGrassEnv.env-c5d50d3b: event=StepSummary | env_id=env-c5d50d3b | step=713 | current_step=713 | terminated_agents=[] | truncated_agents=[] | remaining_agents=22 | reward_preview={prey_9:-0.001, predator_2:-0.001, predator_4:-0.001, prey_14:-0.001, prey_17:-0.001} | info_preview={}
2025-11-23 03:29:14,862 [DEBUG] PredPreyGrassEnv.env-c5d50d3b: event=StepBegin | env_id=env-c5d50d3b | step=714 | incoming_actions=['prey_9', 'prey_14', 'prey_17', 'prey_13', 'prey_18', ...] | active_agents=22 | current_step=714
2025-11-23 03:29:14,865 [DEBUG] PredPreyGrassEnv.env-c5d50d3b: event=StepSummary | env_id=env-c5d50d3b | step=714 | current_step=714 | terminated_agents=[] | truncated_agents=[] | remaining_agents=22 | reward_preview={prey_9:-0.001, predator_2:-0.001, predator_4:-0.001, prey_14:-0.001, prey_17:-0.001} | info_preview={}
2025-11-23 03:29:14,873 [DEBUG] PredPreyGrassEnv.env-c5d50d3b: event=StepBegin | env_id=env-c5d50d3b | step=715 | incoming_actions=['prey_9', 'prey_14', 'prey_17', 'prey_13', 'prey_18', ...] | active_agents=22 | current_step=715
2025-11-23 03:29:14,877 [DEBUG] PredPreyGrassEnv.env-c5d50d3b: event=StepSummary | env_id=env-c5d50d3b | step=715 | current_step=715 | terminated_agents=[] | truncated_agents=[] | remaining_agents=22 | reward_preview={prey_9:-0.001, predator_2:-0.001, predator_4:-0.001, prey_14:-0.001, prey_17:-0.001} | info_preview={}
2025-11-23 03:29:14,885 [DEBUG] PredPreyGrassEnv.env-c5d50d3b: event=StepBegin | env_id=env-c5d50d3b | step=716 | incoming_actions=['prey_9', 'prey_14', 'prey_17', 'prey_13', 'prey_18', ...] | active_agents=22 | current_step=716
2025-11-23 03:29:14,889 [DEBUG] PredPreyGrassEnv.env-c5d50d3b: event=StepSummary | env_id=env-c5d50d3b | step=716 | current_step=716 | terminated_agents=[] | truncated_agents=[] | remaining_agents=22 | reward_preview={prey_9:-0.001, predator_2:-0.001, predator_4:-0.001, prey_14:-0.001, prey_17:-0.001} | info_preview={}
2025-11-23 03:29:14,897 [DEBUG] PredPreyGrassEnv.env-c5d50d3b: event=StepBegin | env_id=env-c5d50d3b | step=717 | incoming_actions=['prey_9', 'prey_14', 'prey_17', 'prey_13', 'prey_18', ...] | active_agents=22 | current_step=717
2025-11-23 03:29:14,900 [DEBUG] PredPreyGrassEnv.env-c5d50d3b: event=StepSummary | env_id=env-c5d50d3b | step=717 | current_step=717 | terminated_agents=[] | truncated_agents=[] | remaining_agents=22 | reward_preview={prey_9:-0.001, predator_2:-0.001, predator_4:-0.001, prey_14:-0.001, prey_17:-0.001} | info_preview={}
2025-11-23 03:29:14,909 [DEBUG] PredPreyGrassEnv.env-c5d50d3b: event=StepBegin | env_id=env-c5d50d3b | step=718 | incoming_actions=['prey_9', 'prey_14', 'prey_17', 'prey_13', 'prey_18', ...] | active_agents=22 | current_step=718
2025-11-23 03:29:14,912 [DEBUG] PredPreyGrassEnv.env-c5d50d3b: event=StepSummary | env_id=env-c5d50d3b | step=718 | current_step=718 | terminated_agents=[] | truncated_agents=[] | remaining_agents=22 | reward_preview={prey_9:-0.001, predator_2:-0.001, predator_4:-0.001, prey_14:-0.001, prey_17:-0.001} | info_preview={}
2025-11-23 03:29:14,921 [DEBUG] PredPreyGrassEnv.env-c5d50d3b: event=StepBegin | env_id=env-c5d50d3b | step=719 | incoming_actions=['prey_9', 'prey_14', 'prey_17', 'prey_13', 'prey_18', ...] | active_agents=22 | current_step=719
2025-11-23 03:29:14,922 [DEBUG] PredPreyGrassEnv.env-c5d50d3b: event=PreyAteGrass | env_id=env-c5d50d3b | step=719 | prey='prey_14' | grass='grass_89' | prey_position=[68.82782946649048, 60.53812433140104] | grass_energy=10.0 | energy_gained=9.0 | prey_energy=117.66887978321054
2025-11-23 03:29:14,924 [DEBUG] PredPreyGrassEnv.env-c5d50d3b: event=StepSummary | env_id=env-c5d50d3b | step=719 | current_step=719 | terminated_agents=[] | truncated_agents=[] | remaining_agents=22 | reward_preview={prey_9:-0.001, predator_2:-0.001, predator_4:-0.001, prey_14:1.0, prey_17:-0.001} | info_preview={}
2025-11-23 03:29:14,932 [DEBUG] PredPreyGrassEnv.env-c5d50d3b: event=StepBegin | env_id=env-c5d50d3b | step=720 | incoming_actions=['prey_9', 'prey_14', 'prey_17', 'prey_13', 'prey_18', ...] | active_agents=22 | current_step=720
2025-11-23 03:29:14,936 [DEBUG] PredPreyGrassEnv.env-c5d50d3b: event=StepSummary | env_id=env-c5d50d3b | step=720 | current_step=720 | terminated_agents=[] | truncated_agents=[] | remaining_agents=22 | reward_preview={prey_9:-0.001, predator_2:-0.001, predator_4:-0.001, prey_14:-0.001, prey_17:-0.001} | info_preview={}
2025-11-23 03:29:14,944 [DEBUG] PredPreyGrassEnv.env-c5d50d3b: event=StepBegin | env_id=env-c5d50d3b | step=721 | incoming_actions=['prey_9', 'prey_14', 'prey_17', 'prey_13', 'prey_18', ...] | active_agents=22 | current_step=721
2025-11-23 03:29:14,948 [DEBUG] PredPreyGrassEnv.env-c5d50d3b: event=StepSummary | env_id=env-c5d50d3b | step=721 | current_step=721 | terminated_agents=[] | truncated_agents=[] | remaining_agents=22 | reward_preview={prey_9:-0.001, predator_2:-0.001, predator_4:-0.001, prey_14:-0.001, prey_17:-0.001} | info_preview={}
2025-11-23 03:29:14,956 [DEBUG] PredPreyGrassEnv.env-c5d50d3b: event=StepBegin | env_id=env-c5d50d3b | step=722 | incoming_actions=['prey_9', 'prey_14', 'prey_17', 'prey_13', 'prey_18', ...] | active_agents=22 | current_step=722
2025-11-23 03:29:14,959 [DEBUG] PredPreyGrassEnv.env-c5d50d3b: event=StepSummary | env_id=env-c5d50d3b | step=722 | current_step=722 | terminated_agents=[] | truncated_agents=[] | remaining_agents=22 | reward_preview={prey_9:-0.001, predator_2:-0.001, predator_4:-0.001, prey_14:-0.001, prey_17:-0.001} | info_preview={}
2025-11-23 03:29:14,968 [DEBUG] PredPreyGrassEnv.env-c5d50d3b: event=StepBegin | env_id=env-c5d50d3b | step=723 | incoming_actions=['prey_9', 'prey_14', 'prey_17', 'prey_13', 'prey_18', ...] | active_agents=22 | current_step=723
2025-11-23 03:29:14,971 [DEBUG] PredPreyGrassEnv.env-c5d50d3b: event=StepSummary | env_id=env-c5d50d3b | step=723 | current_step=723 | terminated_agents=[] | truncated_agents=[] | remaining_agents=22 | reward_preview={prey_9:-0.001, predator_2:-0.001, predator_4:-0.001, prey_14:-0.001, prey_17:-0.001} | info_preview={}
2025-11-23 03:29:14,979 [DEBUG] PredPreyGrassEnv.env-c5d50d3b: event=StepBegin | env_id=env-c5d50d3b | step=724 | incoming_actions=['prey_9', 'prey_14', 'prey_17', 'prey_13', 'prey_18', ...] | active_agents=22 | current_step=724
2025-11-23 03:29:14,982 [DEBUG] PredPreyGrassEnv.env-c5d50d3b: event=PreyAteGrass | env_id=env-c5d50d3b | step=724 | prey='prey_18' | grass='grass_28' | prey_position=[521.6732517863577, 709.3772225933578] | grass_energy=10.0 | energy_gained=9.0 | prey_energy=10.77696592510848
2025-11-23 03:29:14,983 [DEBUG] PredPreyGrassEnv.env-c5d50d3b: event=StepSummary | env_id=env-c5d50d3b | step=724 | current_step=724 | terminated_agents=[] | truncated_agents=[] | remaining_agents=22 | reward_preview={prey_9:-0.001, predator_2:-0.001, predator_4:-0.001, prey_14:-0.001, prey_17:-0.001} | info_preview={}
2025-11-23 03:29:14,991 [DEBUG] PredPreyGrassEnv.env-c5d50d3b: event=StepBegin | env_id=env-c5d50d3b | step=725 | incoming_actions=['prey_9', 'prey_14', 'prey_17', 'prey_13', 'prey_18', ...] | active_agents=22 | current_step=725
2025-11-23 03:29:14,994 [DEBUG] PredPreyGrassEnv.env-c5d50d3b: event=StepSummary | env_id=env-c5d50d3b | step=725 | current_step=725 | terminated_agents=[] | truncated_agents=[] | remaining_agents=22 | reward_preview={prey_9:-0.001, predator_2:-0.001, predator_4:-0.001, prey_14:-0.001, prey_17:-0.001} | info_preview={}
2025-11-23 03:29:15,003 [DEBUG] PredPreyGrassEnv.env-c5d50d3b: event=StepBegin | env_id=env-c5d50d3b | step=726 | incoming_actions=['prey_9', 'prey_14', 'prey_17', 'prey_13', 'prey_18', ...] | active_agents=22 | current_step=726
2025-11-23 03:29:15,007 [DEBUG] PredPreyGrassEnv.env-c5d50d3b: event=StepSummary | env_id=env-c5d50d3b | step=726 | current_step=726 | terminated_agents=[] | truncated_agents=[] | remaining_agents=22 | reward_preview={prey_9:-0.001, predator_2:-0.001, predator_4:-0.001, prey_14:-0.001, prey_17:-0.001} | info_preview={}
2025-11-23 03:29:15,015 [DEBUG] PredPreyGrassEnv.env-c5d50d3b: event=StepBegin | env_id=env-c5d50d3b | step=727 | incoming_actions=['prey_9', 'prey_14', 'prey_17', 'prey_13', 'prey_18', ...] | active_agents=22 | current_step=727
2025-11-23 03:29:15,019 [DEBUG] PredPreyGrassEnv.env-c5d50d3b: event=StepSummary | env_id=env-c5d50d3b | step=727 | current_step=727 | terminated_agents=[] | truncated_agents=[] | remaining_agents=22 | reward_preview={prey_9:-0.001, predator_2:-0.001, predator_4:-0.001, prey_14:-0.001, prey_17:-0.001} | info_preview={}
2025-11-23 03:29:15,028 [DEBUG] PredPreyGrassEnv.env-c5d50d3b: event=StepBegin | env_id=env-c5d50d3b | step=728 | incoming_actions=['prey_9', 'prey_14', 'prey_17', 'prey_13', 'prey_18', ...] | active_agents=22 | current_step=728
2025-11-23 03:29:15,031 [DEBUG] PredPreyGrassEnv.env-c5d50d3b: event=StepSummary | env_id=env-c5d50d3b | step=728 | current_step=728 | terminated_agents=[] | truncated_agents=[] | remaining_agents=22 | reward_preview={prey_9:-0.001, predator_2:-0.001, predator_4:-0.001, prey_14:-0.001, prey_17:-0.001} | info_preview={}
2025-11-23 03:29:15,040 [DEBUG] PredPreyGrassEnv.env-c5d50d3b: event=StepBegin | env_id=env-c5d50d3b | step=729 | incoming_actions=['prey_9', 'prey_14', 'prey_17', 'prey_13', 'prey_18', ...] | active_agents=22 | current_step=729
2025-11-23 03:29:15,043 [DEBUG] PredPreyGrassEnv.env-c5d50d3b: event=StepSummary | env_id=env-c5d50d3b | step=729 | current_step=729 | terminated_agents=[] | truncated_agents=[] | remaining_agents=22 | reward_preview={prey_9:-0.001, predator_2:-0.001, predator_4:-0.001, prey_14:-0.001, prey_17:-0.001} | info_preview={}
2025-11-23 03:29:15,052 [DEBUG] PredPreyGrassEnv.env-c5d50d3b: event=StepBegin | env_id=env-c5d50d3b | step=730 | incoming_actions=['prey_9', 'prey_14', 'prey_17', 'prey_13', 'prey_18', ...] | active_agents=22 | current_step=730
2025-11-23 03:29:15,055 [DEBUG] PredPreyGrassEnv.env-c5d50d3b: event=StepSummary | env_id=env-c5d50d3b | step=730 | current_step=730 | terminated_agents=[] | truncated_agents=[] | remaining_agents=22 | reward_preview={prey_9:-0.001, predator_2:-0.001, predator_4:-0.001, prey_14:-0.001, prey_17:-0.001} | info_preview={}
2025-11-23 03:29:15,064 [DEBUG] PredPreyGrassEnv.env-c5d50d3b: event=StepBegin | env_id=env-c5d50d3b | step=731 | incoming_actions=['prey_9', 'prey_14', 'prey_17', 'prey_13', 'prey_18', ...] | active_agents=22 | current_step=731
2025-11-23 03:29:15,067 [DEBUG] PredPreyGrassEnv.env-c5d50d3b: event=StepSummary | env_id=env-c5d50d3b | step=731 | current_step=731 | terminated_agents=[] | truncated_agents=[] | remaining_agents=22 | reward_preview={prey_9:-0.001, predator_2:-0.001, predator_4:-0.001, prey_14:-0.001, prey_17:-0.001} | info_preview={}
2025-11-23 03:29:15,076 [DEBUG] PredPreyGrassEnv.env-c5d50d3b: event=StepBegin | env_id=env-c5d50d3b | step=732 | incoming_actions=['prey_9', 'prey_14', 'prey_17', 'prey_13', 'prey_18', ...] | active_agents=22 | current_step=732
2025-11-23 03:29:15,079 [DEBUG] PredPreyGrassEnv.env-c5d50d3b: event=StepSummary | env_id=env-c5d50d3b | step=732 | current_step=732 | terminated_agents=[] | truncated_agents=[] | remaining_agents=22 | reward_preview={prey_9:-0.001, predator_2:-0.001, predator_4:-0.001, prey_14:-0.001, prey_17:-0.001} | info_preview={}
2025-11-23 03:29:15,087 [DEBUG] PredPreyGrassEnv.env-c5d50d3b: event=StepBegin | env_id=env-c5d50d3b | step=733 | incoming_actions=['prey_9', 'prey_14', 'prey_17', 'prey_13', 'prey_18', ...] | active_agents=22 | current_step=733
2025-11-23 03:29:15,091 [DEBUG] PredPreyGrassEnv.env-c5d50d3b: event=StepSummary | env_id=env-c5d50d3b | step=733 | current_step=733 | terminated_agents=[] | truncated_agents=[] | remaining_agents=22 | reward_preview={prey_9:-0.001, predator_2:-0.001, predator_4:-0.001, prey_14:-0.001, prey_17:-0.001} | info_preview={}
2025-11-23 03:29:15,099 [DEBUG] PredPreyGrassEnv.env-c5d50d3b: event=StepBegin | env_id=env-c5d50d3b | step=734 | incoming_actions=['prey_9', 'prey_14', 'prey_17', 'prey_13', 'prey_18', ...] | active_agents=22 | current_step=734
2025-11-23 03:29:15,103 [DEBUG] PredPreyGrassEnv.env-c5d50d3b: event=StepSummary | env_id=env-c5d50d3b | step=734 | current_step=734 | terminated_agents=[] | truncated_agents=[] | remaining_agents=22 | reward_preview={prey_9:-0.001, predator_2:-0.001, predator_4:-0.001, prey_14:-0.001, prey_17:-0.001} | info_preview={}
2025-11-23 03:29:15,111 [DEBUG] PredPreyGrassEnv.env-c5d50d3b: event=StepBegin | env_id=env-c5d50d3b | step=735 | incoming_actions=['prey_9', 'prey_14', 'prey_17', 'prey_13', 'prey_18', ...] | active_agents=22 | current_step=735
2025-11-23 03:29:15,114 [DEBUG] PredPreyGrassEnv.env-c5d50d3b: event=StepSummary | env_id=env-c5d50d3b | step=735 | current_step=735 | terminated_agents=[] | truncated_agents=[] | remaining_agents=22 | reward_preview={prey_9:-0.001, predator_2:-0.001, predator_4:-0.001, prey_14:-0.001, prey_17:-0.001} | info_preview={}
2025-11-23 03:29:15,123 [DEBUG] PredPreyGrassEnv.env-c5d50d3b: event=StepBegin | env_id=env-c5d50d3b | step=736 | incoming_actions=['prey_9', 'prey_14', 'prey_17', 'prey_13', 'prey_18', ...] | active_agents=22 | current_step=736
2025-11-23 03:29:15,126 [DEBUG] PredPreyGrassEnv.env-c5d50d3b: event=StepSummary | env_id=env-c5d50d3b | step=736 | current_step=736 | terminated_agents=[] | truncated_agents=[] | remaining_agents=22 | reward_preview={prey_9:-0.001, predator_2:-0.001, predator_4:-0.001, prey_14:-0.001, prey_17:-0.001} | info_preview={}
2025-11-23 03:29:15,135 [DEBUG] PredPreyGrassEnv.env-c5d50d3b: event=StepBegin | env_id=env-c5d50d3b | step=737 | incoming_actions=['prey_9', 'prey_14', 'prey_17', 'prey_13', 'prey_18', ...] | active_agents=22 | current_step=737
2025-11-23 03:29:15,138 [DEBUG] PredPreyGrassEnv.env-c5d50d3b: event=StepSummary | env_id=env-c5d50d3b | step=737 | current_step=737 | terminated_agents=[] | truncated_agents=[] | remaining_agents=22 | reward_preview={prey_9:-0.001, predator_2:-0.001, predator_4:-0.001, prey_14:-0.001, prey_17:-0.001} | info_preview={}
2025-11-23 03:29:15,147 [DEBUG] PredPreyGrassEnv.env-c5d50d3b: event=StepBegin | env_id=env-c5d50d3b | step=738 | incoming_actions=['prey_9', 'prey_14', 'prey_17', 'prey_13', 'prey_18', ...] | active_agents=22 | current_step=738
2025-11-23 03:29:15,150 [DEBUG] PredPreyGrassEnv.env-c5d50d3b: event=PreyAteGrass | env_id=env-c5d50d3b | step=738 | prey='prey_18' | grass='grass_33' | prey_position=[556.3015648645923, 726.9695975954165] | grass_energy=10.0 | energy_gained=9.0 | prey_energy=14.849186612424209
2025-11-23 03:29:15,150 [DEBUG] PredPreyGrassEnv.env-c5d50d3b: event=PreyAteGrass | env_id=env-c5d50d3b | step=738 | prey='prey_5' | grass='grass_29' | prey_position=[420.42349994879714, 67.79082079759304] | grass_energy=10.0 | energy_gained=9.0 | prey_energy=19.86346750382452
2025-11-23 03:29:15,151 [DEBUG] PredPreyGrassEnv.env-c5d50d3b: event=StepSummary | env_id=env-c5d50d3b | step=738 | current_step=738 | terminated_agents=[] | truncated_agents=[] | remaining_agents=22 | reward_preview={prey_9:-0.001, predator_2:-0.001, predator_4:-0.001, prey_14:-0.001, prey_17:-0.001} | info_preview={}
2025-11-23 03:29:15,160 [DEBUG] PredPreyGrassEnv.env-c5d50d3b: event=StepBegin | env_id=env-c5d50d3b | step=739 | incoming_actions=['prey_9', 'prey_14', 'prey_17', 'prey_13', 'prey_18', ...] | active_agents=22 | current_step=739
2025-11-23 03:29:15,160 [DEBUG] PredPreyGrassEnv.env-c5d50d3b: event=CollisionBatch | env_id=env-c5d50d3b | step=739 | collisions=[['prey_eat_grass', 'prey_15', 'grass_65']]
2025-11-23 03:29:15,164 [DEBUG] PredPreyGrassEnv.env-c5d50d3b: event=StepSummary | env_id=env-c5d50d3b | step=739 | current_step=739 | terminated_agents=[] | truncated_agents=[] | remaining_agents=22 | reward_preview={prey_9:-0.001, predator_2:-0.001, predator_4:-0.001, prey_14:-0.001, prey_17:-0.001} | info_preview={}
2025-11-23 03:29:15,172 [DEBUG] PredPreyGrassEnv.env-c5d50d3b: event=StepBegin | env_id=env-c5d50d3b | step=740 | incoming_actions=['prey_9', 'prey_14', 'prey_17', 'prey_13', 'prey_18', ...] | active_agents=22 | current_step=740
2025-11-23 03:29:15,175 [DEBUG] PredPreyGrassEnv.env-c5d50d3b: event=StepSummary | env_id=env-c5d50d3b | step=740 | current_step=740 | terminated_agents=[] | truncated_agents=[] | remaining_agents=22 | reward_preview={prey_9:-0.001, predator_2:-0.001, predator_4:-0.001, prey_14:-0.001, prey_17:-0.001} | info_preview={}
2025-11-23 03:29:15,184 [DEBUG] PredPreyGrassEnv.env-c5d50d3b: event=StepBegin | env_id=env-c5d50d3b | step=741 | incoming_actions=['prey_9', 'prey_14', 'prey_17', 'prey_13', 'prey_18', ...] | active_agents=22 | current_step=741
2025-11-23 03:29:15,187 [DEBUG] PredPreyGrassEnv.env-c5d50d3b: event=StepSummary | env_id=env-c5d50d3b | step=741 | current_step=741 | terminated_agents=[] | truncated_agents=[] | remaining_agents=22 | reward_preview={prey_9:-0.001, predator_2:-0.001, predator_4:-0.001, prey_14:-0.001, prey_17:-0.001} | info_preview={}
2025-11-23 03:29:15,196 [DEBUG] PredPreyGrassEnv.env-c5d50d3b: event=StepBegin | env_id=env-c5d50d3b | step=742 | incoming_actions=['prey_9', 'prey_14', 'prey_17', 'prey_13', 'prey_18', ...] | active_agents=22 | current_step=742
2025-11-23 03:29:15,198 [DEBUG] PredPreyGrassEnv.env-c5d50d3b: event=PreyAteGrass | env_id=env-c5d50d3b | step=742 | prey='prey_14' | grass='grass_22' | prey_position=[38.79254500961179, 70.31307286494426] | grass_energy=10.0 | energy_gained=9.0 | prey_energy=122.52798653634353
2025-11-23 03:29:15,199 [DEBUG] PredPreyGrassEnv.env-c5d50d3b: event=StepSummary | env_id=env-c5d50d3b | step=742 | current_step=742 | terminated_agents=[] | truncated_agents=[] | remaining_agents=22 | reward_preview={prey_9:-0.001, predator_2:-0.001, predator_4:-0.001, prey_14:1.0, prey_17:-0.001} | info_preview={}
2025-11-23 03:29:15,208 [DEBUG] PredPreyGrassEnv.env-c5d50d3b: event=StepBegin | env_id=env-c5d50d3b | step=743 | incoming_actions=['prey_9', 'prey_14', 'prey_17', 'prey_13', 'prey_18', ...] | active_agents=22 | current_step=743
2025-11-23 03:29:15,211 [DEBUG] PredPreyGrassEnv.env-c5d50d3b: event=StepSummary | env_id=env-c5d50d3b | step=743 | current_step=743 | terminated_agents=[] | truncated_agents=[] | remaining_agents=22 | reward_preview={prey_9:-0.001, predator_2:-0.001, predator_4:-0.001, prey_14:-0.001, prey_17:-0.001} | info_preview={}
2025-11-23 03:29:15,220 [DEBUG] PredPreyGrassEnv.env-c5d50d3b: event=StepBegin | env_id=env-c5d50d3b | step=744 | incoming_actions=['prey_9', 'prey_14', 'prey_17', 'prey_13', 'prey_18', ...] | active_agents=22 | current_step=744
2025-11-23 03:29:15,222 [DEBUG] PredPreyGrassEnv.env-c5d50d3b: event=PreyAteGrass | env_id=env-c5d50d3b | step=744 | prey='prey_18' | grass='grass_56' | prey_position=[567.0582776673348, 734.0656022801752] | grass_energy=10.0 | energy_gained=9.0 | prey_energy=22.135133233237156
2025-11-23 03:29:15,223 [DEBUG] PredPreyGrassEnv.env-c5d50d3b: event=StepSummary | env_id=env-c5d50d3b | step=744 | current_step=744 | terminated_agents=[] | truncated_agents=[] | remaining_agents=22 | reward_preview={prey_9:-0.001, predator_2:-0.001, predator_4:-0.001, prey_14:-0.001, prey_17:-0.001} | info_preview={}
2025-11-23 03:29:15,232 [DEBUG] PredPreyGrassEnv.env-c5d50d3b: event=StepBegin | env_id=env-c5d50d3b | step=745 | incoming_actions=['prey_9', 'prey_14', 'prey_17', 'prey_13', 'prey_18', ...] | active_agents=22 | current_step=745
2025-11-23 03:29:15,235 [DEBUG] PredPreyGrassEnv.env-c5d50d3b: event=StepSummary | env_id=env-c5d50d3b | step=745 | current_step=745 | terminated_agents=[] | truncated_agents=[] | remaining_agents=22 | reward_preview={prey_9:-0.001, predator_2:-0.001, predator_4:-0.001, prey_14:-0.001, prey_17:-0.001} | info_preview={}
2025-11-23 03:29:15,244 [DEBUG] PredPreyGrassEnv.env-c5d50d3b: event=StepBegin | env_id=env-c5d50d3b | step=746 | incoming_actions=['prey_9', 'prey_14', 'prey_17', 'prey_13', 'prey_18', ...] | active_agents=22 | current_step=746
2025-11-23 03:29:15,248 [DEBUG] PredPreyGrassEnv.env-c5d50d3b: event=StepSummary | env_id=env-c5d50d3b | step=746 | current_step=746 | terminated_agents=[] | truncated_agents=[] | remaining_agents=22 | reward_preview={prey_9:-0.001, predator_2:-0.001, predator_4:-0.001, prey_14:-0.001, prey_17:-0.001} | info_preview={}
2025-11-23 03:29:15,256 [DEBUG] PredPreyGrassEnv.env-c5d50d3b: event=StepBegin | env_id=env-c5d50d3b | step=747 | incoming_actions=['prey_9', 'prey_14', 'prey_17', 'prey_13', 'prey_18', ...] | active_agents=22 | current_step=747
2025-11-23 03:29:15,260 [DEBUG] PredPreyGrassEnv.env-c5d50d3b: event=StepSummary | env_id=env-c5d50d3b | step=747 | current_step=747 | terminated_agents=[] | truncated_agents=[] | remaining_agents=22 | reward_preview={prey_9:-0.001, predator_2:-0.001, predator_4:-0.001, prey_14:-0.001, prey_17:-0.001} | info_preview={}
2025-11-23 03:29:15,268 [DEBUG] PredPreyGrassEnv.env-c5d50d3b: event=StepBegin | env_id=env-c5d50d3b | step=748 | incoming_actions=['prey_9', 'prey_14', 'prey_17', 'prey_13', 'prey_18', ...] | active_agents=22 | current_step=748
2025-11-23 03:29:15,272 [DEBUG] PredPreyGrassEnv.env-c5d50d3b: event=StepSummary | env_id=env-c5d50d3b | step=748 | current_step=748 | terminated_agents=[] | truncated_agents=[] | remaining_agents=22 | reward_preview={prey_9:-0.001, predator_2:-0.001, predator_4:-0.001, prey_14:-0.001, prey_17:-0.001} | info_preview={}
2025-11-23 03:29:15,280 [DEBUG] PredPreyGrassEnv.env-c5d50d3b: event=StepBegin | env_id=env-c5d50d3b | step=749 | incoming_actions=['prey_9', 'prey_14', 'prey_17', 'prey_13', 'prey_18', ...] | active_agents=22 | current_step=749
2025-11-23 03:29:15,284 [DEBUG] PredPreyGrassEnv.env-c5d50d3b: event=StepSummary | env_id=env-c5d50d3b | step=749 | current_step=749 | terminated_agents=[] | truncated_agents=[] | remaining_agents=22 | reward_preview={prey_9:-0.001, predator_2:-0.001, predator_4:-0.001, prey_14:-0.001, prey_17:-0.001} | info_preview={}
2025-11-23 03:29:15,292 [DEBUG] PredPreyGrassEnv.env-c5d50d3b: event=StepBegin | env_id=env-c5d50d3b | step=750 | incoming_actions=['prey_9', 'prey_14', 'prey_17', 'prey_13', 'prey_18', ...] | active_agents=22 | current_step=750
2025-11-23 03:29:15,293 [DEBUG] PredPreyGrassEnv.env-c5d50d3b: event=PreyAteGrass | env_id=env-c5d50d3b | step=750 | prey='prey_0' | grass='grass_66' | prey_position=[232.05908452971886, 54.56648178965601] | grass_energy=10.0 | energy_gained=9.0 | prey_energy=53.76146016671159
2025-11-23 03:29:15,296 [DEBUG] PredPreyGrassEnv.env-c5d50d3b: event=StepSummary | env_id=env-c5d50d3b | step=750 | current_step=750 | terminated_agents=[] | truncated_agents=[] | remaining_agents=22 | reward_preview={prey_9:-0.001, predator_2:-0.001, predator_4:-0.001, prey_14:-0.001, prey_17:-0.001} | info_preview={}
2025-11-23 03:29:15,304 [DEBUG] PredPreyGrassEnv.env-c5d50d3b: event=StepBegin | env_id=env-c5d50d3b | step=751 | incoming_actions=['prey_9', 'prey_14', 'prey_17', 'prey_13', 'prey_18', ...] | active_agents=22 | current_step=751
2025-11-23 03:29:15,307 [DEBUG] PredPreyGrassEnv.env-c5d50d3b: event=StepSummary | env_id=env-c5d50d3b | step=751 | current_step=751 | terminated_agents=[] | truncated_agents=[] | remaining_agents=22 | reward_preview={prey_9:-0.001, predator_2:-0.001, predator_4:-0.001, prey_14:-0.001, prey_17:-0.001} | info_preview={}
2025-11-23 03:29:15,316 [DEBUG] PredPreyGrassEnv.env-c5d50d3b: event=StepBegin | env_id=env-c5d50d3b | step=752 | incoming_actions=['prey_9', 'prey_14', 'prey_17', 'prey_13', 'prey_18', ...] | active_agents=22 | current_step=752
2025-11-23 03:29:15,320 [DEBUG] PredPreyGrassEnv.env-c5d50d3b: event=StepSummary | env_id=env-c5d50d3b | step=752 | current_step=752 | terminated_agents=[] | truncated_agents=[] | remaining_agents=22 | reward_preview={prey_9:-0.001, predator_2:-0.001, predator_4:-0.001, prey_14:-0.001, prey_17:-0.001} | info_preview={}
2025-11-23 03:29:15,328 [DEBUG] PredPreyGrassEnv.env-c5d50d3b: event=StepBegin | env_id=env-c5d50d3b | step=753 | incoming_actions=['prey_9', 'prey_14', 'prey_17', 'prey_13', 'prey_18', ...] | active_agents=22 | current_step=753
2025-11-23 03:29:15,332 [DEBUG] PredPreyGrassEnv.env-c5d50d3b: event=StepSummary | env_id=env-c5d50d3b | step=753 | current_step=753 | terminated_agents=[] | truncated_agents=[] | remaining_agents=22 | reward_preview={prey_9:-0.001, predator_2:-0.001, predator_4:-0.001, prey_14:-0.001, prey_17:-0.001} | info_preview={}
2025-11-23 03:29:15,340 [DEBUG] PredPreyGrassEnv.env-c5d50d3b: event=StepBegin | env_id=env-c5d50d3b | step=754 | incoming_actions=['prey_9', 'prey_14', 'prey_17', 'prey_13', 'prey_18', ...] | active_agents=22 | current_step=754
2025-11-23 03:29:15,344 [DEBUG] PredPreyGrassEnv.env-c5d50d3b: event=StepSummary | env_id=env-c5d50d3b | step=754 | current_step=754 | terminated_agents=[] | truncated_agents=[] | remaining_agents=22 | reward_preview={prey_9:-0.001, predator_2:-0.001, predator_4:-0.001, prey_14:-0.001, prey_17:-0.001} | info_preview={}
2025-11-23 03:29:15,352 [DEBUG] PredPreyGrassEnv.env-c5d50d3b: event=StepBegin | env_id=env-c5d50d3b | step=755 | incoming_actions=['prey_9', 'prey_14', 'prey_17', 'prey_13', 'prey_18', ...] | active_agents=22 | current_step=755
2025-11-23 03:29:15,356 [DEBUG] PredPreyGrassEnv.env-c5d50d3b: event=PreyAteGrass | env_id=env-c5d50d3b | step=755 | prey='prey_9' | grass='grass_17' | prey_position=[468.5780732510804, 486.04012753072016] | grass_energy=10.0 | energy_gained=9.0 | prey_energy=93.70660707968895
2025-11-23 03:29:15,356 [DEBUG] PredPreyGrassEnv.env-c5d50d3b: event=StepSummary | env_id=env-c5d50d3b | step=755 | current_step=755 | terminated_agents=[] | truncated_agents=[] | remaining_agents=22 | reward_preview={prey_9:1.0, predator_2:-0.001, predator_4:-0.001, prey_14:-0.001, prey_17:-0.001} | info_preview={}
2025-11-23 03:29:15,365 [DEBUG] PredPreyGrassEnv.env-c5d50d3b: event=StepBegin | env_id=env-c5d50d3b | step=756 | incoming_actions=['prey_9', 'prey_14', 'prey_17', 'prey_13', 'prey_18', ...] | active_agents=22 | current_step=756
2025-11-23 03:29:15,368 [DEBUG] PredPreyGrassEnv.env-c5d50d3b: event=StepSummary | env_id=env-c5d50d3b | step=756 | current_step=756 | terminated_agents=[] | truncated_agents=[] | remaining_agents=22 | reward_preview={prey_9:-0.001, predator_2:-0.001, predator_4:-0.001, prey_14:-0.001, prey_17:-0.001} | info_preview={}
2025-11-23 03:29:15,377 [DEBUG] PredPreyGrassEnv.env-c5d50d3b: event=StepBegin | env_id=env-c5d50d3b | step=757 | incoming_actions=['prey_9', 'prey_14', 'prey_17', 'prey_13', 'prey_18', ...] | active_agents=22 | current_step=757
2025-11-23 03:29:15,380 [DEBUG] PredPreyGrassEnv.env-c5d50d3b: event=StepSummary | env_id=env-c5d50d3b | step=757 | current_step=757 | terminated_agents=[] | truncated_agents=[] | remaining_agents=22 | reward_preview={prey_9:-0.001, predator_2:-0.001, predator_4:-0.001, prey_14:-0.001, prey_17:-0.001} | info_preview={}
2025-11-23 03:29:15,388 [DEBUG] PredPreyGrassEnv.env-c5d50d3b: event=StepBegin | env_id=env-c5d50d3b | step=758 | incoming_actions=['prey_9', 'prey_14', 'prey_17', 'prey_13', 'prey_18', ...] | active_agents=22 | current_step=758
2025-11-23 03:29:15,392 [DEBUG] PredPreyGrassEnv.env-c5d50d3b: event=StepSummary | env_id=env-c5d50d3b | step=758 | current_step=758 | terminated_agents=[] | truncated_agents=[] | remaining_agents=22 | reward_preview={prey_9:-0.001, predator_2:-0.001, predator_4:-0.001, prey_14:-0.001, prey_17:-0.001} | info_preview={}
2025-11-23 03:29:15,402 [DEBUG] PredPreyGrassEnv.env-c5d50d3b: event=StepBegin | env_id=env-c5d50d3b | step=759 | incoming_actions=['prey_9', 'prey_14', 'prey_17', 'prey_13', 'prey_18', ...] | active_agents=22 | current_step=759
2025-11-23 03:29:15,408 [DEBUG] PredPreyGrassEnv.env-c5d50d3b: event=StepSummary | env_id=env-c5d50d3b | step=759 | current_step=759 | terminated_agents=[] | truncated_agents=[] | remaining_agents=22 | reward_preview={prey_9:-0.001, predator_2:-0.001, predator_4:-0.001, prey_14:-0.001, prey_17:-0.001} | info_preview={}
2025-11-23 03:29:15,420 [DEBUG] PredPreyGrassEnv.env-c5d50d3b: event=StepBegin | env_id=env-c5d50d3b | step=760 | incoming_actions=['prey_9', 'prey_14', 'prey_17', 'prey_13', 'prey_18', ...] | active_agents=22 | current_step=760
2025-11-23 03:29:15,426 [DEBUG] PredPreyGrassEnv.env-c5d50d3b: event=StepSummary | env_id=env-c5d50d3b | step=760 | current_step=760 | terminated_agents=[] | truncated_agents=[] | remaining_agents=22 | reward_preview={prey_9:-0.001, predator_2:-0.001, predator_4:-0.001, prey_14:-0.001, prey_17:-0.001} | info_preview={}
2025-11-23 03:29:15,438 [DEBUG] PredPreyGrassEnv.env-c5d50d3b: event=StepBegin | env_id=env-c5d50d3b | step=761 | incoming_actions=['prey_9', 'prey_14', 'prey_17', 'prey_13', 'prey_18', ...] | active_agents=22 | current_step=761
2025-11-23 03:29:15,442 [DEBUG] PredPreyGrassEnv.env-c5d50d3b: event=StepSummary | env_id=env-c5d50d3b | step=761 | current_step=761 | terminated_agents=[] | truncated_agents=[] | remaining_agents=22 | reward_preview={prey_9:-0.001, predator_2:-0.001, predator_4:-0.001, prey_14:-0.001, prey_17:-0.001} | info_preview={}
2025-11-23 03:29:15,451 [DEBUG] PredPreyGrassEnv.env-c5d50d3b: event=StepBegin | env_id=env-c5d50d3b | step=762 | incoming_actions=['prey_9', 'prey_14', 'prey_17', 'prey_13', 'prey_18', ...] | active_agents=22 | current_step=762
2025-11-23 03:29:15,454 [DEBUG] PredPreyGrassEnv.env-c5d50d3b: event=StepSummary | env_id=env-c5d50d3b | step=762 | current_step=762 | terminated_agents=[] | truncated_agents=[] | remaining_agents=22 | reward_preview={prey_9:-0.001, predator_2:-0.001, predator_4:-0.001, prey_14:-0.001, prey_17:-0.001} | info_preview={}
2025-11-23 03:29:15,463 [DEBUG] PredPreyGrassEnv.env-c5d50d3b: event=StepBegin | env_id=env-c5d50d3b | step=763 | incoming_actions=['prey_9', 'prey_14', 'prey_17', 'prey_13', 'prey_18', ...] | active_agents=22 | current_step=763
2025-11-23 03:29:15,466 [DEBUG] PredPreyGrassEnv.env-c5d50d3b: event=StepSummary | env_id=env-c5d50d3b | step=763 | current_step=763 | terminated_agents=[] | truncated_agents=[] | remaining_agents=22 | reward_preview={prey_9:-0.001, predator_2:-0.001, predator_4:-0.001, prey_14:-0.001, prey_17:-0.001} | info_preview={}
2025-11-23 03:29:15,475 [DEBUG] PredPreyGrassEnv.env-c5d50d3b: event=StepBegin | env_id=env-c5d50d3b | step=764 | incoming_actions=['prey_9', 'prey_14', 'prey_17', 'prey_13', 'prey_18', ...] | active_agents=22 | current_step=764
2025-11-23 03:29:15,478 [DEBUG] PredPreyGrassEnv.env-c5d50d3b: event=StepSummary | env_id=env-c5d50d3b | step=764 | current_step=764 | terminated_agents=[] | truncated_agents=[] | remaining_agents=22 | reward_preview={prey_9:-0.001, predator_2:-0.001, predator_4:-0.001, prey_14:-0.001, prey_17:-0.001} | info_preview={}
2025-11-23 03:29:15,486 [DEBUG] PredPreyGrassEnv.env-c5d50d3b: event=StepBegin | env_id=env-c5d50d3b | step=765 | incoming_actions=['prey_9', 'prey_14', 'prey_17', 'prey_13', 'prey_18', ...] | active_agents=22 | current_step=765
2025-11-23 03:29:15,490 [DEBUG] PredPreyGrassEnv.env-c5d50d3b: event=StepSummary | env_id=env-c5d50d3b | step=765 | current_step=765 | terminated_agents=[] | truncated_agents=[] | remaining_agents=22 | reward_preview={prey_9:-0.001, predator_2:-0.001, predator_4:-0.001, prey_14:-0.001, prey_17:-0.001} | info_preview={}
2025-11-23 03:29:15,498 [DEBUG] PredPreyGrassEnv.env-c5d50d3b: event=StepBegin | env_id=env-c5d50d3b | step=766 | incoming_actions=['prey_9', 'prey_14', 'prey_17', 'prey_13', 'prey_18', ...] | active_agents=22 | current_step=766
2025-11-23 03:29:15,502 [DEBUG] PredPreyGrassEnv.env-c5d50d3b: event=StepSummary | env_id=env-c5d50d3b | step=766 | current_step=766 | terminated_agents=[] | truncated_agents=[] | remaining_agents=22 | reward_preview={prey_9:-0.001, predator_2:-0.001, predator_4:-0.001, prey_14:-0.001, prey_17:-0.001} | info_preview={}
2025-11-23 03:29:15,510 [DEBUG] PredPreyGrassEnv.env-c5d50d3b: event=StepBegin | env_id=env-c5d50d3b | step=767 | incoming_actions=['prey_9', 'prey_14', 'prey_17', 'prey_13', 'prey_18', ...] | active_agents=22 | current_step=767
2025-11-23 03:29:15,513 [DEBUG] PredPreyGrassEnv.env-c5d50d3b: event=StepSummary | env_id=env-c5d50d3b | step=767 | current_step=767 | terminated_agents=[] | truncated_agents=[] | remaining_agents=22 | reward_preview={prey_9:-0.001, predator_2:-0.001, predator_4:-0.001, prey_14:-0.001, prey_17:-0.001} | info_preview={}
2025-11-23 03:29:15,521 [DEBUG] PredPreyGrassEnv.env-c5d50d3b: event=StepBegin | env_id=env-c5d50d3b | step=768 | incoming_actions=['prey_9', 'prey_14', 'prey_17', 'prey_13', 'prey_18', ...] | active_agents=22 | current_step=768
2025-11-23 03:29:15,525 [DEBUG] PredPreyGrassEnv.env-c5d50d3b: event=StepSummary | env_id=env-c5d50d3b | step=768 | current_step=768 | terminated_agents=[] | truncated_agents=[] | remaining_agents=22 | reward_preview={prey_9:-0.001, predator_2:-0.001, predator_4:-0.001, prey_14:-0.001, prey_17:-0.001} | info_preview={}
2025-11-23 03:29:15,533 [DEBUG] PredPreyGrassEnv.env-c5d50d3b: event=StepBegin | env_id=env-c5d50d3b | step=769 | incoming_actions=['prey_9', 'prey_14', 'prey_17', 'prey_13', 'prey_18', ...] | active_agents=22 | current_step=769
2025-11-23 03:29:15,540 [DEBUG] PredPreyGrassEnv.env-c5d50d3b: event=StepSummary | env_id=env-c5d50d3b | step=769 | current_step=769 | terminated_agents=[] | truncated_agents=[] | remaining_agents=22 | reward_preview={prey_9:-0.001, predator_2:-0.001, predator_4:-0.001, prey_14:-0.001, prey_17:-0.001} | info_preview={}
2025-11-23 03:29:15,554 [DEBUG] PredPreyGrassEnv.env-c5d50d3b: event=StepBegin | env_id=env-c5d50d3b | step=770 | incoming_actions=['prey_9', 'prey_14', 'prey_17', 'prey_13', 'prey_18', ...] | active_agents=22 | current_step=770
2025-11-23 03:29:15,557 [DEBUG] PredPreyGrassEnv.env-c5d50d3b: event=PreyAteGrass | env_id=env-c5d50d3b | step=770 | prey='prey_4' | grass='grass_84' | prey_position=[63.827849814447084, 708.9418929744518] | grass_energy=10.0 | energy_gained=9.0 | prey_energy=63.899577083566996
2025-11-23 03:29:15,558 [DEBUG] PredPreyGrassEnv.env-c5d50d3b: event=StepSummary | env_id=env-c5d50d3b | step=770 | current_step=770 | terminated_agents=[] | truncated_agents=[] | remaining_agents=22 | reward_preview={prey_9:-0.001, predator_2:-0.001, predator_4:-0.001, prey_14:-0.001, prey_17:-0.001} | info_preview={}
2025-11-23 03:29:15,566 [DEBUG] PredPreyGrassEnv.env-c5d50d3b: event=StepBegin | env_id=env-c5d50d3b | step=771 | incoming_actions=['prey_9', 'prey_14', 'prey_17', 'prey_13', 'prey_18', ...] | active_agents=22 | current_step=771
2025-11-23 03:29:15,570 [DEBUG] PredPreyGrassEnv.env-c5d50d3b: event=StepSummary | env_id=env-c5d50d3b | step=771 | current_step=771 | terminated_agents=[] | truncated_agents=[] | remaining_agents=22 | reward_preview={prey_9:-0.001, predator_2:-0.001, predator_4:-0.001, prey_14:-0.001, prey_17:-0.001} | info_preview={}
2025-11-23 03:29:15,578 [DEBUG] PredPreyGrassEnv.env-c5d50d3b: event=StepBegin | env_id=env-c5d50d3b | step=772 | incoming_actions=['prey_9', 'prey_14', 'prey_17', 'prey_13', 'prey_18', ...] | active_agents=22 | current_step=772
2025-11-23 03:29:15,581 [DEBUG] PredPreyGrassEnv.env-c5d50d3b: event=StepSummary | env_id=env-c5d50d3b | step=772 | current_step=772 | terminated_agents=[] | truncated_agents=[] | remaining_agents=22 | reward_preview={prey_9:-0.001, predator_2:-0.001, predator_4:-0.001, prey_14:-0.001, prey_17:-0.001} | info_preview={}
2025-11-23 03:29:15,589 [DEBUG] PredPreyGrassEnv.env-c5d50d3b: event=StepBegin | env_id=env-c5d50d3b | step=773 | incoming_actions=['prey_9', 'prey_14', 'prey_17', 'prey_13', 'prey_18', ...] | active_agents=22 | current_step=773
2025-11-23 03:29:15,593 [DEBUG] PredPreyGrassEnv.env-c5d50d3b: event=StepSummary | env_id=env-c5d50d3b | step=773 | current_step=773 | terminated_agents=[] | truncated_agents=[] | remaining_agents=22 | reward_preview={prey_9:-0.001, predator_2:-0.001, predator_4:-0.001, prey_14:-0.001, prey_17:-0.001} | info_preview={}
2025-11-23 03:29:15,601 [DEBUG] PredPreyGrassEnv.env-c5d50d3b: event=StepBegin | env_id=env-c5d50d3b | step=774 | incoming_actions=['prey_9', 'prey_14', 'prey_17', 'prey_13', 'prey_18', ...] | active_agents=22 | current_step=774
2025-11-23 03:29:15,604 [DEBUG] PredPreyGrassEnv.env-c5d50d3b: event=StepSummary | env_id=env-c5d50d3b | step=774 | current_step=774 | terminated_agents=[] | truncated_agents=[] | remaining_agents=22 | reward_preview={prey_9:-0.001, predator_2:-0.001, predator_4:-0.001, prey_14:-0.001, prey_17:-0.001} | info_preview={}
2025-11-23 03:29:15,613 [DEBUG] PredPreyGrassEnv.env-c5d50d3b: event=StepBegin | env_id=env-c5d50d3b | step=775 | incoming_actions=['prey_9', 'prey_14', 'prey_17', 'prey_13', 'prey_18', ...] | active_agents=22 | current_step=775
2025-11-23 03:29:15,616 [DEBUG] PredPreyGrassEnv.env-c5d50d3b: event=StepSummary | env_id=env-c5d50d3b | step=775 | current_step=775 | terminated_agents=[] | truncated_agents=[] | remaining_agents=22 | reward_preview={prey_9:-0.001, predator_2:-0.001, predator_4:-0.001, prey_14:-0.001, prey_17:-0.001} | info_preview={}
2025-11-23 03:29:15,624 [DEBUG] PredPreyGrassEnv.env-c5d50d3b: event=StepBegin | env_id=env-c5d50d3b | step=776 | incoming_actions=['prey_9', 'prey_14', 'prey_17', 'prey_13', 'prey_18', ...] | active_agents=22 | current_step=776
2025-11-23 03:29:15,628 [DEBUG] PredPreyGrassEnv.env-c5d50d3b: event=StepSummary | env_id=env-c5d50d3b | step=776 | current_step=776 | terminated_agents=[] | truncated_agents=[] | remaining_agents=22 | reward_preview={prey_9:-0.001, predator_2:-0.001, predator_4:-0.001, prey_14:-0.001, prey_17:-0.001} | info_preview={}
2025-11-23 03:29:15,636 [DEBUG] PredPreyGrassEnv.env-c5d50d3b: event=StepBegin | env_id=env-c5d50d3b | step=777 | incoming_actions=['prey_9', 'prey_14', 'prey_17', 'prey_13', 'prey_18', ...] | active_agents=22 | current_step=777
2025-11-23 03:29:15,640 [DEBUG] PredPreyGrassEnv.env-c5d50d3b: event=StepSummary | env_id=env-c5d50d3b | step=777 | current_step=777 | terminated_agents=[] | truncated_agents=[] | remaining_agents=22 | reward_preview={prey_9:-0.001, predator_2:-0.001, predator_4:-0.001, prey_14:-0.001, prey_17:-0.001} | info_preview={}
2025-11-23 03:29:15,648 [DEBUG] PredPreyGrassEnv.env-c5d50d3b: event=StepBegin | env_id=env-c5d50d3b | step=778 | incoming_actions=['prey_9', 'prey_14', 'prey_17', 'prey_13', 'prey_18', ...] | active_agents=22 | current_step=778
2025-11-23 03:29:15,649 [DEBUG] PredPreyGrassEnv.env-c5d50d3b: event=PreyAteGrass | env_id=env-c5d50d3b | step=778 | prey='prey_1' | grass='grass_60' | prey_position=[315.22242096995024, 555.8979889729655] | grass_energy=10.0 | energy_gained=9.0 | prey_energy=64.08139831737014
2025-11-23 03:29:15,651 [DEBUG] PredPreyGrassEnv.env-c5d50d3b: event=StepSummary | env_id=env-c5d50d3b | step=778 | current_step=778 | terminated_agents=[] | truncated_agents=[] | remaining_agents=22 | reward_preview={prey_9:-0.001, predator_2:-0.001, predator_4:-0.001, prey_14:-0.001, prey_17:-0.001} | info_preview={}
2025-11-23 03:29:15,659 [DEBUG] PredPreyGrassEnv.env-c5d50d3b: event=StepBegin | env_id=env-c5d50d3b | step=779 | incoming_actions=['prey_9', 'prey_14', 'prey_17', 'prey_13', 'prey_18', ...] | active_agents=22 | current_step=779
2025-11-23 03:29:15,663 [DEBUG] PredPreyGrassEnv.env-c5d50d3b: event=StepSummary | env_id=env-c5d50d3b | step=779 | current_step=779 | terminated_agents=[] | truncated_agents=[] | remaining_agents=22 | reward_preview={prey_9:-0.001, predator_2:-0.001, predator_4:-0.001, prey_14:-0.001, prey_17:-0.001} | info_preview={}
2025-11-23 03:29:15,671 [DEBUG] PredPreyGrassEnv.env-c5d50d3b: event=StepBegin | env_id=env-c5d50d3b | step=780 | incoming_actions=['prey_9', 'prey_14', 'prey_17', 'prey_13', 'prey_18', ...] | active_agents=22 | current_step=780
2025-11-23 03:29:15,675 [DEBUG] PredPreyGrassEnv.env-c5d50d3b: event=StepSummary | env_id=env-c5d50d3b | step=780 | current_step=780 | terminated_agents=[] | truncated_agents=[] | remaining_agents=22 | reward_preview={prey_9:-0.001, predator_2:-0.001, predator_4:-0.001, prey_14:-0.001, prey_17:-0.001} | info_preview={}
2025-11-23 03:29:15,683 [DEBUG] PredPreyGrassEnv.env-c5d50d3b: event=StepBegin | env_id=env-c5d50d3b | step=781 | incoming_actions=['prey_9', 'prey_14', 'prey_17', 'prey_13', 'prey_18', ...] | active_agents=22 | current_step=781
2025-11-23 03:29:15,687 [DEBUG] PredPreyGrassEnv.env-c5d50d3b: event=StepSummary | env_id=env-c5d50d3b | step=781 | current_step=781 | terminated_agents=[] | truncated_agents=[] | remaining_agents=22 | reward_preview={prey_9:-0.001, predator_2:-0.001, predator_4:-0.001, prey_14:-0.001, prey_17:-0.001} | info_preview={}
2025-11-23 03:29:15,696 [DEBUG] PredPreyGrassEnv.env-c5d50d3b: event=StepBegin | env_id=env-c5d50d3b | step=782 | incoming_actions=['prey_9', 'prey_14', 'prey_17', 'prey_13', 'prey_18', ...] | active_agents=22 | current_step=782
2025-11-23 03:29:15,699 [DEBUG] PredPreyGrassEnv.env-c5d50d3b: event=StepSummary | env_id=env-c5d50d3b | step=782 | current_step=782 | terminated_agents=[] | truncated_agents=[] | remaining_agents=22 | reward_preview={prey_9:-0.001, predator_2:-0.001, predator_4:-0.001, prey_14:-0.001, prey_17:-0.001} | info_preview={}
2025-11-23 03:29:15,708 [DEBUG] PredPreyGrassEnv.env-c5d50d3b: event=StepBegin | env_id=env-c5d50d3b | step=783 | incoming_actions=['prey_9', 'prey_14', 'prey_17', 'prey_13', 'prey_18', ...] | active_agents=22 | current_step=783
2025-11-23 03:29:15,711 [DEBUG] PredPreyGrassEnv.env-c5d50d3b: event=StepSummary | env_id=env-c5d50d3b | step=783 | current_step=783 | terminated_agents=[] | truncated_agents=[] | remaining_agents=22 | reward_preview={prey_9:-0.001, predator_2:-0.001, predator_4:-0.001, prey_14:-0.001, prey_17:-0.001} | info_preview={}
2025-11-23 03:29:15,720 [DEBUG] PredPreyGrassEnv.env-c5d50d3b: event=StepBegin | env_id=env-c5d50d3b | step=784 | incoming_actions=['prey_9', 'prey_14', 'prey_17', 'prey_13', 'prey_18', ...] | active_agents=22 | current_step=784
2025-11-23 03:29:15,723 [DEBUG] PredPreyGrassEnv.env-c5d50d3b: event=PreyAteGrass | env_id=env-c5d50d3b | step=784 | prey='prey_8' | grass='grass_0' | prey_position=[38.53810005597788, 401.636811635117] | grass_energy=10.0 | energy_gained=9.0 | prey_energy=70.9598047711278
2025-11-23 03:29:15,723 [DEBUG] PredPreyGrassEnv.env-c5d50d3b: event=StepSummary | env_id=env-c5d50d3b | step=784 | current_step=784 | terminated_agents=[] | truncated_agents=[] | remaining_agents=22 | reward_preview={prey_9:-0.001, predator_2:-0.001, predator_4:-0.001, prey_14:-0.001, prey_17:-0.001} | info_preview={}
2025-11-23 03:29:15,732 [DEBUG] PredPreyGrassEnv.env-c5d50d3b: event=StepBegin | env_id=env-c5d50d3b | step=785 | incoming_actions=['prey_9', 'prey_14', 'prey_17', 'prey_13', 'prey_18', ...] | active_agents=22 | current_step=785
2025-11-23 03:29:15,736 [DEBUG] PredPreyGrassEnv.env-c5d50d3b: event=StepSummary | env_id=env-c5d50d3b | step=785 | current_step=785 | terminated_agents=[] | truncated_agents=[] | remaining_agents=22 | reward_preview={prey_9:-0.001, predator_2:-0.001, predator_4:-0.001, prey_14:-0.001, prey_17:-0.001} | info_preview={}
2025-11-23 03:29:15,744 [DEBUG] PredPreyGrassEnv.env-c5d50d3b: event=StepBegin | env_id=env-c5d50d3b | step=786 | incoming_actions=['prey_9', 'prey_14', 'prey_17', 'prey_13', 'prey_18', ...] | active_agents=22 | current_step=786
2025-11-23 03:29:15,748 [DEBUG] PredPreyGrassEnv.env-c5d50d3b: event=StepSummary | env_id=env-c5d50d3b | step=786 | current_step=786 | terminated_agents=[] | truncated_agents=[] | remaining_agents=22 | reward_preview={prey_9:-0.001, predator_2:-0.001, predator_4:-0.001, prey_14:-0.001, prey_17:-0.001} | info_preview={}
2025-11-23 03:29:15,757 [DEBUG] PredPreyGrassEnv.env-c5d50d3b: event=StepBegin | env_id=env-c5d50d3b | step=787 | incoming_actions=['prey_9', 'prey_14', 'prey_17', 'prey_13', 'prey_18', ...] | active_agents=22 | current_step=787
2025-11-23 03:29:15,761 [DEBUG] PredPreyGrassEnv.env-c5d50d3b: event=StepSummary | env_id=env-c5d50d3b | step=787 | current_step=787 | terminated_agents=[] | truncated_agents=[] | remaining_agents=22 | reward_preview={prey_9:-0.001, predator_2:-0.001, predator_4:-0.001, prey_14:-0.001, prey_17:-0.001} | info_preview={}
2025-11-23 03:29:15,769 [DEBUG] PredPreyGrassEnv.env-c5d50d3b: event=StepBegin | env_id=env-c5d50d3b | step=788 | incoming_actions=['prey_9', 'prey_14', 'prey_17', 'prey_13', 'prey_18', ...] | active_agents=22 | current_step=788
2025-11-23 03:29:15,773 [DEBUG] PredPreyGrassEnv.env-c5d50d3b: event=StepSummary | env_id=env-c5d50d3b | step=788 | current_step=788 | terminated_agents=[] | truncated_agents=[] | remaining_agents=22 | reward_preview={prey_9:-0.001, predator_2:-0.001, predator_4:-0.001, prey_14:-0.001, prey_17:-0.001} | info_preview={}
2025-11-23 03:29:15,783 [DEBUG] PredPreyGrassEnv.env-c5d50d3b: event=StepBegin | env_id=env-c5d50d3b | step=789 | incoming_actions=['prey_9', 'prey_14', 'prey_17', 'prey_13', 'prey_18', ...] | active_agents=22 | current_step=789
2025-11-23 03:29:15,786 [DEBUG] PredPreyGrassEnv.env-c5d50d3b: event=StepSummary | env_id=env-c5d50d3b | step=789 | current_step=789 | terminated_agents=[] | truncated_agents=[] | remaining_agents=22 | reward_preview={prey_9:-0.001, predator_2:-0.001, predator_4:-0.001, prey_14:-0.001, prey_17:-0.001} | info_preview={}
2025-11-23 03:29:15,795 [DEBUG] PredPreyGrassEnv.env-c5d50d3b: event=StepBegin | env_id=env-c5d50d3b | step=790 | incoming_actions=['prey_9', 'prey_14', 'prey_17', 'prey_13', 'prey_18', ...] | active_agents=22 | current_step=790
2025-11-23 03:29:15,799 [DEBUG] PredPreyGrassEnv.env-c5d50d3b: event=StepSummary | env_id=env-c5d50d3b | step=790 | current_step=790 | terminated_agents=[] | truncated_agents=[] | remaining_agents=22 | reward_preview={prey_9:-0.001, predator_2:-0.001, predator_4:-0.001, prey_14:-0.001, prey_17:-0.001} | info_preview={}
2025-11-23 03:29:15,807 [DEBUG] PredPreyGrassEnv.env-c5d50d3b: event=StepBegin | env_id=env-c5d50d3b | step=791 | incoming_actions=['prey_9', 'prey_14', 'prey_17', 'prey_13', 'prey_18', ...] | active_agents=22 | current_step=791
2025-11-23 03:29:15,811 [DEBUG] PredPreyGrassEnv.env-c5d50d3b: event=StepSummary | env_id=env-c5d50d3b | step=791 | current_step=791 | terminated_agents=[] | truncated_agents=[] | remaining_agents=22 | reward_preview={prey_9:-0.001, predator_2:-0.001, predator_4:-0.001, prey_14:-0.001, prey_17:-0.001} | info_preview={}
2025-11-23 03:29:15,819 [DEBUG] PredPreyGrassEnv.env-c5d50d3b: event=StepBegin | env_id=env-c5d50d3b | step=792 | incoming_actions=['prey_9', 'prey_14', 'prey_17', 'prey_13', 'prey_18', ...] | active_agents=22 | current_step=792
2025-11-23 03:29:15,823 [DEBUG] PredPreyGrassEnv.env-c5d50d3b: event=StepSummary | env_id=env-c5d50d3b | step=792 | current_step=792 | terminated_agents=[] | truncated_agents=[] | remaining_agents=22 | reward_preview={prey_9:-0.001, predator_2:-0.001, predator_4:-0.001, prey_14:-0.001, prey_17:-0.001} | info_preview={}
2025-11-23 03:29:15,831 [DEBUG] PredPreyGrassEnv.env-c5d50d3b: event=StepBegin | env_id=env-c5d50d3b | step=793 | incoming_actions=['prey_9', 'prey_14', 'prey_17', 'prey_13', 'prey_18', ...] | active_agents=22 | current_step=793
2025-11-23 03:29:15,835 [DEBUG] PredPreyGrassEnv.env-c5d50d3b: event=StepSummary | env_id=env-c5d50d3b | step=793 | current_step=793 | terminated_agents=[] | truncated_agents=[] | remaining_agents=22 | reward_preview={prey_9:-0.001, predator_2:-0.001, predator_4:-0.001, prey_14:-0.001, prey_17:-0.001} | info_preview={}
2025-11-23 03:29:15,843 [DEBUG] PredPreyGrassEnv.env-c5d50d3b: event=StepBegin | env_id=env-c5d50d3b | step=794 | incoming_actions=['prey_9', 'prey_14', 'prey_17', 'prey_13', 'prey_18', ...] | active_agents=22 | current_step=794
2025-11-23 03:29:15,847 [DEBUG] PredPreyGrassEnv.env-c5d50d3b: event=StepSummary | env_id=env-c5d50d3b | step=794 | current_step=794 | terminated_agents=[] | truncated_agents=[] | remaining_agents=22 | reward_preview={prey_9:-0.001, predator_2:-0.001, predator_4:-0.001, prey_14:-0.001, prey_17:-0.001} | info_preview={}
2025-11-23 03:29:15,856 [DEBUG] PredPreyGrassEnv.env-c5d50d3b: event=StepBegin | env_id=env-c5d50d3b | step=795 | incoming_actions=['prey_9', 'prey_14', 'prey_17', 'prey_13', 'prey_18', ...] | active_agents=22 | current_step=795
2025-11-23 03:29:15,860 [DEBUG] PredPreyGrassEnv.env-c5d50d3b: event=StepSummary | env_id=env-c5d50d3b | step=795 | current_step=795 | terminated_agents=[] | truncated_agents=[] | remaining_agents=22 | reward_preview={prey_9:-0.001, predator_2:-0.001, predator_4:-0.001, prey_14:-0.001, prey_17:-0.001} | info_preview={}
2025-11-23 03:29:15,873 [DEBUG] PredPreyGrassEnv.env-c5d50d3b: event=StepBegin | env_id=env-c5d50d3b | step=796 | incoming_actions=['prey_9', 'prey_14', 'prey_17', 'prey_13', 'prey_18', ...] | active_agents=22 | current_step=796
2025-11-23 03:29:15,882 [DEBUG] PredPreyGrassEnv.env-c5d50d3b: event=StepSummary | env_id=env-c5d50d3b | step=796 | current_step=796 | terminated_agents=[] | truncated_agents=[] | remaining_agents=22 | reward_preview={prey_9:-0.001, predator_2:-0.001, predator_4:-0.001, prey_14:-0.001, prey_17:-0.001} | info_preview={}
2025-11-23 03:29:15,896 [DEBUG] PredPreyGrassEnv.env-c5d50d3b: event=StepBegin | env_id=env-c5d50d3b | step=797 | incoming_actions=['prey_9', 'prey_14', 'prey_17', 'prey_13', 'prey_18', ...] | active_agents=22 | current_step=797
2025-11-23 03:29:15,900 [DEBUG] PredPreyGrassEnv.env-c5d50d3b: event=StepSummary | env_id=env-c5d50d3b | step=797 | current_step=797 | terminated_agents=[] | truncated_agents=[] | remaining_agents=22 | reward_preview={prey_9:-0.001, predator_2:-0.001, predator_4:-0.001, prey_14:-0.001, prey_17:-0.001} | info_preview={}
2025-11-23 03:29:15,909 [DEBUG] PredPreyGrassEnv.env-c5d50d3b: event=StepBegin | env_id=env-c5d50d3b | step=798 | incoming_actions=['prey_9', 'prey_14', 'prey_17', 'prey_13', 'prey_18', ...] | active_agents=22 | current_step=798
2025-11-23 03:29:15,912 [DEBUG] PredPreyGrassEnv.env-c5d50d3b: event=StepSummary | env_id=env-c5d50d3b | step=798 | current_step=798 | terminated_agents=[] | truncated_agents=[] | remaining_agents=22 | reward_preview={prey_9:-0.001, predator_2:-0.001, predator_4:-0.001, prey_14:-0.001, prey_17:-0.001} | info_preview={}
2025-11-23 03:29:15,921 [DEBUG] PredPreyGrassEnv.env-c5d50d3b: event=StepBegin | env_id=env-c5d50d3b | step=799 | incoming_actions=['prey_9', 'prey_14', 'prey_17', 'prey_13', 'prey_18', ...] | active_agents=22 | current_step=799
2025-11-23 03:29:15,924 [DEBUG] PredPreyGrassEnv.env-c5d50d3b: event=StepSummary | env_id=env-c5d50d3b | step=799 | current_step=799 | terminated_agents=[] | truncated_agents=[] | remaining_agents=22 | reward_preview={prey_9:-0.001, predator_2:-0.001, predator_4:-0.001, prey_14:-0.001, prey_17:-0.001} | info_preview={}
2025-11-23 03:29:15,933 [DEBUG] PredPreyGrassEnv.env-c5d50d3b: event=StepBegin | env_id=env-c5d50d3b | step=800 | incoming_actions=['prey_9', 'prey_14', 'prey_17', 'prey_13', 'prey_18', ...] | active_agents=22 | current_step=800
2025-11-23 03:29:15,933 [INFO] PredPreyGrassEnv.env-c5d50d3b: event=MaxStepsReached | env_id=env-c5d50d3b | step=800 | current_step=800 | max_steps=800 | active_agents=22
2025-11-23 03:29:16,628 [INFO] PredPreyGrassEnv.env-c5d50d3b: event=ResetBegin | env_id=env-c5d50d3b | step=800 | seed=None | options=None | enable_continuous_space=True | n_possible_predators=20000 | n_possible_prey=20000
2025-11-23 03:29:16,633 [DEBUG] PredPreyGrassEnv.env-c5d50d3b: event=ResetPositionsGenerated | env_id=env-c5d50d3b | step=0 | predator_samples=[[241.14740164310246, 522.9078813323423], [29.71450451714675, 536.2423380600446], [512.2679537188856, 402.9967725687768]] | prey_samples=[[758.151051753122, 227.00613539418214], [119.97617977703894, 190.98612510151438], [773.2843589477427, 677.4752941002914]] | grass_samples=[[162.78134202479222, 690.863388861564], [14.081828543893156, 704.2928744129586], [693.7973700954818, 160.39741333033524]] | total_entities=125
2025-11-23 03:29:16,638 [INFO] PredPreyGrassEnv.env-c5d50d3b: event=ResetComplete | env_id=env-c5d50d3b | step=0 | predator_count=5 | prey_count=20 | grass_count=100 | predator_samples=[['predator_0', [241.14740164310246, 522.9078813323423]], ['predator_1', [29.71450451714675, 536.2423380600446]], ['predator_2', [512.2679537188856, 402.9967725687768]]] | prey_samples=[['prey_0', [758.151051753122, 227.00613539418214]], ['prey_1', [119.97617977703894, 190.98612510151438]], ['prey_4', [433.6639771151498, 114.8830343081506]]] | grass_samples=[['grass_0', [162.78134202479222, 690.863388861564]], ['grass_1', [14.081828543893156, 704.2928744129586]], ['grass_2', [693.7973700954818, 160.39741333033524]]]
2025-11-23 03:29:17,323 [DEBUG] PredPreyGrassEnv.env-c5d50d3b: event=StepBegin | env_id=env-c5d50d3b | step=0 | incoming_actions=['predator_0', 'predator_1', 'predator_2', 'predator_3', 'predator_4', ...] | active_agents=25 | current_step=0
2025-11-23 03:29:17,328 [DEBUG] PredPreyGrassEnv.env-c5d50d3b: event=StepSummary | env_id=env-c5d50d3b | step=0 | current_step=0 | terminated_agents=[] | truncated_agents=[] | remaining_agents=25 | reward_preview={prey_9:-0.001, predator_2:-0.001, predator_4:-0.001, prey_14:-0.001, prey_17:-0.001} | info_preview={}
