step,predator_0,prey_0
1,4,20
2,4,20
3,4,20
4,4,20
5,4,20
6,4,20
7,4,20
8,4,20
9,4,20
10,4,20
11,4,20
12,4,20
13,4,20
14,4,20
15,4,20
16,4,20
17,4,20
18,4,20
19,4,20
20,4,20
21,4,20
22,4,20
23,4,20
24,4,20
25,4,20
26,4,20
27,4,20
28,4,20
29,4,20
30,4,20
31,4,20
32,4,20
33,4,20
34,4,20
35,4,20
36,4,20
37,4,20
38,4,20
39,4,20
40,4,20
41,4,20
42,4,20
43,4,20
44,4,20
45,4,20
46,4,20
47,4,19
48,4,19
49,4,19
50,4,19
51,4,19
52,4,19
53,4,19
54,4,19
55,4,19
56,4,19
57,4,19
58,4,19
59,4,19
60,4,18
61,4,18
62,4,18
63,4,18
64,4,18
65,4,18
66,4,17
67,5,17
68,5,17
69,5,17
70,5,16
71,5,16
72,5,16
73,5,16
74,5,16
75,5,16
76,5,16
77,5,16
78,5,16
79,5,16
80,5,16
81,5,16
82,5,16
83,5,16
84,5,16
85,5,16
86,5,16
87,5,16
88,5,16
89,5,16
90,5,16
91,5,16
92,5,16
93,5,17
94,5,17
95,5,17
96,5,17
97,5,17
98,5,17
99,5,17
101,5,17
102,5,17
103,5,18
104,5,18
105,5,18
106,5,18
107,5,18
108,5,18
109,5,18
110,5,18
111,5,18
112,5,17
113,5,18
114,5,18
115,5,17
116,5,17
117,5,17
118,5,17
119,5,17
120,5,17
121,5,18
122,5,18
123,5,19
124,5,19
125,5,19
126,5,19
127,5,20
128,5,20
129,5,20
130,5,20
131,5,20
132,5,20
133,5,20
134,5,20
135,5,20
136,5,20
137,5,21
138,5,21
139,5,21
140,5,21
141,5,21
142,5,21
143,5,21
144,5,21
145,5,21
146,5,21
147,5,21
148,5,21
149,5,21
150,5,21
151,5,21
152,5,21
153,5,21
154,5,21
155,5,21
156,5,21
157,5,21
158,5,22
159,5,22
160,5,22
161,5,22
162,5,22
163,5,22
164,5,22
165,5,22
166,5,22
167,5,22
168,5,22
169,5,22
170,5,22
171,5,22
172,5,22
173,5,22
174,5,22
175,5,23
176,5,23
177,5,23
178,5,23
179,5,23
180,5,23
181,5,23
182,5,23
183,5,23
184,5,23
185,5,23
186,5,23
187,5,23
188,5,23
189,5,23
190,5,23
191,5,23
192,5,23
193,5,23
194,5,23
195,5,23
196,5,23
197,5,23
198,5,23
199,5,24
201,5,25
202,5,25
203,5,25
204,5,24
205,5,24
206,5,23
207,5,23
208,5,23
209,6,23
210,6,25
211,6,25
212,6,25
213,6,25
214,6,26
215,6,26
216,6,26
217,6,26
218,6,26
219,6,26
220,6,27
221,6,27
222,6,27
223,6,27
224,6,28
225,6,28
226,6,28
227,6,28
228,6,28
229,6,28
230,6,29
231,6,28
232,6,28
233,6,28
234,6,28
235,6,28
236,6,29
237,6,29
238,6,29
239,6,29
240,6,30
241,6,30
242,6,30
243,6,30
244,6,30
245,6,30
246,6,31
247,6,31
248,6,31
249,6,31
250,6,32
251,6,32
252,6,32
253,6,32
254,6,32
255,6,31
256,6,32
257,6,32
258,6,32
259,6,32
260,6,32
261,6,33
262,6,32
263,6,33
264,6,33
265,6,33
266,6,33
267,6,33
268,6,34
269,6,34
270,6,34
271,6,35
272,6,36
273,6,37
274,6,36
275,6,35
276,6,35
277,6,35
278,6,35
279,6,35
280,6,35
281,6,36
282,6,37
283,6,38
284,6,38
285,6,38
286,6,39
287,6,39
288,6,39
289,6,39
290,6,39
291,6,39
292,6,40
293,6,41
294,6,41
295,6,41
296,6,42
297,6,42
298,6,42
299,6,42
301,6,42
302,6,43
303,6,44
304,6,44
305,6,44
306,6,44
307,6,44
308,6,44
309,6,43
310,6,43
311,6,44
312,6,45
313,6,46
314,6,47
315,6,47
316,6,47
317,6,47
318,6,47
319,6,47
320,6,47
321,6,47
322,6,48
323,6,49
324,6,50
325,6,50
326,6,50
327,6,50
328,6,50
329,6,50
330,6,50
331,6,51
332,6,50
333,6,51
334,6,52
335,6,53
336,6,52
337,6,52
338,6,52
339,6,52
340,6,52
341,6,52
342,6,52
343,6,52
344,6,52
345,6,53
346,6,54
347,6,54
348,6,54
349,6,54
350,6,54
351,6,54
352,6,54
353,6,54
354,6,55
355,6,57
356,6,57
357,6,57
358,6,57
359,6,58
360,6,58
361,6,58
362,6,59
363,6,59
364,6,61
365,6,62
366,6,62
367,6,62
368,6,62
369,6,62
370,6,62
371,6,62
372,6,66
373,6,66
374,6,66
375,6,66
376,6,66
377,6,67
378,6,67
379,6,67
380,6,67
381,6,67
382,6,71
383,6,70
384,6,70
385,6,69
386,6,69
387,6,70
388,6,70
389,6,70
390,6,70
391,6,70
392,6,72
393,6,70
394,6,70
395,6,70
396,6,70
397,6,72
398,6,72
399,6,72
401,6,71
402,6,72
403,6,73
404,6,73
405,6,73
406,6,73
407,6,75
408,6,76
409,6,76
410,6,76
411,6,76
412,6,77
413,6,77
414,6,77
415,6,76
416,6,76
417,6,77
418,6,79
419,6,79
420,6,79
421,6,79
422,6,80
423,6,80
424,6,79
425,6,80
426,6,81
427,6,82
428,6,83
429,6,83
430,6,83
431,6,83
432,6,83
433,6,83
434,6,84
435,6,84
436,6,85
437,6,86
438,6,88
439,6,88
440,6,88
441,6,88
442,6,88
443,6,88
444,6,89
445,6,90
446,6,91
447,6,92
448,6,93
449,6,93
450,6,93
451,6,93
452,6,92
453,6,92
454,6,94
455,6,95
456,6,96
457,6,98
458,6,99
459,6,99
460,6,100
461,6,101
462,6,101
463,6,101
464,6,102
465,6,103
466,6,104
467,6,105
468,6,106
469,6,106
470,6,106
471,6,108
472,6,108
473,6,110
474,6,111
475,6,111
476,6,113
477,6,113
478,6,113
479,6,113
480,6,114
481,6,115
482,6,115
483,6,117
484,6,116
485,6,117
486,6,118
487,6,117
488,6,116
489,6,116
490,6,118
491,6,119
492,6,119
493,6,120
494,6,120
495,6,121
496,6,123
497,6,124
498,6,124
499,6,124
501,6,127
502,6,128
503,6,128
504,6,128
505,6,128
506,6,130
507,6,130
508,6,130
509,6,129
510,6,130
511,6,132
512,6,132
513,6,131
514,6,132
515,6,133
516,6,132
517,6,132
518,6,131
519,6,131
520,6,131
521,6,132
522,6,131
523,6,130
524,6,131
525,6,133
526,6,133
527,6,133
528,6,133
529,6,133
530,6,132
531,6,133
532,6,132
533,6,132
534,6,132
535,6,131
536,6,131
537,6,131
538,6,130
539,6,131
540,6,132
541,6,131
542,6,131
543,6,129
544,6,130
545,6,130
546,6,130
547,6,131
548,6,130
549,6,133
550,6,134
551,6,134
552,6,133
553,6,133
554,6,133
555,6,131
556,6,130
557,6,130
558,6,129
559,6,129
560,6,129
561,6,129
562,6,129
563,6,129
564,6,130
565,6,130
566,6,129
567,6,130
568,6,130
569,6,130
570,6,130
571,6,129
572,6,130
573,6,129
574,6,128
575,6,129
576,6,129
577,6,130
578,6,130
579,6,130
580,6,130
581,6,129
582,6,130
583,6,128
584,6,128
585,6,129
586,6,128
587,6,127
588,6,127
589,6,126
590,6,126
591,6,123
592,6,123
593,6,123
594,6,123
595,6,124
596,6,125
597,6,125
598,6,124
599,6,124
601,6,124
602,6,122
603,6,122
604,6,121
605,6,120
606,6,120
607,6,121
608,6,121
609,6,121
610,6,121
611,6,121
612,6,121
613,6,121
614,6,121
615,6,120
616,6,121
617,6,120
618,6,120
619,6,121
620,6,120
621,6,121
622,6,120
623,6,120
624,6,120
625,6,117
626,6,117
627,6,117
628,6,115
629,6,116
630,6,116
631,6,116
632,6,116
633,6,116
634,6,116
635,6,116
636,6,116
637,6,115
638,6,113
639,6,112
640,6,111
641,6,110
642,6,108
643,6,108
644,6,107
645,6,106
646,6,106
647,6,105
648,6,105
649,6,106
650,6,106
651,6,105
652,6,104
653,6,105
654,6,105
655,6,104
656,6,104
657,6,103
658,6,102
659,6,102
660,6,102
661,6,101
662,6,99
663,6,98
664,6,98
665,6,97
666,6,96
667,6,96
668,6,95
669,6,96
670,6,96
671,6,96
672,6,96
673,6,96
674,6,95
675,6,94
676,6,94
677,6,94
678,6,95
679,6,95
680,6,95
681,6,95
682,6,95
683,6,96
684,6,96
685,6,96
686,6,95
687,6,95
688,6,95
689,6,94
690,6,93
691,6,92
692,6,92
693,6,91
694,6,90
695,6,90
696,6,89
697,6,89
698,6,88
699,6,87
701,6,87
702,6,87
703,6,88
704,6,88
705,6,87
706,6,87
707,6,87
708,6,86
709,6,86
710,6,86
711,6,86
712,6,86
713,6,86
714,6,85
715,6,85
716,6,85
717,6,86
718,6,85
719,6,85
720,5,84
721,5,83
722,5,83
723,5,79
724,5,79
725,5,78
726,5,78
727,5,78
728,5,78
729,5,78
730,5,79
731,5,78
732,5,78
733,5,78
734,5,78
735,5,77
736,5,77
737,5,77
738,5,77
739,5,77
740,5,77
741,5,75
742,5,75
743,5,75
744,5,73
745,5,72
746,5,71
747,5,72
748,5,71
749,5,70
750,5,70
751,5,71
752,5,71
753,5,71
754,5,71
755,5,71
756,5,71
757,5,71
758,5,71
759,5,70
760,5,69
761,5,70
762,5,70
763,5,70
764,5,70
765,5,70
766,5,69
767,5,69
768,5,69
769,5,69
770,5,69
771,5,69
772,5,69
773,5,68
774,5,68
775,5,67
776,5,67
777,5,68
778,5,68
779,5,68
780,5,69
781,4,68
782,4,69
783,4,69
784,4,69
785,4,69
786,4,69
787,4,70
788,4,72
789,4,70
790,4,69
791,4,69
792,4,70
793,4,69
794,4,69
795,4,68
796,4,67
797,4,66
798,4,68
799,4,68
801,4,67
802,4,67
803,4,67
804,4,66
805,4,66
806,4,66
807,4,66
808,4,66
809,4,66
810,4,65
811,4,65
812,4,65
813,4,66
814,4,66
815,4,65
816,4,65
817,4,65
818,4,65
819,4,65
820,4,63
821,4,62
822,4,62
823,4,62
824,4,62
825,4,62
826,4,61
827,4,61
828,4,61
829,4,61
830,4,60
831,4,60
832,4,59
833,4,59
834,4,60
835,4,60
836,4,60
837,4,59
838,4,59
839,4,59
840,4,58
841,4,58
842,4,58
843,4,58
844,4,58
845,4,58
846,4,58
847,4,59
848,4,58
849,4,57
850,4,57
851,4,57
852,4,57
853,4,58
854,4,58
855,4,57
856,4,56
857,4,55
858,4,55
859,4,55
860,4,55
861,4,55
862,4,55
863,4,57
864,4,56
865,4,54
866,4,53
867,4,53
868,4,54
869,4,54
870,4,53
871,4,53
872,4,53
873,4,54
874,4,53
875,4,54
876,4,54
877,4,53
878,4,54
879,4,53
880,4,52
881,4,52
882,4,52
883,4,52
884,4,52
885,4,54
886,4,54
887,4,54
888,4,55
889,4,55
890,4,55
891,4,55
892,4,55
893,4,55
894,4,55
895,4,55
896,4,55
897,4,54
898,4,55
899,4,56
901,4,56
902,4,57
903,4,58
904,4,58
905,4,58
906,4,57
907,4,57
908,4,58
909,4,58
910,4,57
911,4,56
912,4,55
913,4,55
914,4,55
915,4,54
916,4,53
917,4,53
918,5,54
919,5,53
920,5,53
921,5,53
922,5,54
923,5,55
924,5,55
925,5,55
926,5,55
927,5,55
928,5,55
929,5,55
930,5,55
931,5,55
932,5,57
933,5,58
934,5,57
935,5,57
936,5,58
937,5,58
938,5,58
939,5,58
940,5,58
941,5,58
942,5,60
943,5,60
944,5,60
945,5,59
946,5,61
947,5,61
948,5,62
949,5,62
950,5,62
951,5,63
952,5,64
953,5,63
954,5,63
955,5,63
956,5,65
957,5,66
958,5,67
959,5,67
960,5,67
961,5,67
962,5,68
963,5,68
964,5,68
965,5,68
966,5,69
967,5,70
968,6,70
969,6,70
970,6,70
971,6,70
972,6,71
973,6,71
974,6,70
975,6,70
976,6,70
977,6,70
978,6,71
979,6,71
980,6,71
981,6,71
982,6,71
983,6,71
984,6,71
985,6,71
986,6,72
987,6,73
988,6,73
989,6,73
990,6,74
991,6,74
992,6,73
993,6,73
994,6,73
995,6,73
996,6,73
997,6,73
998,6,73
999,6,73
1001,6,71
1002,6,71
1003,6,71
1004,6,71
1005,6,71
1006,6,71
1007,6,71
1008,6,71
1009,6,70
1010,6,72
1011,6,72
1012,6,72
1013,6,72
1014,6,72
1015,6,72
1016,6,72
1017,6,72
1018,6,72
1019,6,71
1020,6,71
1021,6,71
1022,6,71
1023,6,71
1024,6,71
1025,6,71
1026,6,71
1027,6,72
1028,6,72
1029,6,72
1030,6,73
1031,6,73
1032,6,73
1033,6,73
1034,6,73
1035,6,73
1036,6,71
1037,6,71
1038,6,72
1039,6,72
1040,6,71
1041,6,71
1042,6,71
1043,6,71
1044,6,71
1045,6,71
1046,6,71
1047,6,71
1048,6,71
1049,6,71
1050,6,73
1051,6,73
1052,6,73
1053,6,73
1054,6,73
1055,6,73
1056,6,73
1057,6,72
1058,6,72
1059,6,72
1060,6,71
1061,6,71
1062,6,71
1063,6,71
1064,6,70
1065,6,70
1066,6,70
1067,6,69
1068,6,69
1069,6,69
1070,6,68
1071,6,68
1072,6,68
1073,6,68
1074,6,68
1075,6,67
1076,6,67
1077,6,67
1078,6,65
1079,6,65
1080,6,65
1081,6,65
1082,6,64
1083,6,64
1084,6,64
1085,6,65
1086,6,65
1087,6,65
1088,6,63
1089,6,62
1090,6,63
1091,6,63
1092,6,63
1093,6,63
1094,6,61
1095,6,61
1096,6,61
1097,6,60
1098,6,60
1099,6,60
1101,6,60
1102,6,60
1103,6,59
1104,6,58
1105,6,57
1106,6,57
1107,6,57
1108,6,56
1109,6,56
1110,6,56
1111,6,56
1112,6,56
1113,6,56
1114,6,56
1115,6,56
1116,6,56
1117,6,56
1118,6,54
1119,6,53
1120,6,53
1121,6,53
1122,6,53
1123,6,52
1124,6,52
1125,6,52
1126,6,52
1127,6,52
1128,6,52
1129,6,53
1130,6,53
1131,6,53
1132,6,53
1133,6,53
1134,6,53
1135,6,54
1136,6,53
1137,6,53
1138,6,53
1139,6,53
1140,6,53
1141,6,53
1142,6,52
1143,6,52
1144,6,52
1145,6,53
1146,6,53
1147,6,54
1148,6,54
1149,6,54
1150,6,53
1151,6,52
1152,6,52
1153,6,52
1154,6,52
1155,6,53
1156,6,53
1157,6,54
1158,6,54
1159,6,56
1160,6,56
1161,6,56
1162,6,56
1163,6,56
1164,6,56
1165,6,57
1166,6,57
1167,6,57
1168,6,57
1169,6,56
1170,6,56
1171,6,55
1172,6,55
1173,6,55
1174,6,55
1175,6,56
1176,6,56
1177,6,56
1178,6,56
1179,6,56
1180,6,56
1181,6,54
1182,6,54
1183,6,55
1184,6,55
1185,6,56
1186,6,56
1187,6,56
1188,6,55
1189,6,53
1190,7,53
1191,7,52
1192,7,51
1193,7,53
1194,7,53
1195,7,54
1196,7,54
1197,7,53
1198,7,53
1199,7,53
1201,7,53
1202,7,52
1203,7,52
1204,7,52
1205,7,52
1206,7,52
1207,7,52
1208,7,52
1209,7,52
1210,7,52
1211,7,52
1212,7,53
1213,7,54
1214,7,54
1215,7,54
1216,7,55
1217,7,55
1218,7,55
1219,7,53
1220,7,54
1221,7,53
1222,7,54
1223,7,56
1224,7,56
1225,7,56
1226,7,55
1227,7,55
1228,7,54
1229,7,54
1230,7,54
1231,7,54
1232,7,54
1233,7,55
1234,7,55
1235,7,56
1236,7,56
1237,7,56
1238,7,56
1239,7,54
1240,7,54
1241,7,54
1242,7,55
1243,7,55
1244,7,55
1245,7,55
1246,7,54
1247,7,54
1248,7,54
1249,7,54
1250,7,54
1251,7,54
1252,7,56
1253,7,56
1254,7,55
1255,7,55
1256,7,55
1257,7,54
1258,7,54
1259,7,54
1260,7,55
1261,7,54
1262,7,53
1263,7,53
1264,8,54
1265,8,54
1266,8,55
1267,8,55
1268,8,55
1269,8,55
1270,8,55
1271,8,55
1272,8,54
1273,8,55
1274,8,55
1275,8,55
1276,8,56
1277,8,55
1278,8,55
1279,8,54
1280,8,54
1281,8,54
1282,8,54
1283,8,56
1284,8,56
1285,8,56
1286,8,55
1287,8,54
1288,8,55
1289,8,54
1290,8,54
1291,8,54
1292,8,54
1293,8,54
1294,8,54
1295,8,54
1296,8,54
1297,8,54
1298,8,56
1299,8,55
1301,8,55
1302,8,55
1303,8,55
1304,8,55
1305,8,55
1306,8,55
1307,8,55
1308,8,55
1309,8,56
1310,8,56
1311,8,55
1312,8,55
1313,8,56
1314,9,56
1315,9,57
1316,9,57
1317,9,57
1318,9,58
1319,9,58
1320,9,58
1321,9,58
1322,9,58
1323,9,59
1324,9,59
1325,9,59
1326,9,59
1327,9,59
1328,9,60
1329,9,60
1330,9,60
1331,9,60
1332,9,60
1333,9,60
1334,9,59
1335,9,59
1336,9,59
1337,9,58
1338,9,58
1339,9,58
1340,9,58
1341,9,58
1342,9,59
1343,9,59
1344,9,59
1345,9,60
1346,9,60
1347,9,60
1348,9,60
1349,9,59
1350,9,59
1351,9,59
1352,9,59
1353,9,58
1354,9,58
1355,9,58
1356,9,58
1357,9,58
1358,9,59
1359,9,58
1360,9,58
1361,9,58
1362,9,58
1363,9,59
1364,9,59
1365,9,60
1366,9,60
1367,9,60
1368,9,60
1369,9,59
1370,9,59
1371,9,59
1372,9,59
1373,9,59
1374,9,60
1375,9,61
1376,9,61
1377,9,61
1378,9,61
1379,9,62
1380,9,62
1381,9,61
1382,9,62
1383,9,62
1384,9,62
1385,9,64
1386,9,64
1387,9,64
1388,9,64
1389,9,64
1390,9,64
1391,9,64
1392,9,65
1393,9,66
1394,9,65
1395,9,66
1396,9,65
1397,9,65
1398,9,64
1399,9,65
1401,9,65
1402,9,64
1403,9,63
1404,9,62
1405,9,61
1406,9,62
1407,9,62
1408,9,62
1409,9,63
1410,9,64
1411,9,64
1412,9,62
1413,9,61
1414,9,61
1415,9,61
1416,9,61
1417,9,61
1418,9,61
1419,9,62
1420,9,61
1421,9,61
1422,9,61
1423,9,60
1424,9,59
1425,9,59
1426,9,61
1427,9,61
1428,9,61
1429,9,61
1430,9,61
1431,9,61
1432,9,61
1433,9,61
1434,9,61
1435,9,61
1436,9,62
1437,9,63
1438,9,63
1439,9,62
1440,9,61
1441,9,61
1442,9,61
1443,9,61
1444,8,61
1445,8,60
1446,8,60
1447,8,61
1448,8,61
1449,8,61
1450,8,59
1451,8,59
1452,8,58
1453,8,58
1454,8,59
1455,8,61
1456,8,60
1457,8,61
1458,7,61
1459,7,61
1460,7,61
1461,7,61
1462,7,61
1463,7,61
1464,7,61
1465,7,63
1466,7,63
1467,7,62
1468,7,62
1469,7,62
1470,7,62
1471,7,62
1472,7,61
1473,7,61
1474,7,61
1475,7,63
1476,7,63
1477,7,63
1478,7,63
1479,7,62
1480,7,62
1481,7,62
1482,7,61
1483,7,61
1484,7,61
1485,7,62
1486,7,62
1487,7,62
1488,7,61
1489,7,61
1490,7,61
1491,7,61
1492,7,61
1493,7,61
1494,7,62
1495,7,64
1496,7,63
1497,7,63
1498,7,63
1499,7,63
1501,7,62
1502,7,61
1503,7,61
1504,7,63
1505,7,63
1506,7,63
1507,7,63
1508,7,63
1509,7,63
1510,7,62
1511,7,62
1512,7,62
1513,7,62
1514,7,62
1515,7,63
1516,7,62
1517,7,62
1518,7,62
1519,7,62
1520,7,61
1521,7,62
1522,7,62
1523,7,62
1524,7,62
1525,7,63
1526,7,63
1527,7,63
1528,7,64
1529,7,63
1530,6,63
1531,6,64
1532,6,65
1533,6,65
1534,6,65
1535,6,66
1536,6,65
1537,6,65
1538,6,65
1539,6,64
1540,6,64
1541,6,65
1542,6,64
1543,6,64
1544,6,64
1545,6,65
1546,6,65
1547,6,65
1548,6,64
1549,6,64
1550,6,64
1551,6,64
1552,6,64
1553,6,64
1554,6,63
1555,6,63
1556,6,63
1557,6,64
1558,6,64
1559,6,64
1560,6,64
1561,6,64
1562,6,64
1563,6,63
1564,6,63
1565,6,63
1566,6,63
1567,6,63
1568,6,63
1569,6,62
1570,6,62
1571,6,62
1572,6,62
1573,6,62
1574,6,62
1575,6,62
1576,6,63
1577,6,63
1578,6,63
1579,6,64
1580,6,63
1581,6,63
1582,6,62
1583,6,62
1584,6,62
1585,6,62
1586,6,62
1587,6,63
1588,6,63
1589,6,64
1590,6,64
1591,6,64
1592,6,65
1593,6,64
1594,6,64
1595,6,64
1596,6,64
1597,6,62
1598,6,63
1599,6,64
1601,6,65
1602,6,66
1603,6,66
1604,6,67
1605,6,67
1606,6,67
1607,6,67
1608,6,67
1609,6,67
1610,6,67
1611,6,67
1612,6,68
1613,6,67
1614,6,67
1615,6,68
1616,6,68
1617,6,68
1618,6,68
1619,6,67
1620,6,67
1621,6,68
1622,6,69
1623,6,69
1624,6,69
1625,6,69
1626,6,69
1627,6,70
1628,6,68
1629,6,67
1630,6,67
1631,6,68
1632,6,68
1633,6,67
1634,6,67
1635,6,66
1636,6,66
1637,6,65
1638,6,64
1639,6,64
1640,6,63
1641,6,64
1642,6,64
1643,6,64
1644,6,63
1645,6,63
1646,6,62
1647,6,62
1648,6,61
1649,6,61
1650,6,61
1651,6,60
1652,6,61
1653,6,62
1654,6,63
1655,6,63
1656,6,63
1657,6,63
1658,6,64
1659,6,64
1660,6,63
1661,6,63
1662,6,63
1663,6,63
1664,6,63
1665,6,64
1666,6,65
1667,6,65
1668,6,66
1669,6,66
1670,6,66
1671,5,67
1672,5,67
1673,5,67
1674,5,67
1675,5,67
1676,5,68
1677,5,68
1678,5,68
1679,5,69
1680,5,69
1681,5,69
1682,5,68
1683,5,68
1684,5,69
1685,5,69
1686,5,70
1687,5,70
1688,5,71
1689,5,71
1690,5,71
1691,5,72
1692,5,72
1693,5,72
1694,5,73
1695,5,73
1696,5,75
1697,5,75
1698,5,75
1699,5,74
1701,5,73
1702,5,73
1703,5,73
1704,5,74
1705,5,74
1706,5,74
1707,5,74
1708,5,74
1709,5,75
1710,5,75
1711,5,75
1712,5,75
1713,5,75
1714,5,74
1715,5,74
1716,5,74
1717,5,73
1718,5,73
1719,5,73
1720,5,75
1721,5,76
1722,5,76
1723,5,77
1724,5,77
1725,5,77
1726,5,78
1727,5,78
1728,5,79
1729,5,80
1730,5,81
1731,5,82
1732,5,82
1733,5,83
1734,5,83
1735,5,83
1736,5,84
1737,5,84
1738,5,84
1739,5,84
1740,5,85
1741,5,85
1742,5,83
1743,5,84
1744,5,84
1745,5,85
1746,5,84
1747,5,84
1748,5,85
1749,5,85
1750,5,86
1751,5,86
1752,5,86
1753,5,87
1754,5,87
1755,5,88
1756,5,88
1757,5,88
1758,5,89
1759,5,89
1760,5,90
1761,5,91
1762,6,91
1763,6,91
1764,6,91
1765,6,92
1766,6,93
1767,6,93
1768,6,93
1769,6,92
1770,6,92
1771,6,93
1772,6,92
1773,6,92
1774,6,92
1775,6,93
1776,6,94
1777,6,95
1778,6,95
1779,6,95
1780,6,96
1781,6,96
1782,6,97
1783,6,97
1784,6,97
1785,6,97
1786,6,101
1787,6,101
1788,6,101
1789,6,101
1790,6,102
1791,6,102
1792,6,103
1793,6,102
1794,6,100
1795,6,101
1796,6,101
1797,6,101
1798,6,99
1799,6,98
1801,6,97
1802,6,97
1803,6,97
1804,6,97
1805,6,97
1806,6,98
1807,6,98
1808,6,99
1809,6,98
1810,6,97
1811,6,97
1812,6,97
1813,6,97
1814,6,95
1815,6,96
1816,6,96
1817,6,96
1818,6,96
1819,6,96
1820,6,95
1821,6,94
1822,6,93
1823,6,92
1824,6,91
1825,6,90
1826,6,90
1827,6,90
1828,6,89
1829,6,89
1830,6,89
1831,6,89
1832,6,89
1833,6,89
1834,6,89
1835,6,89
1836,6,89
1837,6,88
1838,6,87
1839,6,87
1840,6,87
1841,6,87
1842,6,87
1843,6,88
1844,6,89
1845,6,89
1846,6,89
1847,6,89
1848,6,88
1849,6,87
1850,6,87
1851,6,85
1852,6,85
1853,6,84
1854,6,83
1855,6,81
1856,6,81
1857,6,81
1858,6,81
1859,6,81
1860,6,81
1861,6,81
1862,6,81
1863,6,81
1864,6,81
1865,6,81
1866,6,81
1867,6,81
1868,6,81
1869,6,81
1870,6,80
1871,6,79
1872,6,81
1873,6,81
1874,6,81
1875,6,81
1876,6,81
1877,6,82
1878,6,82
1879,6,82
1880,6,82
1881,6,82
1882,6,82
1883,6,83
1884,6,83
1885,6,82
1886,6,82
1887,6,84
1888,6,83
1889,6,83
1890,6,83
1891,6,82
1892,6,81
1893,6,80
1894,6,80
1895,6,80
1896,6,80
1897,6,80
1898,6,80
1899,6,79
1901,6,80
1902,6,79
1903,6,79
1904,6,79
1905,6,79
1906,6,79
1907,6,79
1908,6,79
1909,6,78
1910,6,77
1911,6,76
1912,6,76
1913,6,75
1914,6,75
1915,6,75
1916,6,75
1917,6,75
1918,6,74
1919,6,74
1920,6,75
1921,6,76
1922,6,76
1923,6,75
1924,6,75
1925,6,75
1926,6,75
1927,6,75
1928,6,73
1929,6,73
1930,6,72
1931,6,72
1932,6,70
1933,6,70
1934,6,70
1935,6,70
1936,6,70
1937,6,69
1938,6,68
1939,6,68
1940,6,68
1941,6,68
1942,6,68
1943,6,66
1944,6,65
1945,6,65
1946,6,66
1947,6,66
1948,6,66
1949,6,66
1950,6,66
1951,6,66
1952,6,65
1953,6,65
1954,6,64
1955,6,64
1956,6,64
1957,6,64
1958,6,64
1959,6,64
1960,6,64
1961,6,63
1962,6,63
1963,6,63
1964,6,62
1965,6,62
1966,6,62
1967,6,60
1968,6,60
1969,6,60
1970,6,60
1971,6,61
1972,6,61
1973,6,61
1974,6,61
1975,6,61
1976,6,62
1977,6,62
1978,6,62
1979,6,62
1980,6,63
1981,6,63
1982,6,63
1983,6,63
1984,6,62
1985,6,63
1986,6,62
1987,6,62
1988,6,62
1989,6,61
1990,6,61
1991,6,62
1992,6,62
1993,6,62
1994,6,62
1995,6,62
1996,6,60
1997,6,60
1998,6,60
1999,6,59
2001,6,60
2002,6,61
2003,6,61
2004,6,61
2005,6,61
2006,6,61
2007,6,61
2008,6,61
2009,6,60
2010,6,60
2011,6,59
2012,6,59
2013,6,59
2014,6,59
2015,6,59
2016,6,59
2017,6,59
2018,6,59
2019,6,59
2020,6,59
2021,6,59
2022,6,60
2023,6,59
2024,6,59
2025,6,58
2026,6,57
2027,6,57
2028,6,57
2029,6,55
2030,6,55
2031,6,55
2032,6,56
2033,6,56
2034,6,56
2035,6,55
2036,6,55
2037,6,55
2038,6,55
2039,6,57
2040,6,56
2041,6,56
2042,6,56
2043,6,55
2044,6,55
2045,6,55
2046,6,55
2047,6,55
2048,6,55
2049,6,55
2050,6,55
2051,6,56
2052,6,56
2053,6,56
2054,6,56
2055,6,56
2056,6,56
2057,6,56
2058,6,56
2059,6,56
2060,6,55
2061,6,55
2062,6,54
2063,6,53
2064,6,53
2065,6,53
2066,6,53
2067,6,53
2068,6,54
2069,6,54
2070,6,54
2071,6,54
2072,6,54
2073,6,54
2074,6,53
2075,6,54
2076,6,53
2077,6,52
2078,6,53
2079,6,53
2080,6,53
2081,6,53
2082,6,53
2083,6,53
2084,6,53
2085,6,54
2086,6,54
2087,6,54
2088,6,54
2089,6,54
2090,6,54
2091,6,54
2092,6,54
2093,6,54
2094,6,54
2095,6,55
2096,6,56
2097,6,56
2098,6,56
2099,6,56
2101,6,55
2102,6,55
2103,6,55
2104,6,55
2105,6,56
2106,6,57
2107,6,57
2108,6,57
2109,6,56
2110,6,57
2111,6,58
2112,6,57
2113,6,58
2114,6,58
2115,6,58
2116,6,59
2117,6,59
2118,6,59
2119,6,59
2120,6,60
2121,6,59
2122,6,59
2123,6,58
2124,6,57
2125,6,57
2126,6,59
2127,6,59
2128,6,59
2129,6,60
2130,6,60
2131,6,60
2132,6,59
2133,6,59
2134,6,59
2135,6,60
2136,6,62
2137,6,61
2138,6,61
2139,6,61
2140,6,60
2141,6,60
2142,6,59
2143,6,59
2144,6,59
2145,6,60
2146,6,62
2147,6,63
2148,6,63
2149,6,64
2150,6,63
2151,6,63
2152,6,63
2153,6,64
2154,6,63
2155,6,63
2156,6,63
2157,6,63
2158,6,63
2159,6,65
2160,6,65
2161,6,65
2162,6,66
2163,6,65
2164,6,65
2165,6,65
2166,6,65
2167,6,65
2168,6,65
2169,6,66
2170,6,66
2171,6,67
2172,6,71
2173,6,71
2174,6,70
2175,6,70
2176,6,70
2177,6,70
2178,6,69
2179,6,70
2180,6,69
2181,6,70
2182,6,70
2183,6,70
2184,6,70
2185,6,71
2186,6,70
2187,6,70
2188,6,70
2189,6,71
2190,6,71
2191,6,72
2192,6,73
2193,6,73
2194,6,74
2195,6,74
2196,6,75
2197,6,75
2198,6,75
2199,6,76
2201,6,76
2202,6,76
2203,6,76
2204,6,75
2205,6,75
2206,6,75
2207,6,75
2208,6,73
2209,6,73
2210,6,73
2211,6,73
2212,6,73
2213,6,72
2214,6,73
2215,6,72
2216,6,72
2217,6,72
2218,6,72
2219,6,72
2220,6,72
2221,6,72
2222,6,72
2223,6,73
2224,6,73
2225,6,73
2226,6,73
2227,6,72
2228,6,72
2229,6,72
2230,6,72
2231,6,73
2232,6,73
2233,6,74
2234,6,74
2235,6,74
2236,6,74
2237,6,74
2238,6,74
2239,6,73
2240,6,73
2241,6,74
2242,6,74
2243,6,74
2244,6,74
2245,6,75
2246,6,75
2247,6,76
2248,6,76
2249,6,76
2250,6,76
2251,6,76
2252,6,77
2253,6,78
2254,6,76
2255,6,76
2256,6,76
2257,6,78
2258,6,78
2259,6,78
2260,6,78
2261,6,78
2262,6,78
2263,6,78
2264,6,78
2265,6,78
2266,6,78
2267,6,80
2268,6,80
2269,6,80
2270,6,82
2271,6,82
2272,6,82
2273,6,81
2274,6,81
2275,6,82
2276,6,80
2277,6,83
2278,6,83
2279,6,81
2280,6,83
2281,6,84
2282,6,83
2283,6,83
2284,6,83
2285,6,82
2286,6,82
2287,6,83
2288,6,83
2289,6,83
2290,6,83
2291,6,83
2292,6,83
2293,6,83
2294,6,83
2295,6,82
2296,6,81
2297,6,82
2298,6,82
2299,6,82
2301,6,84
2302,6,85
2303,6,84
2304,6,84
2305,6,84
2306,6,84
2307,6,84
2308,6,83
2309,6,83
2310,6,84
2311,6,83
2312,6,83
2313,6,83
2314,6,83
2315,6,83
2316,6,83
2317,6,84
2318,6,84
2319,6,83
2320,6,83
2321,6,82
2322,6,82
2323,6,82
2324,6,81
2325,6,81
2326,6,81
2327,6,82
2328,6,83
2329,6,83
2330,6,83
2331,6,82
2332,6,83
2333,6,83
2334,6,83
2335,6,83
2336,6,84
2337,6,84
2338,6,84
2339,6,84
2340,6,85
2341,6,85
2342,6,85
2343,6,85
2344,6,85
2345,6,85
2346,6,85
2347,6,85
2348,6,85
2349,6,85
2350,6,85
2351,6,85
2352,6,84
2353,6,82
2354,6,82
2355,6,82
2356,6,81
2357,6,81
2358,6,80
2359,6,79
2360,6,79
2361,6,78
2362,6,78
2363,6,77
2364,6,75
2365,6,74
2366,6,74
2367,6,74
2368,6,73
2369,6,73
2370,6,73
2371,6,73
2372,6,73
2373,6,74
2374,6,74
2375,6,74
2376,6,72
2377,6,72
2378,6,72
2379,6,72
2380,6,73
2381,6,72
2382,6,71
2383,6,72
2384,6,72
2385,6,72
2386,6,72
2387,6,71
2388,6,71
2389,6,71
2390,6,71
2391,6,71
2392,6,72
2393,6,72
2394,6,72
2395,6,72
2396,6,72
2397,6,72
2398,6,72
2399,6,72
2401,6,71
2402,6,72
2403,6,73
2404,6,73
2405,6,73
2406,6,73
2407,6,73
2408,6,73
2409,6,73
2410,6,73
2411,6,73
2412,6,72
2413,6,73
2414,6,73
2415,6,71
2416,6,72
2417,6,71
2418,6,71
2419,6,71
2420,6,71
2421,6,71
2422,6,71
2423,6,70
2424,6,70
2425,6,70
2426,6,71
2427,6,71
2428,6,70
2429,6,70
2430,6,70
2431,6,70
2432,6,70
2433,6,70
2434,6,70
2435,6,71
2436,6,70
2437,6,70
2438,6,69
2439,7,70
2440,7,69
2441,7,68
2442,7,68
2443,7,68
2444,7,67
2445,7,66
2446,7,66
2447,7,66
2448,7,65
2449,7,65
2450,7,65
2451,7,65
2452,7,64
2453,7,64
2454,7,65
2455,7,64
2456,7,64
2457,7,65
2458,7,64
2459,7,63
2460,7,63
2461,7,61
2462,7,61
2463,7,60
2464,7,60
2465,7,61
2466,7,61
2467,7,61
2468,7,61
2469,7,61
2470,7,61
2471,7,61
2472,7,62
2473,7,60
2474,7,59
2475,7,59
2476,7,59
2477,7,59
2478,7,59
2479,7,60
2480,7,60
2481,7,61
2482,7,62
2483,7,62
2484,7,62
2485,7,62
2486,7,61
2487,7,61
2488,7,61
2489,8,62
2490,8,62
2491,8,61
2492,8,61
2493,8,62
2494,8,62
2495,8,62
2496,8,62
2497,8,62
2498,8,62
2499,8,61
2501,8,61
2502,8,62
2503,8,62
2504,8,62
2505,8,62
2506,8,62
2507,8,62
2508,8,61
2509,8,61
2510,8,61
2511,8,61
2512,8,60
2513,8,60
2514,8,60
2515,8,62
2516,8,62
2517,8,62
2518,8,62
2519,8,62
2520,8,62
2521,8,62
2522,8,62
2523,8,61
2524,8,60
2525,8,61
2526,8,61
2527,8,61
2528,8,60
2529,8,61
2530,8,61
2531,8,62
2532,8,62
2533,8,62
2534,8,62
2535,8,62
2536,8,62
2537,8,62
2538,8,62
2539,8,62
2540,8,62
2541,8,61
2542,8,60
2543,8,61
2544,8,61
2545,8,61
2546,8,61
2547,8,60
2548,8,58
2549,8,58
2550,8,58
2551,8,58
2552,8,58
2553,8,59
2554,8,59
2555,8,59
2556,8,59
2557,8,57
2558,8,57
2559,8,56
2560,8,55
2561,8,55
2562,8,54
2563,8,55
2564,8,55
2565,8,56
2566,8,56
2567,8,57
2568,8,56
2569,8,56
2570,8,56
2571,8,56
2572,8,56
2573,8,56
2574,8,58
2575,8,60
2576,8,61
2577,8,62
2578,8,62
2579,8,61
2580,8,61
2581,8,61
2582,8,61
2583,8,59
2584,8,60
2585,8,60
2586,8,60
2587,8,60
2588,8,60
2589,8,60
2590,8,59
2591,8,59
2592,8,59
2593,8,60
2594,8,60
2595,8,60
2596,8,60
2597,8,60
2598,8,60
2599,8,60
2601,8,61
2602,8,61
2603,8,61
2604,8,61
2605,8,61
2606,8,61
2607,8,61
2608,8,60
2609,8,60
2610,8,61
2611,8,62
2612,8,61
2613,8,60
2614,8,60
2615,8,59
2616,8,59
2617,8,60
2618,8,59
2619,8,58
2620,8,58
2621,8,57
2622,8,57
2623,8,57
2624,8,56
2625,8,55
2626,8,55
2627,8,55
2628,8,55
2629,8,53
2630,8,54
2631,8,54
2632,8,54
2633,8,54
2634,8,53
2635,8,53
2636,8,53
2637,8,53
2638,8,53
2639,8,53
2640,8,54
2641,8,54
2642,8,54
2643,8,54
2644,8,55
2645,8,55
2646,8,55
2647,8,55
2648,8,55
2649,8,55
2650,8,55
2651,8,55
2652,8,55
2653,8,55
2654,8,56
2655,8,56
2656,8,56
2657,8,56
2658,8,56
2659,8,56
2660,8,56
2661,8,56
2662,8,56
2663,8,56
2664,8,57
2665,8,58
2666,8,59
2667,8,58
2668,8,58
2669,8,58
2670,8,58
2671,8,55
2672,8,55
2673,8,55
2674,8,55
2675,8,55
2676,8,56
2677,8,56
2678,8,56
2679,8,57
2680,8,57
2681,8,57
2682,8,57
2683,8,57
2684,8,57
2685,8,57
2686,8,57
2687,8,56
2688,8,57
2689,8,58
2690,8,59
2691,8,59
2692,8,59
2693,8,59
2694,8,59
2695,8,59
2696,8,59
2697,8,59
2698,8,60
2699,8,61
2701,8,60
2702,8,59
2703,8,59
2704,8,59
2705,8,59
2706,8,59
2707,8,59
2708,8,60
2709,8,62
2710,8,62
2711,8,62
2712,8,62
2713,8,63
2714,8,63
2715,8,63
2716,8,63
2717,8,63
2718,8,64
2719,8,65
2720,8,65
2721,8,65
2722,8,65
2723,8,65
2724,8,66
2725,8,66
2726,8,66
2727,8,66
2728,8,67
2729,8,66
2730,8,66
2731,8,67
2732,8,67
2733,8,66
2734,8,65
2735,8,65
2736,8,64
2737,8,64
2738,8,66
2739,8,65
2740,8,64
2741,8,64
2742,8,64
2743,8,64
2744,8,64
2745,8,65
2746,8,65
2747,8,64
2748,8,65
2749,8,64
2750,8,64
2751,8,64
2752,8,63
2753,8,63
2754,8,63
2755,8,64
2756,8,64
2757,8,64
2758,8,65
2759,8,65
2760,8,65
2761,8,65
2762,8,64
2763,8,64
2764,8,64
2765,8,64
2766,8,62
2767,8,61
2768,8,62
2769,8,62
2770,8,62
2771,8,62
2772,8,62
2773,8,61
2774,8,61
2775,8,61
2776,8,61
2777,8,61
2778,8,61
2779,8,61
2780,8,61
2781,8,61
2782,8,61
2783,8,61
2784,8,61
2785,8,60
2786,8,60
2787,8,56
2788,8,55
2789,8,56
2790,8,56
2791,8,56
2792,8,56
2793,8,56
2794,8,56
2795,8,56
2796,8,56
2797,8,56
2798,8,55
2799,8,56
2801,8,55
2802,8,55
2803,8,55
2804,8,55
2805,8,55
2806,8,55
2807,8,54
2808,8,54
2809,8,54
2810,8,53
2811,8,53
2812,8,53
2813,8,52
2814,8,52
2815,8,52
2816,8,53
2817,8,53
2818,8,53
2819,8,52
2820,8,52
2821,8,51
2822,8,52
2823,8,52
2824,8,52
2825,8,52
2826,8,51
2827,8,51
2828,8,51
2829,8,51
2830,8,51
2831,8,51
2832,8,51
2833,8,52
2834,8,52
2835,8,52
2836,8,52
2837,8,52
2838,8,52
2839,8,52
2840,8,51
2841,8,50
2842,8,50
2843,8,51
2844,8,51
2845,8,50
2846,8,50
2847,8,50
2848,8,50
2849,8,49
2850,8,48
2851,8,48
2852,8,48
2853,8,49
2854,8,49
2855,8,49
2856,8,49
2857,8,49
2858,8,48
2859,8,48
2860,8,48
2861,8,48
2862,8,48
2863,8,49
2864,8,49
2865,8,49
2866,8,47
2867,8,47
2868,8,46
2869,8,46
2870,8,46
2871,8,46
2872,8,46
2873,8,46
2874,8,46
2875,8,46
2876,8,45
2877,8,46
2878,8,47
2879,8,47
2880,8,47
2881,8,48
2882,8,48
2883,8,48
2884,8,47
2885,8,47
2886,8,47
2887,8,47
2888,8,45
2889,8,46
2890,8,46
2891,8,46
2892,8,46
2893,8,45
2894,8,45
2895,8,45
2896,7,45
2897,7,45
2898,7,46
2899,7,47
2901,7,47
2902,7,47
2903,7,46
2904,7,44
2905,7,43
2906,7,43
2907,7,43
2908,7,43
2909,7,44
2910,7,44
2911,7,44
2912,7,44
2913,7,44
2914,7,44
2915,7,44
2916,7,45
2917,7,46
2918,7,47
2919,7,49
2920,7,49
2921,7,48
2922,7,48
2923,7,48
2924,7,48
2925,7,48
2926,7,50
2927,7,51
2928,7,51
2929,7,52
2930,7,53
2931,7,53
2932,7,53
2933,7,53
2934,7,53
2935,7,53
2936,7,55
2937,7,55
2938,7,56
2939,7,57
2940,7,57
2941,7,58
2942,7,58
2943,7,58
2944,7,58
2945,7,58
2946,7,60
2947,7,61
2948,7,61
2949,7,62
2950,7,62
2951,7,62
2952,7,62
2953,7,62
2954,7,62
2955,7,62
2956,7,65
2957,7,63
2958,7,63
2959,7,63
2960,7,64
2961,7,64
2962,7,65
2963,7,65
2964,7,64
2965,7,64
2966,7,66
2967,7,66
2968,7,67
2969,7,66
2970,7,66
2971,7,66
2972,7,66
2973,7,66
2974,7,67
2975,7,67
2976,7,67
2977,7,67
2978,7,68
2979,7,68
2980,7,69
2981,7,69
2982,7,70
2983,7,70
2984,7,71
2985,7,71
2986,7,72
2987,7,72
2988,7,72
2989,7,72
2990,7,71
2991,7,71
2992,7,71
2993,7,71
2994,7,74
2995,7,74
2996,7,74
2997,7,74
2998,7,74
2999,7,74
3001,7,74
3002,7,74
3003,7,74
3004,7,74
3005,7,74
3006,7,73
3007,7,73
3008,7,73
3009,7,73
3010,7,73
3011,7,73
3012,7,73
3013,7,73
3014,7,73
3015,7,73
3016,7,75
3017,7,75
3018,7,75
3019,7,75
3020,7,75
3021,7,75
3022,7,75
3023,7,76
3024,7,76
3025,7,76
3026,7,75
3027,7,75
3028,7,76
3029,7,76
3030,7,76
3031,7,77
3032,7,77
3033,7,78
3034,7,78
3035,7,78
3036,7,78
3037,7,78
3038,7,78
3039,7,78
3040,7,77
3041,7,77
3042,7,77
3043,7,79
3044,7,79
3045,7,78
3046,7,78
3047,7,78
3048,7,78
3049,7,77
3050,7,77
3051,7,77
3052,7,76
3053,7,76
3054,7,76
3055,7,76
3056,7,76
3057,7,76
3058,7,76
3059,7,76
3060,7,76
3061,7,76
3062,7,76
3063,7,76
3064,7,75
3065,7,74
3066,7,74
3067,7,74
3068,7,74
3069,7,74
3070,7,74
3071,7,74
3072,7,74
3073,7,74
3074,7,74
3075,7,74
3076,7,74
3077,7,75
3078,7,73
3079,7,73
3080,7,74
3081,7,74
3082,7,74
3083,7,73
3084,7,72
3085,7,73
3086,7,72
3087,7,72
3088,7,72
3089,7,72
3090,7,72
3091,7,72
3092,7,72
3093,7,73
3094,7,73
3095,7,73
3096,7,74
3097,7,72
3098,7,72
3099,7,72
3101,7,72
3102,7,72
3103,7,73
3104,7,72
3105,7,73
3106,7,73
3107,7,73
3108,7,73
3109,7,73
3110,7,73
3111,7,73
3112,7,73
3113,7,72
3114,7,71
3115,7,71
3116,7,71
3117,7,72
3118,7,70
3119,7,70
3120,7,71
3121,7,71
3122,7,72
3123,7,71
3124,7,71
3125,7,70
3126,7,70
3127,7,70
3128,7,70
3129,7,70
3130,7,69
3131,7,69
3132,7,70
3133,7,71
3134,7,70
3135,7,70
3136,7,70
3137,7,71
3138,7,71
3139,7,71
3140,7,71
3141,7,71
3142,7,73
3143,7,73
3144,7,71
3145,7,70
3146,7,71
3147,7,72
3148,7,71
3149,7,71
3150,7,71
3151,7,71
3152,7,72
3153,7,72
3154,7,72
3155,7,71
3156,7,71
3157,7,72
3158,7,71
3159,7,70
3160,7,70
3161,7,69
3162,7,70
3163,7,69
3164,7,68
3165,7,68
3166,7,69
3167,7,71
3168,7,71
3169,7,70
3170,7,70
3171,7,70
3172,7,70
3173,7,70
3174,7,70
3175,7,71
3176,7,71
3177,7,72
3178,7,72
3179,7,72
3180,7,71
3181,7,70
3182,7,70
3183,7,70
3184,7,70
3185,7,71
3186,7,72
3187,7,69
3188,7,68
3189,7,67
3190,7,67
3191,7,67
3192,7,66
3193,7,67
3194,7,67
3195,7,68
3196,7,68
3197,7,67
3198,7,66
3199,7,66
3201,7,66
3202,7,66
3203,7,66
3204,7,66
3205,7,67
3206,7,68
3207,7,67
3208,7,67
3209,7,67
3210,7,66
3211,7,66
3212,7,65
3213,7,65
3214,7,65
3215,7,65
3216,7,65
3217,7,65
3218,7,65
3219,7,65
3220,7,65
3221,7,65
3222,7,64
3223,7,65
3224,7,65
3225,7,64
3226,7,63
3227,7,63
3228,7,63
3229,7,63
3230,7,63
3231,7,63
3232,7,63
3233,7,63
3234,7,62
3235,7,62
3236,7,63
3237,7,62
3238,7,61
3239,7,61
3240,7,59
3241,7,58
3242,7,58
3243,7,57
3244,7,57
3245,6,57
3246,6,57
3247,6,57
3248,6,56
3249,6,56
3250,6,55
3251,6,55
3252,6,56
3253,6,56
3254,6,56
3255,6,55
3256,6,55
3257,6,55
3258,6,53
3259,6,53
3260,6,52
3261,6,53
3262,6,53
3263,6,53
3264,6,54
3265,6,54
3266,6,54
3267,6,54
3268,6,54
3269,6,54
3270,6,54
3271,6,55
3272,6,55
3273,6,55
3274,6,56
3275,6,56
3276,6,56
3277,6,58
3278,6,57
3279,6,57
3280,6,58
3281,6,58
3282,6,58
3283,6,58
3284,6,59
3285,6,59
3286,6,59
3287,6,59
3288,6,59
3289,6,59
3290,6,60
3291,6,60
3292,6,59
3293,6,59
3294,6,59
3295,6,59
3296,6,60
3297,6,60
3298,6,61
3299,6,61
3301,6,63
3302,6,63
3303,6,64
3304,6,64
3305,6,64
3306,6,64
3307,6,64
3308,6,65
3309,6,65
3310,6,65
3311,6,66
3312,6,65
3313,6,65
3314,6,66
3315,6,65
3316,6,65
3317,6,64
3318,6,66
3319,6,66
3320,6,66
3321,6,67
3322,6,67
3323,6,67
3324,6,67
3325,6,67
3326,6,67
3327,6,67
3328,6,68
3329,6,66
3330,6,66
3331,6,67
3332,6,67
3333,6,66
3334,6,66
3335,6,67
3336,6,68
3337,6,68
3338,6,70
3339,6,70
3340,6,70
3341,6,71
3342,6,71
3343,6,70
3344,6,70
3345,6,70
3346,6,70
3347,6,70
3348,6,73
3349,6,73
3350,6,72
3351,6,73
3352,6,73
3353,6,70
3354,6,70
3355,6,70
3356,6,70
3357,6,70
3358,6,71
3359,6,71
3360,6,71
3361,6,71
3362,6,71
3363,6,71
3364,6,71
3365,6,71
3366,6,70
3367,6,70
3368,6,72
3369,6,72
3370,6,72
3371,6,72
3372,6,72
3373,6,73
3374,6,72
3375,6,73
3376,6,73
3377,6,73
3378,6,74
3379,6,74
3380,6,74
3381,6,74
3382,6,74
3383,6,75
3384,6,74
3385,6,75
3386,6,75
3387,6,74
3388,6,74
3389,6,74
3390,6,74
3391,6,75
3392,6,75
3393,6,75
3394,6,75
3395,6,75
3396,6,76
3397,6,76
3398,6,77
3399,6,77
3401,6,78
3402,6,78
3403,6,80
3404,6,80
3405,6,80
3406,6,81
3407,6,81
3408,6,81
3409,6,81
3410,6,82
3411,6,82
3412,6,82
3413,6,83
3414,6,84
3415,6,84
3416,6,86
3417,6,86
3418,6,86
3419,6,86
3420,6,86
3421,6,86
3422,6,85
3423,6,86
3424,6,87
3425,6,85
3426,6,86
3427,6,86
3428,6,87
3429,6,87
3430,6,87
3431,6,87
3432,6,87
3433,6,87
3434,6,87
3435,6,86
3436,6,88
3437,6,88
3438,6,89
3439,6,89
3440,6,89
3441,6,89
3442,6,89
3443,6,90
3444,6,90
3445,6,90
3446,6,91
3447,6,90
3448,6,91
3449,6,90
3450,6,90
3451,6,89
3452,6,88
3453,6,88
3454,6,86
3455,6,85
3456,6,86
3457,6,86
3458,6,87
3459,6,86
3460,6,86
3461,6,86
3462,6,85
3463,6,84
3464,6,84
3465,6,84
3466,6,85
3467,6,85
3468,6,86
3469,6,86
3470,6,86
3471,6,86
3472,6,86
3473,6,86
3474,6,87
3475,6,87
3476,6,86
3477,6,86
3478,6,88
3479,6,87
3480,6,87
3481,6,87
3482,6,87
3483,6,87
3484,6,85
3485,6,85
3486,6,84
3487,6,84
3488,6,84
3489,6,84
3490,6,83
3491,6,83
3492,6,83
3493,6,84
3494,6,83
3495,6,83
3496,6,84
3497,6,85
3498,6,84
3499,6,83
3501,6,83
3502,6,83
3503,6,83
3504,6,83
3505,6,83
3506,6,84
3507,6,84
3508,6,84
3509,6,84
3510,6,83
3511,6,82
3512,6,80
3513,6,80
3514,6,80
3515,6,80
3516,6,81
3517,6,82
3518,6,81
3519,6,81
3520,6,80
3521,6,80
3522,6,80
3523,6,81
3524,6,80
3525,6,81
3526,6,81
3527,6,80
3528,6,79
3529,6,77
3530,6,77
3531,6,76
3532,6,76
3533,6,78
3534,6,78
3535,6,79
3536,6,79
3537,6,78
3538,6,78
3539,6,77
3540,6,77
3541,6,77
3542,6,77
3543,6,78
3544,6,78
3545,6,78
3546,6,79
3547,6,79
3548,6,80
3549,6,79
3550,6,79
3551,6,79
3552,6,79
3553,6,79
3554,6,79
3555,6,79
3556,6,79
3557,6,79
3558,6,80
3559,6,80
3560,6,80
3561,6,80
3562,6,79
3563,6,79
3564,6,80
3565,6,80
3566,6,80
3567,6,80
3568,6,80
3569,6,80
3570,6,80
3571,6,81
3572,6,81
3573,6,80
3574,6,80
3575,6,81
3576,6,81
3577,6,81
3578,6,81
3579,6,81
3580,6,81
3581,6,82
3582,6,82
3583,6,81
3584,6,81
3585,6,79
3586,6,78
3587,6,78
3588,6,78
3589,6,78
3590,6,79
3591,6,79
3592,6,78
3593,6,77
3594,6,77
3595,6,78
3596,6,78
3597,6,78
3598,6,78
3599,6,77
3601,6,77
3602,6,77
3603,6,78
3604,6,77
3605,6,77
3606,6,77
3607,6,76
3608,6,76
3609,6,76
3610,6,76
3611,6,76
3612,6,76
3613,6,75
3614,6,75
3615,6,76
3616,6,76
3617,6,76
3618,6,76
3619,6,76
3620,6,76
3621,6,76
3622,6,76
3623,6,76
3624,6,76
3625,6,76
3626,6,77
3627,6,76
3628,6,76
3629,6,76
3630,6,76
3631,6,76
3632,5,76
3633,5,75
3634,5,75
3635,5,75
3636,5,75
3637,5,74
3638,5,74
3639,5,73
3640,5,73
3641,5,72
3642,5,73
3643,5,73
3644,5,73
3645,5,73
3646,5,73
3647,5,73
3648,5,73
3649,5,74
3650,5,74
3651,5,74
3652,5,75
3653,5,74
3654,5,74
3655,5,74
3656,5,74
3657,5,73
3658,5,72
3659,5,73
3660,5,73
3661,5,73
3662,5,73
3663,5,72
3664,5,72
3665,5,71
3666,5,71
3667,5,72
3668,5,72
3669,5,73
3670,5,73
3671,5,72
3672,5,73
3673,5,72
3674,5,71
3675,5,71
3676,5,70
3677,5,70
3678,5,70
3679,5,69
3680,5,68
3681,5,67
3682,5,67
3683,5,66
3684,5,65
3685,5,66
3686,5,66
3687,5,67
3688,5,67
3689,5,67
3690,5,67
3691,5,67
3692,5,68
3693,5,68
3694,5,69
3695,5,69
3696,5,69
3697,5,69
3698,5,69
3699,5,69
3701,5,68
3702,5,68
3703,5,68
3704,5,69
3705,5,68
3706,5,68
3707,5,66
3708,5,66
3709,5,66
3710,5,66
3711,5,67
3712,5,67
3713,5,66
3714,5,67
3715,5,67
3716,5,67
3717,5,66
3718,5,66
3719,5,66
3720,5,66
3721,5,66
3722,5,66
3723,5,66
3724,5,66
3725,5,66
3726,5,66
3727,5,66
3728,5,66
3729,5,66
3730,5,66
3731,5,64
3732,5,62
3733,5,62
3734,5,62
3735,5,62
3736,5,62
3737,5,62
3738,5,62
3739,5,63
3740,5,63
3741,5,64
3742,5,64
3743,5,64
3744,5,63
3745,5,64
3746,5,64
3747,5,63
3748,5,63
3749,5,63
3750,5,63
3751,5,64
3752,5,64
3753,5,64
3754,5,64
3755,5,65
3756,5,66
3757,5,66
3758,5,66
3759,5,66
3760,5,66
3761,5,67
3762,5,67
3763,5,67
3764,5,67
3765,5,68
3766,5,67
3767,5,67
3768,5,67
3769,5,67
3770,5,67
3771,5,66
3772,5,66
3773,5,66
3774,5,65
3775,5,65
3776,5,65
3777,5,65
3778,5,63
3779,5,63
3780,5,63
3781,5,61
3782,5,61
3783,5,62
3784,5,62
3785,5,62
3786,5,63
3787,5,63
3788,5,64
3789,5,64
3790,5,64
3791,5,64
3792,5,63
3793,5,63
3794,5,63
3795,5,63
3796,5,63
3797,5,63
3798,5,62
3799,5,63
3801,5,64
3802,5,64
3803,5,64
3804,5,64
3805,5,64
3806,5,64
3807,5,64
3808,5,65
3809,5,66
3810,5,66
3811,5,66
3812,5,66
3813,5,66
3814,5,65
3815,5,65
3816,5,65
3817,5,65
3818,5,64
3819,5,65
3820,5,65
3821,5,65
3822,5,64
3823,5,64
3824,5,63
3825,5,62
3826,5,61
3827,5,61
3828,5,61
3829,5,62
3830,5,62
3831,5,62
3832,5,62
3833,5,61
3834,5,62
3835,5,61
3836,5,61
3837,5,59
3838,5,59
3839,5,59
3840,5,61
3841,5,59
3842,5,58
3843,5,57
3844,5,58
3845,5,57
3846,5,57
3847,5,57
3848,5,58
3849,5,60
3850,5,62
3851,5,61
3852,5,61
3853,5,58
3854,5,59
3855,5,59
3856,5,59
3857,5,59
3858,5,60
3859,5,61
3860,5,63
3861,5,63
3862,5,62
3863,5,62
3864,5,63
3865,5,63
3866,5,63
3867,5,62
3868,5,62
3869,5,62
3870,5,64
3871,5,65
3872,5,65
3873,5,64
3874,5,65
3875,5,65
3876,5,65
3877,5,66
3878,5,66
3879,5,66
3880,5,67
3881,5,67
3882,5,66
3883,5,67
3884,5,67
3885,5,67
3886,5,67
3887,5,67
3888,5,68
3889,5,67
3890,5,68
3891,5,68
3892,5,68
3893,5,69
3894,5,69
3895,5,69
3896,5,69
3897,5,69
3898,5,69
3899,5,69
3901,5,68
3902,5,67
3903,5,68
3904,5,68
3905,5,69
3906,5,69
3907,5,68
3908,5,69
3909,5,69
3910,5,68
3911,5,69
3912,5,69
3913,5,68
3914,5,68
3915,5,69
3916,5,70
3917,5,70
3918,5,71
3919,5,71
3920,5,72
3921,5,73
3922,5,73
3923,5,72
3924,5,72
3925,5,72
3926,5,71
3927,5,71
3928,5,70
3929,5,70
3930,5,70
3931,5,71
3932,5,71
3933,5,71
3934,5,71
3935,5,71
3936,5,70
3937,5,70
3938,5,70
3939,5,70
3940,5,70
3941,5,71
3942,5,71
3943,5,72
3944,5,72
3945,5,72
3946,5,69
3947,5,69
3948,5,69
3949,5,68
3950,5,68
3951,5,69
3952,5,68
3953,5,69
3954,5,69
3955,5,69
3956,5,68
3957,5,68
3958,5,68
3959,5,68
3960,5,68
3961,5,69
3962,5,69
3963,5,69
3964,5,68
3965,5,68
3966,5,68
3967,5,68
3968,5,67
3969,5,68
3970,5,68
3971,5,70
3972,5,70
3973,5,70
3974,5,70
3975,5,69
3976,5,69
3977,5,69
3978,5,70
3979,5,68
3980,5,68
3981,5,69
3982,5,69
3983,5,69
3984,5,69
3985,5,69
3986,5,69
3987,5,70
3988,5,70
3989,5,70
3990,5,70
3991,5,71
3992,5,71
3993,5,71
3994,5,71
3995,5,71
3996,5,71
3997,5,72
3998,5,72
3999,5,72
4001,5,72
4002,5,72
4003,5,72
4004,5,72
4005,5,72
4006,5,72
4007,5,71
4008,5,71
4009,5,71
4010,5,71
4011,5,71
4012,5,70
4013,5,71
4014,5,71
4015,5,71
4016,5,71
4017,5,71
4018,5,71
4019,5,71
4020,5,71
4021,5,70
4022,5,70
4023,5,71
4024,5,70
4025,5,71
4026,5,71
4027,5,72
4028,5,72
4029,5,72
4030,5,72
4031,5,72
4032,5,71
4033,5,70
4034,5,70
4035,5,71
4036,5,71
4037,5,72
4038,5,73
4039,5,73
4040,5,73
4041,5,73
4042,5,74
4043,5,74
4044,5,75
4045,5,75
4046,5,76
4047,5,75
4048,5,75
4049,5,76
4050,5,76
4051,5,76
4052,5,77
4053,5,77
4054,5,78
4055,5,78
4056,5,79
4057,5,78
4058,5,79
4059,5,79
4060,5,79
4061,5,78
4062,5,78
4063,5,78
4064,5,79
4065,5,79
4066,5,80
4067,5,81
4068,5,83
4069,5,83
4070,5,82
4071,5,82
4072,5,83
4073,5,83
4074,5,83
4075,5,83
4076,5,83
4077,5,83
4078,5,84
4079,5,84
4080,5,84
4081,5,84
4082,5,84
4083,5,84
4084,5,83
4085,5,83
4086,5,84
4087,5,84
4088,5,85
4089,5,85
4090,5,85
4091,5,85
4092,5,85
4093,5,86
4094,5,86
4095,5,86
4096,5,86
4097,5,86
4098,5,86
4099,5,86
4101,5,84
4102,5,85
4103,5,86
4104,5,85
4105,5,85
4106,5,85
4107,5,84
4108,5,84
4109,5,84
4110,5,84
4111,5,84
4112,5,84
4113,5,85
4114,5,85
4115,5,84
4116,5,84
4117,5,84
4118,5,84
4119,5,84
4120,5,84
4121,5,84
4122,5,84
4123,5,84
4124,5,84
4125,5,84
4126,5,84
4127,5,83
4128,5,83
4129,5,83
4130,5,84
4131,5,84
4132,5,84
4133,5,83
4134,5,82
4135,5,82
4136,5,82
4137,5,82
4138,5,81
4139,5,81
4140,5,81
4141,5,81
4142,5,81
4143,5,81
4144,5,81
4145,5,79
4146,5,79
4147,5,78
4148,5,77
4149,5,76
4150,5,76
4151,5,76
4152,5,76
4153,5,76
4154,5,76
4155,5,76
4156,5,76
4157,5,76
4158,5,76
4159,5,76
4160,5,77
4161,5,76
4162,5,76
4163,5,76
4164,5,76
4165,5,75
4166,5,75
4167,5,75
4168,5,75
4169,5,75
4170,5,76
4171,5,74
4172,5,73
4173,5,72
4174,5,71
4175,5,70
4176,5,70
4177,5,69
4178,5,69
4179,5,69
4180,5,69
4181,5,69
4182,5,69
4183,5,70
4184,5,70
4185,5,70
4186,5,69
4187,5,68
4188,5,67
4189,5,67
4190,5,67
4191,5,67
4192,5,67
4193,5,67
4194,5,67
4195,5,64
4196,5,64
4197,5,63
4198,5,63
4199,5,62
4201,5,62
4202,5,62
4203,5,62
4204,5,62
4205,5,62
4206,5,62
4207,5,62
4208,5,63
4209,5,63
4210,5,62
4211,5,61
4212,5,61
4213,5,61
4214,5,61
4215,5,60
4216,5,60
4217,5,59
4218,5,60
4219,5,59
4220,5,59
4221,5,59
4222,5,60
4223,5,60
4224,5,59
4225,5,59
4226,5,59
4227,5,59
4228,5,60
4229,5,60
4230,5,60
4231,5,60
4232,5,61
4233,5,61
4234,5,61
4235,5,61
4236,5,61
4237,5,60
4238,5,61
4239,5,62
4240,5,62
4241,5,62
4242,5,62
4243,5,62
4244,5,62
4245,5,62
4246,6,62
4247,6,61
4248,6,63
4249,6,64
4250,6,63
4251,6,63
4252,6,64
4253,6,65
4254,6,65
4255,6,65
4256,6,65
4257,6,65
4258,6,66
4259,6,65
4260,6,65
4261,6,64
4262,6,65
4263,6,64
4264,6,62
4265,6,61
4266,6,61
4267,6,61
4268,6,61
4269,6,59
4270,6,58
4271,6,58
4272,6,58
4273,6,57
4274,6,56
4275,6,56
4276,6,56
4277,6,56
4278,6,56
4279,6,56
4280,6,55
4281,6,55
4282,6,54
4283,6,54
4284,6,54
4285,6,54
4286,6,54
4287,6,55
4288,6,55
4289,6,56
4290,6,56
4291,6,56
4292,6,56
4293,6,56
4294,6,56
4295,6,56
4296,6,56
4297,6,57
4298,6,57
4299,6,57
4301,6,58
4302,6,58
4303,6,58
4304,6,58
4305,6,57
4306,6,57
4307,6,58
4308,6,58
4309,6,58
4310,6,58
4311,6,58
4312,6,58
4313,6,58
4314,6,59
4315,6,59
4316,6,59
4317,6,61
4318,6,61
4319,6,61
4320,6,61
4321,6,61
4322,6,60
4323,6,60
4324,6,61
4325,6,61
4326,6,62
4327,6,63
4328,6,63
4329,6,63
4330,6,63
4331,6,63
4332,6,62
4333,6,62
4334,6,60
4335,6,61
4336,6,62
4337,6,64
4338,6,64
4339,6,65
4340,6,65
4341,6,64
4342,6,63
4343,6,64
4344,6,64
4345,6,65
4346,6,66
4347,6,67
4348,6,67
4349,6,67
4350,6,68
4351,6,67
4352,6,67
4353,6,65
4354,6,65
4355,6,67
4356,6,68
4357,6,69
4358,6,69
4359,6,68
4360,6,68
4361,6,68
4362,6,67
4363,6,67
4364,6,67
4365,6,67
4366,6,67
4367,6,68
4368,6,67
4369,6,66
4370,6,66
4371,6,66
4372,6,66
4373,6,66
4374,6,66
4375,6,66
4376,6,66
4377,6,67
4378,6,67
4379,6,67
4380,6,67
4381,6,67
4382,6,66
4383,6,65
4384,6,65
4385,6,65
4386,6,64
4387,6,65
4388,6,65
4389,6,64
4390,6,65
4391,6,65
4392,6,65
4393,6,65
4394,6,65
4395,6,65
4396,6,65
4397,6,66
4398,6,66
4399,6,66
4401,6,66
4402,6,66
4403,6,66
4404,6,66
4405,6,67
4406,6,67
4407,6,67
4408,6,67
4409,6,68
4410,6,69
4411,6,69
4412,6,68
4413,6,68
4414,6,68
4415,6,68
4416,6,68
4417,6,68
4418,6,68
4419,6,68
4420,6,67
4421,6,67
4422,6,67
4423,6,67
4424,6,67
4425,6,67
4426,6,68
4427,6,67
4428,6,65
4429,6,65
4430,6,66
4431,7,65
4432,7,66
4433,7,67
4434,7,67
4435,7,67
4436,7,67
4437,7,67
4438,7,66
4439,7,66
4440,7,66
4441,7,66
4442,7,66
4443,7,67
4444,7,67
4445,7,67
4446,7,67
4447,7,67
4448,7,67
4449,7,67
4450,7,67
4451,7,67
4452,7,67
4453,7,68
4454,7,69
4455,7,69
4456,7,68
4457,7,68
4458,7,68
4459,7,68
4460,7,68
4461,7,68
4462,7,70
4463,7,71
4464,7,72
4465,7,72
4466,7,72
4467,7,72
4468,7,71
4469,7,70
4470,7,70
4471,7,70
4472,7,73
4473,7,73
4474,7,73
4475,7,73
4476,7,73
4477,7,73
4478,7,73
4479,7,72
4480,7,72
4481,7,72
4482,7,72
4483,7,71
4484,7,71
4485,7,70
4486,7,70
4487,7,70
4488,7,69
4489,7,69
4490,7,70
4491,7,70
4492,7,70
4493,7,70
4494,7,70
4495,7,70
4496,7,69
4497,7,69
4498,7,68
4499,7,68
4501,7,71
4502,7,70
4503,7,69
4504,7,69
4505,7,69
4506,7,69
4507,7,69
4508,7,69
4509,7,68
4510,7,68
4511,7,68
4512,7,68
4513,7,69
4514,7,69
4515,7,69
4516,7,68
4517,7,68
4518,7,68
4519,7,68
4520,7,69
4521,7,69
4522,7,69
4523,7,68
4524,7,68
4525,7,68
4526,7,68
4527,7,68
4528,7,68
4529,7,67
4530,7,69
4531,7,70
4532,7,70
4533,7,69
4534,7,69
4535,7,69
4536,7,69
4537,7,69
4538,7,69
4539,7,69
4540,7,70
4541,7,70
4542,7,70
4543,7,70
4544,7,70
4545,7,70
4546,7,70
4547,7,70
4548,7,70
4549,7,69
4550,7,69
4551,7,70
4552,7,70
4553,7,71
4554,7,71
4555,7,71
4556,7,70
4557,7,70
4558,7,70
4559,7,70
4560,7,70
4561,7,69
4562,7,69
4563,7,69
4564,7,69
4565,7,69
4566,7,69
4567,7,69
4568,7,69
4569,7,70
4570,7,70
4571,7,70
4572,7,70
4573,7,70
4574,7,69
4575,7,69
4576,7,69
4577,7,69
4578,7,68
4579,7,68
4580,7,68
4581,7,68
4582,7,69
4583,7,71
4584,7,71
4585,7,69
4586,7,70
4587,7,68
4588,7,67
4589,7,66
4590,7,66
4591,7,66
4592,7,66
4593,7,68
4594,7,68
4595,7,67
4596,7,67
4597,7,67
4598,7,67
4599,7,67
4601,7,67
4602,7,67
4603,7,69
4604,7,69
4605,7,69
4606,7,69
4607,7,69
4608,7,69
4609,7,69
4610,7,69
4611,7,69
4612,7,69
4613,7,71
4614,7,71
4615,7,70
4616,7,68
4617,7,68
4618,7,68
4619,7,67
4620,7,66
4621,7,65
4622,7,65
4623,7,66
4624,7,67
4625,7,67
4626,7,67
4627,7,67
4628,7,67
4629,7,67
4630,7,68
4631,7,68
4632,7,69
4633,7,70
4634,7,70
4635,7,69
4636,7,69
4637,7,69
4638,7,69
4639,7,69
4640,7,70
4641,7,70
4642,7,71
4643,7,71
4644,7,72
4645,7,73
4646,7,72
4647,7,71
4648,7,72
4649,7,72
4650,7,74
4651,7,74
4652,7,74
4653,7,74
4654,7,74
4655,8,73
4656,8,73
4657,8,73
4658,8,72
4659,8,74
4660,8,75
4661,8,76
4662,8,76
4663,8,76
4664,8,74
4665,8,74
4666,8,74
4667,8,74
4668,8,73
4669,8,73
4670,8,74
4671,8,75
4672,8,73
4673,8,73
4674,8,72
4675,8,71
4676,8,71
4677,8,69
4678,8,68
4679,8,67
4680,8,66
4681,8,67
4682,8,67
4683,8,66
4684,8,66
4685,8,65
4686,8,65
4687,8,65
4688,8,65
4689,8,65
4690,8,65
4691,8,67
4692,8,66
4693,8,66
4694,8,66
4695,8,67
4696,8,65
4697,8,65
4698,8,65
4699,8,65
4701,8,64
4702,8,64
4703,8,63
4704,8,64
4705,9,62
4706,9,60
4707,9,59
4708,9,59
4709,9,59
4710,9,59
4711,9,59
4712,9,58
4713,9,58
4714,9,59
4715,9,59
4716,9,59
4717,9,59
4718,9,56
4719,9,56
4720,9,56
4721,9,57
4722,9,57
4723,9,57
4724,9,58
4725,9,58
4726,9,58
4727,9,58
4728,9,58
4729,9,58
4730,9,58
4731,9,59
4732,9,58
4733,9,58
4734,9,58
4735,9,58
4736,9,58
4737,9,57
4738,9,57
4739,9,56
4740,9,56
4741,9,57
4742,9,56
4743,9,57
4744,9,56
4745,9,56
4746,9,56
4747,9,56
4748,9,56
4749,9,56
4750,9,56
4751,9,58
4752,9,58
4753,9,59
4754,9,59
4755,10,59
4756,10,60
4757,10,60
4758,10,60
4759,10,60
4760,10,61
4761,10,63
4762,10,63
4763,10,64
4764,10,63
4765,10,63
4766,10,63
4767,10,64
4768,10,64
4769,10,64
4770,10,66
4771,10,67
4772,10,67
4773,10,67
4774,10,67
4775,10,67
4776,10,66
4777,10,66
4778,10,65
4779,10,65
4780,10,65
4781,10,66
4782,10,66
4783,10,67
4784,10,67
4785,10,67
4786,10,67
4787,10,65
4788,10,64
4789,10,64
4790,10,65
4791,10,64
4792,10,64
4793,10,62
4794,10,62
4795,10,62
4796,10,63
4797,10,63
4798,10,63
4799,10,63
4801,10,63
4802,10,63
4803,10,63
4804,10,62
4805,10,62
4806,10,63
4807,10,63
4808,10,63
4809,10,64
4810,10,64
4811,10,65
4812,10,65
4813,10,65
4814,10,63
4815,10,63
4816,10,64
4817,10,64
4818,10,63
4819,10,60
4820,10,60
4821,10,60
4822,10,59
4823,10,59
4824,10,59
4825,10,59
4826,10,59
4827,10,59
4828,10,59
4829,10,59
4830,10,59
4831,10,58
4832,10,58
4833,10,58
4834,10,58
4835,10,58
4836,10,57
4837,10,57
4838,10,57
4839,10,55
4840,10,57
4841,10,56
4842,10,56
4843,11,55
4844,11,55
4845,11,55
4846,11,54
4847,11,53
4848,11,53
4849,11,53
4850,11,53
4851,11,54
4852,11,54
4853,11,53
4854,11,53
4855,11,54
4856,11,54
4857,11,53
4858,11,52
4859,11,52
4860,11,52
4861,11,52
4862,11,52
4863,11,52
4864,11,52
4865,11,52
4866,11,53
4867,11,53
4868,11,53
4869,11,54
4870,11,54
4871,11,52
4872,11,52
4873,11,53
4874,11,53
4875,11,51
4876,11,51
4877,11,51
4878,11,50
4879,11,51
4880,11,51
4881,11,51
4882,11,51
4883,11,52
4884,11,52
4885,11,51
4886,11,50
4887,11,50
4888,11,50
4889,11,50
4890,11,50
4891,11,50
4892,11,50
4893,11,51
4894,11,51
4895,11,51
4896,11,51
4897,11,51
4898,11,52
4899,11,52
4901,11,53
4902,11,53
4903,11,53
4904,11,53
4905,11,52
4906,11,52
4907,11,52
4908,11,52
4909,11,51
4910,11,52
4911,11,52
4912,11,52
4913,11,52
4914,11,52
4915,11,49
4916,11,49
4917,11,49
4918,11,49
4919,11,49
4920,11,49
4921,11,49
4922,11,50
4923,11,50
4924,11,50
4925,11,49
4926,11,49
4927,11,49
4928,11,48
4929,11,48
4930,11,48
4931,11,48
4932,11,49
4933,11,50
4934,11,50
4935,11,50
4936,11,50
4937,11,50
4938,11,50
4939,11,50
4940,11,48
4941,11,48
4942,11,48
4943,11,48
4944,11,48
4945,11,49
4946,11,49
4947,11,48
4948,11,48
4949,11,48
4950,11,48
4951,11,48
4952,11,48
4953,11,48
4954,11,48
4955,11,49
4956,11,49
4957,11,49
4958,11,48
4959,11,48
4960,11,48
4961,11,48
4962,11,47
4963,11,45
4964,11,45
4965,11,45
4966,11,45
4967,11,45
4968,11,45
4969,11,45
4970,11,45
4971,11,45
4972,11,46
4973,11,46
4974,11,46
4975,11,46
4976,11,46
4977,11,46
4978,11,46
4979,11,47
4980,11,47
4981,11,46
4982,11,46
4983,11,46
4984,11,46
4985,11,45
4986,11,46
4987,11,46
4988,11,45
4989,11,45
4990,11,44
4991,11,44
4992,11,44
4993,11,44
4994,11,44
4995,11,45
4996,11,45
4997,11,45
4998,11,46
4999,11,45
5001,11,44
5002,11,44
5003,11,43
5004,11,43
5005,11,43
5006,11,42
5007,11,41
5008,11,42
5009,11,42
5010,11,42
5011,11,41
5012,11,41
5013,11,43
5014,11,42
5015,11,42
5016,11,42
5017,11,42
5018,11,42
5019,11,42
5020,11,42
5021,11,41
5022,11,41
5023,11,42
5024,11,42
5025,11,42
5026,11,42
5027,11,41
5028,11,41
5029,11,41
5030,11,41
5031,11,40
5032,11,40
5033,11,40
5034,10,40
5035,10,40
5036,10,40
5037,10,40
5038,10,40
5039,10,39
5040,10,39
5041,10,39
5042,10,39
5043,10,39
5044,10,39
5045,10,39
5046,10,39
5047,10,39
5048,10,40
5049,10,40
5050,10,40
5051,10,39
5052,10,37
5053,10,37
5054,10,36
5055,10,37
5056,10,37
5057,10,37
5058,10,38
5059,10,38
5060,10,38
5061,10,39
5062,10,40
5063,10,40
5064,10,40
5065,10,40
5066,10,40
5067,10,40
5068,10,41
5069,10,41
5070,10,41
5071,10,41
5072,10,42
5073,10,42
5074,10,41
5075,10,41
5076,10,41
5077,10,40
5078,10,40
5079,10,41
5080,10,41
5081,10,41
5082,10,40
5083,10,40
5084,10,40
5085,10,40
5086,10,39
5087,10,39
5088,10,39
5089,10,38
5090,10,38
5091,10,39
5092,10,39
5093,10,38
5094,10,37
5095,10,35
5096,10,35
5097,10,35
5098,10,35
5099,10,35
5101,10,36
5102,10,36
5103,10,36
5104,10,36
5105,10,35
5106,10,35
5107,10,35
5108,10,35
5109,10,35
5110,10,36
5111,10,37
5112,10,36
5113,10,35
5114,10,35
5115,10,35
5116,10,35
5117,10,35
5118,10,36
5119,10,36
5120,10,37
5121,10,37
5122,10,37
5123,10,37
5124,10,37
5125,10,37
5126,10,37
5127,10,37
5128,10,37
5129,10,36
5130,10,37
5131,10,36
5132,10,36
5133,10,36
5134,10,36
5135,10,36
5136,10,36
5137,10,36
5138,11,36
5139,11,36
5140,11,37
5141,11,37
5142,11,37
5143,10,37
5144,10,37
5145,10,37
5146,10,37
5147,10,37
5148,10,37
5149,10,37
5150,10,38
5151,10,38
5152,11,37
5153,11,38
5154,11,39
5155,10,39
5156,10,39
5157,10,39
5158,10,39
5159,10,39
5160,10,40
5161,10,40
5162,10,40
5163,10,41
5164,10,42
5165,10,41
5166,10,40
5167,10,40
5168,10,40
5169,10,40
5170,10,41
5171,10,41
5172,10,42
5173,10,42
5174,10,43
5175,10,42
5176,10,42
5177,10,42
5178,10,42
5179,10,42
5180,10,42
5181,10,42
5182,10,42
5183,10,42
5184,9,43
5185,9,44
5186,9,44
5187,9,44
5188,9,44
5189,9,44
5190,9,44
5191,9,45
5192,9,46
5193,9,47
5194,9,48
5195,9,49
5196,9,49
5197,9,49
5198,9,49
5199,9,49
5201,9,50
5202,9,50
5203,9,51
5204,9,50
5205,9,51
5206,9,51
5207,9,51
5208,9,53
5209,9,53
5210,9,53
5211,9,55
5212,9,54
5213,9,55
5214,9,55
5215,9,56
5216,9,56
5217,9,56
5218,9,57
5219,9,57
5220,9,57
5221,9,58
5222,9,59
5223,9,60
5224,9,60
5225,9,60
5226,10,60
5227,10,60
5228,10,62
5229,10,62
5230,10,62
5231,10,62
5232,10,64
5233,10,65
5234,10,65
5235,10,65
5236,10,65
5237,10,64
5238,10,67
5239,10,67
5240,10,66
5241,10,66
5242,10,67
5243,10,66
5244,10,66
5245,10,67
5246,10,67
5247,10,67
5248,10,70
5249,10,70
5250,10,70
5251,10,70
5252,10,71
5253,10,72
5254,10,72
5255,10,72
5256,10,73
5257,10,73
5258,10,75
5259,10,75
5260,10,75
5261,10,75
5262,10,75
5263,10,75
5264,10,75
5265,10,75
5266,10,76
5267,10,76
5268,10,77
5269,10,77
5270,10,77
5271,10,78
5272,10,77
5273,10,77
5274,10,77
5275,10,77
5276,10,77
5277,10,77
5278,10,79
5279,10,79
5280,10,79
5281,10,79
5282,10,77
5283,10,77
5284,10,77
5285,10,78
5286,10,78
5287,10,78
5288,10,78
5289,10,79
5290,10,79
5291,10,78
5292,10,79
5293,10,80
5294,10,79
5295,10,79
5296,10,80
5297,10,80
5298,10,79
5299,10,79
5301,10,79
5302,10,81
5303,10,82
5304,10,82
5305,10,82
5306,10,83
5307,10,83
5308,10,83
5309,10,82
5310,10,82
5311,10,81
5312,10,83
5313,10,83
5314,10,83
5315,10,83
5316,10,83
5317,10,83
5318,10,83
5319,10,82
5320,10,81
5321,10,81
5322,10,82
5323,10,80
5324,10,80
5325,10,80
5326,10,80
5327,10,80
5328,10,80
5329,10,80
5330,10,80
5331,10,80
5332,10,80
5333,10,79
5334,10,79
5335,10,79
5336,10,79
5337,10,79
5338,10,80
5339,10,80
5340,10,80
5341,10,79
5342,10,79
5343,10,79
5344,10,79
5345,10,79
5346,10,78
5347,10,78
5348,11,78
5349,11,77
5350,11,77
5351,11,77
5352,11,77
5353,11,78
5354,11,78
5355,11,77
5356,11,76
5357,11,75
5358,11,76
5359,11,76
5360,11,75
5361,11,75
5362,11,74
5363,11,75
5364,11,74
5365,11,74
5366,11,75
5367,11,75
5368,11,74
5369,11,73
5370,11,72
5371,11,73
5372,11,72
5373,11,72
5374,11,71
5375,11,71
5376,11,72
5377,11,72
5378,11,70
5379,11,70
5380,11,70
5381,11,70
5382,11,70
5383,11,70
5384,11,70
5385,11,68
5386,11,68
5387,11,69
5388,11,69
5389,11,69
5390,11,69
5391,11,71
5392,11,70
5393,11,69
5394,11,68
5395,11,68
5396,11,67
5397,11,67
5398,11,67
5399,11,68
5401,11,68
5402,11,66
5403,11,66
5404,11,66
5405,11,65
5406,11,66
5407,11,67
5408,11,66
5409,11,66
5410,11,66
5411,11,65
5412,11,65
5413,11,65
5414,11,65
5415,11,65
5416,11,65
5417,11,65
5418,11,65
5419,11,65
5420,11,66
5421,11,66
5422,11,66
5423,11,66
5424,11,66
5425,11,65
5426,11,65
5427,11,65
5428,11,64
5429,11,64
5430,11,65
5431,11,63
5432,11,63
5433,10,63
5434,10,63
5435,10,63
5436,10,62
5437,10,62
5438,10,61
5439,10,61
5440,10,61
5441,10,62
5442,10,61
5443,10,60
5444,10,60
5445,11,60
5446,11,60
5447,11,60
5448,11,60
5449,11,60
5450,11,61
5451,11,61
5452,11,62
5453,11,61
5454,11,61
5455,10,61
5456,10,61
5457,10,61
5458,10,61
5459,10,61
5460,10,61
5461,10,61
5462,10,61
5463,10,61
5464,10,61
5465,10,60
5466,10,60
5467,10,60
5468,10,60
5469,10,59
5470,10,59
5471,10,60
5472,10,61
5473,10,61
5474,10,61
5475,10,61
5476,10,60
5477,10,60
5478,10,59
5479,10,59
5480,10,59
5481,10,60
5482,10,59
5483,10,59
5484,10,60
5485,10,60
5486,10,61
5487,10,61
5488,10,61
5489,10,61
5490,10,61
5491,10,62
5492,10,62
5493,10,61
5494,10,62
5495,10,63
5496,10,64
5497,10,64
5498,10,62
5499,10,62
5501,10,62
5502,10,62
5503,10,60
5504,10,60
5505,10,61
5506,10,62
5507,10,62
5508,10,62
5509,10,62
5510,10,62
5511,10,62
5512,10,61
5513,10,61
5514,10,61
5515,10,62
5516,10,62
5517,10,62
5518,10,62
5519,10,62
5520,10,64
5521,10,64
5522,10,63
5523,10,63
5524,10,64
5525,10,64
5526,10,64
5527,10,64
5528,10,63
5529,10,62
5530,10,64
5531,10,64
5532,10,63
5533,10,63
5534,10,63
5535,10,65
5536,10,66
5537,10,66
5538,10,66
5539,10,66
5540,10,67
5541,10,67
5542,10,67
5543,10,66
5544,10,66
5545,10,66
5546,10,66
5547,10,67
5548,10,67
5549,10,67
5550,10,67
5551,10,66
5552,10,66
5553,10,66
5554,10,66
5555,10,67
5556,10,67
5557,10,67
5558,10,67
5559,10,66
5560,10,64
5561,10,64
5562,10,64
5563,10,64
5564,10,64
5565,10,65
5566,10,65
5567,10,66
5568,10,66
5569,10,66
5570,10,65
5571,10,65
5572,10,65
5573,10,65
5574,10,65
5575,10,65
5576,10,64
5577,10,65
5578,10,65
5579,10,65
5580,10,67
5581,10,66
5582,10,67
5583,10,67
5584,10,67
5585,10,67
5586,10,67
5587,10,67
5588,10,67
5589,10,67
5590,10,69
5591,10,69
5592,10,69
5593,10,70
5594,10,69
5595,10,67
5596,10,67
5597,10,67
5598,10,67
5599,10,66
5601,10,65
5602,10,66
5603,10,68
5604,10,69
5605,10,69
5606,10,68
5607,10,68
5608,10,68
5609,10,68
5610,10,67
5611,10,67
5612,10,67
5613,10,67
5614,10,67
5615,10,66
5616,10,66
5617,10,65
5618,10,65
5619,10,65
5620,10,65
5621,10,65
5622,10,65
5623,10,65
5624,10,65
5625,10,65
5626,10,64
5627,10,64
5628,10,64
5629,10,63
5630,10,63
5631,10,63
5632,10,63
5633,10,64
5634,10,63
5635,10,63
5636,10,63
5637,10,63
5638,10,62
5639,10,61
5640,10,62
5641,10,61
5642,10,61
5643,10,62
5644,10,61
5645,10,61
5646,10,61
5647,10,61
5648,10,61
5649,10,61
5650,10,60
5651,10,60
5652,10,60
5653,9,60
5654,9,60
5655,9,60
5656,9,60
5657,9,60
5658,9,60
5659,9,61
5660,9,62
5661,9,62
5662,9,62
5663,9,61
5664,9,61
5665,9,61
5666,9,61
5667,9,61
5668,9,60
5669,9,60
5670,9,61
5671,9,60
5672,9,58
5673,9,58
5674,9,58
5675,9,58
5676,9,58
5677,9,58
5678,9,58
5679,9,57
5680,9,57
5681,9,56
5682,9,56
5683,8,55
5684,8,54
5685,8,54
5686,8,54
5687,8,52
5688,8,52
5689,8,52
5690,8,53
5691,8,52
5692,8,52
5693,8,52
5694,8,52
5695,8,51
5696,8,50
5697,8,50
5698,8,50
5699,8,51
5701,8,52
5702,8,52
5703,8,50
5704,8,50
5705,8,48
5706,8,48
5707,8,48
5708,8,48
5709,8,50
5710,8,51
5711,8,51
5712,8,51
5713,8,51
5714,8,50
5715,8,50
5716,8,50
5717,8,50
5718,8,50
5719,8,52
5720,8,52
5721,8,53
5722,8,53
5723,8,52
5724,8,53
5725,8,53
5726,8,53
5727,8,53
5728,8,53
5729,8,53
5730,8,52
5731,8,53
5732,8,53
5733,8,53
5734,8,53
5735,8,53
5736,8,53
5737,8,52
5738,8,52
5739,8,53
5740,8,53
5741,8,53
5742,8,53
5743,8,53
5744,8,53
5745,8,54
5746,8,53
5747,8,54
5748,8,52
5749,8,52
5750,8,52
5751,8,52
5752,8,53
5753,8,53
5754,8,54
5755,8,55
5756,8,55
5757,8,55
5758,8,54
5759,8,55
5760,8,55
5761,8,55
5762,8,53
5763,8,52
5764,8,54
5765,8,54
5766,8,54
5767,8,54
5768,8,53
5769,8,54
5770,8,54
5771,8,54
5772,8,54
5773,8,54
5774,8,53
5775,8,53
5776,8,54
5777,8,54
5778,8,55
5779,8,56
5780,8,56
5781,8,56
5782,8,56
5783,8,55
5784,8,55
5785,8,56
5786,8,56
5787,8,57
5788,8,58
5789,8,58
5790,8,58
5791,8,58
5792,8,58
5793,8,58
5794,8,58
5795,8,58
5796,8,58
5797,8,58
5798,8,58
5799,8,59
5801,8,58
5802,8,58
5803,8,58
5804,8,58
5805,8,58
5806,8,56
5807,8,56
5808,8,55
5809,8,55
5810,8,55
5811,8,55
5812,8,55
5813,8,55
5814,8,56
5815,8,56
5816,8,56
5817,8,56
5818,8,57
5819,8,57
5820,8,56
5821,8,56
5822,8,56
5823,8,56
5824,8,56
5825,8,55
5826,8,55
5827,8,55
5828,8,55
5829,8,55
5830,8,55
5831,8,55
5832,7,55
5833,7,55
5834,7,56
5835,7,56
5836,7,54
5837,7,54
5838,7,54
5839,7,54
5840,7,54
5841,7,54
5842,7,54
5843,7,54
5844,7,54
5845,7,54
5846,7,55
5847,7,54
5848,7,54
5849,7,54
5850,7,54
5851,7,54
5852,7,54
5853,7,54
5854,7,54
5855,7,54
5856,7,54
5857,7,54
5858,7,53
5859,7,53
5860,7,52
5861,7,52
5862,7,52
5863,7,52
5864,7,52
5865,7,52
5866,7,52
5867,7,52
5868,7,52
5869,7,53
5870,7,53
5871,7,52
5872,7,52
5873,7,51
5874,7,51
5875,7,51
5876,7,51
5877,7,51
5878,7,51
5879,7,52
5880,7,52
5881,7,51
5882,7,51
5883,7,51
5884,7,51
5885,7,51
5886,7,50
5887,7,49
5888,7,49
5889,7,51
5890,7,51
5891,7,51
5892,7,50
5893,7,50
5894,7,50
5895,7,48
5896,7,48
5897,7,48
5898,7,48
5899,7,50
5901,7,50
5902,7,50
5903,7,50
5904,7,50
5905,7,50
5906,7,50
5907,7,50
5908,7,48
5909,8,49
5910,8,49
5911,8,49
5912,8,49
5913,8,49
5914,8,49
5915,8,48
5916,8,49
5917,8,49
5918,8,48
5919,8,49
5920,8,49
5921,8,51
5922,8,51
5923,8,51
5924,8,51
5925,8,51
5926,8,54
5927,8,53
5928,8,53
5929,8,54
5930,8,55
5931,8,57
5932,8,57
5933,8,57
5934,8,56
5935,8,55
5936,8,56
5937,8,56
5938,8,55
5939,8,56
5940,8,57
5941,8,58
5942,8,59
5943,8,59
5944,8,59
5945,8,59
5946,8,59
5947,8,60
5948,8,61
5949,8,62
5950,8,63
5951,8,64
5952,8,65
5953,8,64
5954,8,64
5955,8,63
5956,8,62
5957,8,63
5958,8,64
5959,8,65
5960,8,65
5961,8,65
5962,8,66
5963,8,66
5964,8,66
5965,8,66
5966,8,64
5967,9,65
5968,9,65
5969,9,66
5970,9,65
5971,9,64
5972,9,64
5973,9,64
5974,9,64
5975,9,65
5976,9,66
5977,9,67
5978,9,67
5979,9,68
5980,9,68
5981,9,67
5982,9,67
5983,9,67
5984,9,68
5985,9,68
5986,9,69
5987,9,69
5988,9,69
5989,9,70
5990,9,69
5991,9,69
5992,9,69
5993,9,69
5994,9,69
5995,9,69
5996,9,70
5997,9,69
5998,9,69
5999,9,68
6001,9,68
6002,9,68
6003,9,68
6004,9,68
6005,9,68
6006,9,69
6007,9,69
6008,9,69
6009,9,70
6010,9,71
6011,9,71
6012,9,71
6013,9,71
6014,9,71
6015,9,71
6016,9,71
6017,9,72
6018,9,72
6019,9,72
6020,9,72
6021,9,71
6022,9,72
6023,9,72
6024,9,72
6025,9,72
6026,9,72
6027,9,71
6028,9,71
6029,9,70
6030,9,71
6031,9,71
6032,9,72
6033,9,72
6034,9,70
6035,9,70
6036,9,69
6037,9,68
6038,10,68
6039,10,69
6040,10,70
6041,10,70
6042,10,69
6043,10,69
6044,10,69
6045,10,68
6046,10,68
6047,10,68
6048,10,68
6049,10,69
6050,10,70
6051,10,71
6052,10,71
6053,10,71
6054,10,71
6055,10,71
6056,10,71
6057,10,71
6058,10,71
6059,10,71
6060,10,71
6061,10,72
6062,10,72
6063,10,72
6064,10,73
6065,10,71
6066,10,71
6067,10,71
6068,10,71
6069,10,71
6070,10,71
6071,10,72
6072,10,72
6073,10,73
6074,10,72
6075,10,72
6076,10,72
6077,10,73
6078,10,73
6079,10,73
6080,10,73
6081,10,73
6082,10,73
6083,10,74
6084,10,74
6085,10,74
6086,10,74
6087,10,73
6088,11,72
6089,11,71
6090,11,71
6091,12,70
6092,12,70
6093,12,69
6094,12,68
6095,12,67
6096,12,67
6097,12,66
6098,12,66
6099,12,66
6101,12,66
6102,12,68
6103,12,68
6104,12,68
6105,12,68
6106,12,68
6107,12,67
6108,12,67
6109,12,66
6110,12,64
6111,12,64
6112,12,65
6113,12,65
6114,12,66
6115,12,66
6116,12,65
6117,12,65
6118,12,65
6119,12,65
6120,12,65
6121,12,65
6122,12,65
6123,12,65
6124,12,66
6125,12,66
6126,12,65
6127,12,65
6128,12,65
6129,12,65
6130,12,65
6131,12,66
6132,12,67
6133,12,66
6134,12,68
6135,12,68
6136,12,68
6137,12,68
6138,12,67
6139,12,67
6140,12,65
6141,12,66
6142,12,66
6143,12,66
6144,12,68
6145,12,68
6146,12,68
6147,12,67
6148,12,67
6149,12,68
6150,12,67
6151,12,67
6152,12,65
6153,12,64
6154,12,65
6155,12,66
6156,12,65
6157,12,65
6158,13,66
6159,13,66
6160,13,66
6161,13,65
6162,13,65
6163,13,65
6164,13,66
6165,13,66
6166,13,66
6167,13,66
6168,13,66
6169,13,65
6170,13,65
6171,13,65
6172,13,65
6173,13,65
6174,13,64
6175,13,64
6176,13,64
6177,13,64
6178,13,64
6179,13,66
6180,13,66
6181,13,66
6182,13,65
6183,13,66
6184,13,64
6185,13,64
6186,13,64
6187,13,64
6188,13,65
6189,13,66
6190,13,63
6191,13,63
6192,13,63
6193,13,62
6194,13,62
6195,13,62
6196,13,62
6197,13,62
6198,13,62
6199,13,63
6201,13,63
6202,13,62
6203,13,62
6204,13,61
6205,13,60
6206,13,60
6207,13,60
6208,13,59
6209,13,60
6210,13,60
6211,13,60
6212,13,59
6213,13,59
6214,13,59
6215,13,58
6216,14,58
6217,14,58
6218,14,59
6219,14,60
6220,14,60
6221,14,60
6222,14,60
6223,14,60
6224,14,60
6225,14,59
6226,14,59
6227,14,58
6228,14,59
6229,14,59
6230,14,59
6231,14,59
6232,14,59
6233,14,59
6234,14,59
6235,14,59
6236,14,58
6237,14,58
6238,14,58
6239,14,58
6240,14,58
6241,14,58
6242,14,58
6243,14,58
6244,14,58
6245,14,58
6246,14,58
6247,14,58
6248,14,58
6249,14,57
6250,14,57
6251,14,56
6252,14,56
6253,14,56
6254,14,56
6255,14,56
6256,14,55
6257,14,55
6258,14,55
6259,14,55
6260,14,55
6261,14,55
6262,14,54
6263,14,54
6264,14,54
6265,14,54
6266,15,54
6267,15,54
6268,15,54
6269,15,54
6270,15,54
6271,15,54
6272,15,54
6273,15,56
6274,15,56
6275,15,56
6276,15,56
6277,15,56
6278,15,56
6279,15,56
6280,15,56
6281,15,55
6282,15,55
6283,15,56
6284,15,55
6285,15,55
6286,15,55
6287,15,56
6288,15,56
6289,15,56
6290,15,56
6291,15,56
6292,15,57
6293,15,56
6294,15,56
6295,15,56
6296,15,56
6297,15,57
6298,15,56
6299,15,55
6301,15,54
6302,15,54
6303,15,54
6304,15,54
6305,15,53
6306,15,53
6307,15,51
6308,15,52
6309,15,51
6310,15,52
6311,15,52
6312,15,50
6313,15,50
6314,15,50
6315,15,50
6316,15,50
6317,15,50
6318,15,49
6319,15,48
6320,15,48
6321,15,48
6322,15,48
6323,15,48
6324,15,46
6325,15,46
6326,15,46
6327,15,46
6328,15,46
6329,15,45
6330,15,45
6331,15,45
6332,15,44
6333,15,43
6334,15,44
6335,15,44
6336,15,44
6337,15,44
6338,15,44
6339,15,44
6340,15,44
6341,15,44
6342,15,44
6343,15,45
6344,15,46
6345,15,46
6346,15,46
6347,15,46
6348,15,46
6349,15,45
6350,15,43
6351,15,43
6352,15,43
6353,15,43
6354,15,45
6355,15,45
6356,15,45
6357,15,46
6358,15,46
6359,15,46
6360,15,46
6361,15,46
6362,16,45
6363,16,45
6364,16,46
6365,16,46
6366,16,46
6367,16,47
6368,16,48
6369,16,48
6370,16,47
6371,16,46
6372,16,46
6373,16,46
6374,16,47
6375,16,48
6376,16,48
6377,16,50
6378,16,50
6379,16,50
6380,16,50
6381,16,50
6382,16,50
6383,16,50
6384,16,48
6385,16,48
6386,16,48
6387,16,49
6388,16,49
6389,16,49
6390,16,49
6391,16,49
6392,16,49
6393,16,49
6394,16,49
6395,16,51
6396,16,50
6397,16,50
6398,16,49
6399,16,49
6401,16,49
6402,16,49
6403,16,49
6404,16,49
6405,16,49
6406,16,49
6407,16,49
6408,16,49
6409,16,49
6410,16,49
6411,16,49
6412,16,48
6413,16,48
6414,16,48
6415,16,49
6416,16,49
6417,16,49
6418,16,49
6419,16,49
6420,16,49
6421,16,48
6422,16,48
6423,16,47
6424,16,47
6425,16,48
6426,16,47
6427,16,46
6428,16,46
6429,16,46
6430,16,46
6431,16,46
6432,16,46
6433,16,45
6434,17,44
6435,17,44
6436,17,44
6437,17,44
6438,17,45
6439,17,45
6440,17,45
6441,17,45
6442,17,44
6443,17,44
6444,17,43
6445,17,43
6446,17,43
6447,18,43
6448,18,43
6449,18,42
6450,18,42
6451,18,42
6452,18,42
6453,18,42
6454,18,42
6455,18,41
6456,18,41
6457,18,41
6458,18,41
6459,18,41
6460,18,41
6461,18,41
6462,18,41
6463,18,40
6464,18,40
6465,17,40
6466,17,39
6467,17,39
6468,17,38
6469,17,37
6470,17,37
6471,17,36
6472,17,35
6473,17,35
6474,17,34
6475,17,34
6476,17,34
6477,17,33
6478,17,33
6479,16,33
6480,16,33
6481,16,33
6482,16,33
6483,16,32
6484,16,31
6485,16,31
6486,16,31
6487,16,30
6488,16,30
6489,16,30
6490,16,30
6491,16,30
6492,16,30
6493,16,30
6494,16,30
6495,16,29
6496,16,29
6497,16,29
6498,16,29
6499,16,29
6501,16,29
6502,16,29
6503,16,29
6504,16,29
6505,16,29
6506,16,29
6507,16,28
6508,16,28
6509,16,28
6510,16,28
6511,16,28
6512,16,27
6513,16,27
6514,16,27
6515,16,27
6516,16,27
6517,16,27
6518,16,27
6519,16,26
6520,16,28
6521,16,25
6522,16,25
6523,16,25
6524,16,25
6525,16,24
6526,16,24
6527,16,23
6528,16,23
6529,16,23
6530,16,23
6531,16,23
6532,16,23
6533,16,23
6534,16,22
6535,16,22
6536,16,22
6537,16,22
6538,16,22
6539,16,22
6540,16,22
6541,16,22
6542,16,22
6543,15,22
6544,15,22
6545,15,22
6546,15,22
6547,15,22
6548,15,22
6549,15,21
6550,15,20
6551,15,20
6552,15,20
6553,15,20
6554,15,20
6555,15,20
6556,15,20
6557,15,20
6558,15,20
6559,15,20
6560,15,20
6561,15,20
6562,15,20
6563,15,20
6564,16,19
6565,17,19
6566,17,19
6567,17,19
6568,17,19
6569,17,18
6570,17,18
6571,17,18
6572,17,17
6573,17,17
6574,17,17
6575,17,17
6576,17,17
6577,17,17
6578,17,17
6579,17,17
6580,17,17
6581,17,17
6582,17,17
6583,17,18
6584,17,18
6585,17,18
6586,17,19
6587,17,19
6588,17,20
6589,17,20
6590,18,18
6591,18,18
6592,18,18
6593,18,18
6594,18,18
6595,18,18
6596,18,18
6597,18,18
6598,18,18
6599,18,18
6601,18,18
6602,18,17
6603,18,15
6604,18,15
6605,18,15
6606,18,15
6607,18,15
6608,18,15
6609,18,15
6610,18,14
6611,18,14
6612,18,14
6613,18,14
6614,18,14
6615,18,14
6616,18,14
6617,18,14
6618,18,14
6619,18,14
6620,18,14
6621,18,14
6622,18,14
6623,18,14
6624,18,14
6625,18,14
6626,18,14
6627,18,14
6628,18,14
6629,18,14
6630,18,14
6631,18,14
6632,18,14
6633,18,14
6634,18,15
6635,18,14
6636,18,14
6637,18,14
6638,18,14
6639,18,13
6640,17,13
6641,17,13
6642,17,13
6643,17,13
6644,17,13
6645,17,12
6646,17,12
6647,17,12
6648,17,12
6649,17,12
6650,18,12
6651,18,12
6652,18,12
6653,18,12
6654,18,12
6655,18,12
6656,18,12
6657,18,12
6658,18,12
6659,18,12
6660,18,11
6661,18,11
6662,18,11
6663,18,11
6664,18,11
6665,18,11
6666,18,11
6667,18,11
6668,18,11
6669,18,11
6670,18,11
6671,18,12
6672,18,12
6673,18,12
6674,18,12
6675,18,11
6676,18,11
6677,18,11
6678,18,11
6679,18,11
6680,18,11
6681,18,12
6682,18,12
6683,18,12
6684,18,12
6685,18,12
6686,18,12
6687,18,12
6688,19,12
6689,19,12
6690,19,12
6691,18,12
6692,18,12
6693,18,12
6694,17,12
6695,17,13
6696,17,13
6697,17,13
6698,17,13
6699,17,13
6701,17,12
6702,17,12
6703,16,12
6704,16,12
6705,16,13
6706,16,13
6707,16,13
6708,16,13
6709,16,13
6710,16,13
6711,16,13
6712,16,13
6713,16,13
6714,16,13
6715,16,14
6716,16,14
6717,16,14
6718,16,14
6719,16,14
6720,16,14
6721,16,13
6722,16,13
6723,16,13
6724,16,13
6725,16,14
6726,16,14
6727,16,14
6728,16,14
6729,16,14
6730,16,14
6731,16,14
6732,16,14
6733,16,14
6734,16,14
6735,16,15
6736,16,15
6737,16,15
6738,16,15
6739,16,15
6740,16,15
6741,16,15
6742,15,15
6743,15,15
6744,15,15
6745,15,16
6746,15,16
6747,15,16
6748,15,16
6749,15,16
6750,15,16
6751,15,16
6752,15,16
6753,15,16
6754,15,16
6755,15,17
6756,15,17
6757,15,17
6758,15,17
6759,15,16
6760,15,16
6761,15,16
6762,15,15
6763,14,15
6764,14,15
6765,14,16
6766,14,16
6767,14,16
6768,14,16
6769,14,16
6770,14,16
6771,14,15
6772,14,15
6773,14,15
6774,14,15
6775,14,15
6776,14,16
6777,14,16
6778,14,16
6779,14,16
6780,14,16
6781,14,16
6782,14,16
6783,14,16
6784,14,15
6785,14,15
6786,14,17
6787,14,17
6788,14,17
6789,14,17
6790,14,17
6791,14,17
6792,14,17
6793,14,17
6794,14,17
6795,14,17
6796,14,19
6797,14,18
6798,14,18
6799,14,18
6801,14,18
6802,14,18
6803,14,18
6804,13,18
6805,13,18
6806,13,20
6807,13,20
6808,13,20
6809,12,20
6810,12,20
6811,12,20
6812,12,19
6813,11,19
6814,11,19
6815,11,19
6816,11,21
6817,11,21
6818,11,20
6819,11,20
6820,11,20
6821,11,20
6822,11,20
6823,11,20
6824,11,20
6825,11,20
6826,11,21
6827,11,21
6828,11,21
6829,11,22
6830,11,22
6831,11,22
6832,10,22
6833,10,21
6834,10,21
6835,10,21
6836,10,21
6837,10,21
6838,10,21
6839,10,22
6840,10,22
6841,10,22
6842,9,22
6843,9,22
6844,9,22
6845,9,22
6846,9,23
6847,9,23
6848,10,23
6849,10,25
6850,10,25
6851,10,25
6852,10,25
6853,10,24
6854,10,24
6855,10,24
6856,10,25
6857,10,25
6858,10,25
6859,10,28
6860,10,28
6861,10,28
6862,10,28
6863,10,28
6864,10,28
6865,10,28
6866,10,29
6867,10,28
6868,10,29
6869,10,33
6870,10,33
6871,10,33
6872,10,33
6873,10,33
6874,10,33
6875,10,33
6876,10,34
6877,10,34
6878,9,34
6879,9,37
6880,9,37
6881,9,37
6882,9,37
6883,9,37
6884,9,37
6885,9,37
6886,9,38
6887,9,38
6888,9,39
6889,9,40
6890,9,40
6891,9,40
6892,9,40
6893,9,40
6894,9,40
6895,9,39
6896,9,39
6897,9,39
6898,10,40
6899,10,40
6901,10,39
6902,10,39
6903,10,38
6904,10,38
6905,10,38
6906,10,38
6907,10,38
6908,10,39
6909,10,40
6910,10,40
6911,10,40
6912,10,40
6913,10,40
6914,10,40
6915,10,40
6916,10,40
6917,10,40
6918,10,41
6919,10,40
6920,10,39
6921,10,39
6922,10,40
6923,10,40
6924,10,40
6925,10,40
6926,10,39
6927,10,39
6928,10,39
6929,10,38
6930,10,36
6931,10,36
6932,10,36
6933,10,36
6934,10,36
6935,10,36
6936,10,36
6937,10,36
6938,10,36
6939,10,36
6940,10,36
6941,10,36
6942,10,37
6943,10,36
6944,10,36
6945,10,36
6946,10,36
6947,10,36
6948,11,36
6949,11,35
6950,11,35
6951,11,35
6952,11,36
6953,11,36
6954,11,36
6955,11,36
6956,11,36
6957,11,37
6958,11,37
6959,11,38
6960,11,38
6961,11,38
6962,11,39
6963,11,39
6964,11,39
6965,11,39
6966,11,39
6967,11,39
6968,11,39
6969,11,39
6970,11,39
6971,11,39
6972,11,40
6973,11,40
6974,11,40
6975,11,40
6976,11,40
6977,11,40
6978,11,40
6979,11,40
6980,11,40
6981,11,41
6982,11,41
6983,11,41
6984,11,41
6985,11,40
6986,11,40
6987,11,41
6988,11,43
6989,11,44
6990,11,44
6991,11,45
6992,11,45
6993,11,45
6994,11,45
6995,11,44
6996,11,44
6997,11,45
6998,11,47
6999,11,48
7001,11,48
7002,11,48
7003,11,48
7004,11,48
7005,11,48
7006,11,48
7007,11,50
7008,11,51
7009,11,51
7010,11,51
7011,11,52
7012,11,52
7013,11,52
7014,11,52
7015,11,52
7016,11,52
7017,11,54
7018,11,55
7019,11,55
7020,11,55
7021,11,57
7022,11,57
7023,11,57
7024,11,56
7025,11,56
7026,11,56
7027,11,58
7028,11,59
7029,11,59
7030,11,59
7031,11,61
7032,11,60
7033,11,61
7034,11,61
7035,11,61
7036,11,60
7037,11,63
7038,11,64
7039,11,64
7040,11,64
7041,11,65
7042,11,65
7043,11,66
7044,11,66
7045,11,66
7046,11,66
7047,11,69
7048,11,69
7049,11,69
7050,11,69
7051,11,71
7052,11,71
7053,11,71
7054,11,71
7055,11,71
7056,11,71
7057,11,74
7058,11,74
7059,11,75
7060,11,75
7061,11,76
7062,11,75
7063,11,75
7064,11,75
7065,11,75
7066,11,75
7067,11,78
7068,11,78
7069,11,78
7070,11,78
7071,11,79
7072,11,79
7073,11,78
7074,11,78
7075,11,78
7076,11,78
7077,11,78
7078,11,78
7079,11,78
7080,11,78
7081,11,78
7082,11,78
7083,11,78
7084,11,78
7085,11,79
7086,11,79
7087,11,82
7088,11,82
7089,11,82
7090,11,82
7091,11,84
7092,11,83
7093,11,83
7094,11,83
7095,11,85
7096,11,86
7097,11,88
7098,11,87
7099,11,87
7101,11,90
7102,11,90
7103,11,90
7104,11,89
7105,11,91
7106,11,91
7107,11,92
7108,11,91
7109,11,90
7110,11,90
7111,11,94
7112,11,94
7113,11,94
7114,11,93
7115,11,94
7116,11,95
7117,11,96
7118,11,96
7119,11,96
7120,11,97
7121,11,101
7122,11,101
7123,11,102
7124,11,102
7125,11,104
7126,11,104
7127,11,103
7128,11,103
7129,11,104
7130,11,105
7131,11,107
7132,11,106
7133,11,107
7134,11,107
7135,11,108
7136,11,108
7137,11,106
7138,11,106
7139,11,107
7140,11,108
7141,11,110
7142,11,109
7143,11,109
7144,11,108
7145,11,110
7146,11,108
7147,11,108
7148,11,107
7149,11,109
7150,11,110
7151,12,109
7152,12,109
7153,12,109
7154,12,108
7155,12,108
7156,12,108
7157,12,108
7158,12,107
7159,12,109
7160,12,108
7161,12,108
7162,12,109
7163,12,108
7164,12,109
7165,12,109
7166,12,109
7167,12,108
7168,12,108
7169,12,110
7170,12,110
7171,12,110
7172,12,112
7173,12,112
7174,12,112
7175,12,113
7176,12,112
7177,12,113
7178,12,113
7179,12,114
7180,12,113
7181,12,113
7182,12,114
7183,12,113
7184,12,113
7185,12,113
7186,12,112
7187,12,112
7188,12,112
7189,12,111
7190,12,111
7191,12,109
7192,12,111
7193,12,111
7194,12,110
7195,12,108
7196,12,108
7197,12,108
7198,12,108
7199,12,108
7201,12,105
7202,12,106
7203,12,107
7204,12,107
7205,12,106
7206,12,106
7207,12,106
7208,12,106
7209,12,106
7210,12,106
7211,12,106
7212,12,107
7213,12,108
7214,12,108
7215,13,107
7216,13,107
7217,13,107
7218,13,109
7219,13,108
7220,14,109
7221,14,109
7222,14,109
7223,14,109
7224,14,108
7225,14,108
7226,14,107
7227,14,107
7228,14,107
7229,14,107
7230,14,107
7231,14,107
7232,14,106
7233,14,106
7234,14,106
7235,14,108
7236,14,108
7237,14,108
7238,14,109
7239,14,109
7240,14,108
7241,14,108
7242,14,109
7243,14,109
7244,14,108
7245,14,110
7246,14,110
7247,14,110
7248,14,108
7249,14,108
7250,14,107
7251,14,107
7252,14,107
7253,14,107
7254,14,107
7255,15,107
7256,15,108
7257,15,109
7258,15,108
7259,15,110
7260,15,110
7261,15,109
7262,15,109
7263,15,108
7264,15,109
7265,16,108
7266,16,106
7267,16,106
7268,16,104
7269,16,104
7270,17,103
7271,17,101
7272,17,101
7273,17,102
7274,17,103
7275,17,103
7276,17,103
7277,17,102
7278,17,102
7279,17,103
7280,17,103
7281,17,103
7282,17,102
7283,17,101
7284,17,99
7285,17,98
7286,17,97
7287,17,97
7288,17,97
7289,17,97
7290,17,96
7291,17,95
7292,17,95
7293,17,95
7294,17,96
7295,17,95
7296,17,94
7297,17,94
7298,17,94
7299,17,94
7301,17,92
7302,17,93
7303,17,92
7304,17,93
7305,17,93
7306,17,93
7307,17,93
7308,17,93
7309,17,93
7310,17,92
7311,17,92
7312,17,92
7313,17,91
7314,17,92
7315,17,92
7316,17,92
7317,17,91
7318,17,90
7319,17,89
7320,18,89
7321,18,89
7322,18,90
7323,18,90
7324,18,91
7325,18,92
7326,18,91
7327,18,91
7328,18,90
7329,18,90
7330,18,89
7331,18,89
7332,18,90
7333,18,89
7334,18,88
7335,18,89
7336,18,89
7337,18,89
7338,18,90
7339,18,89
7340,18,89
7341,18,89
7342,18,88
7343,18,88
7344,18,90
7345,18,89
7346,18,90
7347,18,90
7348,18,90
7349,18,90
7350,18,90
7351,18,90
7352,18,89
7353,18,89
7354,18,89
7355,18,90
7356,18,90
7357,18,90
7358,18,89
7359,18,89
7360,18,89
7361,18,89
7362,18,89
7363,18,87
7364,18,88
7365,18,89
7366,18,91
7367,18,90
7368,18,88
7369,18,87
7370,18,87
7371,18,87
7372,18,86
7373,18,86
7374,18,86
7375,18,86
7376,18,88
7377,18,85
7378,18,85
7379,18,84
7380,18,83
7381,18,83
7382,18,81
7383,18,79
7384,18,78
7385,18,79
7386,18,79
7387,18,78
7388,18,78
7389,18,77
7390,18,76
7391,18,74
7392,18,71
7393,18,70
7394,19,69
7395,19,68
7396,19,68
7397,19,68
7398,19,69
7399,19,68
7401,19,68
7402,19,66
7403,19,64
7404,19,63
7405,19,61
7406,19,60
7407,19,59
7408,19,59
7409,19,57
7410,19,57
7411,19,57
7412,19,56
7413,19,55
7414,19,55
7415,19,56
7416,19,56
7417,19,56
7418,19,54
7419,19,54
7420,19,54
7421,19,53
7422,19,53
7423,19,53
7424,19,53
7425,19,54
7426,19,52
7427,19,52
7428,19,52
7429,19,50
7430,19,50
7431,19,49
7432,19,49
7433,19,48
7434,19,48
7435,19,47
7436,19,47
7437,19,45
7438,19,42
7439,19,41
7440,19,41
7441,19,42
7442,19,42
7443,19,42
7444,19,42
7445,19,42
7446,19,41
7447,19,41
7448,19,41
7449,19,41
7450,19,42
7451,19,42
7452,19,42
7453,19,42
7454,19,42
7455,19,42
7456,19,42
7457,19,42
7458,19,42
7459,19,42
7460,19,42
7461,19,42
7462,19,42
7463,19,42
7464,19,42
7465,19,42
7466,19,42
7467,19,42
7468,19,41
7469,19,41
7470,19,41
7471,19,41
7472,19,41
7473,19,41
7474,19,41
7475,19,42
7476,19,42
7477,19,41
7478,19,41
7479,19,40
7480,19,39
7481,19,38
7482,19,38
7483,19,38
7484,19,38
7485,19,38
7486,19,36
7487,19,36
7488,19,35
7489,19,35
7490,19,35
7491,19,35
7492,19,35
7493,19,34
7494,19,34
7495,19,34
7496,19,34
7497,18,33
7498,18,33
7499,18,33
7501,18,32
7502,18,32
7503,18,32
7504,18,31
7505,18,29
7506,18,29
7507,18,29
7508,18,29
7509,18,28
7510,18,28
7511,18,27
7512,18,27
7513,18,27
7514,18,27
7515,18,26
7516,18,26
7517,18,27
7518,18,27
7519,18,26
7520,18,25
7521,18,24
7522,18,23
7523,18,23
7524,18,22
7525,18,22
7526,18,22
7527,18,22
7528,18,22
7529,18,22
7530,18,22
7531,18,22
7532,18,22
7533,18,22
7534,18,21
7535,18,21
7536,18,21
7537,18,21
7538,18,21
7539,18,21
7540,18,21
7541,18,21
7542,18,21
7543,18,21
7544,18,21
7545,18,20
7546,18,20
7547,18,20
7548,18,20
7549,18,20
7550,18,20
7551,18,20
7552,18,20
7553,18,20
7554,18,20
7555,18,20
7556,18,20
7557,18,19
7558,18,19
7559,18,20
7560,18,20
7561,18,20
7562,18,20
7563,18,19
7564,18,19
7565,18,19
7566,18,19
7567,18,18
7568,18,18
7569,18,18
7570,18,17
7571,18,18
7572,18,18
7573,18,18
7574,18,18
7575,18,18
7576,18,18
7577,18,18
7578,18,18
7579,18,17
7580,17,17
7581,17,17
7582,17,16
7583,17,16
7584,17,16
7585,17,16
7586,17,16
7587,17,16
7588,17,15
7589,17,16
7590,17,16
7591,17,16
7592,17,17
7593,17,17
7594,17,17
7595,17,17
7596,17,17
7597,17,17
7598,17,17
7599,17,18
7601,17,17
7602,17,18
7603,17,18
7604,17,18
7605,17,18
7606,17,18
7607,17,18
7608,17,18
7609,17,18
7610,17,18
7611,17,18
7612,17,19
7613,17,19
7614,17,19
7615,17,19
7616,17,19
7617,17,18
7618,17,18
7619,17,19
7620,17,18
7621,17,18
7622,17,18
7623,17,18
7624,17,18
7625,17,18
7626,17,18
7627,17,18
7628,17,18
7629,17,18
7630,17,18
7631,17,18
7632,17,17
7633,17,17
7634,17,17
7635,17,17
7636,17,17
7637,17,17
7638,17,17
7639,17,17
7640,17,17
7641,17,17
7642,17,17
7643,17,17
7644,17,17
7645,17,17
7646,16,17
7647,15,17
7648,15,16
7649,15,16
7650,15,15
7651,15,13
7652,15,13
7653,15,13
7654,15,14
7655,15,13
7656,15,13
7657,15,13
7658,15,13
7659,15,13
7660,15,13
7661,15,13
7662,15,12
7663,15,11
7664,15,11
7665,14,11
7666,14,11
7667,14,11
7668,14,11
7669,14,11
7670,14,11
7671,14,11
7672,14,11
7673,14,11
7674,14,11
7675,14,11
7676,14,11
7677,14,11
7678,14,11
7679,13,11
7680,13,11
7681,13,11
7682,13,10
7683,13,10
7684,13,10
7685,13,10
7686,13,10
7687,13,10
7688,13,10
7689,13,9
7690,13,9
7691,13,9
7692,13,9
7693,13,9
7694,13,9
7695,13,9
7696,13,9
7697,13,8
7698,13,8
7699,13,8
7701,13,8
7702,13,8
7703,13,8
7704,13,8
7705,13,8
7706,13,8
7707,13,8
7708,13,8
7709,13,8
7710,13,8
7711,13,8
7712,13,8
7713,13,8
7714,13,8
7715,13,8
7716,13,8
7717,13,8
7718,12,8
7719,12,8
7720,12,8
7721,12,8
7722,12,8
7723,12,8
7724,12,8
7725,12,8
7726,12,8
7727,12,8
7728,12,8
7729,12,8
7730,12,8
7731,12,8
7732,12,8
7733,12,8
7734,12,8
7735,12,8
7736,12,8
7737,12,8
7738,11,8
7739,11,8
7740,11,8
7741,11,8
7742,11,8
7743,11,9
7744,11,9
7745,10,9
7746,10,9
7747,10,9
7748,10,9
7749,10,9
7750,10,9
7751,10,9
7752,10,9
7753,10,11
7754,10,11
7755,10,11
7756,10,11
7757,10,11
7758,10,11
7759,10,11
7760,10,11
7761,10,11
7762,10,11
7763,10,13
7764,10,13
7765,10,13
7766,10,13
7767,10,13
7768,10,13
7769,10,13
7770,10,14
7771,10,14
7772,10,14
7773,10,15
7774,10,15
7775,10,15
7776,10,15
7777,10,15
7778,10,15
7779,9,15
7780,9,16
7781,9,16
7782,9,16
7783,8,17
7784,8,17
7785,8,17
7786,8,17
7787,8,17
7788,8,17
7789,8,17
7790,8,19
7791,8,19
7792,8,19
7793,8,20
7794,8,20
7795,8,20
7796,8,20
7797,8,20
7798,8,20
7799,8,20
7801,8,22
7802,8,22
7803,8,23
7804,7,23
7805,7,23
7806,7,22
7807,7,22
7808,7,22
7809,7,22
7810,7,23
7811,7,23
7812,7,23
7813,7,24
7814,7,24
7815,7,24
7816,7,25
7817,7,25
7818,7,25
7819,7,25
7820,7,26
7821,7,26
7822,7,26
7823,7,28
7824,7,28
7825,7,28
7826,7,29
7827,7,29
7828,8,29
7829,8,29
7830,8,30
7831,8,30
7832,8,30
7833,8,31
7834,8,31
7835,8,31
7836,8,32
7837,8,32
7838,8,32
7839,8,32
7840,8,32
7841,8,32
7842,8,32
7843,8,32
7844,8,32
7845,8,32
7846,8,34
7847,8,34
7848,8,34
7849,8,34
7850,8,34
7851,8,34
7852,8,34
7853,8,34
7854,8,35
7855,8,35
7856,8,37
7857,8,37
7858,8,37
7859,8,37
7860,8,37
7861,8,37
7862,8,39
7863,8,39
7864,8,39
7865,8,39
7866,8,40
7867,8,40
7868,8,40
7869,8,41
7870,8,41
7871,8,41
7872,8,42
7873,8,42
7874,8,42
7875,8,42
7876,8,43
7877,8,43
7878,8,43
7879,8,44
7880,8,44
7881,8,44
7882,7,45
7883,7,45
7884,7,45
7885,7,45
7886,7,46
7887,7,47
7888,7,47
7889,7,47
7890,7,47
7891,7,47
7892,7,48
7893,7,48
7894,7,47
7895,7,48
7896,7,49
7897,7,50
7898,7,50
7899,7,51
7901,7,51
7902,7,53
7903,7,53
7904,7,53
7905,7,53
7906,7,53
7907,7,55
7908,7,55
7909,7,56
7910,7,56
7911,7,56
7912,7,57
7913,7,57
7914,7,57
7915,7,57
7916,7,57
7917,7,58
7918,7,58
7919,7,58
7920,7,59
7921,7,59
7922,7,60
7923,7,60
7924,7,60
7925,7,61
7926,7,60
7927,7,61
7928,7,61
7929,7,61
7930,7,62
7931,7,62
7932,7,63
7933,7,64
7934,7,64
7935,7,65
7936,7,65
7937,7,66
7938,7,67
7939,7,67
7940,7,66
7941,7,66
7942,7,67
7943,7,68
7944,7,68
7945,7,69
7946,7,69
7947,7,71
7948,7,72
7949,7,71
7950,7,71
7951,7,71
7952,7,72
7953,7,73
7954,7,73
7955,7,73
7956,7,73
7957,7,75
7958,7,76
7959,7,76
7960,7,76
7961,7,76
7962,7,76
7963,7,77
7964,7,77
7965,7,77
7966,7,77
7967,7,80
7968,7,82
7969,7,82
7970,6,82
7971,6,81
7972,6,80
7973,6,81
7974,6,81
7975,6,81
7976,6,80
7977,6,83
7978,6,86
7979,6,85
7980,6,85
7981,6,85
7982,6,85
7983,6,86
7984,6,86
7985,6,87
7986,6,87
7987,6,91
7988,6,94
7989,6,94
7990,6,93
7991,6,92
7992,6,92
7993,6,93
7994,6,93
7995,6,93
7996,6,94
7997,6,95
7998,6,98
7999,6,98
8001,6,97
8002,6,97
8003,6,97
8004,6,97
8005,6,97
8006,6,97
8007,6,100
8008,6,103
8009,6,103
8010,6,103
8011,6,103
8012,6,103
8013,6,104
8014,6,104
8015,6,104
8016,6,105
8017,6,109
8018,6,112
8019,6,111
8020,6,111
8021,6,110
8022,6,110
8023,6,109
8024,6,110
8025,6,110
8026,6,112
8027,6,114
8028,6,115
8029,6,115
8030,6,115
8031,6,114
8032,6,115
8033,6,114
8034,6,115
8035,6,115
8036,6,118
8037,6,119
8038,6,121
8039,6,121
8040,6,121
8041,6,121
8042,6,121
8043,6,121
8044,6,121
8045,6,121
8046,6,125
8047,6,125
8048,6,128
8049,6,129
8050,6,129
8051,6,129
8052,6,129
8053,6,128
8054,6,128
8055,6,128
8056,6,133
8057,6,132
8058,6,135
8059,6,137
8060,6,137
8061,6,137
8062,6,137
8063,6,137
8064,6,137
8065,6,137
8066,6,142
8067,6,142
8068,6,144
8069,6,147
8070,6,147
8071,6,147
8072,6,148
8073,6,148
8074,6,146
8075,6,147
8076,6,151
8077,6,152
8078,6,154
8079,6,159
8080,6,159
8081,6,158
8082,6,158
8083,6,158
8084,6,159
8085,6,159
8086,6,163
8087,6,164
8088,6,165
8089,6,170
8090,6,170
8091,6,168
8092,6,168
8093,6,167
8094,6,166
8095,6,167
8096,6,170
8097,6,171
8098,6,173
8099,6,175
8101,6,174
8102,6,172
8103,6,170
8104,6,171
8105,6,168
8106,6,170
8107,6,169
8108,6,171
8109,6,173
8110,6,172
8111,6,172
8112,6,172
8113,6,171
8114,6,171
8115,6,171
8116,6,172
8117,6,171
8118,6,172
8119,6,172
8120,6,171
8121,6,171
8122,6,171
8123,6,171
8124,6,171
8125,6,170
8126,6,170
8127,6,168
8128,6,168
8129,6,167
8130,6,165
8131,6,164
8132,6,164
8133,6,164
8134,6,163
8135,6,163
8136,6,163
8137,6,162
8138,6,163
8139,6,164
8140,6,162
8141,6,162
8142,6,162
8143,6,161
8144,6,161
8145,6,161
8146,6,161
8147,6,161
8148,6,161
8149,6,161
8150,6,161
8151,6,160
8152,6,160
8153,6,160
8154,6,160
8155,6,160
8156,6,160
8157,6,159
8158,6,159
8159,6,159
8160,6,158
8161,6,158
8162,6,158
8163,6,158
8164,6,157
8165,6,156
8166,6,155
8167,6,155
8168,6,153
8169,6,152
8170,6,151
8171,6,151
8172,6,151
8173,6,151
8174,6,151
8175,6,151
8176,6,148
8177,6,149
8178,6,149
8179,6,147
8180,6,146
8181,6,146
8182,6,145
8183,6,145
8184,6,146
8185,6,143
8186,6,142
8187,6,142
8188,6,143
8189,6,143
8190,6,144
8191,6,144
8192,6,140
8193,6,139
8194,6,139
8195,6,139
8196,6,140
8197,6,140
8198,6,139
8199,6,139
8201,6,138
8202,6,136
8203,6,136
8204,6,137
8205,6,137
8206,6,136
8207,6,135
8208,6,135
8209,6,135
8210,6,134
8211,6,134
8212,6,133
8213,6,131
8214,6,131
8215,6,130
8216,6,129
8217,6,129
8218,6,129
8219,6,129
8220,6,127
8221,6,124
8222,6,124
8223,6,124
8224,6,124
8225,6,123
8226,6,121
8227,6,121
8228,6,118
8229,6,118
8230,6,118
8231,6,116
8232,6,115
8233,6,115
8234,6,115
8235,6,114
8236,6,114
8237,6,115
8238,6,115
8239,6,115
8240,6,113
8241,6,113
8242,6,111
8243,6,111
8244,6,112
8245,6,113
8246,6,112
8247,6,110
8248,6,110
8249,6,110
8250,6,109
8251,6,110
8252,6,109
8253,6,109
8254,6,106
8255,6,104
8256,6,104
8257,6,105
8258,6,104
8259,6,103
8260,6,103
8261,6,102
8262,6,102
8263,6,102
8264,6,101
8265,6,99
8266,6,98
8267,6,98
8268,6,99
8269,6,98
8270,6,98
8271,6,97
8272,6,97
8273,6,96
8274,6,96
8275,6,95
8276,6,94
8277,6,93
8278,6,92
8279,6,92
8280,6,92
8281,6,91
8282,6,91
8283,6,91
8284,6,90
8285,6,90
8286,6,88
8287,6,88
8288,6,88
8289,6,88
8290,6,88
8291,6,88
8292,6,88
8293,6,87
8294,6,84
8295,6,83
8296,6,81
8297,6,81
8298,6,81
8299,6,81
8301,6,80
8302,6,80
8303,6,79
8304,6,79
8305,6,80
8306,6,81
8307,6,80
8308,6,79
8309,6,78
8310,6,77
8311,6,77
8312,6,77
8313,6,76
8314,6,75
8315,6,76
8316,6,76
8317,6,75
8318,6,75
8319,6,75
8320,6,76
8321,6,75
8322,6,74
8323,6,74
8324,6,74
8325,6,75
8326,6,73
8327,6,73
8328,6,73
8329,6,73
8330,6,72
8331,6,72
8332,6,72
8333,6,71
8334,6,70
8335,6,70
8336,6,68
8337,6,67
8338,6,67
8339,6,67
8340,6,67
8341,6,67
8342,6,67
8343,6,67
8344,6,67
8345,6,67
8346,6,67
8347,6,67
8348,6,67
8349,6,68
8350,6,68
8351,6,68
8352,6,68
8353,6,68
8354,6,68
8355,6,68
8356,6,68
8357,6,67
8358,6,66
8359,6,67
8360,6,66
8361,6,65
8362,6,65
8363,6,65
8364,6,64
8365,6,62
8366,6,62
8367,6,62
8368,6,62
8369,6,61
8370,6,61
8371,6,59
8372,6,59
8373,6,58
8374,6,57
8375,6,57
8376,6,57
8377,6,54
8378,6,53
8379,6,54
8380,6,54
8381,6,54
8382,6,53
8383,6,53
8384,6,53
8385,6,53
8386,6,54
8387,6,53
8388,6,53
8389,6,53
8390,6,53
8391,6,53
8392,6,53
8393,6,53
8394,6,52
8395,6,52
8396,6,51
8397,6,51
8398,6,51
8399,6,52
8401,6,51
8402,6,51
8403,6,50
8404,6,50
8405,6,50
8406,6,50
8407,6,50
8408,6,50
8409,6,50
8410,6,50
8411,6,50
8412,6,50
8413,6,50
8414,6,50
8415,6,50
8416,6,50
8417,6,50
8418,6,50
8419,6,50
8420,6,50
8421,6,50
8422,6,50
8423,6,50
8424,6,49
8425,6,49
8426,6,49
8427,6,49
8428,6,49
8429,6,48
8430,6,48
8431,6,48
8432,6,49
8433,6,49
8434,6,49
8435,6,50
8436,6,50
8437,6,50
8438,6,50
8439,6,50
8440,6,50
8441,5,49
8442,5,50
8443,5,49
8444,5,49
8445,5,48
8446,5,49
8447,5,49
8448,5,49
8449,5,48
8450,5,48
8451,5,48
8452,5,48
8453,5,48
8454,5,49
8455,5,49
8456,5,49
8457,5,48
8458,5,48
8459,5,48
8460,5,48
8461,5,48
8462,5,48
8463,5,48
8464,5,49
8465,5,49
8466,5,49
8467,5,48
8468,5,47
8469,5,47
8470,5,47
8471,5,47
8472,5,47
8473,5,47
8474,5,47
8475,5,47
8476,5,47
8477,5,47
8478,5,47
8479,5,47
8480,5,48
8481,5,48
8482,6,48
8483,6,48
8484,6,48
8485,6,48
8486,6,48
8487,6,48
8488,6,48
8489,6,48
8490,6,48
8491,6,46
8492,6,46
8493,6,46
8494,6,46
8495,6,47
8496,6,48
8497,6,48
8498,6,48
8499,6,49
8501,6,49
8502,6,49
8503,6,49
8504,6,49
8505,6,47
8506,6,47
8507,6,47
8508,6,47
8509,6,47
8510,6,46
8511,6,45
8512,6,45
8513,6,45
8514,6,45
8515,6,47
8516,6,48
8517,6,47
8518,6,47
8519,6,48
8520,6,48
8521,6,48
8522,6,48
8523,6,49
8524,6,49
8525,6,49
8526,6,49
8527,6,50
8528,6,50
8529,6,50
8530,6,50
8531,6,50
8532,7,50
8533,7,51
8534,7,51
8535,7,52
8536,7,53
8537,7,53
8538,7,53
8539,7,53
8540,7,53
8541,7,53
8542,7,53
8543,7,54
8544,7,54
8545,7,54
8546,7,55
8547,7,55
8548,7,55
8549,7,56
8550,7,56
8551,7,56
8552,7,55
8553,7,56
8554,7,56
8555,7,56
8556,7,57
8557,7,57
8558,7,57
8559,7,58
8560,7,57
8561,7,57
8562,7,57
8563,7,58
8564,7,59
8565,7,59
8566,7,60
8567,7,61
8568,7,61
8569,7,61
8570,7,61
8571,7,61
8572,7,61
8573,7,61
8574,7,61
8575,7,61
8576,7,62
8577,7,63
8578,7,63
8579,7,64
8580,7,64
8581,7,64
8582,7,64
8583,7,64
8584,7,64
8585,7,65
8586,7,65
8587,7,66
8588,7,66
8589,7,67
8590,7,66
8591,7,66
8592,7,66
8593,7,66
8594,7,65
8595,7,65
8596,7,65
8597,7,65
8598,7,65
8599,7,66
8601,7,66
8602,7,66
8603,7,66
8604,7,66
8605,7,66
8606,7,66
8607,7,66
8608,7,65
8609,7,66
8610,7,66
8611,7,66
8612,7,66
8613,7,66
8614,7,65
8615,7,64
8616,7,65
8617,7,65
8618,7,65
8619,7,66
8620,7,65
8621,7,65
8622,7,65
8623,7,63
8624,7,62
8625,7,62
8626,7,62
8627,7,62
8628,7,62
8629,7,63
8630,7,62
8631,7,62
8632,7,63
8633,7,63
8634,7,64
8635,7,64
8636,7,64
8637,7,63
8638,7,63
8639,7,63
8640,7,63
8641,7,62
8642,7,62
8643,7,62
8644,7,62
8645,7,62
8646,7,62
8647,7,62
8648,7,62
8649,7,61
8650,7,60
8651,7,60
8652,7,60
8653,7,60
8654,7,60
8655,7,60
8656,7,61
8657,7,61
8658,7,61
8659,7,60
8660,7,60
8661,7,60
8662,7,60
8663,7,60
8664,7,60
8665,7,60
8666,7,61
8667,7,61
8668,7,61
8669,7,61
8670,7,61
8671,7,61
8672,7,60
8673,7,60
8674,7,60
8675,7,60
8676,7,61
8677,7,62
8678,7,62
8679,7,61
8680,7,61
8681,7,61
8682,7,61
8683,7,62
8684,7,61
8685,7,63
8686,7,64
8687,7,64
8688,7,65
8689,7,64
8690,7,64
8691,7,64
8692,7,62
8693,7,62
8694,7,62
8695,7,62
8696,7,63
8697,7,63
8698,7,64
8699,7,64
8701,7,63
8702,7,63
8703,7,64
8704,7,63
8705,7,65
8706,7,65
8707,7,65
8708,7,66
8709,7,66
8710,7,66
8711,7,66
8712,7,63
8713,7,62
8714,7,62
8715,7,62
8716,7,62
8717,7,62
8718,7,63
8719,7,63
8720,7,65
8721,7,65
8722,7,65
8723,7,66
8724,7,66
8725,7,67
8726,7,66
8727,7,65
8728,7,66
8729,7,66
8730,7,66
8731,7,67
8732,7,67
8733,7,67
8734,7,67
8735,7,67
8736,7,66
8737,7,66
8738,7,66
8739,7,66
8740,7,65
8741,7,66
8742,7,65
8743,7,65
8744,7,64
8745,7,65
8746,7,65
8747,7,64
8748,7,63
8749,7,62
8750,7,62
8751,7,61
8752,7,62
8753,7,62
8754,7,62
8755,7,63
8756,7,61
8757,7,61
8758,7,61
8759,7,61
8760,7,61
8761,7,61
8762,7,61
8763,7,62
8764,7,62
8765,7,62
8766,7,62
8767,7,63
8768,7,63
8769,7,63
8770,7,63
8771,7,62
8772,7,62
8773,7,63
8774,7,63
8775,7,63
8776,7,63
8777,7,63
8778,7,61
8779,7,61
8780,7,61
8781,7,61
8782,7,62
8783,7,62
8784,7,62
8785,7,62
8786,7,61
8787,7,61
8788,7,61
8789,7,61
8790,7,61
8791,7,61
8792,7,61
8793,7,60
8794,7,60
8795,7,60
8796,7,60
8797,7,61
8798,7,62
8799,7,62
8801,7,62
8802,7,62
8803,7,62
8804,7,61
8805,7,61
8806,7,61
8807,7,62
8808,7,63
8809,7,63
8810,7,63
8811,7,63
8812,7,63
8813,7,63
8814,7,62
8815,7,62
8816,7,62
8817,7,62
8818,7,63
8819,7,63
8820,7,61
8821,7,61
8822,7,61
8823,7,60
8824,7,58
8825,7,58
8826,7,58
8827,7,59
8828,7,60
8829,7,60
8830,7,61
8831,7,61
8832,7,61
8833,7,62
8834,7,61
8835,7,61
8836,7,61
8837,7,62
8838,7,62
8839,7,62
8840,7,63
8841,7,63
8842,7,62
8843,7,61
8844,7,59
8845,7,59
8846,7,59
8847,7,60
8848,7,60
8849,7,60
8850,7,60
8851,7,60
8852,7,60
8853,7,60
8854,7,60
8855,7,60
8856,7,60
8857,7,61
8858,7,61
8859,7,61
8860,7,61
8861,7,61
8862,7,61
8863,7,59
8864,7,59
8865,7,59
8866,7,58
8867,7,58
8868,7,58
8869,7,58
8870,7,59
8871,7,59
8872,7,59
8873,7,59
8874,7,59
8875,7,59
8876,7,60
8877,7,60
8878,7,60
8879,7,60
8880,7,61
8881,7,61
8882,7,60
8883,7,60
8884,7,60
8885,7,62
8886,7,61
8887,7,61
8888,7,60
8889,7,60
8890,7,61
8891,7,60
8892,7,60
8893,7,60
8894,7,60
8895,7,61
8896,7,61
8897,7,61
8898,7,61
8899,7,62
8901,7,59
8902,7,59
8903,7,59
8904,7,59
8905,7,60
8906,7,60
8907,7,60
8908,7,60
8909,7,60
8910,7,61
8911,7,62
8912,7,62
8913,7,62
8914,7,62
8915,7,63
8916,7,62
8917,7,63
8918,7,63
8919,7,63
8920,7,64
8921,7,66
8922,7,66
8923,7,67
8924,7,66
8925,7,67
8926,7,67
8927,7,69
8928,7,69
8929,7,69
8930,7,69
8931,7,69
8932,7,68
8933,7,69
8934,7,69
8935,7,70
8936,7,70
8937,7,72
8938,7,70
8939,7,70
8940,7,70
8941,8,70
8942,8,71
8943,8,70
8944,8,70
8945,8,72
8946,8,72
8947,8,75
8948,8,75
8949,8,75
8950,8,75
8951,8,75
8952,8,76
8953,8,76
8954,8,76
8955,8,78
8956,8,79
8957,8,79
8958,8,79
8959,8,79
8960,8,78
8961,8,78
8962,8,78
8963,8,78
8964,8,78
8965,8,80
8966,8,80
8967,8,80
8968,8,80
8969,8,80
8970,8,80
8971,8,80
8972,8,80
8973,8,80
8974,8,79
8975,8,78
8976,8,78
8977,8,79
8978,8,79
8979,8,78
8980,8,77
8981,8,77
8982,8,78
8983,8,78
8984,8,78
8985,8,77
8986,8,77
8987,8,78
8988,8,78
8989,8,78
8990,8,78
8991,8,77
8992,8,77
8993,8,77
8994,8,77
8995,8,77
8996,7,77
8997,7,78
8998,7,78
8999,7,79
9001,7,79
9002,7,79
9003,7,79
9004,7,79
9005,7,78
9006,7,79
9007,7,79
9008,7,78
9009,7,79
9010,7,78
9011,7,77
9012,7,77
9013,7,76
9014,7,75
9015,7,74
9016,7,75
9017,7,75
9018,7,75
9019,7,75
9020,7,76
9021,7,76
9022,7,76
9023,7,76
9024,7,77
9025,7,77
9026,7,77
9027,7,78
9028,7,78
9029,7,78
9030,7,78
9031,7,78
9032,7,77
9033,7,77
9034,7,76
9035,7,76
9036,7,75
9037,7,74
9038,7,74
9039,7,74
9040,7,73
9041,7,72
9042,7,73
9043,7,73
9044,7,73
9045,7,73
9046,7,73
9047,7,72
9048,7,71
9049,7,71
9050,7,71
9051,7,70
9052,7,70
9053,7,71
9054,7,71
9055,7,71
9056,7,71
9057,7,71
9058,7,71
9059,7,71
9060,7,71
9061,7,71
9062,7,71
9063,7,70
9064,7,70
9065,7,70
9066,7,71
9067,7,71
9068,7,71
9069,7,71
9070,7,71
9071,7,72
9072,7,71
9073,7,71
9074,7,70
9075,7,71
9076,7,71
9077,7,71
9078,7,71
9079,7,71
9080,7,71
9081,7,71
9082,7,71
9083,7,71
9084,7,72
9085,7,72
9086,7,72
9087,7,71
9088,7,71
9089,7,69
9090,7,68
9091,7,68
9092,7,68
9093,7,66
9094,7,67
9095,7,67
9096,7,67
9097,7,66
9098,7,65
9099,7,65
9101,7,63
9102,7,63
9103,7,63
9104,7,62
9105,7,61
9106,7,61
9107,7,62
9108,7,60
9109,7,60
9110,7,61
9111,7,61
9112,7,61
9113,7,60
9114,7,61
9115,7,61
9116,7,61
9117,7,60
9118,7,60
9119,7,60
9120,7,61
9121,7,61
9122,7,63
9123,7,62
9124,7,62
9125,7,62
9126,7,62
9127,7,62
9128,7,62
9129,7,62
9130,7,62
9131,7,62
9132,8,63
9133,8,63
9134,8,63
9135,8,63
9136,8,61
9137,8,61
9138,8,61
9139,8,62
9140,8,61
9141,8,61
9142,8,62
9143,8,61
9144,8,62
9145,8,62
9146,8,62
9147,8,62
9148,8,61
9149,8,62
9150,8,62
9151,8,62
9152,8,61
9153,8,61
9154,8,61
9155,8,61
9156,8,61
9157,8,60
9158,8,59
9159,8,59
9160,8,58
9161,8,58
9162,8,58
9163,8,58
9164,8,58
9165,8,57
9166,8,57
9167,8,57
9168,8,57
9169,8,57
9170,8,57
9171,8,56
9172,8,57
9173,8,57
9174,8,57
9175,8,57
9176,8,57
9177,8,58
9178,8,57
9179,8,58
9180,8,58
9181,8,58
9182,9,58
9183,9,58
9184,9,57
9185,9,57
9186,9,57
9187,9,57
9188,9,55
9189,9,55
9190,9,54
9191,9,54
9192,9,54
9193,9,54
9194,9,54
9195,9,53
9196,9,53
9197,9,53
9198,9,53
9199,9,52
9201,9,50
9202,9,50
9203,9,51
9204,9,51
9205,9,51
9206,9,51
9207,9,50
9208,9,50
9209,9,49
9210,9,49
9211,9,49
9212,9,49
9213,9,50
9214,9,50
9215,9,50
9216,9,50
9217,9,49
9218,9,49
9219,9,49
9220,9,49
9221,9,49
9222,9,48
9223,9,48
9224,9,47
9225,9,45
9226,9,45
9227,9,46
9228,9,46
9229,9,46
9230,9,46
9231,9,45
9232,9,45
9233,10,46
9234,10,46
9235,10,45
9236,10,45
9237,10,45
9238,10,44
9239,10,44
9240,10,43
9241,10,43
9242,10,43
9243,10,43
9244,10,43
9245,10,43
9246,10,43
9247,10,45
9248,10,44
9249,10,44
9250,10,45
9251,10,45
9252,10,44
9253,10,44
9254,10,44
9255,10,44
9256,10,44
9257,10,46
9258,10,46
9259,10,46
9260,10,45
9261,10,45
9262,10,45
9263,10,45
9264,10,45
9265,10,44
9266,10,44
9267,10,46
9268,10,46
9269,10,46
9270,10,46
9271,10,46
9272,10,46
9273,10,46
9274,10,46
9275,10,46
9276,10,46
9277,10,47
9278,10,47
9279,10,47
9280,10,47
9281,10,47
9282,10,47
9283,10,46
9284,10,46
9285,10,44
9286,10,44
9287,10,45
9288,10,45
9289,10,45
9290,10,45
9291,10,45
9292,10,45
9293,10,45
9294,10,45
9295,10,45
9296,10,45
9297,10,46
9298,10,45
9299,10,45
9301,10,44
9302,10,44
9303,10,41
9304,10,41
9305,10,41
9306,10,41
9307,10,41
9308,10,41
9309,10,40
9310,10,40
9311,10,40
9312,10,40
9313,10,40
9314,10,41
9315,10,41
9316,10,41
9317,10,41
9318,10,42
9319,10,42
9320,11,42
9321,11,42
9322,11,42
9323,11,42
9324,11,42
9325,11,42
9326,11,42
9327,11,42
9328,11,42
9329,11,41
9330,11,41
9331,11,41
9332,11,41
9333,11,42
9334,11,42
9335,11,42
9336,11,42
9337,11,42
9338,11,42
9339,11,42
9340,11,40
9341,11,40
9342,11,40
9343,11,41
9344,11,42
9345,11,42
9346,11,43
9347,11,43
9348,11,43
9349,11,43
9350,11,43
9351,11,43
9352,11,43
9353,11,43
9354,11,43
9355,11,43
9356,11,44
9357,11,44
9358,11,43
9359,11,43
9360,11,43
9361,11,44
9362,11,44
9363,11,45
9364,11,45
9365,11,44
9366,11,44
9367,11,44
9368,11,44
9369,11,45
9370,11,45
9371,11,45
9372,11,45
9373,11,47
9374,11,47
9375,11,47
9376,11,47
9377,11,47
9378,11,47
9379,11,47
9380,11,47
9381,11,47
9382,11,47
9383,11,49
9384,11,48
9385,11,48
9386,11,48
9387,11,48
9388,11,48
9389,11,47
9390,11,46
9391,12,46
9392,12,46
9393,12,48
9394,12,48
9395,12,48
9396,12,48
9397,12,48
9398,12,48
9399,12,48
9401,12,48
9402,12,48
9403,12,49
9404,12,49
9405,12,49
9406,11,49
9407,11,49
9408,11,49
9409,11,49
9410,11,49
9411,11,49
9412,11,49
9413,11,48
9414,11,50
9415,11,49
9416,11,49
9417,11,49
9418,11,49
9419,11,49
9420,11,49
9421,11,49
9422,11,48
9423,11,48
9424,11,50
9425,11,50
9426,11,50
9427,11,50
9428,11,50
9429,11,49
9430,11,48
9431,11,48
9432,11,49
9433,11,49
9434,11,52
9435,11,51
9436,11,51
9437,11,51
9438,11,51
9439,11,51
9440,11,52
9441,11,51
9442,11,51
9443,11,51
9444,11,53
9445,11,53
9446,11,53
9447,11,53
9448,11,53
9449,11,53
9450,11,54
9451,11,54
9452,11,54
9453,11,54
9454,11,56
9455,11,56
9456,11,56
9457,11,56
9458,11,56
9459,11,56
9460,11,57
9461,11,57
9462,11,57
9463,11,57
9464,11,57
9465,11,57
9466,11,57
9467,11,57
9468,11,58
9469,11,58
9470,11,58
9471,11,59
9472,11,58
9473,11,57
9474,11,58
9475,11,59
9476,11,59
9477,11,59
9478,11,60
9479,11,59
9480,11,59
9481,11,59
9482,11,59
9483,11,58
9484,11,59
9485,11,60
9486,11,60
9487,11,59
9488,11,59
9489,11,59
9490,11,59
9491,11,59
9492,11,59
9493,11,60
9494,11,60
9495,11,62
9496,11,62
9497,11,62
9498,11,61
9499,11,61
9501,11,62
9502,11,62
9503,11,62
9504,11,62
9505,11,62
9506,11,62
9507,11,62
9508,11,63
9509,11,64
9510,11,64
9511,11,64
9512,11,63
9513,11,63
9514,11,61
9515,11,62
9516,11,62
9517,11,62
9518,11,62
9519,12,62
9520,12,62
9521,11,61
9522,11,62
9523,11,62
9524,11,61
9525,11,62
9526,11,60
9527,11,61
9528,11,61
9529,11,62
9530,11,62
9531,11,62
9532,11,63
9533,11,63
9534,11,63
9535,11,64
9536,11,64
9537,11,66
9538,11,65
9539,11,65
9540,11,64
9541,11,63
9542,11,63
9543,11,63
9544,11,63
9545,11,63
9546,11,63
9547,11,65
9548,11,65
9549,11,65
9550,11,66
9551,11,66
9552,11,66
9553,11,65
9554,11,64
9555,11,63
9556,11,64
9557,11,65
9558,11,63
9559,11,63
9560,11,63
9561,11,63
9562,11,62
9563,11,62
9564,11,61
9565,12,60
9566,12,61
9567,12,63
9568,12,63
9569,12,63
9570,12,63
9571,12,63
9572,12,63
9573,12,62
9574,12,61
9575,12,61
9576,12,63
9577,12,64
9578,12,62
9579,13,62
9580,13,62
9581,13,63
9582,13,61
9583,13,61
9584,13,61
9585,13,60
9586,13,62
9587,13,62
9588,13,62
9589,13,62
9590,13,60
9591,13,60
9592,13,59
9593,13,59
9594,13,61
9595,13,61
9596,13,62
9597,13,62
9598,13,62
9599,13,62
9601,13,61
9602,13,62
9603,13,62
9604,13,63
9605,13,62
9606,13,62
9607,13,62
9608,13,61
9609,13,61
9610,13,61
9611,13,61
9612,13,61
9613,13,61
9614,13,63
9615,13,63
9616,13,63
9617,13,63
9618,13,62
9619,13,62
9620,13,62
9621,13,62
9622,13,62
9623,13,62
9624,13,64
9625,13,63
9626,13,63
9627,13,64
9628,13,64
9629,13,65
9630,13,66
9631,13,66
9632,13,66
9633,13,66
9634,13,67
9635,13,67
9636,13,67
9637,13,67
9638,13,67
9639,13,68
9640,13,67
9641,13,68
9642,13,67
9643,13,67
9644,13,67
9645,13,67
9646,13,67
9647,13,68
9648,13,67
9649,13,67
9650,13,67
9651,13,66
9652,13,66
9653,13,66
9654,14,66
9655,14,66
9656,14,66
9657,14,67
9658,14,68
9659,14,67
9660,14,67
9661,14,67
9662,14,66
9663,14,66
9664,14,67
9665,14,67
9666,14,67
9667,14,67
9668,14,67
9669,14,65
9670,14,65
9671,14,65
9672,14,65
9673,14,65
9674,14,66
9675,14,66
9676,14,65
9677,14,66
9678,14,67
9679,14,67
9680,14,67
9681,14,67
9682,14,66
9683,14,65
9684,14,65
9685,14,65
9686,14,65
9687,14,64
9688,14,64
9689,14,65
9690,14,65
9691,14,64
9692,14,64
9693,14,64
9694,14,65
9695,14,65
9696,14,65
9697,14,65
9698,14,65
9699,14,64
9701,14,64
9702,14,64
9703,14,64
9704,14,65
9705,14,66
9706,14,67
9707,14,66
9708,14,67
9709,14,67
9710,14,66
9711,14,65
9712,14,65
9713,14,65
9714,14,65
9715,14,66
9716,14,66
9717,14,65
9718,14,66
9719,14,66
9720,14,67
9721,14,66
9722,14,66
9723,14,65
9724,14,65
9725,14,65
9726,14,65
9727,14,65
9728,14,64
9729,14,64
9730,14,64
9731,14,64
9732,14,64
9733,14,65
9734,14,66
9735,14,65
9736,14,66
9737,14,66
9738,14,66
9739,14,66
9740,14,66
9741,14,66
9742,14,64
9743,14,65
9744,14,65
9745,14,65
9746,14,66
9747,14,66
9748,14,66
9749,14,66
9750,14,66
9751,14,64
9752,14,64
9753,14,65
9754,14,65
9755,14,65
9756,14,64
9757,14,64
9758,14,64
9759,14,64
9760,14,63
9761,14,65
9762,14,65
9763,14,65
9764,14,65
9765,14,65
9766,14,65
9767,14,65
9768,14,65
9769,14,65
9770,14,65
9771,14,65
9772,14,66
9773,14,66
9774,14,65
9775,14,64
9776,13,63
9777,13,63
9778,13,64
9779,13,64
9780,13,63
9781,13,63
9782,13,64
9783,13,65
9784,13,65
9785,13,65
9786,13,66
9787,13,65
9788,13,63
9789,13,62
9790,13,62
9791,13,62
9792,13,62
9793,13,62
9794,13,61
9795,13,60
9796,13,60
9797,13,59
9798,13,59
9799,13,59
9801,13,58
9802,13,58
9803,13,58
9804,13,57
9805,13,57
9806,13,57
9807,13,57
9808,13,56
9809,13,56
9810,13,56
9811,13,57
9812,13,56
9813,13,56
9814,13,56
9815,13,55
9816,13,55
9817,13,55
9818,13,55
9819,13,55
9820,13,55
9821,13,55
9822,13,55
9823,13,56
9824,13,55
9825,13,55
9826,13,56
9827,13,56
9828,13,55
9829,13,56
9830,13,56
9831,13,55
9832,13,54
9833,13,54
9834,13,54
9835,13,53
9836,13,54
9837,13,54
9838,13,54
9839,13,56
9840,13,56
9841,13,56
9842,13,56
9843,13,56
9844,13,56
9845,13,56
9846,13,56
9847,13,56
9848,13,56
9849,13,57
9850,13,57
9851,13,57
9852,13,57
9853,13,57
9854,13,56
9855,13,55
9856,13,55
9857,13,55
9858,13,55
9859,13,55
9860,13,56
9861,13,55
9862,13,55
9863,13,55
9864,13,55
9865,13,55
9866,13,55
9867,13,56
9868,12,56
9869,12,57
9870,12,57
9871,12,57
9872,12,57
9873,12,56
9874,12,56
9875,12,56
9876,12,56
9877,12,55
9878,12,55
9879,12,56
9880,12,56
9881,12,57
9882,12,57
9883,12,57
9884,12,55
9885,12,55
9886,12,55
9887,12,55
9888,12,55
9889,12,56
9890,12,56
9891,12,57
9892,12,57
9893,12,56
9894,11,55
9895,11,55
9896,11,55
9897,11,54
9898,11,53
9899,11,52
9901,11,54
9902,11,55
9903,11,55
9904,11,56
9905,11,56
9906,11,56
9907,11,56
9908,11,56
9909,11,56
9910,11,56
9911,11,57
9912,11,58
9913,11,58
9914,11,58
9915,11,59
9916,11,58
9917,11,58
9918,11,57
9919,11,57
9920,11,57
9921,11,58
9922,11,58
9923,11,59
9924,11,58
9925,11,59
9926,11,59
9927,11,59
9928,11,59
9929,11,59
9930,11,59
9931,11,59
9932,11,58
9933,11,58
9934,11,58
9935,11,60
9936,11,60
9937,11,60
9938,11,59
9939,11,59
9940,11,59
9941,11,60
9942,11,61
9943,11,60
9944,11,60
9945,11,62
9946,11,61
9947,11,61
9948,11,61
9949,11,62
9950,11,63
9951,12,62
9952,12,61
9953,12,61
9954,12,61
9955,12,63
9956,12,62
9957,12,62
9958,12,63
9959,12,62
9960,12,61
9961,12,60
9962,12,59
9963,12,58
9964,12,59
9965,12,59
9966,12,58
9967,12,58
9968,12,58
9969,12,58
9970,12,57
9971,12,57
9972,13,57
9973,13,56
9974,13,57
9975,13,58
9976,13,57
9977,13,57
9978,13,57
9979,13,57
9980,13,56
9981,13,56
9982,13,55
9983,13,55
9984,13,57
9985,13,58
9986,13,58
9987,13,58
9988,13,57
9989,13,57
9990,13,57
9991,13,57
9992,13,56
9993,13,56
9994,13,57
9995,13,59
9996,13,59
9997,13,59
9998,13,57
9999,13,57
10001,13,57
10002,13,56
10003,13,56
10004,13,57
10005,13,56
10006,13,55
10007,13,55
10008,13,53
10009,13,53
10010,13,53
10011,13,54
10012,13,54
10013,13,54
10014,13,54
10015,13,54
10016,13,54
10017,13,54
10018,13,54
10019,13,53
10020,13,54
10021,13,55
10022,14,55
10023,14,55
10024,14,55
10025,14,54
10026,14,54
10027,14,54
10028,14,53
10029,14,54
10030,14,54
10031,14,54
10032,14,54
10033,14,54
10034,13,53
10035,13,53
10036,13,53
10037,13,53
10038,13,53
10039,13,53
10040,13,53
10041,13,52
10042,13,51
10043,13,51
10044,13,52
10045,13,51
10046,13,51
10047,13,51
10048,13,51
10049,13,51
10050,13,52
10051,13,53
10052,13,54
10053,13,54
10054,13,55
10055,13,55
10056,12,55
10057,12,55
10058,12,55
10059,13,55
10060,13,54
10061,13,55
10062,13,55
10063,13,55
10064,13,53
10065,13,53
10066,13,53
10067,13,53
10068,13,53
10069,13,52
10070,13,51
10071,13,51
10072,13,52
10073,13,52
10074,13,53
10075,13,53
10076,13,53
10077,13,53
10078,13,52
10079,13,52
10080,13,52
10081,13,52
10082,13,53
10083,13,53
10084,13,54
10085,13,53
10086,13,53
10087,13,53
10088,13,53
10089,13,53
10090,13,53
10091,13,53
10092,13,51
10093,13,51
10094,13,52
10095,13,52
10096,13,52
10097,13,52
10098,13,52
10099,13,52
10101,13,51
10102,13,51
10103,13,51
10104,13,51
10105,13,50
10106,13,48
10107,13,48
10108,13,49
10109,13,49
10110,13,50
10111,13,50
10112,13,51
10113,13,51
10114,13,51
10115,13,51
10116,13,51
10117,13,51
10118,13,50
10119,13,50
10120,13,50
10121,13,51
10122,13,50
10123,13,50
10124,13,50
10125,13,50
10126,13,50
10127,12,51
10128,12,51
10129,12,50
10130,12,50
10131,12,50
10132,12,49
10133,12,49
10134,12,48
10135,12,48
10136,12,48
10137,12,48
10138,12,47
10139,12,47
10140,12,47
10141,12,47
10142,12,45
10143,12,45
10144,12,45
10145,12,45
10146,12,45
10147,12,45
10148,12,46
10149,12,46
10150,12,46
10151,12,46
10152,12,44
10153,12,44
10154,12,44
10155,12,43
10156,12,43
10157,12,44
10158,12,44
10159,12,44
10160,12,44
10161,12,43
10162,12,43
10163,12,43
10164,12,43
10165,12,42
10166,12,42
10167,12,42
10168,12,42
10169,12,42
10170,12,42
10171,12,42
10172,12,42
10173,12,41
10174,12,42
10175,12,42
10176,12,42
10177,12,42
10178,12,42
10179,12,42
10180,12,42
10181,12,42
10182,12,42
10183,12,42
10184,12,42
10185,12,43
10186,12,45
10187,12,45
10188,12,45
10189,12,45
10190,12,45
10191,12,45
10192,12,45
10193,12,45
10194,12,45
10195,12,45
10196,12,46
10197,12,46
10198,12,46
10199,12,46
10201,12,46
10202,12,46
10203,12,45
10204,12,44
10205,12,45
10206,12,45
10207,12,45
10208,12,45
10209,12,45
10210,12,45
10211,12,45
10212,12,45
10213,12,46
10214,12,46
10215,12,47
10216,12,47
10217,12,47
10218,12,48
10219,12,48
10220,12,47
10221,12,46
10222,12,46
10223,12,46
10224,12,46
10225,12,48
10226,12,48
10227,12,47
10228,12,48
10229,12,48
10230,12,47
10231,12,47
10232,12,46
10233,12,46
10234,12,46
10235,12,47
10236,12,47
10237,12,47
10238,12,49
10239,12,50
10240,12,50
10241,12,50
10242,12,50
10243,12,50
10244,12,50
10245,12,51
10246,12,51
10247,12,51
10248,12,53
10249,12,53
10250,12,54
10251,12,53
10252,12,54
10253,12,55
10254,12,55
10255,12,56
10256,11,57
10257,11,57
10258,11,58
10259,11,58
10260,11,59
10261,11,59
10262,11,59
10263,11,59
10264,11,59
10265,11,60
10266,11,60
10267,11,59
10268,11,60
10269,11,59
10270,11,60
10271,11,60
10272,11,60
10273,11,60
10274,11,60
10275,11,61
10276,11,62
10277,11,62
10278,11,63
10279,11,63
10280,11,64
10281,11,64
10282,11,64
10283,11,64
10284,11,63
10285,11,64
10286,11,63
10287,11,63
10288,11,63
10289,11,63
10290,11,63
10291,11,63
10292,11,63
10293,11,63
10294,11,63
10295,11,64
10296,11,64
10297,11,63
10298,11,63
10299,11,63
10301,11,63
10302,11,64
10303,11,64
10304,11,64
10305,11,64
10306,11,64
10307,11,64
10308,11,64
10309,11,64
10310,11,64
10311,11,64
10312,11,66
10313,11,66
10314,11,65
10315,11,65
10316,12,65
10317,12,64
10318,12,63
10319,12,63
10320,12,63
10321,12,63
10322,12,65
10323,12,64
10324,12,65
10325,12,61
10326,12,61
10327,12,61
10328,12,61
10329,12,61
10330,12,60
10331,12,59
10332,12,59
10333,12,58
10334,12,60
10335,12,60
10336,12,60
10337,12,60
10338,12,60
10339,12,60
10340,12,60
10341,12,60
10342,12,60
10343,12,59
10344,12,60
10345,12,60
10346,11,59
10347,11,59
10348,11,59
10349,11,59
10350,11,60
10351,11,60
10352,11,61
10353,11,62
10354,11,64
10355,11,64
10356,11,64
10357,10,64
10358,10,64
10359,10,65
10360,10,66
10361,10,66
10362,10,67
10363,10,68
10364,10,69
10365,10,67
10366,10,67
10367,10,67
10368,10,66
10369,10,67
10370,10,66
10371,10,66
10372,10,67
10373,10,67
10374,10,68
10375,10,68
10376,10,67
10377,10,67
10378,10,66
10379,10,67
10380,10,66
10381,10,66
10382,10,67
10383,10,66
10384,10,68
10385,10,68
10386,10,68
10387,10,68
10388,10,68
10389,10,69
10390,10,70
10391,10,70
10392,10,70
10393,10,70
10394,10,71
10395,10,71
10396,10,71
10397,10,71
10398,10,70
10399,11,71
10401,11,72
10402,11,72
10403,11,73
10404,11,74
10405,11,72
10406,11,73
10407,11,73
10408,11,73
10409,11,71
10410,11,70
10411,11,70
10412,11,70
10413,11,71
10414,11,72
10415,11,72
10416,11,70
10417,11,71
10418,11,70
10419,11,71
10420,11,71
10421,11,70
10422,11,69
10423,11,70
10424,11,70
10425,11,69
10426,11,69
10427,11,70
10428,11,69
10429,11,68
10430,11,68
10431,11,68
10432,11,67
10433,11,68
10434,11,68
10435,11,68
10436,11,68
10437,11,69
10438,11,67
10439,11,66
10440,11,66
10441,11,65
10442,11,65
10443,11,65
10444,11,64
10445,11,64
10446,11,64
10447,11,64
10448,11,64
10449,12,65
10450,12,65
10451,12,65
10452,12,66
10453,12,66
10454,12,66
10455,12,64
10456,12,64
10457,12,64
10458,12,64
10459,12,64
10460,12,65
10461,12,64
10462,12,65
10463,12,65
10464,12,64
10465,12,64
10466,12,64
10467,12,64
10468,12,64
10469,12,65
10470,12,67
10471,12,66
10472,12,67
10473,12,67
10474,12,67
10475,12,66
10476,12,67
10477,12,67
10478,12,67
10479,12,67
10480,12,68
10481,12,67
10482,12,67
10483,12,67
10484,12,66
10485,12,66
10486,12,66
10487,12,66
10488,12,66
10489,12,66
10490,12,67
10491,12,67
10492,12,67
10493,12,67
10494,12,67
10495,12,65
10496,12,65
10497,12,65
10498,12,65
10499,13,65
10501,13,64
10502,13,63
10503,13,63
10504,13,61
10505,13,61
10506,13,61
10507,13,61
10508,13,60
10509,13,59
10510,13,59
10511,13,59
10512,13,59
10513,13,58
10514,13,59
10515,13,59
10516,13,57
10517,13,57
10518,13,56
10519,13,57
10520,13,57
10521,13,56
10522,13,56
10523,13,55
10524,13,56
10525,13,56
10526,13,56
10527,13,56
10528,13,56
10529,13,57
10530,13,58
10531,13,57
10532,13,55
10533,13,55
10534,13,55
10535,13,55
10536,13,55
10537,13,55
10538,13,55
10539,13,55
10540,13,56
10541,13,56
10542,13,56
10543,13,56
10544,13,56
10545,13,56
10546,13,56
10547,13,56
10548,13,56
10549,14,55
10550,14,56
10551,14,56
10552,14,55
10553,14,55
10554,14,55
10555,14,55
10556,14,55
10557,14,55
10558,14,55
10559,14,55
10560,14,57
10561,14,57
10562,14,57
10563,14,56
10564,14,55
10565,14,55
10566,14,54
10567,14,53
10568,14,53
10569,14,53
10570,14,55
10571,14,55
10572,14,56
10573,14,56
10574,14,56
10575,14,56
10576,14,56
10577,14,55
10578,14,55
10579,14,55
10580,14,56
10581,14,56
10582,14,56
10583,14,56
10584,14,57
10585,14,57
10586,14,57
10587,14,56
10588,14,56
10589,14,56
10590,14,56
10591,14,56
10592,14,55
10593,14,55
10594,14,55
10595,14,55
10596,14,57
10597,13,57
10598,13,57
10599,14,57
10601,14,57
10602,14,57
10603,14,57
10604,14,57
10605,14,56
10606,14,56
10607,14,56
10608,14,56
10609,14,56
10610,14,57
10611,14,56
10612,14,56
10613,14,56
10614,14,56
10615,14,55
10616,14,55
10617,14,53
10618,14,53
10619,14,53
10620,14,52
10621,14,53
10622,14,53
10623,14,53
10624,14,52
10625,14,52
10626,14,52
10627,14,52
10628,14,52
10629,14,52
10630,14,52
10631,14,54
10632,14,54
10633,14,54
10634,14,55
10635,14,55
10636,14,56
10637,14,56
10638,14,55
10639,14,55
10640,14,54
10641,14,53
10642,14,53
10643,14,52
10644,14,53
10645,14,53
10646,14,53
10647,14,54
10648,14,54
10649,14,54
10650,14,53
10651,14,53
10652,14,53
10653,14,53
10654,14,54
10655,14,53
10656,14,52
10657,14,52
10658,14,52
10659,14,53
10660,13,52
10661,13,52
10662,13,52
10663,13,52
10664,13,51
10665,13,51
10666,13,51
10667,13,52
10668,13,52
10669,13,53
10670,13,53
10671,13,53
10672,13,53
10673,13,53
10674,13,54
10675,14,54
10676,14,55
10677,14,55
10678,14,55
10679,14,56
10680,14,56
10681,14,56
10682,14,55
10683,14,55
10684,14,56
10685,14,56
10686,14,55
10687,14,55
10688,14,56
10689,14,57
10690,14,56
10691,14,55
10692,14,55
10693,14,55
10694,14,54
10695,14,54
10696,14,53
10697,14,53
10698,14,53
10699,14,54
10701,14,54
10702,13,53
10703,13,53
10704,13,53
10705,13,51
10706,13,51
10707,13,51
10708,13,52
10709,13,54
10710,13,54
10711,13,54
10712,13,53
10713,13,53
10714,13,53
10715,13,53
10716,13,53
10717,13,53
10718,13,54
10719,13,55
10720,13,56
10721,13,57
10722,13,57
10723,13,57
10724,13,56
10725,13,56
10726,13,56
10727,13,57
10728,13,58
10729,13,58
10730,13,58
10731,13,58
10732,13,58
10733,13,59
10734,13,59
10735,13,58
10736,13,58
10737,13,59
10738,13,60
10739,13,60
10740,13,60
10741,13,60
10742,13,60
10743,13,60
10744,13,60
10745,13,60
10746,13,59
10747,13,60
10748,13,59
10749,13,59
10750,13,58
10751,13,58
10752,13,58
10753,13,58
10754,13,58
10755,13,58
10756,13,58
10757,13,58
10758,13,58
10759,13,58
10760,13,58
10761,13,58
10762,13,59
10763,13,59
10764,13,59
10765,13,59
10766,13,59
10767,13,58
10768,13,58
10769,13,58
10770,13,58
10771,13,59
10772,13,61
10773,13,61
10774,13,61
10775,13,60
10776,13,59
10777,13,59
10778,13,58
10779,13,58
10780,13,58
10781,13,58
10782,13,58
10783,13,57
10784,13,57
10785,13,56
10786,13,56
10787,13,56
10788,13,56
10789,13,56
10790,13,56
10791,13,57
10792,13,57
10793,13,57
10794,13,57
10795,13,56
10796,13,56
10797,13,56
10798,13,54
10799,13,54
10801,13,55
10802,13,56
10803,13,56
10804,13,56
10805,13,56
10806,13,56
10807,13,56
10808,13,56
10809,13,56
10810,13,56
10811,13,55
10812,13,55
10813,13,55
10814,13,55
10815,13,55
10816,13,54
10817,13,53
10818,13,53
10819,13,53
10820,13,53
10821,13,54
10822,13,53
10823,13,54
10824,13,54
10825,13,54
10826,13,54
10827,13,56
10828,13,55
10829,13,55
10830,13,55
10831,13,56
10832,13,55
10833,13,54
10834,13,53
10835,12,53
10836,12,53
10837,12,52
10838,12,52
10839,12,52
10840,12,52
10841,12,53
10842,12,53
10843,12,53
10844,12,53
10845,12,53
10846,12,53
10847,12,52
10848,12,52
10849,12,52
10850,12,51
10851,12,53
10852,12,53
10853,11,53
10854,11,52
10855,11,52
10856,11,52
10857,11,52
10858,11,52
10859,11,50
10860,11,49
10861,11,49
10862,11,49
10863,11,49
10864,11,49
10865,11,49
10866,11,46
10867,11,45
10868,11,45
10869,11,45
10870,11,44
10871,11,45
10872,11,45
10873,11,45
10874,11,45
10875,11,45
10876,11,45
10877,11,45
10878,11,46
10879,11,46
10880,11,46
10881,11,46
10882,11,46
10883,10,46
10884,10,46
10885,10,46
10886,10,46
10887,10,46
10888,9,48
10889,9,48
10890,9,48
10891,9,47
10892,9,47
10893,9,47
10894,9,47
10895,9,47
10896,9,47
10897,9,47
10898,9,49
10899,9,49
10901,9,49
10902,9,49
10903,9,48
10904,9,48
10905,8,47
10906,8,48
10907,8,48
10908,8,51
10909,8,51
10910,8,51
10911,8,51
10912,8,51
10913,8,51
10914,8,51
10915,8,51
10916,8,49
10917,8,49
10918,8,52
10919,8,51
10920,8,51
10921,8,51
10922,8,50
10923,8,50
10924,8,50
10925,8,50
10926,8,50
10927,8,50
10928,8,52
10929,8,52
10930,8,52
10931,8,52
10932,8,55
10933,8,55
10934,8,55
10935,8,55
10936,8,55
10937,8,54
10938,8,56
10939,8,55
10940,8,55
10941,8,55
10942,8,56
10943,8,56
10944,8,56
10945,8,56
10946,8,56
10947,8,56
10948,8,58
10949,8,59
10950,8,59
10951,8,59
10952,8,60
10953,8,60
10954,8,60
10955,8,59
10956,8,59
10957,8,59
10958,8,61
10959,8,61
10960,8,61
10961,8,61
10962,8,63
10963,8,63
10964,8,62
10965,8,62
10966,8,62
10967,8,63
10968,8,63
10969,8,63
10970,8,63
10971,8,64
10972,8,63
10973,8,63
10974,8,63
10975,8,63
10976,8,62
10977,8,62
10978,8,62
10979,8,61
10980,8,62
10981,8,62
10982,8,62
10983,8,62
10984,8,62
10985,8,62
10986,8,61
10987,8,61
10988,8,61
10989,8,61
10990,8,61
10991,8,61
10992,8,61
10993,8,62
10994,8,62
10995,8,62
10996,8,62
10997,8,62
10998,8,62
10999,8,62
11001,8,62
11002,8,63
11003,8,62
11004,8,62
11005,8,62
11006,8,63
11007,8,65
11008,8,64
11009,8,64
11010,8,64
11011,8,64
11012,8,65
11013,8,64
11014,8,64
11015,8,64
11016,8,65
11017,8,67
11018,8,67
11019,8,67
11020,8,67
11021,8,68
11022,8,68
11023,8,68
11024,8,68
11025,8,68
11026,8,69
11027,8,70
11028,8,68
11029,8,69
11030,8,68
11031,8,68
11032,8,69
11033,8,69
11034,8,69
11035,8,69
11036,8,71
11037,8,72
11038,8,72
11039,8,72
11040,8,72
11041,8,72
11042,8,72
11043,8,72
11044,8,73
11045,8,72
11046,8,73
11047,8,73
11048,8,74
11049,8,73
11050,8,73
11051,8,73
11052,8,73
11053,8,72
11054,8,73
11055,8,73
11056,8,73
11057,8,72
11058,8,72
11059,8,72
11060,8,72
11061,8,71
11062,8,71
11063,8,72
11064,8,71
11065,8,72
11066,8,72
11067,8,72
11068,8,73
11069,8,73
11070,8,73
11071,8,74
11072,8,74
11073,8,75
11074,8,75
11075,8,75
11076,8,76
11077,8,76
11078,8,76
11079,8,75
11080,8,75
11081,8,75
11082,8,76
11083,8,76
11084,8,76
11085,8,76
11086,8,77
11087,8,77
11088,8,77
11089,8,77
11090,8,77
11091,8,78
11092,8,79
11093,8,79
11094,8,78
11095,8,79
11096,8,78
11097,8,78
11098,8,78
11099,8,77
11101,8,76
11102,8,75
11103,8,75
11104,8,75
11105,8,73
11106,8,72
11107,8,72
11108,8,71
11109,8,72
11110,8,72
11111,8,72
11112,8,73
11113,8,73
11114,8,72
11115,8,71
11116,8,71
11117,8,71
11118,8,71
11119,8,71
11120,8,71
11121,8,71
11122,8,71
11123,8,71
11124,8,71
11125,8,71
11126,8,70
11127,8,70
11128,8,71
11129,8,72
11130,8,71
11131,8,71
11132,8,72
11133,8,71
11134,8,70
11135,8,70
11136,8,70
11137,8,70
11138,8,70
11139,8,71
11140,8,71
11141,8,72
11142,8,71
11143,8,70
11144,8,69
11145,8,69
11146,8,69
11147,8,69
11148,8,70
11149,8,71
11150,8,71
11151,8,72
11152,8,72
11153,8,72
11154,8,72
11155,8,72
11156,8,72
11157,8,72
11158,8,73
11159,8,74
11160,8,74
11161,8,75
11162,8,75
11163,8,75
11164,8,76
11165,8,76
11166,8,76
11167,8,75
11168,8,75
11169,8,76
11170,8,76
11171,8,76
11172,8,76
11173,8,76
11174,8,77
11175,8,77
11176,8,77
11177,8,76
11178,8,75
11179,8,75
11180,8,75
11181,8,75
11182,8,75
11183,8,75
11184,8,76
11185,8,76
11186,8,75
11187,8,73
11188,8,72
11189,8,73
11190,8,73
11191,8,73
11192,8,73
11193,8,73
11194,8,74
11195,8,74
11196,8,74
11197,8,74
11198,8,74
11199,8,74
11201,8,74
11202,8,73
11203,8,73
11204,8,74
11205,8,75
11206,8,75
11207,8,76
11208,8,76
11209,8,76
11210,8,75
11211,8,75
11212,8,74
11213,8,74
11214,8,74
11215,8,75
11216,8,75
11217,8,74
11218,8,74
11219,8,74
11220,8,73
11221,8,75
11222,8,75
11223,8,74
11224,8,74
11225,8,75
11226,8,75
11227,8,75
11228,8,75
11229,8,75
11230,8,75
11231,8,75
11232,8,75
11233,8,75
11234,8,75
11235,8,76
11236,8,76
11237,8,75
11238,8,75
11239,8,74
11240,8,74
11241,8,74
11242,8,74
11243,8,73
11244,8,73
11245,8,73
11246,8,73
11247,8,73
11248,8,72
11249,8,72
11250,8,72
11251,8,72
11252,8,72
11253,8,72
11254,8,71
11255,8,70
11256,8,70
11257,8,69
11258,8,69
11259,8,69
11260,8,69
11261,8,69
11262,8,70
11263,8,69
11264,8,69
11265,8,69
11266,8,68
11267,8,67
11268,8,67
11269,8,67
11270,8,67
11271,8,67
11272,8,68
11273,8,69
11274,8,69
11275,8,69
11276,8,69
11277,8,69
11278,8,70
11279,8,70
11280,8,70
11281,8,70
11282,8,71
11283,8,72
11284,8,72
11285,8,72
11286,8,71
11287,8,70
11288,8,69
11289,8,69
11290,8,70
11291,8,70
11292,8,72
11293,8,72
11294,8,72
11295,8,72
11296,8,72
11297,8,71
11298,8,71
11299,8,71
11301,8,70
11302,8,70
11303,8,70
11304,8,70
11305,8,69
11306,8,69
11307,8,69
11308,8,68
11309,8,68
11310,8,69
11311,8,70
11312,8,69
11313,8,69
11314,8,69
11315,8,69
11316,8,69
11317,8,69
11318,8,68
11319,8,68
11320,8,69
11321,8,68
11322,8,68
11323,8,68
11324,8,68
11325,8,68
11326,8,67
11327,8,68
11328,8,68
11329,8,68
11330,8,69
11331,8,70
11332,8,70
11333,8,70
11334,8,70
11335,8,70
11336,8,70
11337,8,71
11338,8,71
11339,8,71
11340,8,70
11341,8,70
11342,8,68
11343,8,67
11344,8,67
11345,8,67
11346,8,67
11347,8,68
11348,8,67
11349,8,66
11350,8,67
11351,8,68
11352,8,67
11353,8,67
11354,8,67
11355,8,67
11356,8,67
11357,8,67
11358,8,67
11359,8,67
11360,8,66
11361,8,67
11362,8,67
11363,8,68
11364,8,68
11365,8,68
11366,8,67
11367,8,68
11368,8,67
11369,8,67
11370,8,67
11371,8,68
11372,8,68
11373,8,68
11374,8,67
11375,8,67
11376,8,67
11377,8,67
11378,8,67
11379,8,67
11380,8,65
11381,8,64
11382,8,64
11383,8,65
11384,8,65
11385,8,65
11386,8,65
11387,8,65
11388,8,65
11389,8,65
11390,8,64
11391,8,64
11392,8,64
11393,8,64
11394,8,63
11395,8,63
11396,8,63
11397,8,63
11398,8,63
11399,8,63
11401,8,62
11402,8,62
11403,8,62
11404,8,62
11405,8,62
11406,8,62
11407,8,61
11408,8,61
11409,8,61
11410,8,61
11411,8,61
11412,8,60
11413,8,60
11414,8,61
11415,8,61
11416,8,61
11417,8,61
11418,8,61
11419,8,62
11420,8,62
11421,8,62
11422,8,61
11423,8,59
11424,8,59
11425,8,59
11426,8,60
11427,8,61
11428,9,60
11429,9,61
11430,9,61
11431,9,61
11432,9,61
11433,9,61
11434,9,60
11435,9,60
11436,9,59
11437,9,58
11438,9,57
11439,9,56
11440,9,55
11441,9,56
11442,9,57
11443,9,58
11444,9,58
11445,9,57
11446,9,57
11447,9,57
11448,9,56
11449,9,56
11450,9,56
11451,9,55
11452,9,56
11453,9,56
11454,9,57
11455,9,57
11456,9,57
11457,9,57
11458,9,57
11459,9,57
11460,9,57
11461,9,57
11462,9,58
11463,9,55
11464,9,56
11465,9,56
11466,9,56
11467,9,56
11468,9,56
11469,9,56
11470,9,55
11471,9,54
11472,9,53
11473,9,53
11474,9,55
11475,9,55
11476,9,54
11477,9,54
11478,9,54
11479,9,52
11480,9,52
11481,9,51
11482,9,51
11483,9,50
11484,9,52
11485,9,52
11486,9,52
11487,9,52
11488,9,52
11489,9,52
11490,9,52
11491,9,53
11492,9,51
11493,9,51
11494,9,54
11495,9,54
11496,9,54
11497,9,54
11498,9,54
11499,9,53
11501,9,53
11502,9,53
11503,9,54
11504,9,56
11505,9,56
11506,9,56
11507,9,55
11508,9,55
11509,9,55
11510,9,55
11511,9,55
11512,9,55
11513,9,56
11514,9,57
11515,9,57
11516,9,59
11517,9,59
11518,9,59
11519,9,59
11520,9,59
11521,9,59
11522,9,57
11523,9,57
11524,9,58
11525,9,58
11526,9,60
11527,9,60
11528,9,59
11529,9,59
11530,9,59
11531,9,59
11532,9,58
11533,9,58
11534,9,58
11535,9,59
11536,10,58
11537,10,58
11538,10,57
11539,10,57
11540,10,57
11541,10,58
11542,10,58
11543,10,58
11544,10,58
11545,10,58
11546,10,58
11547,10,58
11548,10,58
11549,10,58
11550,10,58
11551,10,58
11552,10,58
11553,10,58
11554,10,58
11555,10,58
11556,10,58
11557,10,58
11558,10,58
11559,10,60
11560,10,60
11561,10,61
11562,10,61
11563,10,61
11564,10,62
11565,10,62
11566,10,61
11567,10,62
11568,10,61
11569,10,62
11570,10,62
11571,10,62
11572,10,62
11573,10,61
11574,10,61
11575,10,61
11576,10,61
11577,11,62
11578,11,62
11579,11,62
11580,11,63
11581,11,63
11582,11,64
11583,11,64
11584,11,63
11585,11,63
11586,11,63
11587,11,63
11588,11,63
11589,11,63
11590,11,62
11591,11,62
11592,11,61
11593,11,61
11594,11,61
11595,11,61
11596,11,61
11597,11,62
11598,11,61
11599,11,59
11601,11,59
11602,11,59
11603,11,60
11604,11,60
11605,11,60
11606,11,60
11607,11,59
11608,11,59
11609,11,59
11610,11,59
11611,11,57
11612,11,57
11613,11,57
11614,11,57
11615,11,57
11616,11,57
11617,11,57
11618,11,57
11619,11,57
11620,11,57
11621,11,57
11622,11,56
11623,11,55
11624,11,55
11625,11,54
11626,11,54
11627,11,53
11628,11,53
11629,11,53
11630,11,54
11631,11,54
11632,11,55
11633,11,55
11634,11,55
11635,11,55
11636,11,54
11637,11,54
11638,11,55
11639,11,55
11640,11,56
11641,11,57
11642,11,57
11643,11,57
11644,11,56
11645,11,56
11646,11,56
11647,11,56
11648,11,56
11649,11,54
11650,11,54
11651,11,55
11652,11,55
11653,11,55
11654,11,55
11655,11,55
11656,11,55
11657,11,55
11658,11,53
11659,11,54
11660,11,54
11661,11,55
11662,11,55
11663,11,54
11664,11,52
11665,11,52
11666,11,52
11667,11,52
11668,11,52
11669,11,53
11670,11,53
11671,11,52
11672,11,52
11673,11,52
11674,11,52
11675,11,52
11676,11,52
11677,11,52
11678,11,53
11679,11,54
11680,11,54
11681,11,54
11682,11,53
11683,11,53
11684,11,53
11685,11,53
11686,11,53
11687,11,53
11688,11,53
11689,11,52
11690,11,52
11691,11,52
11692,11,52
11693,11,53
11694,11,52
11695,11,52
11696,11,52
11697,11,51
11698,11,51
11699,11,51
11701,11,51
11702,11,51
11703,11,51
11704,11,51
11705,11,51
11706,11,51
11707,11,51
11708,11,51
11709,11,50
11710,11,50
11711,11,50
11712,11,51
11713,11,51
11714,11,50
11715,11,50
11716,11,50
11717,11,50
11718,11,50
11719,11,50
11720,11,50
11721,11,50
11722,11,51
11723,11,52
11724,11,52
11725,11,54
11726,11,54
11727,11,54
11728,11,53
11729,11,53
11730,11,52
11731,11,52
11732,11,53
11733,11,53
11734,11,52
11735,11,54
11736,11,54
11737,11,55
11738,11,55
11739,11,54
11740,11,54
11741,11,54
11742,11,55
11743,11,56
11744,11,55
11745,11,58
11746,11,57
11747,11,56
11748,11,56
11749,11,56
11750,11,56
11751,11,56
11752,11,56
11753,11,57
11754,11,57
11755,11,59
11756,11,59
11757,11,59
11758,11,58
11759,11,58
11760,11,58
11761,11,58
11762,11,58
11763,11,58
11764,11,58
11765,11,60
11766,11,59
11767,11,59
11768,11,59
11769,11,59
11770,11,59
11771,11,59
11772,11,59
11773,11,59
11774,11,59
11775,11,60
11776,11,60
11777,11,60
11778,11,59
11779,11,58
11780,11,58
11781,11,58
11782,11,58
11783,11,58
11784,11,58
11785,11,58
11786,11,58
11787,11,58
11788,11,58
11789,11,58
11790,11,58
11791,11,59
11792,11,59
11793,11,58
11794,11,58
11795,11,58
11796,11,58
11797,12,57
11798,12,57
11799,12,58
11801,12,59
11802,12,59
11803,12,58
11804,12,58
11805,12,58
11806,12,58
11807,12,58
11808,12,58
11809,12,58
11810,12,58
11811,12,59
11812,12,59
11813,12,57
11814,12,56
11815,12,56
11816,12,56
11817,12,57
11818,12,57
11819,12,56
11820,12,56
11821,12,56
11822,12,56
11823,12,56
11824,12,56
11825,12,55
11826,12,54
11827,12,55
11828,12,55
11829,12,55
11830,12,54
11831,12,55
11832,12,54
11833,12,53
11834,12,52
11835,12,50
11836,12,50
11837,12,50
11838,12,50
11839,12,50
11840,12,50
11841,12,50
11842,12,50
11843,12,50
11844,12,50
11845,12,50
11846,12,50
11847,12,51
11848,12,51
11849,11,52
11850,11,52
11851,11,51
11852,11,52
11853,11,51
11854,11,51
11855,11,51
11856,11,52
11857,11,52
11858,11,52
11859,11,52
11860,11,52
11861,11,52
11862,11,53
11863,11,53
11864,11,52
11865,11,52
11866,11,53
11867,11,52
11868,11,51
11869,11,52
11870,11,51
11871,11,52
11872,11,52
11873,11,51
11874,11,52
11875,11,52
11876,11,52
11877,11,52
11878,11,52
11879,11,53
11880,11,53
11881,11,53
11882,11,53
11883,11,52
11884,11,53
11885,11,53
11886,11,52
11887,11,52
11888,10,52
11889,10,52
11890,10,51
11891,10,50
11892,10,50
11893,10,50
11894,10,51
11895,10,51
11896,10,51
11897,10,52
11898,10,52
11899,10,52
11901,10,53
11902,10,53
11903,10,53
11904,10,53
11905,10,53
11906,10,54
11907,10,55
11908,10,54
11909,10,54
11910,10,55
11911,10,55
11912,10,55
11913,10,55
11914,10,56
11915,10,56
11916,10,57
11917,10,56
11918,10,56
11919,10,56
11920,10,56
11921,10,56
11922,10,56
11923,10,56
11924,10,56
11925,10,55
11926,10,55
11927,10,55
11928,10,55
11929,10,55
11930,10,55
11931,10,55
11932,10,55
11933,10,55
11934,10,55
11935,10,55
11936,10,54
11937,10,54
11938,10,54
11939,10,54
11940,10,54
11941,10,54
11942,10,53
11943,10,54
11944,10,54
11945,10,54
11946,10,54
11947,10,55
11948,10,55
11949,10,56
11950,10,56
11951,10,56
11952,10,56
11953,10,56
11954,10,56
11955,10,56
11956,10,56
11957,10,57
11958,10,56
11959,10,56
11960,10,56
11961,10,56
11962,10,57
11963,10,57
11964,10,57
11965,10,57
11966,10,57
11967,10,57
11968,10,57
11969,10,58
11970,10,58
11971,10,58
11972,10,60
11973,10,60
11974,10,60
11975,10,59
11976,10,59
11977,10,59
11978,10,59
11979,10,60
11980,10,61
11981,10,62
11982,10,62
11983,10,62
11984,10,63
11985,10,63
11986,10,63
11987,10,62
11988,10,61
11989,10,61
11990,10,60
11991,10,61
11992,10,62
11993,10,62
11994,10,64
11995,10,64
11996,10,64
11997,10,62
11998,10,62
11999,10,62
12001,10,63
12002,10,64
12003,10,64
12004,10,66
12005,10,66
12006,10,66
12007,10,66
12008,10,66
12009,10,65
12010,10,65
12011,10,66
12012,10,66
12013,10,66
12014,10,67
12015,10,67
12016,10,67
12017,10,67
12018,10,68
12019,10,68
12020,10,68
12021,10,68
12022,10,68
12023,10,68
12024,10,68
12025,10,69
12026,10,69
12027,10,69
12028,10,71
12029,10,71
12030,10,71
12031,10,72
12032,10,73
12033,10,73
12034,10,73
12035,10,75
12036,10,75
12037,10,75
12038,10,76
12039,10,75
12040,10,76
12041,10,76
12042,10,75
12043,10,76
12044,10,75
12045,10,76
12046,10,77
12047,10,76
12048,10,78
12049,10,79
12050,10,80
12051,10,79
12052,10,78
12053,10,79
12054,10,78
12055,10,77
12056,10,76
12057,10,76
12058,10,76
12059,10,76
12060,10,76
12061,10,76
12062,10,76
12063,10,76
12064,10,76
12065,10,76
12066,10,76
12067,10,76
12068,10,77
12069,10,78
12070,10,78
12071,10,79
12072,10,79
12073,10,79
12074,10,79
12075,10,79
12076,10,78
12077,10,77
12078,10,76
12079,10,77
12080,10,77
12081,10,77
12082,10,77
12083,10,77
12084,10,77
12085,10,77
12086,10,77
12087,10,75
12088,10,75
12089,10,77
12090,10,76
12091,10,76
12092,10,77
12093,10,77
12094,10,77
12095,10,76
12096,10,76
12097,10,76
12098,10,76
12099,10,76
12101,10,76
12102,10,75
12103,10,74
12104,10,74
12105,10,72
12106,10,72
12107,10,72
12108,10,72
12109,10,72
12110,10,72
12111,10,72
12112,10,72
12113,10,72
12114,10,72
12115,10,71
12116,10,71
12117,10,71
12118,10,71
12119,10,72
12120,10,72
12121,10,72
12122,10,71
12123,10,72
12124,10,72
12125,10,72
12126,10,73
12127,10,73
12128,10,73
12129,10,73
12130,9,73
12131,9,73
12132,9,74
12133,9,75
12134,9,74
12135,9,74
12136,9,73
12137,9,73
12138,9,73
12139,9,73
12140,9,73
12141,9,72
12142,9,72
12143,9,72
12144,9,72
12145,9,71
12146,9,72
12147,9,72
12148,9,72
12149,9,72
12150,9,72
12151,9,72
12152,9,72
12153,9,71
12154,9,71
12155,9,71
12156,9,70
12157,9,70
12158,9,69
12159,9,69
12160,9,70
12161,9,70
12162,9,70
12163,9,69
12164,9,68
12165,9,67
12166,9,67
12167,9,67
12168,9,67
12169,9,69
12170,9,69
12171,9,70
12172,9,69
12173,9,69
12174,9,68
12175,9,69
12176,9,69
12177,9,68
12178,9,68
12179,9,68
12180,9,68
12181,9,67
12182,9,67
12183,9,68
12184,9,67
12185,9,67
12186,9,67
12187,9,67
12188,9,67
12189,9,66
12190,9,65
12191,9,64
12192,9,64
12193,9,67
12194,9,67
12195,9,66
12196,9,66
12197,9,66
12198,9,67
12199,9,67
12201,9,67
12202,9,67
12203,9,68
12204,9,68
12205,9,68
12206,9,68
12207,9,68
12208,9,68
12209,9,68
12210,9,67
12211,9,66
12212,9,66
12213,9,67
12214,9,67
12215,9,66
12216,9,66
12217,9,66
12218,9,66
12219,9,65
12220,9,64
12221,9,63
12222,9,63
12223,9,63
12224,9,63
12225,9,63
12226,9,63
12227,9,63
12228,9,63
12229,9,63
12230,9,64
12231,9,64
12232,9,64
12233,9,64
12234,9,64
12235,9,64
12236,9,63
12237,9,63
12238,9,63
12239,9,63
12240,9,62
12241,9,62
12242,9,63
12243,9,64
12244,9,64
12245,9,64
12246,9,64
12247,9,64
12248,9,63
12249,9,63
12250,9,63
12251,9,62
12252,9,62
12253,9,62
12254,9,61
12255,9,61
12256,9,60
12257,9,60
12258,9,60
12259,9,60
12260,9,60
12261,9,60
12262,9,60
12263,9,60
12264,9,61
12265,9,61
12266,9,60
12267,9,60
12268,9,59
12269,9,57
12270,9,57
12271,9,58
12272,9,58
12273,9,58
12274,9,58
12275,9,58
12276,9,58
12277,9,58
12278,9,58
12279,9,58
12280,9,58
12281,9,59
12282,9,60
12283,9,59
12284,9,59
12285,8,59
12286,8,60
12287,8,59
12288,8,59
12289,8,59
12290,8,59
12291,8,59
12292,8,59
12293,8,59
12294,8,58
12295,8,57
12296,8,59
12297,8,59
12298,8,60
12299,8,60
12301,8,62
12302,8,62
12303,8,62
12304,8,62
12305,8,62
12306,8,63
12307,8,62
12308,8,63
12309,8,63
12310,8,64
12311,8,64
12312,8,64
12313,8,64
12314,8,63
12315,8,63
12316,8,63
12317,8,63
12318,8,64
12319,8,65
12320,8,64
12321,8,64
12322,8,65
12323,8,65
12324,8,65
12325,8,64
12326,8,63
12327,8,62
12328,8,63
12329,8,64
12330,8,64
12331,8,64
12332,8,63
12333,8,63
12334,8,63
12335,8,63
12336,8,63
12337,8,61
12338,8,61
12339,8,63
12340,8,63
12341,8,63
12342,8,62
12343,8,63
12344,8,62
12345,8,62
12346,8,61
12347,8,61
12348,8,62
12349,8,63
12350,8,63
12351,8,63
12352,8,63
12353,8,63
12354,8,63
12355,8,64
12356,8,64
12357,8,64
12358,8,65
12359,8,66
12360,8,66
12361,8,66
12362,8,66
12363,8,66
12364,8,66
12365,8,66
12366,8,65
12367,8,65
12368,8,66
12369,8,67
12370,8,66
12371,8,66
12372,8,66
12373,8,66
12374,8,66
12375,8,66
12376,8,67
12377,9,66
12378,9,67
12379,9,69
12380,9,69
12381,9,70
12382,9,69
12383,9,68
12384,9,68
12385,9,69
12386,9,69
12387,9,69
12388,9,70
12389,9,72
12390,9,72
12391,9,72
12392,9,72
12393,9,73
12394,9,72
12395,9,73
12396,9,73
12397,9,73
12398,9,72
12399,9,72
12401,9,72
12402,9,72
12403,9,73
12404,9,73
12405,9,74
12406,9,75
12407,9,75
12408,9,75
12409,9,75
12410,9,75
12411,9,76
12412,9,76
12413,9,76
12414,9,76
12415,9,75
12416,9,76
12417,9,75
12418,9,75
12419,9,75
12420,9,74
12421,9,73
12422,9,72
12423,9,72
12424,9,72
12425,9,72
12426,9,73
12427,9,73
12428,9,72
12429,9,72
12430,9,70
12431,9,69
12432,9,68
12433,9,68
12434,9,69
12435,9,68
12436,9,67
12437,9,67
12438,9,66
12439,9,66
12440,9,65
12441,9,65
12442,9,65
12443,9,65
12444,9,65
12445,9,64
12446,9,63
12447,9,63
12448,9,64
12449,9,63
12450,9,61
12451,9,61
12452,10,61
12453,10,61
12454,10,61
12455,10,61
12456,10,61
12457,10,61
12458,10,63
12459,10,63
12460,10,63
12461,10,63
12462,10,63
12463,10,63
12464,10,63
12465,10,63
12466,10,62
12467,10,62
12468,10,64
12469,10,64
12470,10,64
12471,10,64
12472,10,64
12473,10,65
12474,10,65
12475,10,65
12476,10,65
12477,10,65
12478,10,66
12479,10,66
12480,10,66
12481,10,65
12482,10,64
12483,10,64
12484,10,64
12485,10,64
12486,10,64
12487,10,64
12488,10,66
12489,10,66
12490,10,66
12491,10,65
12492,10,65
12493,10,64
12494,10,64
12495,10,64
12496,10,64
12497,10,64
12498,10,64
12499,10,64
12501,10,65
12502,10,65
12503,10,63
12504,10,64
12505,10,62
12506,10,62
12507,10,63
12508,10,63
12509,10,63
12510,10,62
12511,10,62
12512,10,62
12513,10,62
12514,10,63
12515,10,63
12516,10,62
12517,10,62
12518,10,62
12519,10,62
12520,10,62
12521,10,62
12522,10,61
12523,10,61
12524,10,62
12525,10,62
12526,10,62
12527,10,62
12528,10,62
12529,10,62
12530,10,62
12531,10,62
12532,10,62
12533,10,63
12534,10,62
12535,10,61
12536,10,61
12537,10,61
12538,10,60
12539,10,59
12540,10,59
12541,10,59
12542,10,59
12543,10,59
12544,10,60
12545,10,60
12546,10,59
12547,10,59
12548,10,59
12549,10,59
12550,10,60
12551,10,61
12552,10,61
12553,10,61
12554,10,62
12555,10,62
12556,10,62
12557,10,62
12558,10,61
12559,10,61
12560,10,62
12561,9,62
12562,9,62
12563,9,62
12564,9,62
12565,9,63
12566,9,63
12567,9,63
12568,9,62
12569,9,62
12570,9,62
12571,9,62
12572,9,62
12573,9,62
12574,9,62
12575,9,64
12576,9,64
12577,9,64
12578,9,63
12579,9,63
12580,9,63
12581,9,63
12582,9,61
12583,9,60
12584,9,60
12585,9,61
12586,9,60
12587,9,61
12588,9,61
12589,9,60
12590,9,60
12591,9,59
12592,9,59
12593,9,59
12594,9,58
12595,9,58
12596,9,56
12597,9,55
12598,9,55
12599,9,55
12601,9,56
12602,9,56
12603,8,56
12604,8,56
12605,8,56
12606,8,56
12607,8,54
12608,8,54
12609,8,54
12610,8,55
12611,8,55
12612,8,55
12613,8,55
12614,8,54
12615,8,54
12616,8,54
12617,8,55
12618,8,56
12619,8,56
12620,8,56
12621,8,56
12622,8,56
12623,8,56
12624,8,56
12625,8,57
12626,8,57
12627,8,58
12628,8,58
12629,8,58
12630,8,58
12631,8,58
12632,8,59
12633,8,59
12634,8,59
12635,8,60
12636,8,60
12637,8,61
12638,8,61
12639,8,61
12640,8,61
12641,8,61
12642,8,61
12643,8,63
12644,8,64
12645,8,65
12646,8,66
12647,8,67
12648,8,67
12649,8,67
12650,8,67
12651,8,67
12652,8,67
12653,8,68
12654,8,69
12655,8,69
12656,8,71
12657,8,71
12658,8,71
12659,8,71
12660,8,72
12661,8,72
12662,8,72
12663,8,72
12664,8,73
12665,8,72
12666,8,72
12667,8,71
12668,8,71
12669,8,71
12670,8,72
12671,8,72
12672,8,71
12673,8,72
12674,8,72
12675,8,72
12676,8,72
12677,8,72
12678,8,72
12679,8,72
12680,8,73
12681,8,72
12682,8,73
12683,8,74
12684,8,75
12685,8,75
12686,8,75
12687,8,75
12688,8,76
12689,8,77
12690,8,76
12691,8,75
12692,8,75
12693,8,75
12694,8,75
12695,7,75
12696,7,75
12697,7,74
12698,7,75
12699,7,74
12701,7,73
12702,7,74
12703,7,74
12704,7,73
12705,7,73
12706,7,73
12707,7,73
12708,7,72
12709,7,73
12710,7,73
12711,7,73
12712,7,73
12713,7,73
12714,7,73
12715,7,73
12716,7,73
12717,7,73
12718,7,74
12719,7,75
12720,7,75
12721,7,75
12722,7,75
12723,7,75
12724,7,75
12725,7,75
12726,7,75
12727,7,74
12728,7,73
12729,7,74
12730,7,74
12731,7,73
12732,7,73
12733,7,74
12734,7,74
12735,7,74
12736,7,73
12737,7,73
12738,7,73
12739,7,76
12740,7,76
12741,7,76
12742,7,76
12743,7,76
12744,7,76
12745,7,75
12746,7,74
12747,7,74
12748,7,74
12749,7,76
12750,7,76
12751,7,76
12752,7,76
12753,7,76
12754,7,76
12755,7,76
12756,7,76
12757,7,76
12758,7,76
12759,7,78
12760,7,78
12761,7,78
12762,7,77
12763,7,76
12764,7,77
12765,7,77
12766,7,76
12767,7,77
12768,7,76
12769,7,77
12770,7,76
12771,7,76
12772,7,76
12773,7,76
12774,7,77
12775,7,77
12776,7,77
12777,7,76
12778,7,76
12779,7,76
12780,7,76
12781,7,76
12782,7,76
12783,7,76
12784,7,77
12785,7,77
12786,7,76
12787,7,78
12788,7,77
12789,7,77
12790,7,77
12791,7,77
12792,7,76
12793,7,76
12794,7,76
12795,7,76
12796,7,76
12797,7,78
12798,7,77
12799,7,77
12801,7,78
12802,7,78
12803,7,78
12804,7,78
12805,7,76
12806,7,77
12807,7,78
12808,7,79
12809,7,78
12810,7,78
12811,7,78
12812,7,78
12813,7,77
12814,7,75
12815,7,75
12816,7,76
12817,7,76
12818,7,76
12819,7,77
12820,7,78
12821,7,77
12822,7,77
12823,7,77
12824,7,74
12825,7,73
12826,7,73
12827,7,74
12828,7,73
12829,7,73
12830,7,73
12831,7,73
12832,7,73
12833,7,73
12834,7,73
12835,7,72
12836,7,72
12837,7,72
12838,7,72
12839,7,71
12840,7,71
12841,7,71
12842,7,71
12843,7,71
12844,7,71
12845,7,71
12846,7,71
12847,7,71
12848,7,71
12849,7,69
12850,7,67
12851,7,67
12852,7,67
12853,7,66
12854,7,66
12855,7,66
12856,7,66
12857,7,66
12858,7,66
12859,7,66
12860,7,66
12861,7,66
12862,7,66
12863,7,65
12864,7,64
12865,7,64
12866,7,64
12867,7,64
12868,7,64
12869,7,64
12870,7,64
12871,7,64
12872,7,64
12873,7,64
12874,7,64
12875,7,63
12876,7,63
12877,7,62
12878,7,62
12879,7,61
12880,7,61
12881,7,62
12882,7,62
12883,7,61
12884,7,61
12885,7,61
12886,7,62
12887,7,62
12888,7,62
12889,7,62
12890,7,64
12891,7,64
12892,7,63
12893,7,63
12894,7,63
12895,7,63
12896,7,64
12897,7,64
12898,7,64
12899,7,64
12901,7,65
12902,7,66
12903,7,66
12904,7,65
12905,7,64
12906,7,66
12907,7,65
12908,7,65
12909,7,64
12910,7,63
12911,7,63
12912,7,63
12913,7,63
12914,7,63
12915,7,63
12916,7,63
12917,7,63
12918,7,62
12919,7,61
12920,7,61
12921,7,60
12922,7,59
12923,7,59
12924,7,59
12925,7,58
12926,7,57
12927,7,57
12928,7,57
12929,7,56
12930,7,56
12931,7,56
12932,7,56
12933,7,55
12934,7,55
12935,7,54
12936,7,54
12937,7,55
12938,7,55
12939,7,56
12940,7,55
12941,7,54
12942,7,54
12943,7,54
12944,7,55
12945,7,55
12946,7,55
12947,7,55
12948,7,54
12949,7,54
12950,7,54
12951,7,54
12952,7,54
12953,7,54
12954,7,55
12955,7,54
12956,7,55
12957,7,56
12958,7,56
12959,7,57
12960,7,57
12961,7,57
12962,7,59
12963,7,59
12964,7,59
12965,7,58
12966,7,59
12967,7,60
12968,7,60
12969,7,60
12970,7,60
12971,7,60
12972,7,62
12973,7,62
12974,7,63
12975,7,63
12976,7,63
12977,7,63
12978,7,63
12979,7,64
12980,7,64
12981,7,64
12982,7,64
12983,7,65
12984,7,66
12985,7,66
12986,7,65
12987,7,65
12988,7,65
12989,7,65
12990,7,64
12991,7,64
12992,7,64
12993,7,64
12994,7,64
12995,7,64
12996,7,64
12997,7,64
12998,7,64
12999,7,64
13001,7,63
13002,7,63
13003,7,64
13004,7,65
13005,7,65
13006,7,65
13007,7,64
13008,7,63
13009,7,63
13010,7,64
13011,7,64
13012,7,64
13013,7,64
13014,7,65
13015,7,65
13016,7,65
13017,7,64
13018,7,64
13019,7,64
13020,7,65
13021,7,65
13022,7,66
13023,7,66
13024,7,68
13025,7,68
13026,7,67
13027,7,66
13028,7,65
13029,7,66
13030,7,66
13031,7,66
13032,7,68
13033,7,68
13034,7,70
13035,7,71
13036,7,71
13037,7,71
13038,7,71
13039,7,72
13040,7,72
13041,7,72
13042,7,74
13043,7,74
13044,7,72
13045,7,72
13046,7,72
13047,7,72
13048,7,73
13049,7,74
13050,7,74
13051,7,74
13052,7,75
13053,7,75
13054,7,75
13055,7,74
13056,7,74
13057,7,73
13058,7,74
13059,7,73
13060,7,74
13061,7,74
13062,7,74
13063,7,74
13064,7,74
13065,7,74
13066,7,73
13067,7,72
13068,7,73
13069,7,73
13070,7,73
13071,7,73
13072,7,73
13073,7,73
13074,7,73
13075,7,73
13076,7,73
13077,7,73
13078,7,74
13079,7,73
13080,7,72
13081,7,71
13082,7,70
13083,7,71
13084,7,71
13085,7,71
13086,7,72
13087,7,71
13088,7,70
13089,7,70
13090,7,70
13091,7,70
13092,7,70
13093,7,71
13094,6,71
13095,6,70
13096,6,71
13097,6,70
13098,6,70
13099,6,70
13101,6,67
13102,6,66
13103,6,66
13104,6,67
13105,6,65
13106,6,65
13107,6,65
13108,6,64
13109,6,64
13110,6,64
13111,6,65
13112,6,65
13113,6,65
13114,6,65
13115,6,66
13116,6,68
13117,6,68
13118,6,67
13119,6,67
13120,6,67
13121,6,67
13122,6,67
13123,6,66
13124,6,66
13125,6,67
13126,6,67
13127,6,67
13128,6,67
13129,6,67
13130,6,67
13131,6,67
13132,6,67
13133,6,66
13134,6,66
13135,6,67
13136,6,68
13137,6,69
13138,6,68
13139,6,67
13140,6,67
13141,6,67
13142,6,66
13143,6,66
13144,7,66
13145,7,64
13146,7,63
13147,7,63
13148,7,63
13149,7,63
13150,7,63
13151,7,62
13152,7,62
13153,7,62
13154,7,62
13155,7,62
13156,7,62
13157,7,62
13158,7,61
13159,7,60
13160,7,60
13161,7,59
13162,7,59
13163,7,59
13164,7,59
13165,7,59
13166,7,59
13167,7,59
13168,7,59
13169,7,59
13170,7,59
13171,7,59
13172,7,59
13173,7,59
13174,7,59
13175,7,59
13176,7,59
13177,7,60
13178,7,60
13179,7,60
13180,7,60
13181,7,60
13182,7,59
13183,7,58
13184,7,58
13185,7,58
13186,7,58
13187,7,59
13188,7,60
13189,7,60
13190,7,60
13191,7,59
13192,7,59
13193,7,59
13194,7,59
13195,7,61
13196,7,60
13197,7,60
13198,7,60
13199,7,60
13201,7,60
13202,7,60
13203,7,59
13204,7,59
13205,7,59
13206,7,59
13207,7,59
13208,7,58
13209,7,58
13210,7,58
13211,7,58
13212,7,58
13213,7,59
13214,7,59
13215,7,59
13216,7,59
13217,7,59
13218,7,58
13219,7,57
13220,7,57
13221,7,57
13222,7,57
13223,7,57
13224,7,57
13225,7,57
13226,7,57
13227,7,57
13228,7,56
13229,7,56
13230,7,55
13231,7,55
13232,7,55
13233,7,55
13234,7,54
13235,7,54
13236,7,54
13237,7,54
13238,7,54
13239,7,55
13240,7,55
13241,7,55
13242,7,55
13243,7,55
13244,7,54
13245,7,54
13246,7,53
13247,7,52
13248,7,52
13249,7,52
13250,7,52
13251,7,52
13252,7,52
13253,7,52
13254,7,51
13255,7,51
13256,7,51
13257,7,51
13258,7,51
13259,7,51
13260,7,50
13261,7,51
13262,7,51
13263,7,51
13264,7,51
13265,7,51
13266,7,51
13267,7,50
13268,7,50
13269,7,50
13270,7,50
13271,7,51
13272,7,51
13273,7,51
13274,7,51
13275,7,51
13276,7,50
13277,7,50
13278,7,50
13279,7,49
13280,8,48
13281,8,48
13282,8,48
13283,8,48
13284,8,48
13285,8,47
13286,8,47
13287,8,47
13288,8,48
13289,8,48
13290,8,48
13291,8,48
13292,8,48
13293,8,47
13294,8,46
13295,8,47
13296,8,46
13297,8,46
13298,8,46
13299,8,46
13301,8,44
13302,8,44
13303,8,44
13304,8,43
13305,8,45
13306,8,46
13307,8,45
13308,8,45
13309,8,45
13310,8,45
13311,8,44
13312,8,43
13313,8,43
13314,8,43
13315,8,45
13316,8,45
13317,8,45
13318,8,46
13319,8,46
13320,8,46
13321,8,45
13322,8,44
13323,8,44
13324,8,43
13325,8,44
13326,8,44
13327,8,44
13328,8,44
13329,8,44
13330,8,44
13331,8,44
13332,8,43
13333,8,43
13334,8,43
13335,8,45
13336,8,46
13337,8,45
13338,8,45
13339,8,45
13340,8,45
13341,8,45
13342,8,45
13343,8,46
13344,8,46
13345,8,46
13346,8,46
13347,8,46
13348,8,45
13349,8,45
13350,8,46
13351,8,46
13352,8,46
13353,8,46
13354,8,46
13355,8,45
13356,8,44
13357,8,44
13358,8,44
13359,8,44
13360,8,44
13361,8,44
13362,8,44
13363,8,44
13364,8,44
13365,8,44
13366,8,44
13367,8,44
13368,9,44
13369,9,44
13370,9,44
13371,9,44
13372,9,44
13373,9,44
13374,9,43
13375,9,44
13376,9,44
13377,9,43
13378,9,45
13379,9,45
13380,9,45
13381,9,45
13382,9,45
13383,9,45
13384,9,46
13385,9,47
13386,9,47
13387,9,47
13388,8,48
13389,8,49
13390,9,50
13391,9,50
13392,9,50
13393,9,50
13394,9,49
13395,9,50
13396,9,50
13397,9,50
13398,9,50
13399,9,49
13401,9,49
13402,9,48
13403,9,48
13404,9,49
13405,9,50
13406,9,50
13407,9,50
13408,9,49
13409,9,49
13410,9,49
13411,9,48
13412,9,48
13413,9,48
13414,9,48
13415,9,48
13416,9,48
13417,9,48
13418,9,48
13419,9,49
13420,9,49
13421,9,50
13422,9,49
13423,9,49
13424,9,49
13425,9,49
13426,9,49
13427,9,49
13428,9,48
13429,9,48
13430,9,48
13431,9,48
13432,9,48
13433,9,48
13434,9,49
13435,9,50
13436,9,49
13437,9,49
13438,9,49
13439,9,49
13440,9,48
13441,9,48
13442,9,48
13443,9,49
13444,9,49
13445,9,49
13446,9,49
13447,9,49
13448,9,50
13449,9,50
13450,9,50
13451,9,50
13452,9,50
13453,9,50
13454,9,50
13455,9,50
13456,9,50
13457,9,50
13458,9,50
13459,9,50
13460,9,50
13461,9,50
13462,9,51
13463,9,51
13464,9,51
13465,9,51
13466,9,51
13467,9,51
13468,9,52
13469,9,52
13470,9,52
13471,9,51
13472,9,53
13473,9,53
13474,9,53
13475,9,54
13476,9,54
13477,9,52
13478,9,52
13479,9,51
13480,9,51
13481,9,51
13482,9,52
13483,9,52
13484,9,51
13485,9,51
13486,9,51
13487,9,51
13488,9,50
13489,9,50
13490,9,51
13491,9,50
13492,9,52
13493,9,52
13494,9,53
13495,9,54
13496,9,54
13497,9,54
13498,9,54
13499,9,54
13501,9,56
13502,9,57
13503,9,57
13504,9,58
13505,9,59
13506,9,59
13507,9,59
13508,9,59
13509,9,59
13510,9,59
13511,9,59
13512,9,60
13513,9,59
13514,9,60
13515,9,60
13516,9,60
13517,9,59
13518,9,59
13519,9,58
13520,9,59
13521,9,58
13522,9,58
13523,9,57
13524,9,58
13525,9,60
13526,9,60
13527,9,60
13528,9,61
13529,9,61
13530,9,61
13531,9,61
13532,9,61
13533,9,60
13534,9,62
13535,9,63
13536,9,63
13537,9,63
13538,9,63
13539,9,63
13540,9,63
13541,9,63
13542,9,63
13543,9,64
13544,9,66
13545,9,66
13546,9,65
13547,9,65
13548,9,65
13549,9,65
13550,9,65
13551,9,65
13552,9,65
13553,9,64
13554,9,66
13555,9,66
13556,9,65
13557,9,64
13558,9,64
13559,9,64
13560,9,64
13561,9,65
13562,9,65
13563,9,64
13564,9,66
13565,9,66
13566,9,66
13567,9,66
13568,9,66
13569,9,66
13570,9,66
13571,9,67
13572,9,67
13573,9,67
13574,9,69
13575,9,69
13576,9,68
13577,9,68
13578,9,68
13579,9,68
13580,9,68
13581,9,68
13582,9,68
13583,9,68
13584,9,69
13585,9,68
13586,9,68
13587,9,69
13588,9,68
13589,9,68
13590,9,68
13591,9,68
13592,9,68
13593,9,69
13594,9,70
13595,9,67
13596,9,67
13597,9,66
13598,9,66
13599,9,66
13601,9,69
13602,9,68
13603,9,69
13604,9,69
13605,9,68
13606,9,68
13607,9,69
13608,9,68
13609,9,68
13610,9,68
13611,9,70
13612,9,68
13613,9,68
13614,9,68
13615,9,68
13616,9,68
13617,9,69
13618,9,69
13619,9,68
13620,9,68
13621,9,69
13622,9,69
13623,9,69
13624,9,68
13625,9,68
13626,8,67
13627,8,66
13628,8,65
13629,8,64
13630,8,64
13631,8,65
13632,8,65
13633,8,65
13634,8,65
13635,8,65
13636,8,64
13637,8,64
13638,8,64
13639,8,64
13640,8,64
13641,8,65
13642,8,64
13643,8,64
13644,8,64
13645,8,64
13646,8,64
13647,8,64
13648,8,64
13649,8,64
13650,8,64
13651,8,65
13652,8,65
13653,8,64
13654,8,64
13655,8,64
13656,8,64
13657,8,64
13658,8,64
13659,8,63
13660,8,63
13661,8,66
13662,8,66
13663,8,66
13664,8,66
13665,8,65
13666,8,65
13667,8,65
13668,8,64
13669,8,64
13670,8,64
13671,8,66
13672,8,66
13673,8,66
13674,8,66
13675,8,66
13676,8,66
13677,8,66
13678,8,66
13679,8,66
13680,8,66
13681,8,67
13682,8,67
13683,8,67
13684,8,67
13685,8,67
13686,8,67
13687,8,67
13688,8,67
13689,8,66
13690,8,66
13691,8,66
13692,8,66
13693,8,66
13694,8,66
13695,8,66
13696,8,65
13697,8,65
13698,8,65
13699,8,64
13701,8,64
13702,8,64
13703,8,63
13704,8,62
13705,8,62
13706,7,62
13707,7,61
13708,7,61
13709,7,61
13710,7,61
13711,7,61
13712,7,61
13713,7,61
13714,7,61
13715,7,61
13716,7,61
13717,7,61
13718,7,61
13719,7,61
13720,7,61
13721,7,61
13722,7,61
13723,7,62
13724,7,62
13725,7,62
13726,7,62
13727,7,61
13728,7,61
13729,7,62
13730,7,63
13731,7,63
13732,7,63
13733,7,64
13734,7,65
13735,7,65
13736,7,65
13737,7,65
13738,7,66
13739,7,67
13740,7,68
13741,7,68
13742,7,68
13743,7,68
13744,7,67
13745,7,67
13746,7,68
13747,7,68
13748,7,68
13749,7,69
13750,7,70
13751,7,70
13752,7,70
13753,7,70
13754,7,70
13755,7,70
13756,7,71
13757,7,70
13758,7,70
13759,7,69
13760,7,69
13761,7,70
13762,7,70
13763,7,70
13764,7,70
13765,7,70
13766,7,72
13767,7,73
13768,7,73
13769,7,73
13770,7,72
13771,7,73
13772,7,73
13773,7,73
13774,7,73
13775,7,72
13776,7,74
13777,7,75
13778,7,76
13779,7,76
13780,7,76
13781,7,78
13782,7,78
13783,8,78
13784,8,77
13785,8,77
13786,8,78
13787,8,79
13788,8,78
13789,8,78
13790,8,80
13791,8,83
13792,8,83
13793,8,82
13794,8,83
13795,8,83
13796,8,83
13797,8,84
13798,8,84
13799,8,82
13801,8,84
13802,8,84
13803,8,84
13804,8,85
13805,8,84
13806,8,84
13807,8,86
13808,8,86
13809,8,86
13810,8,86
13811,8,88
13812,8,88
13813,7,88
13814,7,88
13815,7,87
13816,7,87
13817,7,90
13818,7,90
13819,7,90
13820,7,90
13821,7,90
13822,7,90
13823,7,90
13824,7,90
13825,7,90
13826,7,90
13827,7,92
13828,7,92
13829,7,92
13830,7,92
13831,7,92
13832,7,92
13833,7,92
13834,7,92
13835,7,93
13836,7,93
13837,7,95
13838,7,95
13839,7,95
13840,7,95
13841,7,96
13842,7,96
13843,7,97
13844,7,97
13845,7,98
13846,7,97
13847,7,98
13848,7,98
13849,7,99
13850,7,99
13851,7,98
13852,7,97
13853,7,97
13854,7,97
13855,7,96
13856,7,96
13857,7,97
13858,7,97
13859,7,97
13860,7,98
13861,7,98
13862,7,98
13863,7,98
13864,7,98
13865,7,98
13866,7,98
13867,7,99
13868,7,100
13869,7,101
13870,7,100
13871,7,99
13872,7,98
13873,7,97
13874,7,95
13875,7,95
13876,7,95
13877,7,95
13878,7,96
13879,7,96
13880,7,94
13881,7,94
13882,7,95
13883,7,96
13884,7,95
13885,7,95
13886,7,95
13887,7,95
13888,7,93
13889,7,94
13890,7,94
13891,7,94
13892,7,95
13893,7,98
13894,7,98
13895,7,97
13896,7,97
13897,7,98
13898,7,98
13899,7,98
13901,7,97
13902,7,98
13903,7,100
13904,7,100
13905,7,100
13906,7,99
13907,7,99
13908,7,99
13909,7,98
13910,7,97
13911,7,96
13912,7,98
13913,7,97
13914,7,97
13915,7,97
13916,7,95
13917,7,95
13918,7,95
13919,7,95
13920,7,95
13921,7,94
13922,7,95
13923,7,95
13924,7,95
13925,7,95
13926,7,96
13927,7,95
13928,7,95
13929,7,95
13930,7,97
13931,7,96
13932,7,97
13933,7,97
13934,7,97
13935,7,97
13936,7,97
13937,7,97
13938,7,96
13939,7,94
13940,7,95
13941,7,95
13942,7,97
13943,7,98
13944,7,97
13945,7,97
13946,7,97
13947,7,96
13948,7,95
13949,7,95
13950,7,95
13951,7,94
13952,7,94
13953,7,95
13954,7,95
13955,7,95
13956,7,96
13957,7,95
13958,7,94
13959,7,93
13960,7,93
13961,7,93
13962,7,93
13963,7,94
13964,7,94
13965,7,93
13966,7,92
13967,7,92
13968,7,91
13969,7,91
13970,7,92
13971,6,92
13972,6,92
13973,6,92
13974,6,92
13975,6,95
13976,6,95
13977,6,95
13978,6,95
13979,6,94
13980,6,94
13981,6,93
13982,6,93
13983,6,94
13984,6,92
13985,6,92
13986,6,92
13987,6,92
13988,6,91
13989,6,92
13990,6,92
13991,6,92
13992,6,92
13993,6,90
13994,6,89
13995,6,90
13996,6,90
13997,6,88
13998,6,88
13999,6,88
14001,6,87
14002,6,87
14003,6,87
14004,6,87
14005,6,87
14006,6,87
14007,6,87
14008,6,88
14009,6,87
14010,6,88
14011,6,87
14012,6,86
14013,6,86
14014,6,86
14015,6,85
14016,6,86
14017,6,86
14018,6,86
14019,6,86
14020,6,86
14021,6,86
14022,6,85
14023,6,85
14024,6,85
14025,6,84
14026,6,85
14027,6,85
14028,6,85
14029,6,85
14030,6,85
14031,6,86
14032,6,86
14033,6,86
14034,6,86
14035,6,86
14036,6,85
14037,6,84
14038,6,84
14039,6,84
14040,6,83
14041,6,83
14042,6,83
14043,6,83
14044,6,84
14045,6,83
14046,6,82
14047,6,81
14048,6,81
14049,6,78
14050,6,78
14051,6,78
14052,6,78
14053,6,77
14054,6,76
14055,6,74
14056,6,74
14057,6,74
14058,6,74
14059,6,74
14060,6,74
14061,6,74
14062,6,74
14063,6,75
14064,6,76
14065,6,76
14066,6,75
14067,6,74
14068,6,74
14069,6,73
14070,6,71
14071,6,71
14072,6,71
14073,6,73
14074,6,73
14075,6,73
14076,6,73
14077,6,73
14078,6,73
14079,6,73
14080,6,71
14081,6,71
14082,6,72
14083,6,72
14084,6,70
14085,6,70
14086,6,70
14087,6,67
14088,6,67
14089,6,67
14090,6,67
14091,6,67
14092,6,68
14093,6,68
14094,6,68
14095,6,68
14096,6,68
14097,6,66
14098,7,66
14099,7,66
14101,7,67
14102,7,66
14103,7,66
14104,7,65
14105,7,64
14106,7,64
14107,7,63
14108,7,62
14109,7,62
14110,7,62
14111,7,61
14112,7,61
14113,7,61
14114,7,61
14115,7,61
14116,7,61
14117,7,61
14118,7,61
14119,7,60
14120,7,61
14121,7,60
14122,7,58
14123,7,58
14124,7,57
14125,7,57
14126,7,57
14127,7,57
14128,7,57
14129,7,57
14130,7,57
14131,7,57
14132,7,57
14133,7,57
14134,7,57
14135,7,57
14136,7,56
14137,7,55
14138,7,55
14139,7,55
14140,7,56
14141,7,55
14142,7,55
14143,7,55
14144,7,55
14145,7,55
14146,7,55
14147,7,55
14148,7,55
14149,7,55
14150,7,56
14151,7,56
14152,7,55
14153,7,53
14154,7,53
14155,7,52
14156,7,52
14157,7,52
14158,7,52
14159,7,52
14160,7,53
14161,7,53
14162,7,52
14163,7,52
14164,7,51
14165,7,51
14166,7,51
14167,7,51
14168,7,51
14169,7,49
14170,7,49
14171,7,50
14172,7,50
14173,7,50
14174,7,50
14175,7,49
14176,7,49
14177,7,49
14178,7,49
14179,7,49
14180,7,48
14181,7,48
14182,7,48
14183,7,48
14184,7,48
14185,7,47
14186,7,45
14187,7,45
14188,7,46
14189,7,46
14190,7,46
14191,7,46
14192,7,46
14193,7,45
14194,7,44
14195,7,44
14196,7,44
14197,7,44
14198,7,43
14199,7,43
14201,7,41
14202,7,41
14203,7,41
14204,7,40
14205,7,40
14206,7,40
14207,7,39
14208,7,39
14209,7,39
14210,7,39
14211,7,38
14212,7,38
14213,7,38
14214,7,38
14215,7,38
14216,7,38
14217,7,38
14218,7,38
14219,7,37
14220,7,37
14221,7,36
14222,7,37
14223,7,37
14224,7,37
14225,7,36
14226,7,35
14227,7,35
14228,7,35
14229,7,35
14230,7,35
14231,7,35
14232,7,36
14233,7,35
14234,7,34
14235,7,34
14236,7,34
14237,7,34
14238,7,35
14239,7,35
14240,7,35
14241,7,35
14242,7,38
14243,7,38
14244,7,38
14245,7,38
14246,7,38
14247,7,38
14248,7,40
14249,7,40
14250,7,40
14251,7,40
14252,7,42
14253,7,41
14254,7,41
14255,7,40
14256,7,40
14257,7,40
14258,7,42
14259,7,42
14260,7,42
14261,7,41
14262,7,42
14263,7,42
14264,7,42
14265,7,42
14266,7,42
14267,7,42
14268,7,43
14269,7,43
14270,7,44
14271,7,45
14272,7,47
14273,7,47
14274,7,47
14275,7,47
14276,7,47
14277,7,47
14278,7,48
14279,7,48
14280,7,49
14281,7,48
14282,7,49
14283,7,50
14284,7,50
14285,7,51
14286,7,50
14287,7,51
14288,7,51
14289,7,51
14290,7,51
14291,7,51
14292,7,51
14293,7,50
14294,7,51
14295,7,51
14296,7,51
14297,7,52
14298,7,52
14299,7,52
14301,7,51
14302,7,52
14303,7,52
14304,7,52
14305,7,52
14306,7,52
14307,7,52
14308,7,53
14309,7,53
14310,7,53
14311,7,53
14312,7,54
14313,7,54
14314,7,54
14315,7,55
14316,7,55
14317,7,55
14318,7,54
14319,7,54
14320,7,55
14321,7,55
14322,7,55
14323,7,55
14324,7,55
14325,7,55
14326,7,55
14327,7,55
14328,7,55
14329,7,57
14330,7,57
14331,7,57
14332,7,57
14333,7,58
14334,7,59
14335,7,59
14336,7,59
14337,7,59
14338,7,60
14339,7,60
14340,7,60
14341,7,60
14342,7,60
14343,7,61
14344,7,61
14345,7,61
14346,7,62
14347,7,62
14348,7,63
14349,7,63
14350,7,63
14351,7,63
14352,7,64
14353,7,64
14354,7,66
14355,7,66
14356,7,68
14357,7,68
14358,7,68
14359,7,68
14360,7,68
14361,7,68
14362,7,68
14363,7,67
14364,7,69
14365,7,68
14366,7,68
14367,7,68
14368,7,68
14369,7,68
14370,7,69
14371,7,68
14372,7,69
14373,7,69
14374,7,70
14375,7,70
14376,7,70
14377,7,70
14378,7,70
14379,7,70
14380,7,69
14381,7,67
14382,7,68
14383,7,68
14384,7,69
14385,7,69
14386,7,69
14387,7,70
14388,7,70
14389,7,71
14390,7,71
14391,7,73
14392,7,73
14393,7,73
14394,7,74
14395,7,74
14396,7,74
14397,7,74
14398,7,73
14399,7,73
14401,7,76
14402,7,76
14403,7,76
14404,7,75
14405,7,75
14406,7,74
14407,7,74
14408,7,74
14409,7,74
14410,7,73
14411,7,74
14412,7,74
14413,7,75
14414,7,74
14415,7,74
14416,7,74
14417,7,74
14418,7,74
14419,7,74
14420,7,74
14421,7,75
14422,7,75
14423,7,76
14424,7,75
14425,7,75
14426,7,74
14427,7,74
14428,7,74
14429,7,73
14430,7,73
14431,7,74
14432,7,74
14433,7,75
14434,7,75
14435,7,75
14436,7,75
14437,7,75
14438,7,75
14439,7,74
14440,7,75
14441,7,75
14442,7,74
14443,7,76
14444,7,76
14445,7,76
14446,7,76
14447,7,77
14448,7,77
14449,7,77
14450,7,77
14451,7,77
14452,7,78
14453,7,80
14454,7,80
14455,7,80
14456,7,80
14457,7,81
14458,6,80
14459,6,80
14460,6,79
14461,6,79
14462,6,79
14463,6,81
14464,6,81
14465,6,81
14466,6,81
14467,6,81
14468,6,81
14469,6,81
14470,6,81
14471,6,80
14472,6,80
14473,6,80
14474,6,80
14475,6,79
14476,6,78
14477,6,78
14478,6,78
14479,6,77
14480,6,77
14481,6,76
14482,6,76
14483,6,77
14484,6,77
14485,6,78
14486,6,77
14487,6,79
14488,6,79
14489,6,78
14490,6,77
14491,6,77
14492,6,77
14493,6,78
14494,6,78
14495,6,78
14496,6,78
14497,6,80
14498,6,79
14499,6,79
14501,6,78
14502,6,77
14503,6,76
14504,6,76
14505,6,77
14506,6,77
14507,6,78
14508,6,77
14509,6,77
14510,6,77
14511,6,77
14512,6,77
14513,6,78
14514,6,78
14515,6,78
14516,6,78
14517,6,79
14518,6,79
14519,6,79
14520,6,79
14521,6,78
14522,6,77
14523,6,77
14524,6,77
14525,6,77
14526,6,77
14527,6,78
14528,6,77
14529,6,77
14530,6,77
14531,6,77
14532,6,77
14533,6,76
14534,6,76
14535,6,75
14536,6,75
14537,6,74
14538,6,75
14539,6,75
14540,6,75
14541,6,75
14542,6,73
14543,6,73
14544,6,74
14545,6,73
14546,6,73
14547,6,73
14548,6,73
14549,6,73
14550,6,73
14551,6,73
14552,6,73
14553,6,73
14554,6,74
14555,6,74
14556,6,74
14557,6,74
14558,6,74
14559,6,73
14560,6,71
14561,6,71
14562,6,71
14563,6,71
14564,6,73
14565,6,71
14566,6,70
14567,6,70
14568,6,70
14569,6,71
14570,6,71
14571,6,71
14572,6,71
14573,6,70
14574,6,71
14575,6,71
14576,6,71
14577,6,72
14578,6,72
14579,6,72
14580,6,72
14581,6,71
14582,6,71
14583,6,71
14584,6,71
14585,7,72
14586,7,72
14587,7,73
14588,7,72
14589,7,73
14590,7,73
14591,7,73
14592,7,73
14593,7,73
14594,7,73
14595,7,74
14596,7,74
14597,7,75
14598,7,75
14599,7,77
14601,7,78
14602,7,78
14603,7,78
14604,7,78
14605,7,79
14606,7,79
14607,7,80
14608,7,80
14609,7,81
14610,7,80
14611,7,80
14612,7,80
14613,7,80
14614,7,80
14615,7,81
14616,7,80
14617,7,81
14618,7,81
14619,7,82
14620,7,82
14621,7,82
14622,7,81
14623,7,81
14624,7,81
14625,7,81
14626,7,81
14627,7,81
14628,7,81
14629,7,80
14630,7,78
14631,7,78
14632,7,77
14633,7,76
14634,7,76
14635,8,75
14636,8,76
14637,8,75
14638,8,75
14639,8,76
14640,8,76
14641,8,75
14642,8,74
14643,8,73
14644,8,73
14645,8,73
14646,8,72
14647,8,72
14648,8,72
14649,8,72
14650,8,72
14651,8,72
14652,8,72
14653,8,71
14654,8,72
14655,8,72
14656,8,72
14657,8,72
14658,8,72
14659,8,73
14660,8,73
14661,8,74
14662,8,74
14663,8,73
14664,8,74
14665,8,73
14666,8,73
14667,8,73
14668,8,74
14669,8,75
14670,8,74
14671,8,74
14672,8,74
14673,8,74
14674,8,74
14675,8,74
14676,8,74
14677,8,74
14678,8,74
14679,8,74
14680,8,75
14681,8,74
14682,8,73
14683,8,73
14684,8,73
14685,8,73
14686,8,73
14687,8,73
14688,8,73
14689,8,75
14690,8,75
14691,8,75
14692,8,75
14693,8,75
14694,8,75
14695,8,75
14696,8,74
14697,8,74
14698,8,74
14699,8,73
14701,8,72
14702,8,72
14703,8,72
14704,8,72
14705,8,72
14706,8,72
14707,8,72
14708,8,72
14709,8,72
14710,8,72
14711,8,71
14712,8,71
14713,8,70
14714,8,71
14715,8,68
14716,8,69
14717,8,68
14718,8,68
14719,8,67
14720,8,68
14721,8,68
14722,8,68
14723,8,68
14724,8,69
14725,8,68
14726,8,68
14727,8,67
14728,8,68
14729,8,67
14730,8,66
14731,8,65
14732,8,65
14733,8,65
14734,8,64
14735,8,64
14736,8,64
14737,8,63
14738,8,63
14739,8,64
14740,8,63
14741,8,63
14742,8,63
14743,8,63
14744,8,63
14745,8,64
14746,8,64
14747,8,64
14748,8,65
14749,8,65
14750,8,65
14751,8,65
14752,8,66
14753,8,66
14754,8,65
14755,8,65
14756,8,65
14757,8,64
14758,8,65
14759,8,66
14760,8,66
14761,8,65
14762,8,64
14763,8,64
14764,8,63
14765,8,63
14766,8,63
14767,8,62
14768,8,63
14769,8,64
14770,8,64
14771,8,64
14772,8,64
14773,8,64
14774,8,64
14775,8,63
14776,8,63
14777,8,64
14778,8,67
14779,8,68
14780,8,68
14781,8,67
14782,8,67
14783,8,67
14784,8,67
14785,8,67
14786,8,68
14787,8,69
14788,8,71
14789,8,72
14790,8,71
14791,8,71
14792,8,71
14793,8,71
14794,8,69
14795,8,69
14796,8,69
14797,8,70
14798,9,71
14799,9,70
14801,9,70
14802,9,70
14803,9,69
14804,9,69
14805,9,69
14806,9,69
14807,9,69
14808,9,69
14809,9,68
14810,9,68
14811,9,68
14812,9,69
14813,9,69
14814,9,68
14815,9,68
14816,9,68
14817,9,68
14818,9,67
14819,9,67
14820,9,67
14821,9,67
14822,9,68
14823,9,68
14824,9,67
14825,9,69
14826,9,69
14827,9,69
14828,9,68
14829,9,68
14830,9,68
14831,9,68
14832,9,69
14833,9,69
14834,9,68
14835,9,68
14836,9,68
14837,9,68
14838,9,68
14839,9,69
14840,9,69
14841,9,69
14842,9,69
14843,9,69
14844,9,68
14845,9,68
14846,9,68
14847,9,68
14848,9,66
14849,9,67
14850,9,67
14851,9,66
14852,9,66
14853,9,66
14854,9,66
14855,9,66
14856,9,65
14857,9,66
14858,9,65
14859,9,65
14860,9,65
14861,9,65
14862,9,65
14863,9,65
14864,9,65
14865,9,65
14866,9,66
14867,9,66
14868,9,66
14869,9,66
14870,9,65
14871,9,64
14872,9,63
14873,9,62
14874,9,62
14875,9,61
14876,9,62
14877,9,61
14878,9,61
14879,9,60
14880,9,59
14881,9,60
14882,9,60
14883,9,59
14884,9,59
14885,9,58
14886,9,59
14887,9,59
14888,9,59
14889,9,58
14890,9,58
14891,9,59
14892,9,59
14893,9,59
14894,9,59
14895,9,58
14896,9,58
14897,9,58
14898,9,58
14899,9,57
14901,9,58
14902,9,58
14903,9,59
14904,9,57
14905,9,56
14906,9,55
14907,9,55
14908,9,55
14909,9,55
14910,9,55
14911,9,56
14912,9,56
14913,9,57
14914,9,57
14915,9,57
14916,9,57
14917,9,57
14918,9,58
14919,9,57
14920,9,56
14921,9,58
14922,9,57
14923,9,58
14924,9,59
14925,9,58
14926,9,57
14927,9,57
14928,9,57
14929,9,57
14930,9,57
14931,9,58
14932,9,58
14933,9,58
14934,9,58
14935,9,58
14936,9,58
14937,9,57
14938,9,57
14939,9,56
14940,9,54
14941,9,55
14942,9,54
14943,9,54
14944,9,54
14945,9,54
14946,9,54
14947,9,53
14948,9,53
14949,9,53
14950,9,51
14951,9,53
14952,9,52
14953,9,52
14954,9,52
14955,9,52
14956,9,52
14957,9,52
14958,9,51
14959,9,50
14960,9,49
14961,9,49
14962,9,49
14963,9,49
14964,9,49
14965,9,49
14966,9,48
14967,9,47
14968,9,47
14969,9,47
14970,9,47
14971,9,47
14972,9,47
14973,9,47
14974,9,47
14975,9,45
14976,9,45
14977,9,45
14978,9,46
14979,9,46
14980,9,46
14981,9,46
14982,9,46
14983,9,46
14984,9,45
14985,9,45
14986,9,45
14987,9,44
14988,9,44
14989,9,44
14990,9,44
14991,9,44
14992,9,45
14993,9,45
14994,9,46
14995,9,46
14996,9,46
14997,9,45
14998,9,45
14999,9,45
15001,9,44
15002,9,44
15003,9,44
15004,9,45
15005,9,46
15006,9,46
15007,9,46
15008,9,45
15009,9,45
15010,9,44
15011,9,44
15012,9,43
15013,9,45
15014,9,46
15015,9,47
15016,9,47
15017,9,47
15018,9,47
15019,9,47
15020,9,46
15021,9,45
15022,9,45
15023,9,45
15024,9,46
15025,9,47
15026,9,47
15027,9,47
15028,9,46
15029,9,46
15030,9,46
15031,9,46
15032,9,45
15033,9,44
15034,9,44
15035,9,44
15036,9,44
15037,9,44
15038,9,44
15039,9,43
15040,9,44
15041,9,44
15042,9,44
15043,9,44
15044,9,44
15045,9,44
15046,9,44
15047,9,44
15048,9,45
15049,9,45
15050,9,44
15051,9,44
15052,9,44
15053,9,44
15054,9,44
15055,9,44
15056,9,44
15057,9,44
15058,9,44
15059,9,44
15060,9,44
15061,9,44
15062,9,44
15063,8,44
15064,9,44
15065,9,43
15066,9,43
15067,9,42
15068,9,42
15069,9,42
15070,9,42
15071,9,42
15072,9,42
15073,9,43
15074,9,43
15075,9,43
15076,9,43
15077,9,43
15078,9,42
15079,9,42
15080,9,42
15081,9,42
15082,9,42
15083,9,42
15084,9,42
15085,9,42
15086,9,41
15087,9,41
15088,9,42
15089,9,42
15090,9,42
15091,9,41
15092,9,40
15093,9,40
15094,9,41
15095,9,41
15096,9,40
15097,9,40
15098,9,42
15099,9,42
15101,9,42
15102,9,42
15103,9,42
15104,9,43
15105,9,43
15106,9,41
15107,9,41
15108,9,42
15109,9,43
15110,9,43
15111,9,43
15112,9,43
15113,9,43
15114,9,44
15115,9,44
15116,9,45
15117,9,45
15118,9,45
15119,9,46
15120,9,46
15121,9,46
15122,9,46
15123,9,46
15124,9,46
15125,9,45
15126,9,46
15127,9,46
15128,9,46
15129,9,46
15130,9,47
15131,9,47
15132,9,47
15133,9,47
15134,9,47
15135,9,47
15136,9,48
15137,9,49
15138,9,48
15139,9,48
15140,9,48
15141,9,48
15142,9,48
15143,9,47
15144,9,47
15145,9,47
15146,9,48
15147,9,49
15148,9,49
15149,9,49
15150,9,49
15151,9,49
15152,9,49
15153,9,50
15154,9,50
15155,9,50
15156,9,50
15157,9,50
15158,9,50
15159,9,50
15160,8,50
15161,8,51
15162,8,51
15163,8,50
15164,8,50
15165,8,50
15166,8,50
15167,8,50
15168,8,50
15169,8,50
15170,8,50
15171,8,50
15172,8,50
15173,8,52
15174,8,52
15175,8,51
15176,8,51
15177,8,50
15178,8,50
15179,8,49
15180,8,49
15181,8,49
15182,8,49
15183,8,50
15184,8,49
15185,8,49
15186,8,48
15187,8,49
15188,8,49
15189,8,49
15190,8,49
15191,8,49
15192,8,49
15193,8,49
15194,8,50
15195,8,51
15196,8,51
15197,8,52
15198,8,52
15199,8,52
15201,8,52
15202,8,52
15203,8,51
15204,8,51
15205,8,52
15206,8,52
15207,8,54
15208,8,54
15209,8,54
15210,8,54
15211,8,54
15212,8,54
15213,8,54
15214,8,54
15215,8,55
15216,8,55
15217,8,56
15218,8,56
15219,8,57
15220,8,57
15221,8,57
15222,8,57
15223,8,57
15224,8,57
15225,8,58
15226,8,58
15227,8,58
15228,9,58
15229,9,58
15230,9,59
15231,9,60
15232,9,60
15233,9,60
15234,9,61
15235,9,61
15236,9,61
15237,9,60
15238,9,60
15239,9,60
15240,9,61
15241,9,60
15242,9,59
15243,9,59
15244,9,60
15245,9,61
15246,9,61
15247,9,60
15248,9,60
15249,9,60
15250,9,60
15251,9,60
15252,9,59
15253,9,59
15254,9,60
15255,9,61
15256,9,61
15257,9,61
15258,9,61
15259,9,61
15260,9,62
15261,9,62
15262,9,61
15263,9,60
15264,9,61
15265,9,61
15266,9,61
15267,9,61
15268,9,61
15269,9,61
15270,9,62
15271,9,62
15272,9,61
15273,9,61
15274,9,62
15275,9,62
15276,9,62
15277,9,62
15278,9,62
15279,9,62
15280,9,62
15281,9,63
15282,9,63
15283,9,63
15284,9,63
15285,9,63
15286,9,63
15287,9,63
15288,9,63
15289,9,62
15290,9,62
15291,9,63
15292,9,62
15293,9,62
15294,9,62
15295,9,62
15296,9,62
15297,9,62
15298,9,62
15299,9,61
15301,9,61
15302,9,61
15303,9,61
15304,9,61
15305,9,61
15306,9,61
15307,9,61
15308,9,61
15309,9,63
15310,9,63
15311,9,63
15312,9,63
15313,9,63
15314,9,63
15315,8,62
15316,8,61
15317,8,60
15318,8,61
15319,8,62
15320,8,61
15321,8,61
15322,8,61
15323,8,60
15324,8,60
15325,8,60
15326,8,61
15327,8,61
15328,8,61
15329,8,63
15330,8,63
15331,8,63
15332,8,63
15333,8,63
15334,8,62
15335,8,62
15336,8,62
15337,8,62
15338,8,61
15339,8,64
15340,8,64
15341,8,64
15342,8,63
15343,8,62
15344,8,62
15345,8,61
15346,8,61
15347,8,61
15348,8,61
15349,8,65
15350,8,64
15351,8,64
15352,8,63
15353,8,63
15354,8,63
15355,8,63
15356,8,63
15357,8,63
15358,8,63
15359,8,68
15360,8,68
15361,8,68
15362,8,67
15363,8,66
15364,8,66
15365,8,66
15366,8,66
15367,8,67
15368,8,67
15369,8,71
15370,8,71
15371,8,71
15372,8,70
15373,8,70
15374,8,70
15375,8,70
15376,8,70
15377,8,70
15378,8,70
15379,8,73
15380,8,73
15381,8,72
15382,8,73
15383,8,73
15384,8,73
15385,8,73
15386,8,73
15387,8,73
15388,8,73
15389,8,75
15390,8,75
15391,8,74
15392,8,73
15393,8,74
15394,8,75
15395,8,75
15396,8,77
15397,8,76
15398,8,76
15399,8,78
15401,8,78
15402,8,78
15403,8,79
15404,8,79
15405,8,78
15406,8,79
15407,8,79
15408,8,79
15409,8,80
15410,8,80
15411,8,80
15412,8,80
15413,8,81
15414,8,81
15415,8,81
15416,8,83
15417,8,83
15418,8,83
15419,8,83
15420,8,83
15421,8,83
15422,8,84
15423,8,84
15424,8,84
15425,8,84
15426,8,84
15427,8,84
15428,8,84
15429,8,83
15430,8,84
15431,8,84
15432,8,86
15433,8,85
15434,8,85
15435,8,85
15436,8,86
15437,8,84
15438,8,84
15439,8,84
15440,8,85
15441,8,85
15442,8,86
15443,8,86
15444,8,85
15445,8,85
15446,8,84
15447,8,84
15448,8,83
15449,8,83
15450,8,85
15451,8,85
15452,8,87
15453,8,87
15454,8,87
15455,8,84
15456,8,84
15457,8,84
15458,8,84
15459,8,84
15460,8,85
15461,8,86
15462,8,88
15463,8,88
15464,8,88
15465,8,88
15466,8,88
15467,8,88
15468,8,88
15469,8,88
15470,8,89
15471,8,88
15472,8,88
15473,8,89
15474,8,89
15475,8,89
15476,8,89
15477,8,90
15478,8,89
15479,8,88
15480,8,89
15481,8,90
15482,8,91
15483,8,91
15484,8,91
15485,8,91
15486,8,91
15487,8,92
15488,8,92
15489,8,92
15490,8,91
15491,8,91
15492,8,91
15493,8,90
15494,8,90
15495,8,90
15496,8,91
15497,8,91
15498,8,90
15499,8,90
15501,8,88
15502,8,87
15503,8,87
15504,8,86
15505,8,86
15506,8,87
15507,8,86
15508,8,86
15509,7,86
15510,7,86
15511,7,86
15512,7,85
15513,7,84
15514,7,84
15515,7,84
15516,7,85
15517,7,84
15518,7,84
15519,7,85
15520,7,85
15521,7,84
15522,7,85
15523,7,85
15524,7,85
15525,7,84
15526,7,85
15527,7,85
15528,7,85
15529,7,87
15530,7,87
15531,6,86
15532,6,85
15533,6,84
15534,6,82
15535,6,83
15536,6,83
15537,6,83
15538,6,82
15539,6,83
15540,6,83
15541,6,83
15542,6,84
15543,6,84
15544,6,83
15545,6,83
15546,6,82
15547,6,82
15548,6,81
15549,6,82
15550,6,82
15551,6,81
15552,6,81
15553,6,80
15554,6,80
15555,6,81
15556,6,81
15557,6,81
15558,6,80
15559,6,79
15560,6,79
15561,6,78
15562,6,78
15563,6,77
15564,6,76
15565,6,78
15566,6,78
15567,6,77
15568,6,77
15569,6,77
15570,6,77
15571,6,77
15572,6,77
15573,6,77
15574,6,76
15575,6,77
15576,6,77
15577,6,77
15578,6,77
15579,6,77
15580,6,76
15581,6,76
15582,6,76
15583,6,75
15584,6,75
15585,6,75
15586,6,74
15587,6,74
15588,6,74
15589,6,75
15590,6,75
15591,6,75
15592,6,74
15593,6,75
15594,6,74
15595,6,74
15596,6,75
15597,6,75
15598,6,75
15599,6,76
15601,6,76
15602,6,75
15603,6,76
15604,6,76
15605,6,75
15606,6,75
15607,6,76
15608,6,76
15609,6,75
15610,6,74
15611,6,74
15612,6,74
15613,6,74
15614,6,72
15615,6,71
15616,6,71
15617,6,71
15618,6,70
15619,6,72
15620,6,71
15621,6,71
15622,6,70
15623,6,70
15624,6,70
15625,6,70
15626,6,70
15627,6,70
15628,6,70
15629,6,72
15630,6,72
15631,6,72
15632,6,71
15633,6,71
15634,6,71
15635,6,70
15636,6,70
15637,6,70
15638,6,69
15639,6,72
15640,6,72
15641,6,72
15642,6,71
15643,6,71
15644,6,71
15645,6,72
15646,6,73
15647,6,73
15648,6,73
15649,6,75
15650,6,73
15651,6,72
15652,6,72
15653,6,72
15654,6,72
15655,6,75
15656,6,75
15657,6,75
15658,6,75
15659,6,75
15660,6,75
15661,6,74
15662,6,74
15663,6,74
15664,6,75
15665,6,76
15666,6,76
15667,6,75
15668,6,75
15669,6,75
15670,6,74
15671,6,74
15672,6,74
15673,6,74
15674,6,75
15675,6,76
15676,6,75
15677,6,76
15678,6,76
15679,6,76
15680,6,75
15681,6,75
15682,6,75
15683,6,75
15684,6,74
15685,6,74
15686,6,73
15687,6,73
15688,6,73
15689,6,75
15690,6,75
15691,6,75
15692,6,76
15693,6,76
15694,6,76
15695,6,76
15696,6,76
15697,6,76
15698,6,76
15699,6,77
15701,6,77
15702,6,79
15703,6,80
15704,6,79
15705,6,79
15706,6,79
15707,6,79
15708,6,79
15709,6,79
15710,6,79
15711,6,79
15712,6,80
15713,6,81
15714,6,82
15715,6,82
15716,6,82
15717,6,83
15718,6,83
15719,6,83
15720,6,82
15721,6,81
15722,6,82
15723,6,83
15724,6,83
15725,6,83
15726,6,84
15727,6,85
15728,6,84
15729,6,85
15730,6,85
15731,6,85
15732,6,86
15733,6,87
15734,6,87
15735,6,87
15736,6,88
15737,6,89
15738,6,88
15739,6,87
15740,6,88
15741,6,88
15742,6,91
15743,6,93
15744,6,93
15745,6,92
15746,6,94
15747,6,94
15748,6,93
15749,6,92
15750,6,93
15751,6,93
15752,6,94
15753,6,94
15754,6,94
15755,6,94
15756,6,95
15757,6,94
15758,6,94
15759,6,94
15760,6,94
15761,6,94
15762,6,95
15763,6,95
15764,6,93
15765,6,92
15766,6,92
15767,6,92
15768,6,92
15769,6,93
15770,6,93
15771,6,93
15772,6,93
15773,6,93
15774,6,91
15775,6,90
15776,6,89
15777,6,88
15778,6,88
15779,6,88
15780,6,88
15781,6,88
15782,6,88
15783,6,87
15784,6,87
15785,6,87
15786,6,87
15787,6,87
15788,6,87
15789,6,87
15790,6,87
15791,6,86
15792,6,88
15793,6,88
15794,6,89
15795,6,89
15796,6,89
15797,6,89
15798,6,88
15799,6,88
15801,6,88
15802,6,90
15803,6,90
15804,6,90
15805,6,89
15806,6,88
15807,6,87
15808,6,87
15809,6,87
15810,6,85
15811,6,85
15812,6,85
15813,6,85
15814,6,85
15815,6,82
15816,6,83
15817,6,83
15818,6,83
15819,6,84
15820,6,84
15821,6,83
15822,6,82
15823,6,81
15824,6,81
15825,6,81
15826,6,83
15827,6,83
15828,6,82
15829,6,82
15830,6,82
15831,6,82
15832,6,82
15833,6,82
15834,6,82
15835,6,81
15836,6,81
15837,6,81
15838,6,82
15839,6,79
15840,6,79
15841,6,78
15842,6,78
15843,6,78
15844,6,77
15845,6,76
15846,6,75
15847,6,76
15848,6,76
15849,6,76
15850,6,76
15851,6,76
15852,6,77
15853,6,76
15854,6,76
15855,6,76
15856,6,76
15857,6,76
15858,6,76
15859,6,76
15860,6,76
15861,6,75
15862,6,76
15863,6,75
15864,6,74
15865,6,74
15866,6,74
15867,6,73
15868,6,72
15869,6,70
15870,6,70
15871,6,70
15872,6,69
15873,6,69
15874,6,69
15875,6,68
15876,6,68
15877,6,67
15878,6,66
15879,6,66
15880,6,66
15881,6,65
15882,6,64
15883,6,63
15884,6,63
15885,6,62
15886,6,61
15887,6,60
15888,6,60
15889,6,60
15890,6,60
15891,6,59
15892,6,59
15893,6,60
15894,6,60
15895,6,61
15896,6,60
15897,6,60
15898,6,60
15899,6,60
15901,6,60
15902,6,59
15903,6,60
15904,6,60
15905,6,61
15906,6,62
15907,6,62
15908,6,62
15909,6,61
15910,6,61
15911,6,61
15912,6,61
15913,6,60
15914,6,60
15915,6,61
15916,6,61
15917,6,61
15918,6,60
15919,6,60
15920,6,60
15921,6,60
15922,6,60
15923,6,60
15924,6,60
15925,6,61
15926,6,61
15927,6,60
15928,6,60
15929,6,61
15930,6,61
15931,6,60
15932,6,61
15933,6,61
15934,6,62
15935,6,62
15936,6,62
15937,6,62
15938,6,62
15939,6,61
15940,6,61
15941,6,61
15942,6,61
15943,6,61
15944,6,62
15945,6,62
15946,6,61
15947,6,62
15948,6,62
15949,6,61
15950,6,62
15951,6,61
15952,6,61
15953,6,59
15954,6,59
15955,6,59
15956,5,59
15957,5,59
15958,5,58
15959,5,58
15960,5,59
15961,5,59
15962,5,59
15963,5,59
15964,5,60
15965,5,58
15966,5,58
15967,5,58
15968,5,59
15969,5,58
15970,5,59
15971,5,59
15972,5,59
15973,5,58
15974,5,58
15975,5,58
15976,5,58
15977,5,58
15978,5,57
15979,5,57
15980,5,56
15981,5,55
15982,5,56
15983,5,56
15984,5,56
15985,5,56
15986,5,56
15987,5,56
15988,5,56
15989,5,56
15990,5,57
15991,5,57
15992,5,58
15993,5,58
15994,5,58
15995,5,58
15996,5,59
15997,5,59
15998,5,58
15999,5,58
16001,5,59
16002,5,59
16003,5,59
16004,5,59
16005,5,58
16006,5,59
16007,5,59
16008,5,59
16009,5,59
16010,5,59
16011,5,59
16012,5,59
16013,5,58
16014,5,58
16015,5,58
16016,5,58
16017,5,58
16018,5,58
16019,5,58
16020,5,60
16021,5,60
16022,5,59
16023,5,59
16024,5,59
16025,5,59
16026,5,60
16027,5,60
16028,5,60
16029,5,60
16030,5,60
16031,5,60
16032,5,60
16033,5,60
16034,5,60
16035,5,60
16036,5,60
16037,5,60
16038,5,60
16039,5,60
16040,5,60
16041,5,59
16042,5,60
16043,5,60
16044,5,61
16045,5,61
16046,5,60
16047,5,60
16048,5,60
16049,5,60
16050,5,60
16051,5,61
16052,5,61
16053,5,61
16054,5,61
16055,5,61
16056,5,61
16057,5,61
16058,5,61
16059,5,62
16060,5,62
16061,5,62
16062,5,62
16063,5,62
16064,5,62
16065,5,61
16066,5,61
16067,5,61
16068,5,61
16069,5,62
16070,5,62
16071,5,62
16072,5,62
16073,5,62
16074,5,61
16075,5,61
16076,5,63
16077,5,63
16078,5,63
16079,5,63
16080,5,64
16081,5,64
16082,5,64
16083,5,63
16084,5,65
16085,5,66
16086,5,67
16087,5,67
16088,5,67
16089,5,67
16090,5,67
16091,5,67
16092,5,67
16093,5,67
16094,5,67
16095,5,68
16096,4,69
16097,4,69
16098,4,69
16099,4,70
16101,4,71
16102,4,71
16103,4,71
16104,4,71
16105,4,72
16106,4,73
16107,4,73
16108,4,73
16109,4,73
16110,4,73
16111,4,74
16112,4,73
16113,4,73
16114,4,74
16115,4,73
16116,4,73
16117,4,73
16118,4,73
16119,4,73
16120,4,74
16121,4,73
16122,4,73
16123,4,74
16124,4,76
16125,4,76
16126,4,76
16127,4,76
16128,4,76
16129,4,77
16130,4,77
16131,4,77
16132,4,77
16133,4,79
16134,4,79
16135,4,79
16136,4,79
16137,4,79
16138,4,78
16139,4,78
16140,4,80
16141,4,80
16142,4,81
16143,4,82
16144,4,82
16145,4,82
16146,4,82
16147,4,82
16148,4,81
16149,4,81
16150,4,81
16151,4,80
16152,4,80
16153,4,80
16154,4,79
16155,4,80
16156,4,82
16157,4,82
16158,4,82
16159,4,81
16160,4,81
16161,4,82
16162,4,82
16163,4,82
16164,4,82
16165,4,82
16166,4,83
16167,4,84
16168,4,84
16169,4,84
16170,4,86
16171,4,86
16172,4,86
16173,4,86
16174,4,87
16175,4,87
16176,4,88
16177,4,88
16178,4,88
16179,4,88
16180,4,89
16181,4,89
16182,4,88
16183,4,89
16184,4,88
16185,4,88
16186,4,89
16187,4,88
16188,4,88
16189,4,87
16190,4,87
16191,4,87
16192,4,87
16193,4,87
16194,4,87
16195,4,86
16196,4,86
16197,4,86
16198,4,86
16199,4,85
16201,4,84
16202,4,83
16203,4,83
16204,4,83
16205,4,83
16206,4,83
16207,4,84
16208,4,84
16209,4,84
16210,4,85
16211,4,85
16212,4,84
16213,4,84
16214,4,84
16215,4,85
16216,4,85
16217,4,85
16218,4,84
16219,4,84
16220,4,85
16221,4,85
16222,4,85
16223,4,85
16224,4,84
16225,4,85
16226,4,84
16227,4,83
16228,4,84
16229,4,84
16230,4,86
16231,4,87
16232,4,87
16233,4,87
16234,4,86
16235,4,87
16236,4,87
16237,4,87
16238,4,87
16239,4,87
16240,4,88
16241,4,88
16242,4,88
16243,4,88
16244,4,87
16245,4,86
16246,4,86
16247,4,84
16248,4,84
16249,4,84
16250,4,84
16251,4,84
16252,4,84
16253,4,84
16254,4,83
16255,4,83
16256,4,81
16257,4,81
16258,4,79
16259,4,79
16260,4,79
16261,4,77
16262,4,77
16263,4,78
16264,4,78
16265,4,78
16266,4,77
16267,4,77
16268,4,77
16269,4,76
16270,4,76
16271,4,76
16272,4,76
16273,4,76
16274,4,75
16275,4,74
16276,4,73
16277,4,73
16278,4,72
16279,4,72
16280,4,72
16281,4,69
16282,4,68
16283,4,70
16284,4,70
16285,4,70
16286,4,69
16287,4,69
16288,4,69
16289,4,69
16290,4,69
16291,4,69
16292,4,69
16293,4,70
16294,4,70
16295,4,70
16296,4,69
16297,4,68
16298,4,69
16299,4,70
16301,4,70
16302,4,70
16303,4,71
16304,4,71
16305,4,72
16306,4,72
16307,4,72
16308,4,72
16309,4,72
16310,4,72
16311,4,72
16312,4,72
16313,4,72
16314,4,72
16315,4,71
16316,4,70
16317,4,70
16318,4,70
16319,4,70
16320,4,70
16321,4,70
16322,4,70
16323,4,70
16324,4,70
16325,4,70
16326,4,71
16327,4,71
16328,4,71
16329,4,71
16330,4,71
16331,4,72
16332,4,71
16333,4,71
16334,4,72
16335,4,73
16336,4,74
16337,4,74
16338,4,74
16339,4,74
16340,4,74
16341,4,73
16342,4,73
16343,4,72
16344,4,72
16345,4,72
16346,4,72
16347,4,72
16348,4,72
16349,4,72
16350,4,74
16351,4,74
16352,4,74
16353,4,74
16354,4,73
16355,4,73
16356,4,72
16357,4,73
16358,4,73
16359,4,73
16360,4,75
16361,4,75
16362,4,76
16363,4,76
16364,4,76
16365,4,76
16366,4,76
16367,4,76
16368,4,76
16369,4,76
16370,4,76
16371,4,77
16372,4,77
16373,4,78
16374,4,78
16375,4,78
16376,4,78
16377,4,78
16378,4,78
16379,4,78
16380,4,75
16381,4,76
16382,4,76
16383,4,76
16384,4,76
16385,4,76
16386,4,75
16387,4,75
16388,4,75
16389,4,74
16390,4,74
16391,4,75
16392,4,76
16393,4,76
16394,4,75
16395,4,75
16396,4,75
16397,4,76
16398,4,77
16399,4,77
16401,4,76
16402,4,77
16403,4,77
16404,4,77
16405,4,77
16406,4,77
16407,4,77
16408,4,77
16409,4,77
16410,4,76
16411,4,76
16412,4,77
16413,4,77
16414,4,77
16415,4,77
16416,4,76
16417,4,77
16418,4,76
16419,4,76
16420,4,76
16421,4,76
16422,4,77
16423,4,77
16424,4,75
16425,4,75
16426,4,75
16427,4,75
16428,4,75
16429,4,74
16430,4,74
16431,4,75
16432,4,76
16433,4,75
16434,4,75
16435,4,75
16436,4,75
16437,4,77
16438,4,77
16439,4,77
16440,4,77
16441,4,78
16442,4,79
16443,4,79
16444,4,79
16445,4,79
16446,4,78
16447,4,79
16448,4,80
16449,4,80
16450,4,80
16451,4,80
16452,4,80
16453,4,80
16454,4,79
16455,4,79
16456,5,79
16457,5,78
16458,5,77
16459,5,77
16460,5,76
16461,5,77
16462,5,77
16463,5,76
16464,5,76
16465,5,76
16466,5,74
16467,5,74
16468,5,74
16469,5,72
16470,5,72
16471,5,73
16472,5,71
16473,5,71
16474,5,71
16475,5,70
16476,5,71
16477,5,72
16478,5,71
16479,5,70
16480,5,70
16481,5,69
16482,5,69
16483,5,69
16484,5,69
16485,5,68
16486,5,69
16487,5,68
16488,5,68
16489,5,68
16490,5,68
16491,5,68
16492,5,68
16493,5,68
16494,5,68
16495,5,68
16496,5,68
16497,5,67
16498,5,67
16499,5,67
16501,5,68
16502,5,68
16503,5,68
16504,5,68
16505,5,68
16506,6,68
16507,6,68
16508,6,68
16509,6,68
16510,6,68
16511,6,68
16512,6,67
16513,6,67
16514,6,67
16515,6,67
16516,6,65
16517,6,65
16518,6,65
16519,6,64
16520,6,64
16521,6,62
16522,6,62
16523,6,63
16524,6,63
16525,6,63
16526,6,62
16527,6,62
16528,6,62
16529,6,63
16530,6,61
16531,6,62
16532,6,62
16533,6,63
16534,6,63
16535,6,62
16536,6,62
16537,6,62
16538,6,62
16539,6,62
16540,6,62
16541,6,62
16542,6,62
16543,6,62
16544,6,63
16545,6,63
16546,6,63
16547,6,64
16548,6,64
16549,6,64
16550,6,64
16551,6,64
16552,6,64
16553,6,65
16554,6,66
16555,6,66
16556,6,66
16557,6,66
16558,6,66
16559,6,66
16560,6,66
16561,6,64
16562,6,64
16563,6,64
16564,6,65
16565,6,65
16566,6,65
16567,6,65
16568,6,65
16569,6,65
16570,6,65
16571,6,64
16572,6,63
16573,6,63
16574,6,63
16575,6,63
16576,6,62
16577,6,62
16578,6,61
16579,6,60
16580,6,61
16581,6,61
16582,6,61
16583,6,61
16584,6,61
16585,6,61
16586,6,61
16587,6,61
16588,6,62
16589,6,62
16590,6,62
16591,6,62
16592,6,62
16593,6,62
16594,6,62
16595,6,62
16596,6,62
16597,6,63
16598,6,63
16599,6,62
16601,6,62
16602,6,62
16603,6,62
16604,6,63
16605,6,62
16606,6,61
16607,6,60
16608,6,60
16609,6,60
16610,6,59
16611,6,59
16612,6,58
16613,6,58
16614,6,58
16615,6,58
16616,6,58
16617,6,58
16618,6,59
16619,6,60
16620,6,59
16621,6,59
16622,6,59
16623,6,59
16624,6,59
16625,6,60
16626,6,60
16627,6,61
16628,6,61
16629,6,61
16630,6,61
16631,6,61
16632,6,61
16633,6,61
16634,6,61
16635,6,62
16636,6,62
16637,6,63
16638,6,64
16639,6,64
16640,6,64
16641,6,64
16642,6,64
16643,6,63
16644,6,63
16645,6,64
16646,6,64
16647,6,64
16648,6,64
16649,6,64
16650,6,64
16651,6,64
16652,6,65
16653,6,66
16654,6,66
16655,6,64
16656,6,65
16657,6,65
16658,6,65
16659,6,65
16660,6,65
16661,6,65
16662,6,67
16663,6,67
16664,6,67
16665,6,67
16666,6,67
16667,6,68
16668,6,68
16669,6,68
16670,6,69
16671,6,69
16672,6,70
16673,6,70
16674,6,70
16675,6,69
16676,6,68
16677,6,69
16678,6,69
16679,6,69
16680,6,69
16681,6,71
16682,6,70
16683,6,70
16684,6,69
16685,6,69
16686,6,69
16687,6,68
16688,6,68
16689,6,68
16690,6,68
16691,6,68
16692,6,68
16693,6,68
16694,6,68
16695,6,69
16696,6,69
16697,6,69
16698,6,69
16699,5,69
16701,5,72
16702,5,72
16703,5,72
16704,5,72
16705,5,72
16706,5,72
16707,5,72
16708,5,72
16709,5,73
16710,5,74
16711,5,74
16712,5,74
16713,5,74
16714,5,76
16715,5,76
16716,5,76
16717,5,76
16718,5,76
16719,5,76
16720,6,76
16721,6,77
16722,6,78
16723,6,78
16724,6,79
16725,6,79
16726,6,79
16727,6,79
16728,6,79
16729,6,79
16730,6,78
16731,6,78
16732,6,78
16733,6,80
16734,6,80
16735,6,80
16736,6,80
16737,6,80
16738,6,80
16739,6,80
16740,6,80
16741,6,80
16742,6,80
16743,6,82
16744,6,81
16745,6,82
16746,6,81
16747,6,83
16748,6,83
16749,6,83
16750,6,82
16751,6,82
16752,6,80
16753,6,81
16754,6,81
16755,6,81
16756,6,81
16757,6,81
16758,6,81
16759,6,81
16760,6,81
16761,6,80
16762,6,79
16763,6,79
16764,6,79
16765,6,78
16766,6,79
16767,6,78
16768,6,78
16769,6,78
16770,6,78
16771,6,77
16772,6,77
16773,6,77
16774,6,77
16775,6,77
16776,6,76
16777,6,75
16778,6,75
16779,6,74
16780,6,73
16781,6,70
16782,6,70
16783,6,70
16784,6,69
16785,6,70
16786,6,70
16787,6,71
16788,6,71
16789,6,70
16790,6,70
16791,6,70
16792,6,70
16793,6,70
16794,6,70
16795,6,71
16796,6,71
16797,6,71
16798,6,71
16799,6,71
16801,6,70
16802,6,70
16803,6,70
16804,6,70
16805,6,70
16806,6,71
16807,6,71
16808,6,71
16809,6,71
16810,6,71
16811,6,71
16812,6,71
16813,6,71
16814,6,71
16815,6,71
16816,6,69
16817,6,69
16818,6,68
16819,6,68
16820,6,68
16821,6,68
16822,6,69
16823,6,69
16824,6,68
16825,6,66
16826,6,65
16827,6,65
16828,6,65
16829,6,64
16830,6,64
16831,6,64
16832,6,65
16833,6,65
16834,6,65
16835,6,65
16836,6,65
16837,6,64
16838,6,63
16839,6,63
16840,6,63
16841,6,63
16842,6,63
16843,6,62
16844,6,62
16845,6,62
16846,6,63
16847,6,62
16848,6,62
16849,6,62
16850,6,60
16851,6,60
16852,6,60
16853,6,61
16854,6,61
16855,6,61
16856,6,61
16857,6,61
16858,6,61
16859,6,61
16860,6,61
16861,6,61
16862,6,61
16863,6,62
16864,6,62
16865,6,62
16866,6,62
16867,6,61
16868,6,61
16869,6,61
16870,6,61
16871,6,60
16872,6,60
16873,6,60
16874,6,60
16875,6,60
16876,6,59
16877,6,58
16878,6,58
16879,6,59
16880,6,59
16881,6,57
16882,6,57
16883,6,55
16884,6,56
16885,6,55
16886,6,56
16887,6,56
16888,6,56
16889,6,56
16890,6,56
16891,6,56
16892,6,55
16893,6,55
16894,6,56
16895,6,56
16896,6,57
16897,6,57
16898,6,57
16899,6,57
16901,6,57
16902,6,56
16903,6,57
16904,6,57
16905,6,57
16906,6,57
16907,6,55
16908,6,55
16909,6,55
16910,6,55
16911,6,55
16912,6,54
16913,6,55
16914,6,55
16915,6,54
16916,6,55
16917,6,56
16918,6,56
16919,6,56
16920,6,55
16921,6,55
16922,6,55
16923,6,56
16924,6,55
16925,6,54
16926,6,55
16927,6,55
16928,6,55
16929,6,55
16930,6,54
16931,6,54
16932,6,54
16933,6,54
16934,6,54
16935,6,55
16936,6,56
16937,6,56
16938,6,57
16939,6,57
16940,6,57
16941,6,57
16942,6,58
16943,6,57
16944,6,57
16945,6,58
16946,5,58
16947,5,58
16948,5,58
16949,5,58
16950,5,58
16951,5,58
16952,5,58
16953,5,58
16954,5,57
16955,5,58
16956,5,59
16957,5,60
16958,5,59
16959,5,59
16960,5,59
16961,5,60
16962,5,59
16963,5,59
16964,5,59
16965,5,58
16966,5,58
16967,5,58
16968,5,58
16969,5,56
16970,5,57
16971,5,57
16972,5,57
16973,5,57
16974,5,57
16975,5,57
16976,5,57
16977,5,58
16978,5,58
16979,5,58
16980,5,58
16981,5,58
16982,5,59
16983,5,59
16984,5,59
16985,5,59
16986,5,59
16987,5,59
16988,5,59
16989,5,59
16990,5,58
16991,5,58
16992,5,59
16993,5,59
16994,5,58
16995,5,59
16996,5,59
16997,5,59
16998,5,60
16999,5,61
17001,5,61
17002,5,62
17003,5,61
17004,5,61
17005,5,62
17006,5,62
17007,5,62
17008,5,62
17009,5,62
17010,5,62
17011,5,61
17012,5,62
17013,5,62
17014,5,62
17015,5,63
17016,5,63
17017,5,63
17018,5,63
17019,5,63
17020,5,63
17021,5,63
17022,5,64
17023,5,64
17024,5,64
17025,5,65
17026,5,65
17027,5,65
17028,5,65
17029,5,65
17030,5,65
17031,5,65
17032,5,65
17033,5,65
17034,5,65
17035,5,65
17036,5,65
17037,5,65
17038,5,65
17039,5,65
17040,5,65
17041,5,65
17042,5,64
17043,5,62
17044,5,62
17045,5,62
17046,5,62
17047,5,62
17048,5,63
17049,5,64
17050,5,65
17051,5,64
17052,5,64
17053,5,64
17054,5,64
17055,5,64
17056,5,64
17057,5,63
17058,6,65
17059,6,63
17060,6,64
17061,6,64
17062,6,65
17063,6,65
17064,6,65
17065,6,66
17066,6,67
17067,6,67
17068,6,67
17069,6,67
17070,6,68
17071,6,68
17072,6,68
17073,6,68
17074,6,68
17075,6,69
17076,6,70
17077,6,70
17078,6,70
17079,6,70
17080,6,71
17081,6,71
17082,6,71
17083,6,71
17084,6,71
17085,6,71
17086,6,72
17087,6,72
17088,6,72
17089,6,72
17090,6,72
17091,6,72
17092,6,71
17093,6,72
17094,6,71
17095,6,72
17096,6,72
17097,6,72
17098,6,72
17099,6,72
17101,6,71
17102,6,70
17103,6,72
17104,6,72
17105,6,74
17106,6,75
17107,6,75
17108,6,74
17109,6,74
17110,6,74
17111,6,74
17112,6,75
17113,6,77
17114,6,77
17115,6,77
17116,6,78
17117,6,78
17118,6,78
17119,6,79
17120,6,79
17121,6,79
17122,6,79
17123,6,80
17124,6,80
17125,6,80
17126,6,80
17127,6,81
17128,6,81
17129,6,82
17130,7,82
17131,7,82
17132,7,82
17133,7,82
17134,7,82
17135,7,81
17136,7,81
17137,7,83
17138,7,82
17139,7,83
17140,7,83
17141,7,83
17142,7,82
17143,7,82
17144,7,82
17145,7,82
17146,7,81
17147,7,84
17148,7,84
17149,7,85
17150,7,85
17151,7,85
17152,7,85
17153,7,85
17154,7,85
17155,7,85
17156,7,85
17157,7,86
17158,7,86
17159,7,87
17160,7,87
17161,7,86
17162,7,85
17163,7,85
17164,7,85
17165,7,85
17166,7,85
17167,7,87
17168,7,87
17169,7,89
17170,7,89
17171,7,88
17172,7,88
17173,7,88
17174,7,88
17175,7,88
17176,7,88
17177,7,89
17178,7,89
17179,7,89
17180,8,89
17181,8,89
17182,8,86
17183,8,85
17184,8,85
17185,8,84
17186,8,84
17187,8,85
17188,8,85
17189,8,85
17190,8,84
17191,8,85
17192,8,85
17193,8,85
17194,8,84
17195,8,84
17196,8,84
17197,8,85
17198,8,84
17199,8,83
17201,8,82
17202,8,82
17203,8,81
17204,8,81
17205,8,81
17206,8,81
17207,8,81
17208,8,81
17209,8,81
17210,8,82
17211,8,82
17212,8,81
17213,8,81
17214,8,81
17215,8,80
17216,8,80
17217,8,80
17218,8,80
17219,8,80
17220,8,81
17221,8,81
17222,8,81
17223,8,81
17224,8,81
17225,8,80
17226,8,79
17227,8,79
17228,8,79
17229,8,79
17230,8,80
17231,8,81
17232,8,81
17233,8,79
17234,8,79
17235,8,78
17236,8,78
17237,8,78
17238,8,78
17239,8,78
17240,8,79
17241,8,80
17242,8,80
17243,8,80
17244,8,80
17245,8,79
17246,8,79
17247,8,79
17248,8,79
17249,8,77
17250,8,78
17251,8,77
17252,8,77
17253,8,77
17254,8,77
17255,8,73
17256,8,73
17257,8,73
17258,8,73
17259,8,74
17260,8,74
17261,8,73
17262,8,72
17263,8,72
17264,9,70
17265,9,70
17266,9,70
17267,9,70
17268,9,70
17269,9,69
17270,9,70
17271,9,70
17272,9,70
17273,9,69
17274,9,69
17275,9,69
17276,9,69
17277,9,67
17278,9,67
17279,9,66
17280,9,67
17281,9,67
17282,9,67
17283,9,66
17284,9,65
17285,9,65
17286,9,64
17287,9,62
17288,9,61
17289,9,61
17290,9,61
17291,9,61
17292,9,61
17293,9,62
17294,9,61
17295,9,61
17296,9,60
17297,9,60
17298,9,60
17299,9,60
17301,9,62
17302,9,60
17303,9,60
17304,9,60
17305,9,61
17306,9,61
17307,9,61
17308,9,60
17309,9,60
17310,9,60
17311,9,59
17312,9,59
17313,9,59
17314,9,59
17315,9,59
17316,9,58
17317,9,57
17318,9,57
17319,9,57
17320,9,58
17321,9,58
17322,9,58
17323,9,59
17324,9,58
17325,9,58
17326,9,57
17327,9,57
17328,9,57
17329,9,57
17330,9,58
17331,9,58
17332,9,58
17333,9,58
17334,9,59
17335,9,58
17336,9,58
17337,9,58
17338,9,58
17339,9,58
17340,9,59
17341,9,59
17342,9,59
17343,9,59
17344,9,60
17345,9,60
17346,9,60
17347,9,60
17348,9,60
17349,9,60
17350,9,61
17351,9,62
17352,9,62
17353,9,62
17354,9,62
17355,9,62
17356,9,61
17357,9,61
17358,9,61
17359,9,61
17360,9,62
17361,9,63
17362,9,63
17363,9,63
17364,9,62
17365,9,62
17366,9,61
17367,9,61
17368,9,61
17369,9,61
17370,9,63
17371,9,64
17372,9,64
17373,9,64
17374,9,63
17375,9,63
17376,9,63
17377,9,63
17378,9,63
17379,9,62
17380,9,62
17381,9,62
17382,9,62
17383,9,61
17384,9,61
17385,9,62
17386,9,62
17387,9,62
17388,9,62
17389,9,61
17390,9,61
17391,9,61
17392,9,62
17393,9,62
17394,9,62
17395,9,61
17396,9,61
17397,9,60
17398,9,60
17399,9,60
17401,9,59
17402,9,58
17403,9,57
17404,9,57
17405,9,57
17406,9,57
17407,9,57
17408,9,57
17409,9,57
17410,9,56
17411,9,56
17412,9,56
17413,9,56
17414,9,56
17415,9,57
17416,9,56
17417,9,56
17418,9,55
17419,9,55
17420,9,56
17421,8,56
17422,8,55
17423,8,55
17424,8,55
17425,8,56
17426,8,55
17427,8,55
17428,8,55
17429,8,55
17430,8,55
17431,8,55
17432,8,55
17433,8,54
17434,8,53
17435,8,54
17436,8,54
17437,8,54
17438,8,54
17439,8,54
17440,8,54
17441,8,55
17442,8,55
17443,8,55
17444,8,55
17445,8,56
17446,8,54
17447,8,54
17448,8,54
17449,8,53
17450,8,53
17451,8,53
17452,8,54
17453,8,55
17454,8,55
17455,8,56
17456,8,56
17457,8,56
17458,8,56
17459,8,56
17460,8,56
17461,8,55
17462,8,56
17463,8,57
17464,8,56
17465,8,56
17466,8,56
17467,8,56
17468,8,56
17469,8,56
17470,8,56
17471,8,56
17472,8,56
17473,8,57
17474,8,57
17475,8,57
17476,8,58
17477,8,59
17478,8,59
17479,8,58
17480,8,57
17481,8,57
17482,8,56
17483,8,57
17484,8,56
17485,8,56
17486,8,56
17487,8,57
17488,8,56
17489,8,54
17490,8,54
17491,8,54
17492,8,53
17493,8,54
17494,8,54
17495,8,54
17496,8,56
17497,8,57
17498,8,57
17499,8,57
17501,8,56
17502,8,56
17503,8,56
17504,8,56
17505,8,56
17506,8,54
17507,8,56
17508,8,56
17509,8,55
17510,8,55
17511,8,55
17512,8,55
17513,8,54
17514,8,54
17515,8,54
17516,8,55
17517,8,56
17518,8,56
17519,8,56
17520,8,56
17521,8,56
17522,8,56
17523,8,56
17524,8,56
17525,8,55
17526,8,56
17527,8,57
17528,8,56
17529,8,56
17530,8,56
17531,8,56
17532,8,56
17533,8,56
17534,8,56
17535,8,56
17536,8,55
17537,8,56
17538,8,56
17539,8,56
17540,8,56
17541,8,56
17542,8,56
17543,8,55
17544,8,55
17545,8,55
17546,8,55
17547,8,55
17548,8,56
17549,8,56
17550,8,57
17551,8,57
17552,8,57
17553,8,57
17554,8,57
17555,8,57
17556,8,57
17557,8,57
17558,8,56
17559,8,56
17560,8,57
17561,8,58
17562,8,58
17563,8,58
17564,8,58
17565,8,58
17566,8,58
17567,8,58
17568,8,58
17569,8,59
17570,8,59
17571,8,60
17572,8,60
17573,8,60
17574,8,60
17575,8,59
17576,8,59
17577,8,58
17578,8,58
17579,8,59
17580,8,59
17581,8,59
17582,8,60
17583,8,61
17584,8,60
17585,8,61
17586,8,61
17587,8,59
17588,8,59
17589,8,59
17590,8,59
17591,8,59
17592,8,59
17593,8,59
17594,7,59
17595,7,60
17596,7,60
17597,7,60
17598,7,60
17599,7,60
17601,7,60
17602,7,60
17603,7,61
17604,7,61
17605,7,61
17606,7,61
17607,7,61
17608,7,62
17609,7,62
17610,7,62
17611,7,63
17612,7,63
17613,7,64
17614,7,63
17615,7,63
17616,7,63
17617,7,63
17618,7,63
17619,7,63
17620,7,63
17621,7,64
17622,7,64
17623,7,64
17624,7,64
17625,7,64
17626,7,64
17627,7,64
17628,7,65
17629,7,65
17630,7,64
17631,7,65
17632,7,65
17633,7,65
17634,7,65
17635,7,65
17636,7,65
17637,7,65
17638,7,65
17639,7,64
17640,7,64
17641,7,65
17642,7,64
17643,7,64
17644,7,64
17645,7,64
17646,7,64
17647,7,65
17648,7,65
17649,7,65
17650,7,64
17651,7,64
17652,7,64
17653,7,64
17654,7,63
17655,7,62
17656,7,62
17657,7,62
17658,7,62
17659,7,62
17660,7,63
17661,7,63
17662,7,63
17663,7,63
17664,7,63
17665,7,63
17666,7,63
17667,7,63
17668,7,63
17669,7,61
17670,7,62
17671,7,63
17672,7,64
17673,7,63
17674,7,63
17675,7,62
17676,7,62
17677,7,62
17678,7,62
17679,7,62
17680,7,61
17681,7,62
17682,7,62
17683,7,62
17684,7,61
17685,7,61
17686,7,61
17687,7,61
17688,7,60
17689,7,60
17690,7,60
17691,7,60
17692,7,60
17693,7,60
17694,7,60
17695,7,60
17696,7,60
17697,7,60
17698,7,60
17699,7,60
17701,7,60
17702,7,60
17703,7,60
17704,7,60
17705,7,60
17706,7,61
17707,7,59
17708,7,60
17709,7,60
17710,7,61
17711,7,61
17712,7,61
17713,7,60
17714,7,59
17715,7,59
17716,7,59
17717,7,59
17718,7,61
17719,7,61
17720,7,62
17721,7,63
17722,7,63
17723,7,63
17724,7,63
17725,7,62
17726,7,62
17727,7,62
17728,7,62
17729,7,61
17730,7,61
17731,7,61
17732,7,61
17733,7,60
17734,7,60
17735,7,60
17736,7,60
17737,7,60
17738,7,60
17739,7,60
17740,7,60
17741,7,61
17742,7,61
17743,7,61
17744,7,61
17745,7,61
17746,7,61
17747,7,61
17748,7,60
17749,7,60
17750,7,60
17751,7,59
17752,7,60
17753,7,60
17754,7,60
17755,7,61
17756,7,61
17757,7,61
17758,7,61
17759,7,61
17760,7,60
17761,7,58
17762,7,59
17763,7,59
17764,6,58
17765,6,59
17766,6,59
17767,6,58
17768,6,58
17769,6,58
17770,6,58
17771,6,58
17772,6,59
17773,6,58
17774,6,58
17775,6,58
17776,6,58
17777,6,57
17778,6,57
17779,6,57
17780,6,57
17781,6,57
17782,6,57
17783,6,57
17784,6,56
17785,6,56
17786,6,57
17787,6,57
17788,6,57
17789,6,57
17790,6,57
17791,6,57
17792,6,57
17793,6,57
17794,6,57
17795,6,57
17796,6,58
17797,6,57
17798,6,57
17799,6,57
17801,6,58
17802,6,58
17803,6,58
17804,6,59
17805,6,59
17806,6,60
17807,6,60
17808,6,59
17809,6,59
17810,6,59
17811,6,58
17812,6,58
17813,6,57
17814,6,57
17815,6,57
17816,6,59
17817,6,60
17818,6,60
17819,6,60
17820,6,60
17821,6,59
17822,6,59
17823,6,59
17824,6,59
17825,6,59
17826,6,61
17827,6,62
17828,6,62
17829,6,62
17830,6,62
17831,6,63
17832,6,63
17833,6,63
17834,6,61
17835,6,61
17836,6,61
17837,6,61
17838,6,59
17839,6,59
17840,6,59
17841,6,60
17842,6,60
17843,6,60
17844,6,60
17845,6,60
17846,6,61
17847,6,61
17848,6,61
17849,6,61
17850,6,61
17851,6,62
17852,6,62
17853,6,62
17854,6,62
17855,6,62
17856,6,63
17857,6,64
17858,6,64
17859,6,64
17860,6,63
17861,6,64
17862,6,65
17863,6,65
17864,6,64
17865,6,64
17866,6,63
17867,6,63
17868,6,63
17869,6,63
17870,6,62
17871,6,62
17872,6,62
17873,6,62
17874,6,62
17875,6,62
17876,6,62
17877,6,62
17878,6,62
17879,6,62
17880,6,62
17881,6,63
17882,6,63
17883,6,63
17884,6,61
17885,6,61
17886,6,61
17887,6,62
17888,6,62
17889,6,63
17890,6,63
17891,6,64
17892,6,64
17893,6,65
17894,6,65
17895,6,65
17896,6,65
17897,6,65
17898,6,64
17899,6,66
17901,6,67
17902,6,66
17903,6,66
17904,6,67
17905,6,67
17906,6,67
17907,6,69
17908,6,70
17909,6,72
17910,6,73
17911,6,74
17912,6,74
17913,6,74
17914,6,75
17915,6,74
17916,6,74
17917,6,74
17918,6,75
17919,6,74
17920,6,75
17921,6,77
17922,6,76
17923,6,77
17924,6,77
17925,6,76
17926,6,76
17927,6,77
17928,6,78
17929,6,78
17930,6,79
17931,6,80
17932,6,80
17933,6,81
17934,6,82
17935,6,82
17936,6,81
17937,6,81
17938,6,81
17939,6,81
17940,6,82
17941,6,82
17942,6,82
17943,6,82
17944,6,83
17945,6,83
17946,6,83
17947,6,83
17948,6,83
17949,6,83
17950,6,83
17951,6,83
17952,6,83
17953,6,83
17954,6,84
17955,6,84
17956,6,84
17957,6,84
17958,6,84
17959,6,82
17960,6,82
17961,6,82
17962,6,83
17963,6,83
17964,6,83
17965,6,83
17966,6,84
17967,6,82
17968,6,82
17969,6,82
17970,6,82
17971,6,82
17972,6,82
17973,6,82
17974,6,82
17975,6,83
17976,6,82
17977,6,82
17978,6,82
17979,6,82
17980,6,82
17981,6,82
17982,5,82
17983,5,82
17984,5,82
17985,5,81
17986,5,82
17987,5,82
17988,5,82
17989,5,82
17990,5,82
17991,5,82
17992,5,82
17993,5,82
17994,5,82
17995,5,83
17996,5,84
17997,5,83
17998,5,82
17999,5,83
18001,5,83
18002,5,82
18003,5,82
18004,5,82
18005,5,82
18006,5,82
18007,5,82
18008,5,82
18009,5,82
18010,5,83
18011,5,82
18012,5,83
18013,5,82
18014,5,82
18015,5,81
18016,5,82
18017,5,82
18018,5,82
18019,5,82
18020,5,81
18021,5,81
18022,5,81
18023,5,80
18024,5,82
18025,5,82
18026,5,82
18027,5,82
18028,5,82
18029,5,82
18030,5,82
18031,5,82
18032,5,82
18033,5,81
18034,5,84
18035,5,84
18036,5,85
18037,5,85
18038,5,84
18039,5,84
18040,5,84
18041,5,84
18042,5,84
18043,5,83
18044,5,85
18045,5,85
18046,5,84
18047,5,85
18048,5,84
18049,5,84
18050,5,85
18051,5,85
18052,5,85
18053,5,85
18054,5,86
18055,5,86
18056,5,86
18057,5,85
18058,5,85
18059,5,84
18060,5,84
18061,5,84
18062,5,83
18063,5,83
18064,5,83
18065,5,83
18066,5,83
18067,5,81
18068,5,82
18069,5,82
18070,5,82
18071,5,83
18072,5,84
18073,5,83
18074,5,83
18075,5,82
18076,5,82
18077,5,80
18078,5,78
18079,5,78
18080,5,78
18081,5,79
18082,5,80
18083,5,79
18084,5,79
18085,5,79
18086,5,79
18087,5,79
18088,5,79
18089,5,79
18090,5,79
18091,5,80
18092,5,81
18093,5,81
18094,5,80
18095,5,80
18096,5,78
18097,5,78
18098,5,78
18099,5,79
18101,5,77
18102,5,78
18103,5,77
18104,5,76
18105,5,76
18106,5,76
18107,5,76
18108,5,77
18109,5,77
18110,5,77
18111,5,75
18112,5,75
18113,5,74
18114,5,75
18115,5,74
18116,5,74
18117,5,74
18118,5,76
18119,5,77
18120,5,77
18121,5,76
18122,5,76
18123,5,76
18124,5,76
18125,5,76
18126,5,76
18127,5,76
18128,5,76
18129,5,78
18130,5,78
18131,5,77
18132,5,75
18133,5,75
18134,5,75
18135,5,75
18136,5,74
18137,5,73
18138,5,73
18139,5,73
18140,5,73
18141,5,73
18142,5,73
18143,5,73
18144,5,72
18145,5,71
18146,5,71
18147,5,71
18148,5,71
18149,5,68
18150,5,67
18151,5,67
18152,5,68
18153,5,68
18154,5,68
18155,5,68
18156,5,68
18157,5,68
18158,5,68
18159,5,68
18160,5,68
18161,5,68
18162,5,66
18163,5,66
18164,5,66
18165,5,66
18166,5,66
18167,5,65
18168,5,64
18169,5,64
18170,5,64
18171,5,63
18172,5,62
18173,5,63
18174,5,63
18175,5,61
18176,5,61
18177,5,60
18178,5,60
18179,5,60
18180,5,60
18181,5,60
18182,5,60
18183,5,61
18184,5,62
18185,5,62
18186,5,62
18187,5,62
18188,5,62
18189,5,62
18190,5,62
18191,5,61
18192,5,61
18193,6,61
18194,6,62
18195,6,61
18196,6,61
18197,6,61
18198,6,58
18199,6,58
18201,6,56
18202,6,57
18203,6,58
18204,6,59
18205,6,58
18206,6,59
18207,6,59
18208,6,58
18209,6,58
18210,6,58
18211,6,58
18212,6,60
18213,6,59
18214,6,60
18215,6,61
18216,6,61
18217,6,60
18218,6,60
18219,6,61
18220,6,61
18221,6,60
18222,6,61
18223,6,61
18224,6,62
18225,6,62
18226,6,61
18227,6,61
18228,6,61
18229,6,62
18230,6,62
18231,6,62
18232,6,63
18233,6,63
18234,6,63
18235,6,64
18236,6,64
18237,6,63
18238,6,62
18239,6,63
18240,6,63
18241,6,63
18242,6,64
18243,7,64
18244,7,64
18245,7,64
18246,7,65
18247,7,64
18248,7,64
18249,7,63
18250,7,62
18251,7,60
18252,7,61
18253,7,61
18254,7,60
18255,7,61
18256,7,60
18257,7,60
18258,7,60
18259,7,61
18260,7,61
18261,7,61
18262,7,62
18263,7,62
18264,7,62
18265,7,63
18266,7,62
18267,7,62
18268,7,63
18269,7,64
18270,7,64
18271,7,63
18272,7,63
18273,7,64
18274,7,64
18275,7,65
18276,7,66
18277,7,66
18278,7,66
18279,7,66
18280,7,66
18281,7,65
18282,7,65
18283,7,66
18284,7,66
18285,7,66
18286,7,65
18287,7,65
18288,7,65
18289,7,64
18290,7,64
18291,7,63
18292,7,64
18293,6,64
18294,6,64
18295,6,63
18296,6,63
18297,6,63
18298,6,63
18299,6,63
18301,6,62
18302,6,62
18303,6,62
18304,6,64
18305,6,64
18306,6,64
18307,6,63
18308,6,64
18309,6,64
18310,6,64
18311,6,64
18312,6,64
18313,6,64
18314,6,65
18315,6,65
18316,6,65
18317,6,65
18318,6,65
18319,6,65
18320,6,65
18321,6,66
18322,6,67
18323,6,67
18324,6,67
18325,6,68
18326,6,68
18327,6,69
18328,6,68
18329,6,68
18330,6,68
18331,6,67
18332,6,65
18333,6,65
18334,6,64
18335,6,65
18336,6,63
18337,6,64
18338,6,63
18339,6,63
18340,6,63
18341,6,62
18342,6,62
18343,6,62
18344,6,61
18345,6,61
18346,6,61
18347,6,61
18348,6,61
18349,6,61
18350,6,61
18351,6,60
18352,6,60
18353,6,61
18354,6,61
18355,6,61
18356,6,61
18357,6,61
18358,6,61
18359,6,61
18360,6,61
18361,6,61
18362,6,61
18363,6,61
18364,6,61
18365,6,61
18366,6,62
18367,6,63
18368,6,63
18369,6,63
18370,6,63
18371,6,63
18372,6,63
18373,6,63
18374,6,63
18375,6,63
18376,6,62
18377,6,61
18378,6,61
18379,6,61
18380,6,61
18381,6,61
18382,6,61
18383,6,62
18384,6,62
18385,6,62
18386,6,63
18387,6,62
18388,6,62
18389,6,62
18390,6,62
18391,6,61
18392,6,62
18393,6,62
18394,6,62
18395,6,62
18396,6,62
18397,6,62
18398,6,62
18399,6,62
18401,6,61
18402,6,61
18403,6,61
18404,6,61
18405,6,61
18406,6,61
18407,6,60
18408,6,60
18409,6,60
18410,6,60
18411,6,60
18412,6,60
18413,6,60
18414,6,60
18415,6,60
18416,6,61
18417,6,61
18418,6,61
18419,6,60
18420,6,60
18421,6,59
18422,6,59
18423,6,59
18424,6,61
18425,6,61
18426,6,62
18427,6,62
18428,6,62
18429,6,62
18430,6,62
18431,6,62
18432,6,63
18433,6,63
18434,6,64
18435,6,63
18436,6,64
18437,6,64
18438,6,63
18439,6,64
18440,6,64
18441,6,63
18442,6,63
18443,6,63
18444,6,65
18445,6,65
18446,6,67
18447,6,67
18448,6,64
18449,6,64
18450,6,64
18451,6,65
18452,6,64
18453,6,64
18454,6,65
18455,6,65
18456,6,66
18457,6,67
18458,6,67
18459,6,67
18460,6,66
18461,6,66
18462,6,66
18463,6,65
18464,6,67
18465,6,67
18466,6,66
18467,6,66
18468,6,66
18469,6,66
18470,6,66
18471,6,66
18472,6,66
18473,6,66
18474,6,66
18475,6,65
18476,6,65
18477,6,66
18478,6,66
18479,6,66
18480,6,66
18481,6,67
18482,6,67
18483,6,67
18484,6,67
18485,6,67
18486,6,67
18487,6,68
18488,6,67
18489,6,67
18490,6,67
18491,6,68
18492,6,68
18493,6,67
18494,6,67
18495,6,67
18496,6,68
18497,6,68
18498,6,68
18499,6,67
18501,6,67
18502,6,67
18503,6,67
18504,6,67
18505,6,67
18506,6,67
18507,6,67
18508,6,68
18509,7,68
18510,7,68
18511,7,69
18512,7,69
18513,7,70
18514,7,70
18515,7,70
18516,7,70
18517,7,70
18518,7,70
18519,7,70
18520,7,70
18521,7,70
18522,7,71
18523,7,72
18524,7,72
18525,7,72
18526,7,72
18527,7,72
18528,7,70
18529,7,70
18530,7,71
18531,7,71
18532,7,72
18533,7,73
18534,7,73
18535,7,73
18536,7,73
18537,7,73
18538,7,73
18539,7,71
18540,7,72
18541,7,70
18542,7,70
18543,7,71
18544,7,71
18545,7,71
18546,7,72
18547,7,72
18548,7,72
18549,7,72
18550,7,73
18551,7,73
18552,7,73
18553,7,73
18554,7,73
18555,7,73
18556,7,73
18557,7,73
18558,7,73
18559,7,75
18560,7,74
18561,7,75
18562,7,75
18563,7,75
18564,7,75
18565,7,74
18566,7,76
18567,7,76
18568,7,76
18569,7,77
18570,7,77
18571,7,78
18572,7,78
18573,7,78
18574,7,78
18575,7,78
18576,7,79
18577,7,79
18578,7,79
18579,7,81
18580,7,81
18581,7,81
18582,7,79
18583,7,80
18584,7,80
18585,7,81
18586,7,82
18587,7,80
18588,7,80
18589,7,79
18590,7,78
18591,7,78
18592,7,79
18593,7,80
18594,7,80
18595,7,79
18596,7,79
18597,7,79
18598,7,79
18599,7,78
18601,7,77
18602,7,78
18603,7,79
18604,7,79
18605,7,79
18606,7,79
18607,7,79
18608,7,79
18609,7,79
18610,7,79
18611,7,79
18612,7,78
18613,7,79
18614,7,79
18615,7,80
18616,7,80
18617,7,80
18618,7,80
18619,7,80
18620,7,81
18621,7,80
18622,7,80
18623,7,79
18624,7,80
18625,7,80
18626,7,80
18627,7,80
18628,7,80
18629,7,79
18630,7,80
18631,7,80
18632,7,80
18633,7,81
18634,7,82
18635,7,82
18636,7,82
18637,7,82
18638,7,82
18639,7,82
18640,7,82
18641,7,81
18642,7,81
18643,7,81
18644,7,82
18645,7,82
18646,7,82
18647,7,81
18648,7,81
18649,7,81
18650,7,82
18651,7,82
18652,7,82
18653,7,83
18654,7,83
18655,7,83
18656,7,80
18657,7,80
18658,7,80
18659,7,80
18660,7,80
18661,7,80
18662,7,81
18663,7,81
18664,7,81
18665,7,82
18666,7,82
18667,7,82
18668,7,81
18669,7,79
18670,7,79
18671,7,79
18672,7,80
18673,7,81
18674,7,81
18675,7,81
18676,7,81
18677,7,81
18678,7,81
18679,7,80
18680,7,80
18681,7,79
18682,7,79
18683,7,80
18684,7,80
18685,7,79
18686,7,78
18687,7,76
18688,7,76
18689,7,75
18690,7,75
18691,7,74
18692,7,74
18693,7,75
18694,7,75
18695,7,74
18696,7,74
18697,7,73
18698,7,73
18699,7,71
18701,7,71
18702,7,71
18703,7,71
18704,7,71
18705,7,70
18706,7,70
18707,7,70
18708,7,71
18709,7,71
18710,7,71
18711,7,71
18712,7,71
18713,7,72
18714,7,72
18715,7,72
18716,7,71
18717,7,70
18718,7,69
18719,7,69
18720,7,69
18721,7,68
18722,7,68
18723,7,68
18724,7,68
18725,7,67
18726,7,68
18727,7,67
18728,7,67
18729,7,66
18730,7,66
18731,7,66
18732,7,66
18733,7,66
18734,7,66
18735,7,64
18736,7,64
18737,7,63
18738,7,63
18739,7,63
18740,7,64
18741,7,64
18742,7,64
18743,7,63
18744,7,61
18745,7,60
18746,7,60
18747,6,59
18748,6,59
18749,7,58
18750,7,58
18751,7,58
18752,7,58
18753,7,59
18754,7,59
18755,7,59
18756,7,59
18757,7,59
18758,7,58
18759,7,57
18760,7,57
18761,7,56
18762,7,55
18763,7,55
18764,7,54
18765,7,54
18766,7,52
18767,7,53
18768,7,53
18769,7,53
18770,7,53
18771,7,51
18772,7,52
18773,7,52
18774,7,52
18775,7,52
18776,7,52
18777,7,51
18778,7,51
18779,7,51
18780,7,50
18781,7,50
18782,7,50
18783,7,48
18784,7,48
18785,7,48
18786,7,48
18787,7,48
18788,7,48
18789,7,49
18790,7,49
18791,7,49
18792,7,50
18793,7,50
18794,7,50
18795,7,50
18796,7,50
18797,7,50
18798,7,50
18799,7,51
18801,7,51
18802,7,52
18803,7,51
18804,7,51
18805,7,51
18806,7,51
18807,7,50
18808,7,48
18809,7,49
18810,7,49
18811,7,49
18812,7,49
18813,7,49
18814,7,50
18815,7,50
18816,7,50
18817,7,50
18818,7,50
18819,7,50
18820,7,50
18821,7,50
18822,7,50
18823,7,50
18824,7,52
18825,7,52
18826,7,52
18827,7,52
18828,7,52
18829,7,52
18830,7,50
18831,7,50
18832,7,49
18833,7,49
18834,7,51
18835,7,52
18836,7,51
18837,7,51
18838,7,51
18839,7,51
18840,7,51
18841,7,50
18842,7,50
18843,7,50
18844,7,49
18845,7,49
18846,7,49
18847,7,49
18848,7,49
18849,7,49
18850,7,50
18851,7,51
18852,7,51
18853,7,52
18854,7,52
18855,7,52
18856,7,52
18857,7,52
18858,7,52
18859,7,52
18860,7,53
18861,7,54
18862,7,54
18863,7,54
18864,7,54
18865,7,54
18866,7,54
18867,7,54
18868,7,54
18869,7,54
18870,7,55
18871,7,55
18872,7,56
18873,8,56
18874,8,57
18875,8,57
18876,8,57
18877,8,57
18878,8,57
18879,8,58
18880,8,59
18881,8,59
18882,8,60
18883,8,61
18884,8,61
18885,8,61
18886,8,61
18887,8,62
18888,8,62
18889,8,62
18890,8,61
18891,8,61
18892,8,61
18893,8,61
18894,8,61
18895,8,60
18896,8,59
18897,8,58
18898,8,59
18899,8,59
18901,8,60
18902,8,60
18903,8,60
18904,8,58
18905,8,58
18906,8,58
18907,8,59
18908,8,60
18909,8,59
18910,8,59
18911,8,59
18912,8,59
18913,8,59
18914,8,58
18915,8,58
18916,8,58
18917,8,58
18918,8,59
18919,8,59
18920,8,59
18921,8,59
18922,8,59
18923,8,59
18924,8,59
18925,8,58
18926,8,58
18927,8,58
18928,8,58
18929,8,58
18930,8,57
18931,8,57
18932,8,57
18933,8,57
18934,8,57
18935,9,57
18936,9,57
18937,9,58
18938,9,58
18939,9,58
18940,9,57
18941,9,57
18942,9,57
18943,9,57
18944,9,57
18945,9,58
18946,9,58
18947,9,59
18948,9,59
18949,9,59
18950,9,59
18951,9,58
18952,9,57
18953,9,57
18954,9,57
18955,9,57
18956,9,57
18957,9,56
18958,9,56
18959,9,56
18960,9,56
18961,9,54
18962,9,54
18963,9,55
18964,9,55
18965,9,55
18966,9,55
18967,9,55
18968,9,55
18969,9,55
18970,9,55
18971,9,54
18972,9,54
18973,9,55
18974,9,55
18975,9,55
18976,9,55
18977,9,55
18978,9,55
18979,9,55
18980,9,53
18981,9,53
18982,9,53
18983,9,53
18984,9,52
18985,10,52
18986,10,52
18987,10,53
18988,10,53
18989,10,53
18990,10,53
18991,10,53
18992,10,53
18993,10,53
18994,10,52
18995,10,50
18996,10,50
18997,10,51
18998,10,51
18999,10,51
19001,10,52
19002,10,52
19003,10,52
19004,10,52
19005,10,51
19006,10,52
19007,10,52
19008,10,52
19009,10,53
19010,10,53
19011,10,52
19012,10,53
19013,10,51
19014,10,51
19015,10,51
19016,10,50
19017,10,49
19018,10,49
19019,10,51
19020,10,50
19021,10,50
19022,10,51
19023,10,51
19024,10,51
19025,10,52
19026,10,53
19027,10,53
19028,10,53
19029,10,54
19030,10,53
19031,10,53
19032,9,53
19033,9,51
19034,9,51
19035,9,52
19036,9,53
19037,9,53
19038,9,53
19039,9,54
19040,9,54
19041,9,54
19042,9,54
19043,9,54
19044,9,55
19045,9,56
19046,9,56
19047,9,56
19048,9,56
19049,9,57
19050,9,57
19051,9,55
19052,9,54
19053,9,55
19054,9,56
19055,9,57
19056,9,57
19057,9,57
19058,9,56
19059,9,57
19060,9,57
19061,9,57
19062,9,57
19063,9,57
19064,9,57
19065,9,57
19066,9,58
19067,9,58
19068,8,58
19069,8,60
19070,8,60
19071,8,60
19072,8,60
19073,8,59
19074,8,59
19075,8,59
19076,8,59
19077,8,59
19078,8,59
19079,8,60
19080,8,60
19081,8,60
19082,8,60
19083,8,58
19084,8,58
19085,8,58
19086,8,57
19087,8,57
19088,8,58
19089,8,59
19090,8,58
19091,8,57
19092,8,57
19093,8,58
19094,8,58
19095,8,58
19096,8,57
19097,8,58
19098,8,59
19099,8,60
19101,8,61
19102,8,60
19103,8,60
19104,8,59
19105,8,59
19106,8,59
19107,7,60
19108,7,62
19109,7,63
19110,7,63
19111,7,63
19112,7,63
19113,7,63
19114,7,63
19115,7,63
19116,7,64
19117,7,65
19118,7,64
19119,7,66
19120,7,66
19121,7,66
19122,7,66
19123,7,66
19124,7,66
19125,7,65
19126,7,64
19127,7,66
19128,7,66
19129,7,68
19130,7,69
19131,7,68
19132,7,68
19133,7,68
19134,7,68
19135,7,69
19136,7,68
19137,7,70
19138,7,69
19139,7,69
19140,7,70
19141,7,70
19142,7,70
19143,7,70
19144,7,70
19145,7,71
19146,7,71
19147,7,72
19148,7,72
19149,7,72
19150,7,72
19151,7,72
19152,7,72
19153,7,72
19154,7,72
19155,7,73
19156,7,73
19157,7,74
19158,7,74
19159,7,74
19160,7,74
19161,7,74
19162,7,74
19163,7,74
19164,7,74
19165,7,75
19166,7,76
19167,7,75
19168,7,75
19169,7,75
19170,7,75
19171,7,74
19172,7,73
19173,7,73
19174,7,73
19175,7,74
19176,7,76
19177,7,77
19178,7,77
19179,7,76
19180,7,76
19181,7,75
19182,7,75
19183,7,75
19184,7,74
19185,7,73
19186,7,73
19187,7,72
19188,7,73
19189,7,74
19190,7,74
19191,7,73
19192,7,73
19193,7,73
19194,7,73
19195,7,73
19196,7,75
19197,7,74
19198,7,76
19199,7,76
19201,7,75
19202,7,78
19203,7,77
19204,7,77
19205,7,77
19206,7,78
19207,7,78
19208,7,77
19209,7,78
19210,7,78
19211,7,78
19212,7,79
19213,7,80
19214,7,80
19215,7,80
19216,7,82
19217,7,80
19218,7,80
19219,7,80
19220,7,80
19221,7,80
19222,7,82
19223,7,82
19224,7,82
19225,7,82
19226,7,83
19227,7,83
19228,7,84
19229,7,84
19230,7,84
19231,7,84
19232,7,84
19233,7,84
19234,7,84
19235,7,84
19236,7,86
19237,7,85
19238,7,84
19239,7,85
19240,7,85
19241,7,86
19242,7,85
19243,7,85
19244,7,84
19245,7,83
19246,7,84
19247,7,83
19248,7,83
19249,7,83
19250,7,82
19251,7,83
19252,7,83
19253,7,82
19254,7,83
19255,7,83
19256,7,83
19257,7,83
19258,7,83
19259,7,83
19260,7,83
19261,7,84
19262,7,84
19263,7,84
19264,7,84
19265,7,85
19266,7,85
19267,7,84
19268,7,83
19269,7,83
19270,7,83
19271,7,84
19272,7,84
19273,7,84
19274,7,84
19275,7,84
19276,7,83
19277,7,82
19278,7,82
19279,7,83
19280,7,83
19281,7,84
19282,7,84
19283,7,84
19284,7,84
19285,7,84
19286,7,84
19287,7,84
19288,7,83
19289,7,83
19290,7,83
19291,7,82
19292,7,82
19293,7,82
19294,7,82
19295,7,82
19296,7,82
19297,7,82
19298,7,83
19299,7,84
19301,7,85
19302,7,86
19303,7,86
19304,7,86
19305,7,86
19306,7,85
19307,7,86
19308,7,86
19309,7,85
19310,7,83
19311,7,82
19312,7,82
19313,7,82
19314,7,82
19315,7,81
19316,7,81
19317,7,81
19318,7,80
19319,7,80
19320,7,79
19321,7,79
19322,7,79
19323,7,79
19324,7,78
19325,7,79
19326,7,79
19327,7,78
19328,7,79
19329,7,79
19330,7,79
19331,7,79
19332,7,77
19333,7,77
19334,7,77
19335,7,77
19336,7,77
19337,7,77
19338,7,77
19339,7,77
19340,7,77
19341,7,77
19342,7,75
19343,7,74
19344,7,74
19345,7,74
19346,7,75
19347,7,75
19348,7,76
19349,7,76
19350,7,76
19351,7,76
19352,7,75
19353,7,75
19354,7,75
19355,7,75
19356,7,75
19357,7,75
19358,7,76
19359,7,75
19360,7,75
19361,7,75
19362,7,75
19363,7,75
19364,7,75
19365,7,74
19366,7,75
19367,7,74
19368,7,74
19369,7,74
19370,7,72
19371,7,72
19372,7,71
19373,7,72
19374,7,71
19375,7,72
19376,7,73
19377,7,73
19378,7,72
19379,7,70
19380,7,70
19381,7,69
19382,7,69
19383,7,69
19384,7,67
19385,7,67
19386,7,68
19387,7,68
19388,7,68
19389,7,68
19390,7,68
19391,7,68
19392,7,67
19393,7,66
19394,7,65
19395,7,65
19396,7,66
19397,7,66
19398,7,66
19399,7,66
19401,7,66
19402,7,66
19403,7,66
19404,7,67
19405,7,68
19406,7,69
19407,7,71
19408,7,71
19409,7,71
19410,7,71
19411,7,71
19412,7,71
19413,7,70
19414,7,71
19415,7,69
19416,7,69
19417,7,70
19418,7,70
19419,7,70
19420,7,69
19421,7,68
19422,7,67
19423,7,67
19424,7,67
19425,7,67
19426,7,67
19427,7,67
19428,7,67
19429,7,67
19430,7,67
19431,7,66
19432,7,66
19433,7,64
19434,7,63
19435,7,63
19436,7,63
19437,7,63
19438,7,62
19439,7,62
19440,7,61
19441,7,60
19442,7,58
19443,7,59
19444,7,59
19445,7,60
19446,7,60
19447,7,60
19448,7,60
19449,7,58
19450,7,58
19451,7,58
19452,7,59
19453,7,58
19454,7,58
19455,7,58
19456,7,58
19457,7,59
19458,7,59
19459,7,58
19460,7,58
19461,7,57
19462,7,56
19463,7,56
19464,7,56
19465,7,54
19466,7,54
19467,7,54
19468,7,54
19469,7,54
19470,7,54
19471,7,54
19472,7,55
19473,7,55
19474,7,55
19475,7,54
19476,7,54
19477,7,54
19478,7,53
19479,7,52
19480,7,52
19481,7,52
19482,7,53
19483,7,53
19484,7,54
19485,7,53
19486,7,53
19487,7,53
19488,7,52
19489,7,52
19490,7,52
19491,7,52
19492,7,53
19493,7,53
19494,7,56
19495,7,57
19496,7,57
19497,7,57
19498,7,57
19499,7,56
19501,7,57
19502,7,58
19503,7,58
19504,7,58
19505,7,58
19506,7,58
19507,7,58
19508,7,60
19509,7,60
19510,7,60
19511,7,60
19512,7,60
19513,7,60
19514,7,60
19515,7,60
19516,7,60
19517,7,60
19518,7,60
19519,7,60
19520,7,60
19521,7,60
19522,7,60
19523,7,60
19524,7,60
19525,7,60
19526,7,59
19527,7,59
19528,7,59
19529,7,61
19530,7,61
19531,7,61
19532,7,61
19533,7,60
19534,7,60
19535,7,59
19536,7,59
19537,7,59
19538,7,59
19539,7,60
19540,7,60
19541,7,60
19542,7,60
19543,7,60
19544,7,60
19545,7,60
19546,7,59
19547,7,60
19548,7,60
19549,7,60
19550,7,60
19551,7,61
19552,7,60
19553,7,59
19554,7,59
19555,7,59
19556,7,59
19557,7,59
19558,7,59
19559,7,60
19560,7,60
19561,7,61
19562,7,61
19563,7,60
19564,7,60
19565,7,60
19566,7,60
19567,7,60
19568,7,60
19569,7,59
19570,7,58
19571,7,60
19572,7,59
19573,7,59
19574,7,58
19575,7,58
19576,7,58
19577,7,58
19578,7,58
19579,7,59
19580,7,59
19581,7,60
19582,7,60
19583,7,60
19584,7,60
19585,7,61
19586,7,61
19587,7,61
19588,7,61
19589,7,62
19590,7,62
19591,7,62
19592,7,61
19593,7,61
19594,7,61
19595,7,61
19596,7,61
19597,7,61
19598,7,61
19599,7,63
19601,7,63
19602,7,63
19603,7,63
19604,7,63
19605,6,63
19606,6,64
19607,6,64
19608,6,64
19609,6,65
19610,6,65
19611,6,65
19612,6,64
19613,6,63
19614,6,62
19615,6,62
19616,6,63
19617,6,63
19618,6,63
19619,6,63
19620,6,64
19621,6,64
19622,6,64
19623,6,64
19624,6,64
19625,6,64
19626,6,63
19627,5,64
19628,5,64
19629,5,64
19630,5,63
19631,5,62
19632,5,62
19633,5,62
19634,5,60
19635,5,60
19636,5,60
19637,5,60
19638,5,59
19639,5,59
19640,5,59
19641,5,59
19642,5,60
19643,5,60
19644,5,60
19645,5,60
19646,5,60
19647,5,60
19648,5,60
19649,5,60
19650,5,61
19651,5,61
19652,5,62
19653,5,62
19654,5,62
19655,5,62
19656,5,62
19657,5,62
19658,5,62
19659,5,62
19660,5,63
19661,5,63
19662,5,63
19663,5,63
19664,5,63
19665,5,64
19666,5,64
19667,5,64
19668,5,63
19669,5,63
19670,5,63
19671,5,63
19672,5,63
19673,5,63
19674,5,64
19675,5,64
19676,5,64
19677,5,64
19678,5,64
19679,5,64
19680,5,64
19681,5,64
19682,5,64
19683,5,63
19684,5,63
19685,5,63
19686,5,64
19687,5,63
19688,5,63
19689,5,64
19690,5,64
19691,5,64
19692,5,63
19693,5,63
19694,5,63
19695,5,63
19696,5,62
19697,5,62
19698,5,62
19699,5,61
19701,5,60
19702,5,60
19703,5,59
19704,5,60
19705,5,61
19706,5,61
19707,5,60
19708,5,58
19709,5,59
19710,5,60
19711,5,60
19712,5,59
19713,5,59
19714,5,59
19715,5,59
19716,5,58
19717,5,59
19718,5,59
19719,5,60
19720,5,60
19721,5,59
19722,5,59
19723,5,58
19724,5,58
19725,5,58
19726,5,58
19727,5,58
19728,5,57
19729,5,57
19730,5,58
19731,5,58
19732,5,58
19733,5,58
19734,5,58
19735,5,58
19736,5,58
19737,5,56
19738,5,56
19739,5,56
19740,5,56
19741,5,56
19742,5,56
19743,5,57
19744,5,56
19745,5,56
19746,5,56
19747,5,56
19748,5,56
19749,5,56
19750,5,56
19751,5,56
19752,5,56
19753,5,57
19754,5,56
19755,5,56
19756,5,57
19757,5,57
19758,5,57
19759,5,57
19760,5,60
19761,5,60
19762,5,60
19763,5,61
19764,5,61
19765,5,62
19766,5,62
19767,5,60
19768,5,60
19769,5,60
19770,5,60
19771,5,61
19772,5,61
19773,5,62
19774,5,62
19775,5,63
19776,5,63
19777,5,63
19778,5,62
19779,5,62
19780,5,62
19781,5,62
19782,5,62
19783,5,63
19784,5,65
19785,5,67
19786,5,67
19787,5,67
19788,5,66
19789,5,66
19790,5,66
19791,5,66
19792,5,66
19793,5,67
19794,6,67
19795,6,69
19796,6,70
19797,6,70
19798,6,70
19799,6,70
19801,6,71
19802,6,69
19803,6,69
19804,6,69
19805,6,68
19806,6,69
19807,6,69
19808,6,68
19809,6,67
19810,6,67
19811,6,68
19812,6,68
19813,6,68
19814,6,69
19815,6,69
19816,6,71
19817,6,71
19818,6,71
19819,6,71
19820,6,71
19821,6,70
19822,6,69
19823,6,69
19824,6,69
19825,6,69
19826,6,67
19827,6,67
19828,6,67
19829,6,67
19830,6,67
19831,6,67
19832,6,66
19833,6,66
19834,6,66
19835,6,66
19836,6,66
19837,6,66
19838,6,67
19839,6,66
19840,6,66
19841,6,66
19842,6,66
19843,6,66
19844,7,65
19845,7,65
19846,7,65
19847,7,66
19848,7,67
19849,7,67
19850,7,67
19851,7,67
19852,7,67
19853,7,67
19854,7,67
19855,7,67
19856,7,68
19857,7,69
19858,7,69
19859,7,69
19860,7,69
19861,7,70
19862,7,70
19863,7,70
19864,7,70
19865,7,70
19866,7,71
19867,7,73
19868,7,74
19869,7,74
19870,7,74
19871,7,73
19872,7,72
19873,7,72
19874,7,72
19875,7,73
19876,7,74
19877,7,75
19878,7,76
19879,7,75
19880,7,75
19881,7,75
19882,7,75
19883,7,75
19884,7,74
19885,7,74
19886,7,75
19887,7,77
19888,7,78
19889,7,78
19890,7,78
19891,7,77
19892,7,77
19893,7,77
19894,7,77
19895,7,77
19896,7,77
19897,7,78
19898,7,78
19899,7,77
19901,7,76
19902,7,76
19903,7,75
19904,7,74
19905,7,74
19906,7,74
19907,7,74
19908,7,74
19909,7,74
19910,7,74
19911,7,74
19912,7,74
19913,7,74
19914,7,74
19915,7,74
19916,7,74
19917,7,72
19918,7,73
19919,7,73
19920,7,75
19921,7,74
19922,7,75
19923,7,75
19924,7,75
19925,7,75
19926,7,75
19927,7,75
19928,7,75
19929,7,74
19930,7,77
19931,7,77
19932,7,77
19933,8,77
19934,8,77
19935,8,77
19936,8,77
19937,8,77
19938,8,76
19939,8,75
19940,8,75
19941,8,75
19942,8,75
19943,8,74
19944,8,74
19945,8,75
19946,8,75
19947,8,75
19948,8,75
19949,8,75
19950,8,75
19951,8,75
19952,8,76
19953,8,76
19954,8,75
19955,8,75
19956,8,76
19957,8,77
19958,8,77
19959,8,77
19960,8,76
19961,8,76
19962,8,77
19963,8,77
19964,8,78
19965,8,79
19966,8,80
19967,8,81
19968,8,80
19969,8,80
19970,8,80
19971,8,80
19972,8,80
19973,8,80
19974,8,81
19975,8,81
19976,8,81
19977,8,82
19978,8,81
19979,8,82
19980,8,82
19981,8,82
19982,8,83
19983,8,82
19984,8,82
19985,8,81
19986,8,81
19987,8,82
19988,8,82
19989,8,81
19990,8,80
19991,8,80
19992,8,81
19993,8,81
19994,8,81
19995,8,81
19996,8,81
19997,8,81
19998,8,80
19999,8,80
