step,predator_0,prey_0
1,4,20
2,4,20
3,4,20
4,4,20
5,4,20
6,4,20
7,4,20
8,4,20
9,4,20
10,4,20
11,4,20
12,4,20
13,4,20
14,4,20
15,4,20
16,4,20
17,4,20
18,4,20
19,4,20
20,4,20
21,4,20
22,4,19
23,4,19
24,4,19
25,4,19
26,4,19
27,4,19
28,4,19
29,4,19
30,4,19
31,4,19
32,4,19
33,4,19
34,4,19
35,4,19
36,4,19
37,4,19
38,4,19
39,4,19
40,4,19
41,4,19
42,4,19
43,4,19
44,4,18
45,4,18
46,4,18
47,4,18
48,4,18
49,4,18
50,4,18
51,4,18
52,4,18
53,4,18
54,4,18
55,4,18
56,4,18
57,4,18
58,4,18
59,4,18
60,4,18
61,4,18
62,4,18
63,4,18
64,4,17
65,4,17
66,4,17
67,4,17
68,4,17
69,4,17
70,4,17
71,4,17
72,4,17
73,4,17
74,4,17
75,4,17
76,4,17
77,4,16
78,4,16
79,4,16
80,4,16
81,4,16
82,4,16
83,4,16
84,4,16
85,4,16
86,4,16
87,4,16
88,4,16
89,4,16
90,4,16
91,4,16
92,4,16
93,4,16
94,4,16
95,4,16
96,4,16
97,4,16
98,4,16
99,5,16
101,5,17
102,5,17
103,5,17
104,5,17
105,5,18
106,5,18
107,5,18
108,5,18
109,5,18
110,5,17
111,5,17
112,5,17
113,5,17
114,5,17
115,5,16
116,5,16
117,5,16
118,5,16
119,5,16
120,5,16
121,5,16
122,5,16
123,5,16
124,5,15
125,5,15
126,5,15
127,5,15
128,5,16
129,5,16
130,5,16
131,5,16
132,5,16
133,5,16
134,5,16
135,5,16
136,5,16
137,5,16
138,5,17
139,5,18
140,5,18
141,5,18
142,5,18
143,5,18
144,5,18
145,5,18
146,5,18
147,5,18
148,5,19
149,5,20
150,5,20
151,5,20
152,5,20
153,5,20
154,5,20
155,5,20
156,5,20
157,5,20
158,5,20
159,5,22
160,5,22
161,5,22
162,5,22
163,5,22
164,5,22
165,5,22
166,5,22
167,5,22
168,5,22
169,5,23
170,5,23
171,5,23
172,5,23
173,5,23
174,5,23
175,5,23
176,5,23
177,5,23
178,5,23
179,5,26
180,5,26
181,5,26
182,5,26
183,5,26
184,5,26
185,5,26
186,5,25
187,5,25
188,5,25
189,5,26
190,5,26
191,5,26
192,5,27
193,5,27
194,5,27
195,5,27
196,5,27
197,5,27
198,5,28
199,5,27
201,5,27
202,5,29
203,5,29
204,5,29
205,5,29
206,5,29
207,5,29
208,5,29
209,5,29
210,5,29
211,5,29
212,5,31
213,5,32
214,5,32
215,5,32
216,5,32
217,5,32
218,5,32
219,5,33
220,5,32
221,5,32
222,5,34
223,5,35
224,5,35
225,5,35
226,5,35
227,5,35
228,5,35
229,5,36
230,5,36
231,5,36
232,5,38
233,5,39
234,5,40
235,5,40
236,5,39
237,5,39
238,5,39
239,5,40
240,5,40
241,5,40
242,5,41
243,5,40
244,5,41
245,5,41
246,5,41
247,5,41
248,5,41
249,5,40
250,5,38
251,5,38
252,5,38
253,5,38
254,5,40
255,5,40
256,5,40
257,5,39
258,5,39
259,5,39
260,5,39
261,5,39
262,5,40
263,5,41
264,5,43
265,5,43
266,5,44
267,5,45
268,5,45
269,5,45
270,5,45
271,5,45
272,5,45
273,5,46
274,5,47
275,5,47
276,5,49
277,5,50
278,5,50
279,5,50
280,5,50
281,5,51
282,5,51
283,5,52
284,5,52
285,5,52
286,5,54
287,5,55
288,5,56
289,5,56
290,5,56
291,5,56
292,5,56
293,5,57
294,5,58
295,5,58
296,5,59
297,5,60
298,5,61
299,5,61
301,5,62
302,5,61
303,5,63
304,5,64
305,5,64
306,5,64
307,5,65
308,5,65
309,5,65
310,5,65
311,5,67
312,5,67
313,5,68
314,5,69
315,5,70
316,5,70
317,4,70
318,4,70
319,4,70
320,4,69
321,4,71
322,4,71
323,4,73
324,4,74
325,4,75
326,4,74
327,4,74
328,4,74
329,4,74
330,4,74
331,4,75
332,4,75
333,4,77
334,4,76
335,4,76
336,4,76
337,4,75
338,4,75
339,4,77
340,4,76
341,4,76
342,4,78
343,4,78
344,4,78
345,3,78
346,3,78
347,3,78
348,3,79
349,3,82
350,3,82
351,3,83
352,3,86
353,3,86
354,3,87
355,3,88
356,3,88
357,3,88
358,3,89
359,3,92
360,3,92
361,3,92
362,3,94
363,3,94
364,3,96
365,3,97
366,3,97
367,3,97
368,3,97
369,3,99
370,3,99
371,3,99
372,3,100
373,3,101
374,3,103
375,3,104
376,3,105
377,3,105
378,3,105
379,3,107
380,3,107
381,3,107
382,3,108
383,3,109
384,3,111
385,3,111
386,3,111
387,3,111
388,3,111
389,3,111
390,3,110
391,3,109
392,3,111
393,3,113
394,4,114
395,4,114
396,4,114
397,4,114
398,4,114
399,4,114
401,4,112
402,4,114
403,4,117
404,4,118
405,4,118
406,4,118
407,4,117
408,4,116
409,4,116
410,4,117
411,4,116
412,4,118
413,4,120
414,4,121
415,4,122
416,4,122
417,4,122
418,4,122
419,4,122
420,4,122
421,4,124
422,4,125
423,4,125
424,4,126
425,4,126
426,4,126
427,4,126
428,4,126
429,4,126
430,4,126
431,4,128
432,4,130
433,4,128
434,4,128
435,4,129
436,4,129
437,4,129
438,4,129
439,4,129
440,4,129
441,4,131
442,4,132
443,4,132
444,4,131
445,4,131
446,4,131
447,4,132
448,4,132
449,4,132
450,4,132
451,4,132
452,4,132
453,4,132
454,4,132
455,4,132
456,4,132
457,4,132
458,4,132
459,4,134
460,4,134
461,4,133
462,4,133
463,4,132
464,4,132
465,4,132
466,4,133
467,4,132
468,4,133
469,4,134
470,4,134
471,4,135
472,4,135
473,4,134
474,4,133
475,4,131
476,4,131
477,4,130
478,4,131
479,4,132
480,4,131
481,4,131
482,4,131
483,4,131
484,4,131
485,4,131
486,4,131
487,4,130
488,4,130
489,4,130
490,4,130
491,4,130
492,4,130
493,4,130
494,4,130
495,4,131
496,4,131
497,4,131
498,4,131
499,4,131
501,4,131
502,4,131
503,4,130
504,4,130
505,4,130
506,4,130
507,4,131
508,4,130
509,4,130
510,4,128
511,4,127
512,4,127
513,4,127
514,4,126
515,4,127
516,4,127
517,4,126
518,4,126
519,4,126
520,4,125
521,4,125
522,4,125
523,4,124
524,4,122
525,5,122
526,5,122
527,5,122
528,5,120
529,5,120
530,5,121
531,5,120
532,5,120
533,5,119
534,5,118
535,5,118
536,5,118
537,5,117
538,5,116
539,5,113
540,5,111
541,5,111
542,5,111
543,5,111
544,5,110
545,5,110
546,5,110
547,5,109
548,5,108
549,5,107
550,5,106
551,5,105
552,5,102
553,5,102
554,5,101
555,5,99
556,5,100
557,5,100
558,5,100
559,5,99
560,5,97
561,5,96
562,5,95
563,5,94
564,5,93
565,5,93
566,5,93
567,5,92
568,5,89
569,5,89
570,5,89
571,5,88
572,5,89
573,5,88
574,5,87
575,5,87
576,5,88
577,5,88
578,5,87
579,5,86
580,5,87
581,5,87
582,5,86
583,5,86
584,5,88
585,5,87
586,5,87
587,5,87
588,5,88
589,5,88
590,5,87
591,5,87
592,5,86
593,5,86
594,5,87
595,5,87
596,5,85
597,5,85
598,5,85
599,5,84
601,5,83
602,5,82
603,5,81
604,5,83
605,5,82
606,5,82
607,5,82
608,5,82
609,5,82
610,5,82
611,5,81
612,5,81
613,5,81
614,5,81
615,5,81
616,5,82
617,5,82
618,5,81
619,5,81
620,5,81
621,5,81
622,5,80
623,5,80
624,5,80
625,5,80
626,5,79
627,5,80
628,5,80
629,5,80
630,5,80
631,5,80
632,5,80
633,5,80
634,5,78
635,5,78
636,5,79
637,5,79
638,5,79
639,5,78
640,5,78
641,5,78
642,5,78
643,5,78
644,5,78
645,5,78
646,5,78
647,5,78
648,5,77
649,5,77
650,5,77
651,5,77
652,5,77
653,5,77
654,5,77
655,5,76
656,5,76
657,5,76
658,5,76
659,5,76
660,5,76
661,5,75
662,5,75
663,5,76
664,5,76
665,5,76
666,5,76
667,5,76
668,5,76
669,5,75
670,5,75
671,5,75
672,5,75
673,5,75
674,5,74
675,5,74
676,5,75
677,5,73
678,5,72
679,5,70
680,5,70
681,5,70
682,5,72
683,5,72
684,5,72
685,5,71
686,5,72
687,5,72
688,5,72
689,5,72
690,5,72
691,5,72
692,5,71
693,5,71
694,5,71
695,5,70
696,5,71
697,5,70
698,5,69
699,5,69
701,5,68
702,5,67
703,5,67
704,5,67
705,5,66
706,5,67
707,5,67
708,5,67
709,5,68
710,5,69
711,5,68
712,5,68
713,5,68
714,5,68
715,5,67
716,5,69
717,5,69
718,5,67
719,5,67
720,5,68
721,5,67
722,5,66
723,5,64
724,5,63
725,5,63
726,5,64
727,5,64
728,5,64
729,5,63
730,5,63
731,5,63
732,5,62
733,5,62
734,5,63
735,5,63
736,5,64
737,5,64
738,5,63
739,5,63
740,5,63
741,5,64
742,5,64
743,5,64
744,5,64
745,5,63
746,5,64
747,5,63
748,4,64
749,4,64
750,4,65
751,4,66
752,4,65
753,4,65
754,4,65
755,4,65
756,4,64
757,4,64
758,4,65
759,4,65
760,4,66
761,4,66
762,4,66
763,4,67
764,4,67
765,4,66
766,4,66
767,4,66
768,4,66
769,4,66
770,4,67
771,4,67
772,4,67
773,4,67
774,4,67
775,4,67
776,4,67
777,4,65
778,4,65
779,4,65
780,4,65
781,4,65
782,4,63
783,4,62
784,4,62
785,4,62
786,4,61
787,4,60
788,4,60
789,4,61
790,4,61
791,4,62
792,4,62
793,4,62
794,4,62
795,4,60
796,4,60
797,4,60
798,4,59
799,4,59
801,4,59
802,4,58
803,4,58
804,4,58
805,4,58
806,4,57
807,4,57
808,4,57
809,4,58
810,4,58
811,4,58
812,4,58
813,4,57
814,4,57
815,4,57
816,4,57
817,4,57
818,4,57
819,4,58
820,4,58
821,4,58
822,4,58
823,4,58
824,4,58
825,4,57
826,4,57
827,4,57
828,4,57
829,4,57
830,4,57
831,4,57
832,4,57
833,4,57
834,4,57
835,4,57
836,4,57
837,4,57
838,4,57
839,4,57
840,4,58
841,4,57
842,4,56
843,4,56
844,4,56
845,4,56
846,4,54
847,4,54
848,4,53
849,4,52
850,4,54
851,4,53
852,4,53
853,4,53
854,4,53
855,4,54
856,4,54
857,4,54
858,4,54
859,4,53
860,4,54
861,4,53
862,4,52
863,4,52
864,4,54
865,4,55
866,4,55
867,4,55
868,4,55
869,4,54
870,4,56
871,4,56
872,4,56
873,4,56
874,4,56
875,4,56
876,4,56
877,4,56
878,4,55
879,4,55
880,4,58
881,4,58
882,4,58
883,4,58
884,4,59
885,4,59
886,4,59
887,4,59
888,4,59
889,4,59
890,4,61
891,4,62
892,4,62
893,4,62
894,4,63
895,4,63
896,4,64
897,4,64
898,4,64
899,4,64
901,4,63
902,4,63
903,4,63
904,4,62
905,4,61
906,4,61
907,4,61
908,4,61
909,4,62
910,4,64
911,4,63
912,4,63
913,4,63
914,4,63
915,4,62
916,4,63
917,4,63
918,4,63
919,4,64
920,4,64
921,4,64
922,4,64
923,4,64
924,4,64
925,4,64
926,4,64
927,4,64
928,4,64
929,4,62
930,4,62
931,4,62
932,4,62
933,4,62
934,4,61
935,4,59
936,4,59
937,4,60
938,4,60
939,4,60
940,4,60
941,4,60
942,4,61
943,4,61
944,4,62
945,4,62
946,4,62
947,4,63
948,4,63
949,4,63
950,4,63
951,4,63
952,4,64
953,4,64
954,4,65
955,4,65
956,4,65
957,4,66
958,4,66
959,4,66
960,4,66
961,4,66
962,4,66
963,4,65
964,4,66
965,4,66
966,4,66
967,4,67
968,4,67
969,4,66
970,4,67
971,4,66
972,4,66
973,4,65
974,4,65
975,4,65
976,4,65
977,4,66
978,4,66
979,4,66
980,4,64
981,4,64
982,4,65
983,4,65
984,4,65
985,4,65
986,4,65
987,4,66
988,4,66
989,4,67
990,4,67
991,4,67
992,4,65
993,4,65
994,4,65
995,4,65
996,4,65
997,4,66
998,4,66
999,4,67
1001,4,68
1002,4,68
1003,4,68
1004,4,68
1005,4,68
1006,4,68
1007,4,68
1008,4,68
1009,4,68
1010,4,68
1011,4,69
1012,4,70
1013,4,70
1014,4,70
1015,4,69
1016,4,69
1017,4,69
1018,4,68
1019,4,68
1020,4,68
1021,4,68
1022,4,68
1023,4,68
1024,4,69
1025,4,68
1026,4,68
1027,4,68
1028,4,68
1029,4,67
1030,4,67
1031,4,66
1032,4,67
1033,4,67
1034,4,68
1035,4,68
1036,4,68
1037,4,68
1038,4,68
1039,4,68
1040,4,68
1041,4,67
1042,4,68
1043,4,68
1044,4,68
1045,4,68
1046,4,68
1047,4,68
1048,4,68
1049,4,68
1050,4,68
1051,4,69
1052,4,71
1053,4,70
1054,4,70
1055,4,70
1056,4,69
1057,4,69
1058,4,70
1059,4,70
1060,4,69
1061,4,70
1062,4,72
1063,4,72
1064,4,72
1065,4,72
1066,4,72
1067,4,72
1068,4,73
1069,4,74
1070,4,74
1071,4,74
1072,4,75
1073,4,75
1074,4,75
1075,4,75
1076,4,73
1077,4,72
1078,4,72
1079,4,73
1080,4,73
1081,4,74
1082,4,75
1083,4,74
1084,4,74
1085,4,73
1086,4,73
1087,4,74
1088,4,73
1089,4,74
1090,4,73
1091,4,74
1092,4,75
1093,4,76
1094,4,76
1095,4,74
1096,4,74
1097,4,74
1098,4,75
1099,4,76
1101,4,76
1102,4,75
1103,4,76
1104,4,77
1105,4,78
1106,4,78
1107,4,78
1108,4,79
1109,4,81
1110,4,81
1111,4,82
1112,4,82
1113,4,82
1114,4,82
1115,4,82
1116,4,83
1117,4,83
1118,4,83
1119,4,84
1120,4,84
1121,4,84
1122,4,84
1123,4,84
1124,4,83
1125,4,83
1126,4,82
1127,4,82
1128,4,81
1129,4,80
1130,4,80
1131,4,81
1132,4,81
1133,4,81
1134,4,80
1135,4,80
1136,4,81
1137,4,81
1138,4,81
1139,4,81
1140,4,81
1141,4,83
1142,4,83
1143,4,82
1144,4,82
1145,4,83
1146,4,83
1147,4,83
1148,4,83
1149,4,83
1150,4,84
1151,4,84
1152,4,84
1153,4,83
1154,4,83
1155,4,83
1156,4,84
1157,4,84
1158,4,84
1159,4,84
1160,4,85
1161,4,85
1162,4,85
1163,4,84
1164,4,84
1165,4,83
1166,4,84
1167,4,84
1168,4,84
1169,4,84
1170,4,85
1171,4,85
1172,4,84
1173,4,84
1174,4,84
1175,4,83
1176,4,84
1177,4,84
1178,4,85
1179,4,85
1180,4,85
1181,4,85
1182,4,85
1183,4,84
1184,4,84
1185,4,84
1186,4,83
1187,4,83
1188,4,83
1189,4,83
1190,4,84
1191,4,84
1192,4,83
1193,4,82
1194,4,82
1195,4,82
1196,4,82
1197,4,82
1198,4,82
1199,4,80
1201,4,81
1202,4,81
1203,4,82
1204,4,82
1205,4,82
1206,4,82
1207,4,82
1208,4,82
1209,4,83
1210,4,82
1211,4,82
1212,4,82
1213,4,83
1214,4,83
1215,4,82
1216,4,82
1217,4,81
1218,4,82
1219,4,82
1220,4,83
1221,4,82
1222,4,82
1223,4,82
1224,4,81
1225,4,81
1226,4,81
1227,4,81
1228,4,82
1229,4,81
1230,4,81
1231,4,81
1232,4,82
1233,4,82
1234,4,82
1235,4,82
1236,4,82
1237,4,82
1238,4,82
1239,4,82
1240,4,82
1241,4,82
1242,4,83
1243,4,81
1244,4,81
1245,4,81
1246,4,80
1247,4,81
1248,4,81
1249,4,82
1250,4,82
1251,4,83
1252,4,82
1253,4,81
1254,4,81
1255,4,81
1256,4,81
1257,4,82
1258,4,82
1259,4,82
1260,4,83
1261,4,84
1262,4,84
1263,4,85
1264,4,85
1265,4,85
1266,4,85
1267,4,85
1268,4,83
1269,4,84
1270,4,85
1271,4,86
1272,4,85
1273,4,85
1274,4,85
1275,4,85
1276,4,86
1277,4,85
1278,4,84
1279,4,85
1280,4,85
1281,4,84
1282,4,83
1283,4,83
1284,4,83
1285,4,82
1286,4,80
1287,4,80
1288,4,80
1289,4,81
1290,4,82
1291,4,81
1292,4,81
1293,4,81
1294,4,81
1295,4,82
1296,4,82
1297,4,81
1298,4,81
1299,4,80
1301,4,81
1302,4,82
1303,4,81
1304,4,81
1305,4,80
1306,4,79
1307,4,79
1308,4,79
1309,4,80
1310,4,80
1311,4,80
1312,4,81
1313,4,81
1314,4,79
1315,4,79
1316,4,79
1317,4,79
1318,4,79
1319,4,79
1320,4,78
1321,4,78
1322,4,77
1323,4,78
1324,4,78
1325,4,77
1326,4,77
1327,4,77
1328,4,75
1329,4,75
1330,4,75
1331,4,75
1332,4,75
1333,4,74
1334,4,74
1335,4,74
1336,4,74
1337,4,74
1338,4,74
1339,4,74
1340,4,74
1341,4,74
1342,4,74
1343,4,74
1344,4,74
1345,4,74
1346,4,75
1347,4,75
1348,4,75
1349,4,74
1350,4,73
1351,4,74
1352,4,74
1353,4,73
1354,4,73
1355,4,72
1356,4,73
1357,4,73
1358,4,73
1359,4,72
1360,4,72
1361,4,73
1362,4,73
1363,4,73
1364,4,73
1365,4,73
1366,4,73
1367,4,73
1368,4,73
1369,4,73
1370,4,73
1371,4,74
1372,4,73
1373,4,72
1374,4,72
1375,4,72
1376,4,72
1377,4,72
1378,4,72
1379,4,72
1380,4,72
1381,4,73
1382,4,74
1383,4,74
1384,4,74
1385,4,74
1386,4,73
1387,4,73
1388,4,73
1389,4,72
1390,4,71
1391,4,71
1392,4,72
1393,4,73
1394,4,72
1395,4,72
1396,4,71
1397,4,71
1398,4,71
1399,4,71
1401,4,71
1402,4,72
1403,4,72
1404,4,72
1405,4,72
1406,4,72
1407,4,72
1408,4,72
1409,4,73
1410,4,73
1411,4,73
1412,4,73
1413,4,73
1414,4,73
1415,4,72
1416,4,73
1417,4,73
1418,4,73
1419,4,74
1420,4,74
1421,4,74
1422,4,73
1423,4,73
1424,4,73
1425,4,73
1426,4,73
1427,4,73
1428,4,73
1429,4,74
1430,4,74
1431,4,74
1432,4,74
1433,4,74
1434,4,74
1435,4,72
1436,4,73
1437,4,72
1438,4,72
1439,4,72
1440,4,73
1441,4,73
1442,4,74
1443,4,74
1444,4,75
1445,4,75
1446,4,75
1447,4,75
1448,4,75
1449,4,75
1450,4,76
1451,4,76
1452,4,77
1453,4,77
1454,4,78
1455,4,79
1456,4,79
1457,4,78
1458,4,78
1459,4,78
1460,4,78
1461,4,78
1462,4,79
1463,4,79
1464,4,80
1465,4,80
1466,4,80
1467,4,80
1468,4,78
1469,4,77
1470,4,76
1471,4,74
1472,4,75
1473,4,75
1474,4,73
1475,4,74
1476,4,74
1477,4,74
1478,4,74
1479,4,74
1480,4,73
1481,4,73
1482,4,74
1483,4,74
1484,4,74
1485,4,75
1486,4,74
1487,4,75
1488,4,74
1489,4,75
1490,4,75
1491,4,74
1492,4,74
1493,4,73
1494,4,73
1495,4,73
1496,4,73
1497,4,73
1498,4,72
1499,4,72
1501,4,72
1502,4,71
1503,4,70
1504,4,70
1505,4,70
1506,4,70
1507,4,69
1508,4,70
1509,4,70
1510,4,70
1511,4,70
1512,4,70
1513,4,70
1514,4,70
1515,4,70
1516,4,70
1517,4,72
1518,4,71
1519,4,71
1520,4,71
1521,4,71
1522,4,71
1523,4,71
1524,4,71
1525,4,70
1526,4,70
1527,4,71
1528,4,70
1529,4,70
1530,4,70
1531,4,70
1532,4,70
1533,4,69
1534,4,68
1535,4,67
1536,4,67
1537,4,67
1538,4,67
1539,4,67
1540,4,68
1541,4,68
1542,4,69
1543,4,70
1544,4,70
1545,4,70
1546,4,70
1547,4,70
1548,4,70
1549,4,68
1550,4,70
1551,4,70
1552,4,70
1553,4,71
1554,4,71
1555,4,71
1556,4,71
1557,4,71
1558,4,71
1559,4,72
1560,4,73
1561,4,72
1562,4,72
1563,4,74
1564,4,74
1565,4,74
1566,4,74
1567,4,74
1568,4,74
1569,4,73
1570,4,72
1571,4,71
1572,4,71
1573,4,74
1574,4,74
1575,4,74
1576,4,73
1577,4,72
1578,4,72
1579,4,73
1580,4,73
1581,4,73
1582,4,73
1583,4,73
1584,4,73
1585,4,73
1586,4,73
1587,4,71
1588,4,71
1589,4,72
1590,4,71
1591,4,71
1592,4,70
1593,4,72
1594,4,71
1595,4,71
1596,4,70
1597,4,70
1598,4,69
1599,4,70
1601,4,70
1602,4,70
1603,4,71
1604,3,71
1605,3,70
1606,3,70
1607,3,70
1608,3,70
1609,3,71
1610,3,71
1611,3,71
1612,3,71
1613,3,71
1614,3,71
1615,3,72
1616,3,71
1617,3,71
1618,3,72
1619,3,72
1620,3,72
1621,3,72
1622,3,72
1623,3,72
1624,3,71
1625,3,71
1626,3,71
1627,3,72
1628,3,73
1629,3,73
1630,3,73
1631,3,72
1632,3,72
1633,3,72
1634,3,71
1635,3,71
1636,3,71
1637,3,71
1638,3,72
1639,3,72
1640,3,72
1641,3,73
1642,3,73
1643,3,73
1644,3,73
1645,3,73
1646,3,73
1647,3,71
1648,3,72
1649,3,72
1650,3,71
1651,3,72
1652,3,71
1653,3,71
1654,3,71
1655,3,71
1656,3,70
1657,3,69
1658,3,69
1659,3,69
1660,3,69
1661,3,70
1662,3,71
1663,3,71
1664,3,71
1665,3,71
1666,3,71
1667,3,72
1668,3,72
1669,3,72
1670,3,72
1671,3,72
1672,3,72
1673,3,72
1674,3,73
1675,3,73
1676,3,73
1677,3,74
1678,3,75
1679,3,76
1680,3,76
1681,3,76
1682,3,76
1683,3,77
1684,3,77
1685,3,77
1686,3,77
1687,3,77
1688,3,77
1689,3,77
1690,3,77
1691,3,76
1692,3,75
1693,3,76
1694,3,76
1695,3,76
1696,3,76
1697,3,75
1698,3,75
1699,3,75
1701,3,75
1702,3,75
1703,3,75
1704,3,75
1705,3,75
1706,3,75
1707,3,75
1708,3,75
1709,3,75
1710,3,74
1711,3,74
1712,3,74
1713,3,75
1714,3,75
1715,3,75
1716,3,74
1717,3,75
1718,3,76
1719,3,75
1720,3,75
1721,3,75
1722,3,75
1723,3,75
1724,3,75
1725,3,75
1726,3,75
1727,3,74
1728,3,74
1729,3,74
1730,3,74
1731,3,74
1732,3,73
1733,3,73
1734,3,73
1735,3,72
1736,3,72
1737,3,71
1738,3,72
1739,3,72
1740,3,71
1741,3,71
1742,3,70
1743,3,70
1744,3,71
1745,3,71
1746,3,71
1747,3,71
1748,3,72
1749,3,73
1750,3,73
1751,3,73
1752,3,73
1753,3,73
1754,3,74
1755,3,73
1756,3,73
1757,3,73
1758,3,73
1759,3,73
1760,3,73
1761,3,72
1762,3,72
1763,3,72
1764,3,73
1765,3,72
1766,3,71
1767,3,71
1768,3,71
1769,3,71
1770,3,70
1771,3,70
1772,3,71
1773,3,70
1774,3,71
1775,3,71
1776,3,71
1777,3,71
1778,3,70
1779,3,70
1780,3,70
1781,3,70
1782,3,69
1783,3,69
1784,3,70
1785,3,69
1786,3,69
1787,3,69
1788,3,69
1789,3,69
1790,3,67
1791,3,67
1792,3,67
1793,3,67
1794,3,68
1795,3,68
1796,3,68
1797,3,67
1798,3,67
1799,3,67
1801,3,66
1802,3,66
1803,3,64
1804,3,63
1805,3,63
1806,3,62
1807,3,62
1808,3,62
1809,3,62
1810,3,62
1811,3,60
1812,3,60
1813,3,60
1814,3,59
1815,3,59
1816,3,61
1817,3,61
1818,3,60
1819,3,60
1820,3,59
1821,3,59
1822,3,59
1823,3,59
1824,3,59
1825,3,59
1826,3,59
1827,3,59
1828,3,59
1829,3,58
1830,3,58
1831,3,58
1832,3,58
1833,3,58
1834,3,58
1835,3,58
1836,3,60
1837,3,60
1838,3,60
1839,3,60
1840,3,60
1841,3,60
1842,3,59
1843,3,59
1844,3,59
1845,3,59
1846,3,61
1847,3,61
1848,3,61
1849,3,61
1850,3,61
1851,3,61
1852,3,62
1853,3,62
1854,3,61
1855,3,61
1856,3,64
1857,3,63
1858,3,63
1859,3,64
1860,3,64
1861,3,64
1862,3,64
1863,3,64
1864,3,64
1865,3,64
1866,3,65
1867,3,65
1868,3,65
1869,3,64
1870,3,64
1871,3,63
1872,3,63
1873,3,63
1874,3,63
1875,3,63
1876,3,64
1877,3,64
1878,3,64
1879,3,64
1880,3,64
1881,3,64
1882,3,64
1883,3,64
1884,3,64
1885,3,64
1886,3,65
1887,3,65
1888,3,65
1889,3,64
1890,3,64
1891,3,64
1892,3,64
1893,3,64
1894,3,64
1895,3,64
1896,3,65
1897,3,64
1898,3,64
1899,3,64
1901,3,64
1902,3,64
1903,3,64
1904,3,65
1905,3,64
1906,3,64
1907,3,64
1908,3,64
1909,3,64
1910,3,63
1911,3,63
1912,3,63
1913,3,63
1914,3,63
1915,3,63
1916,3,64
1917,3,63
1918,3,64
1919,3,65
1920,3,66
1921,3,66
1922,3,67
1923,3,67
1924,3,67
1925,3,66
1926,3,66
1927,3,66
1928,3,67
1929,3,67
1930,3,67
1931,3,67
1932,3,67
1933,3,67
1934,3,67
1935,3,66
1936,3,66
1937,3,66
1938,3,67
1939,3,67
1940,3,69
1941,3,71
1942,3,71
1943,3,70
1944,3,71
1945,3,71
1946,3,71
1947,3,71
1948,3,72
1949,3,71
1950,3,73
1951,3,74
1952,3,74
1953,3,74
1954,3,75
1955,3,75
1956,3,75
1957,3,75
1958,3,75
1959,3,75
1960,3,76
1961,3,77
1962,3,77
1963,3,76
1964,3,77
1965,3,76
1966,3,76
1967,3,76
1968,3,76
1969,3,75
1970,3,74
1971,3,76
1972,3,76
1973,3,76
1974,3,77
1975,3,77
1976,3,77
1977,3,76
1978,3,74
1979,3,74
1980,3,74
1981,3,75
1982,3,75
1983,3,74
1984,3,74
1985,3,73
1986,3,72
1987,3,72
1988,3,72
1989,3,72
1990,3,72
1991,3,73
1992,3,73
1993,3,73
1994,3,73
1995,3,74
1996,3,74
1997,3,74
1998,3,74
1999,3,74
2001,3,76
2002,3,76
2003,3,76
2004,3,75
2005,3,76
2006,3,76
2007,3,76
2008,3,76
2009,3,76
2010,3,76
2011,3,76
2012,3,75
2013,3,75
2014,3,77
2015,3,76
2016,3,76
2017,3,76
2018,3,76
2019,3,76
2020,3,76
2021,3,76
2022,3,76
2023,3,77
2024,3,78
2025,3,78
2026,3,76
2027,3,75
2028,3,75
2029,3,75
2030,3,75
2031,3,75
2032,3,75
2033,3,75
2034,3,75
2035,3,75
2036,3,75
2037,3,75
2038,3,74
2039,3,73
2040,3,73
2041,3,73
2042,3,74
2043,3,74
2044,3,74
2045,3,73
2046,3,73
2047,3,73
2048,3,73
2049,3,73
2050,3,73
2051,3,73
2052,3,74
2053,3,74
2054,3,74
2055,3,74
2056,3,74
2057,3,74
2058,3,74
2059,3,74
2060,3,73
2061,3,73
2062,3,74
2063,3,74
2064,3,73
2065,3,74
2066,3,73
2067,3,73
2068,3,73
2069,3,73
2070,3,73
2071,3,72
2072,3,74
2073,3,72
2074,3,72
2075,3,73
2076,3,73
2077,3,73
2078,3,73
2079,3,73
2080,3,73
2081,3,74
2082,3,74
2083,3,74
2084,3,73
2085,3,73
2086,3,73
2087,3,73
2088,3,73
2089,3,74
2090,3,73
2091,3,73
2092,3,72
2093,3,72
2094,3,71
2095,3,70
2096,3,70
2097,3,69
2098,3,68
2099,3,68
2101,3,68
2102,3,68
2103,3,68
2104,3,67
2105,3,66
2106,3,66
2107,3,66
2108,3,68
2109,3,68
2110,3,67
2111,3,68
2112,3,68
2113,3,68
2114,3,68
2115,3,68
2116,3,67
2117,3,67
2118,3,67
2119,3,67
2120,3,66
2121,3,67
2122,3,66
2123,3,66
2124,3,66
2125,3,66
2126,3,66
2127,3,66
2128,3,66
2129,3,66
2130,3,66
2131,3,66
2132,3,65
2133,3,66
2134,3,67
2135,3,67
2136,3,67
2137,3,67
2138,3,67
2139,3,67
2140,3,67
2141,3,67
2142,3,67
2143,3,68
2144,3,68
2145,3,67
2146,3,67
2147,3,67
2148,3,67
2149,3,68
2150,3,68
2151,3,68
2152,3,67
2153,3,68
2154,3,68
2155,3,69
2156,3,69
2157,3,69
2158,3,69
2159,3,70
2160,3,70
2161,3,71
2162,3,71
2163,3,71
2164,3,71
2165,3,68
2166,3,68
2167,3,69
2168,3,70
2169,3,71
2170,3,71
2171,3,70
2172,3,70
2173,3,70
2174,3,70
2175,3,70
2176,3,70
2177,3,71
2178,3,71
2179,3,71
2180,3,71
2181,3,71
2182,3,71
2183,3,72
2184,3,73
2185,3,73
2186,3,73
2187,3,73
2188,3,73
2189,3,74
2190,3,74
2191,3,75
2192,3,75
2193,3,75
2194,3,77
2195,3,77
2196,3,77
2197,3,78
2198,3,78
2199,3,78
2201,3,78
2202,3,78
2203,3,78
2204,3,78
2205,3,78
2206,3,79
2207,3,79
2208,3,79
2209,3,79
2210,3,78
2211,3,80
2212,3,79
2213,3,79
2214,3,79
2215,3,78
2216,3,79
2217,3,79
2218,3,78
2219,3,78
2220,3,78
2221,3,76
2222,3,76
2223,3,76
2224,3,76
2225,3,76
2226,3,76
2227,3,76
2228,3,77
2229,3,75
2230,3,75
2231,3,75
2232,3,75
2233,3,75
2234,3,75
2235,3,75
2236,3,75
2237,3,75
2238,3,76
2239,3,76
2240,3,76
2241,3,76
2242,3,77
2243,3,77
2244,3,77
2245,3,76
2246,3,76
2247,3,76
2248,3,76
2249,3,77
2250,3,76
2251,3,76
2252,3,77
2253,3,75
2254,3,75
2255,3,75
2256,3,75
2257,3,75
2258,3,74
2259,3,75
2260,3,75
2261,3,75
2262,3,76
2263,3,75
2264,3,75
2265,3,75
2266,3,74
2267,3,74
2268,3,74
2269,3,74
2270,3,74
2271,3,75
2272,3,75
2273,3,75
2274,3,75
2275,3,75
2276,3,75
2277,3,74
2278,3,74
2279,3,74
2280,3,73
2281,3,73
2282,3,73
2283,3,71
2284,3,71
2285,3,71
2286,3,71
2287,3,71
2288,3,71
2289,3,71
2290,3,70
2291,3,69
2292,3,69
2293,3,69
2294,3,68
2295,3,68
2296,3,68
2297,3,69
2298,3,69
2299,3,68
2301,3,69
2302,3,69
2303,3,67
2304,3,66
2305,3,66
2306,3,65
2307,3,64
2308,3,64
2309,3,64
2310,3,64
2311,3,63
2312,3,62
2313,3,62
2314,3,61
2315,3,63
2316,3,63
2317,3,63
2318,3,63
2319,3,63
2320,3,63
2321,3,64
2322,3,63
2323,3,63
2324,3,63
2325,3,64
2326,3,64
2327,3,64
2328,3,64
2329,3,64
2330,3,63
2331,3,64
2332,3,64
2333,3,64
2334,3,63
2335,3,64
2336,3,63
2337,3,63
2338,3,63
2339,3,63
2340,3,62
2341,3,62
2342,3,62
2343,3,62
2344,3,62
2345,3,63
2346,3,63
2347,3,63
2348,3,63
2349,3,63
2350,3,64
2351,3,64
2352,3,65
2353,3,65
2354,3,65
2355,3,65
2356,3,63
2357,3,63
2358,3,63
2359,3,64
2360,3,64
2361,3,64
2362,3,64
2363,3,64
2364,3,65
2365,3,66
2366,3,66
2367,3,67
2368,3,66
2369,3,67
2370,3,68
2371,3,68
2372,3,68
2373,3,68
2374,3,68
2375,3,68
2376,3,68
2377,3,68
2378,3,69
2379,3,71
2380,3,72
2381,3,72
2382,3,72
2383,3,72
2384,3,72
2385,3,72
2386,3,72
2387,3,73
2388,3,73
2389,3,74
2390,3,74
2391,3,75
2392,3,75
2393,3,75
2394,3,75
2395,3,75
2396,3,75
2397,3,76
2398,3,76
2399,3,77
2401,3,77
2402,3,77
2403,3,77
2404,3,77
2405,3,77
2406,3,77
2407,3,77
2408,3,78
2409,3,78
2410,3,77
2411,3,77
2412,3,77
2413,3,77
2414,3,77
2415,3,77
2416,3,76
2417,3,76
2418,3,75
2419,3,75
2420,3,76
2421,3,76
2422,3,76
2423,3,76
2424,3,76
2425,3,76
2426,3,77
2427,3,77
2428,3,77
2429,3,77
2430,3,77
2431,3,77
2432,3,76
2433,3,76
2434,3,76
2435,3,76
2436,3,75
2437,3,75
2438,3,76
2439,3,74
2440,3,73
2441,3,73
2442,3,73
2443,3,73
2444,3,73
2445,3,73
2446,3,73
2447,3,74
2448,3,72
2449,3,72
2450,3,72
2451,3,72
2452,3,71
2453,3,71
2454,3,70
2455,3,70
2456,3,71
2457,3,72
2458,3,72
2459,3,73
2460,3,73
2461,3,70
2462,3,69
2463,3,69
2464,3,68
2465,3,68
2466,3,68
2467,3,69
2468,3,67
2469,3,67
2470,3,67
2471,3,68
2472,3,67
2473,3,68
2474,3,68
2475,3,68
2476,3,68
2477,3,69
2478,3,70
2479,3,69
2480,3,68
2481,3,68
2482,3,68
2483,3,68
2484,3,67
2485,3,68
2486,3,67
2487,3,67
2488,3,67
2489,3,67
2490,3,67
2491,3,66
2492,3,66
2493,3,66
2494,3,66
2495,3,66
2496,3,67
2497,3,67
2498,3,67
2499,3,66
2501,3,67
2502,3,67
2503,3,66
2504,3,65
2505,3,65
2506,3,65
2507,3,66
2508,3,66
2509,3,66
2510,3,66
2511,3,66
2512,3,66
2513,3,66
2514,3,65
2515,3,65
2516,3,65
2517,3,65
2518,3,65
2519,3,65
2520,3,65
2521,3,67
2522,3,67
2523,3,67
2524,3,67
2525,3,67
2526,3,66
2527,3,66
2528,3,66
2529,3,66
2530,3,66
2531,3,65
2532,3,64
2533,3,65
2534,3,65
2535,3,65
2536,3,65
2537,3,65
2538,3,64
2539,3,64
2540,3,64
2541,3,63
2542,3,64
2543,3,63
2544,3,63
2545,3,63
2546,3,64
2547,3,64
2548,3,64
2549,3,63
2550,3,63
2551,3,62
2552,3,62
2553,3,62
2554,3,62
2555,3,62
2556,3,64
2557,3,63
2558,3,63
2559,3,63
2560,3,63
2561,3,63
2562,3,63
2563,3,63
2564,3,62
2565,3,62
2566,3,62
2567,3,62
2568,3,62
2569,3,62
2570,3,61
2571,3,61
2572,3,61
2573,3,60
2574,3,60
2575,3,60
2576,3,60
2577,3,60
2578,3,59
2579,3,60
2580,3,60
2581,3,60
2582,3,60
2583,3,61
2584,3,62
2585,3,62
2586,3,61
2587,3,60
2588,3,60
2589,3,59
2590,3,59
2591,3,59
2592,3,59
2593,3,60
2594,3,61
2595,3,61
2596,3,61
2597,3,61
2598,3,61
2599,3,61
2601,3,61
2602,3,61
2603,3,62
2604,3,63
2605,3,63
2606,3,63
2607,3,63
2608,3,63
2609,3,63
2610,3,62
2611,3,62
2612,3,62
2613,3,62
2614,3,63
2615,3,64
2616,3,64
2617,3,64
2618,3,64
2619,3,64
2620,3,64
2621,3,64
2622,3,63
2623,3,64
2624,3,64
2625,3,64
2626,3,62
2627,3,62
2628,3,62
2629,3,62
2630,3,62
2631,3,62
2632,3,62
2633,3,62
2634,3,62
2635,3,63
2636,3,62
2637,3,62
2638,3,62
2639,3,62
2640,3,61
2641,3,61
2642,3,62
2643,3,62
2644,3,62
2645,3,63
2646,3,64
2647,3,64
2648,3,62
2649,3,62
2650,3,62
2651,3,63
2652,3,63
2653,3,63
2654,3,62
2655,3,63
2656,3,63
2657,3,63
2658,3,62
2659,3,62
2660,3,62
2661,3,63
2662,3,63
2663,3,63
2664,3,64
2665,3,65
2666,3,65
2667,3,65
2668,3,65
2669,3,65
2670,3,65
2671,3,65
2672,3,66
2673,3,66
2674,3,67
2675,4,67
2676,4,68
2677,4,65
2678,4,65
2679,4,65
2680,4,65
2681,4,65
2682,4,66
2683,4,66
2684,4,66
2685,4,65
2686,4,64
2687,4,64
2688,4,64
2689,4,64
2690,4,64
2691,4,64
2692,4,65
2693,4,64
2694,4,63
2695,4,63
2696,4,63
2697,4,63
2698,4,63
2699,4,63
2701,4,63
2702,4,63
2703,4,63
2704,4,63
2705,4,63
2706,4,63
2707,4,65
2708,4,65
2709,4,65
2710,4,65
2711,4,65
2712,4,65
2713,4,65
2714,4,65
2715,4,65
2716,4,65
2717,4,66
2718,4,66
2719,4,66
2720,4,66
2721,4,66
2722,4,65
2723,4,65
2724,4,64
2725,4,65
2726,4,65
2727,4,66
2728,4,66
2729,4,66
2730,4,66
2731,4,67
2732,4,67
2733,4,67
2734,4,67
2735,4,67
2736,4,68
2737,4,69
2738,4,70
2739,4,69
2740,4,69
2741,4,69
2742,4,69
2743,4,69
2744,4,69
2745,4,69
2746,4,70
2747,4,70
2748,4,70
2749,4,70
2750,4,70
2751,4,70
2752,4,70
2753,4,70
2754,4,70
2755,4,70
2756,4,72
2757,4,74
2758,4,75
2759,4,75
2760,4,75
2761,4,76
2762,4,77
2763,4,78
2764,4,78
2765,4,78
2766,4,80
2767,4,81
2768,4,82
2769,4,82
2770,4,82
2771,4,82
2772,4,83
2773,4,83
2774,4,82
2775,4,81
2776,4,83
2777,4,84
2778,4,85
2779,4,87
2780,4,87
2781,4,87
2782,4,89
2783,4,89
2784,4,89
2785,4,89
2786,4,90
2787,4,89
2788,4,90
2789,4,90
2790,4,90
2791,4,89
2792,4,91
2793,4,90
2794,4,90
2795,4,90
2796,4,90
2797,4,91
2798,4,92
2799,4,91
2801,4,90
2802,4,91
2803,4,92
2804,4,92
2805,4,92
2806,4,93
2807,4,94
2808,4,94
2809,4,94
2810,4,93
2811,4,93
2812,4,93
2813,4,93
2814,4,93
2815,4,91
2816,4,91
2817,4,93
2818,4,94
2819,4,96
2820,4,96
2821,4,96
2822,4,97
2823,4,98
2824,4,98
2825,4,98
2826,4,98
2827,4,99
2828,4,99
2829,4,100
2830,4,100
2831,4,100
2832,4,100
2833,4,99
2834,4,100
2835,4,100
2836,4,98
2837,4,99
2838,4,99
2839,4,99
2840,4,99
2841,4,100
2842,4,100
2843,4,100
2844,4,101
2845,4,101
2846,4,101
2847,4,101
2848,4,101
2849,4,100
2850,4,100
2851,4,98
2852,4,99
2853,4,97
2854,4,98
2855,4,99
2856,4,97
2857,4,97
2858,4,96
2859,4,96
2860,4,96
2861,4,96
2862,4,96
2863,4,96
2864,4,96
2865,4,95
2866,4,96
2867,4,96
2868,4,96
2869,4,96
2870,4,96
2871,4,95
2872,4,95
2873,4,95
2874,4,96
2875,4,95
2876,4,96
2877,4,96
2878,4,96
2879,4,96
2880,4,97
2881,4,97
2882,4,97
2883,4,97
2884,4,96
2885,4,96
2886,4,96
2887,4,96
2888,4,96
2889,4,96
2890,4,97
2891,4,97
2892,4,97
2893,4,97
2894,4,97
2895,4,98
2896,4,98
2897,4,97
2898,4,97
2899,4,97
2901,4,97
2902,4,96
2903,4,96
2904,4,96
2905,4,96
2906,4,97
2907,4,96
2908,4,96
2909,4,96
2910,4,96
2911,4,96
2912,4,94
2913,4,94
2914,4,93
2915,4,93
2916,4,93
2917,4,92
2918,4,92
2919,4,92
2920,4,92
2921,4,92
2922,4,92
2923,4,92
2924,4,93
2925,4,93
2926,4,93
2927,4,93
2928,4,92
2929,4,92
2930,4,90
2931,4,90
2932,4,90
2933,4,89
2934,4,89
2935,4,88
2936,4,88
2937,4,89
2938,4,89
2939,4,88
2940,4,88
2941,4,87
2942,4,86
2943,4,88
2944,4,88
2945,4,88
2946,4,87
2947,4,87
2948,4,87
2949,4,87
2950,4,87
2951,4,87
2952,4,87
2953,4,87
2954,4,88
2955,4,88
2956,4,88
2957,4,88
2958,4,87
2959,4,85
2960,4,85
2961,4,84
2962,4,83
2963,4,84
2964,4,84
2965,4,85
2966,4,85
2967,4,85
2968,4,83
2969,4,83
2970,4,83
2971,4,80
2972,4,81
2973,4,80
2974,4,80
2975,4,81
2976,4,81
2977,4,80
2978,4,79
2979,4,80
2980,4,79
2981,4,79
2982,4,78
2983,4,77
2984,4,77
2985,4,77
2986,4,77
2987,4,77
2988,4,77
2989,4,79
2990,4,79
2991,4,79
2992,4,78
2993,4,77
2994,4,77
2995,4,76
2996,4,77
2997,4,77
2998,4,77
2999,4,78
3001,4,78
3002,4,78
3003,4,78
3004,4,77
3005,4,76
3006,4,77
3007,4,77
3008,4,77
3009,4,78
3010,4,78
3011,4,78
3012,4,77
3013,4,77
3014,4,77
3015,4,77
3016,4,77
3017,4,78
3018,4,78
3019,4,78
3020,4,78
3021,4,78
3022,4,78
3023,4,78
3024,4,78
3025,4,78
3026,4,78
3027,4,76
3028,4,76
3029,4,76
3030,4,76
3031,4,76
3032,4,76
3033,4,77
3034,4,77
3035,3,77
3036,3,76
3037,3,77
3038,3,77
3039,3,78
3040,3,78
3041,3,79
3042,3,79
3043,3,79
3044,3,78
3045,3,77
3046,3,78
3047,3,78
3048,3,78
3049,3,78
3050,3,78
3051,3,77
3052,3,76
3053,3,76
3054,3,75
3055,3,75
3056,3,76
3057,3,74
3058,3,74
3059,3,73
3060,3,73
3061,3,73
3062,3,73
3063,3,72
3064,3,71
3065,3,71
3066,3,71
3067,3,71
3068,3,71
3069,3,71
3070,3,71
3071,3,71
3072,3,70
3073,3,70
3074,3,70
3075,3,70
3076,3,70
3077,3,71
3078,3,72
3079,3,73
3080,3,73
3081,3,73
3082,3,72
3083,3,72
3084,3,71
3085,3,71
3086,3,71
3087,3,72
3088,3,73
3089,3,71
3090,3,71
3091,3,71
3092,3,72
3093,3,71
3094,3,71
3095,3,72
3096,3,72
3097,3,72
3098,3,72
3099,3,71
3101,3,71
3102,3,70
3103,3,70
3104,3,69
3105,3,68
3106,3,67
3107,3,67
3108,3,67
3109,3,68
3110,3,67
3111,3,67
3112,3,68
3113,3,68
3114,3,69
3115,3,69
3116,3,68
3117,3,68
3118,3,67
3119,3,68
3120,3,68
3121,3,69
3122,3,70
3123,3,70
3124,3,70
3125,3,68
3126,3,68
3127,3,67
3128,3,67
3129,3,68
3130,3,67
3131,3,67
3132,3,67
3133,3,66
3134,3,66
3135,3,65
3136,3,65
3137,3,66
3138,3,65
3139,3,65
3140,3,65
3141,3,65
3142,3,65
3143,3,64
3144,3,64
3145,3,64
3146,3,64
3147,3,63
3148,3,63
3149,3,62
3150,3,62
3151,3,63
3152,3,63
3153,3,63
3154,3,63
3155,3,63
3156,3,64
3157,3,63
3158,3,63
3159,3,61
3160,3,61
3161,3,61
3162,3,61
3163,3,60
3164,3,60
3165,3,60
3166,3,60
3167,3,60
3168,3,60
3169,3,59
3170,3,59
3171,3,59
3172,3,58
3173,3,57
3174,3,57
3175,3,58
3176,3,58
3177,3,58
3178,3,58
3179,3,58
3180,3,58
3181,3,58
3182,3,59
3183,3,57
3184,3,57
3185,3,58
3186,3,58
3187,3,57
3188,3,57
3189,3,57
3190,3,56
3191,3,56
3192,3,56
3193,3,57
3194,3,57
3195,3,57
3196,3,57
3197,3,57
3198,3,58
3199,3,58
3201,3,57
3202,3,57
3203,3,57
3204,3,57
3205,3,57
3206,3,57
3207,3,58
3208,3,59
3209,3,59
3210,3,59
3211,3,59
3212,3,58
3213,3,58
3214,3,59
3215,3,59
3216,3,59
3217,3,60
3218,3,59
3219,3,59
3220,3,58
3221,3,58
3222,3,58
3223,3,58
3224,3,58
3225,3,58
3226,3,58
3227,3,58
3228,3,58
3229,3,57
3230,3,57
3231,3,57
3232,3,57
3233,3,58
3234,3,58
3235,3,58
3236,3,58
3237,3,59
3238,3,59
3239,3,58
3240,3,58
3241,3,58
3242,3,58
3243,3,60
3244,3,60
3245,3,60
3246,3,60
3247,3,61
3248,3,61
3249,3,61
3250,3,60
3251,3,60
3252,3,60
3253,3,63
3254,3,63
3255,3,64
3256,3,64
3257,3,64
3258,3,63
3259,3,63
3260,3,63
3261,3,63
3262,3,63
3263,3,64
3264,3,65
3265,3,66
3266,3,66
3267,3,66
3268,3,66
3269,3,67
3270,3,68
3271,3,68
3272,3,68
3273,3,69
3274,3,70
3275,3,70
3276,3,71
3277,3,71
3278,3,71
3279,3,72
3280,3,73
3281,3,72
3282,3,72
3283,3,73
3284,3,74
3285,3,74
3286,3,73
3287,3,74
3288,3,74
3289,3,74
3290,3,75
3291,3,75
3292,3,75
3293,3,76
3294,3,78
3295,3,78
3296,3,77
3297,3,78
3298,3,78
3299,3,78
3301,3,78
3302,3,77
3303,3,78
3304,3,77
3305,3,76
3306,3,76
3307,3,76
3308,3,76
3309,3,76
3310,3,76
3311,3,76
3312,3,76
3313,3,77
3314,3,77
3315,3,77
3316,3,78
3317,3,78
3318,3,79
3319,3,79
3320,3,79
3321,3,79
3322,3,79
3323,3,79
3324,3,80
3325,3,80
3326,3,80
3327,3,80
3328,3,82
3329,3,82
3330,3,82
3331,3,82
3332,3,82
3333,3,82
3334,3,82
3335,3,82
3336,3,82
3337,3,82
3338,3,83
3339,3,83
3340,3,83
3341,3,83
3342,3,83
3343,3,83
3344,3,83
3345,3,82
3346,3,82
3347,3,83
3348,3,84
3349,3,84
3350,2,84
3351,2,84
3352,2,84
3353,2,84
3354,2,83
3355,2,83
3356,2,83
3357,2,83
3358,2,83
3359,2,84
3360,2,84
3361,2,84
3362,2,84
3363,2,84
3364,2,83
3365,2,83
3366,2,82
3367,2,82
3368,2,82
3369,2,83
3370,2,83
3371,2,83
3372,2,82
3373,2,81
3374,2,81
3375,2,81
3376,2,81
3377,2,81
3378,2,81
3379,2,82
3380,2,82
3381,2,82
3382,2,82
3383,2,81
3384,2,81
3385,2,81
3386,2,82
3387,2,81
3388,2,81
3389,2,82
3390,2,82
3391,2,81
3392,2,81
3393,2,81
3394,2,81
3395,2,81
3396,2,82
3397,2,82
3398,2,80
3399,2,82
3401,2,82
3402,2,82
3403,2,82
3404,2,82
3405,2,82
3406,2,82
3407,2,81
3408,2,79
3409,2,79
3410,2,78
3411,2,78
3412,2,78
3413,2,78
3414,2,78
3415,2,78
3416,2,77
3417,2,75
3418,2,76
3419,2,78
3420,2,78
3421,2,78
3422,2,78
3423,2,77
3424,2,77
3425,2,76
3426,2,76
3427,2,74
3428,2,74
3429,2,77
3430,2,77
3431,2,77
3432,2,77
3433,2,78
3434,2,76
3435,2,76
3436,2,77
3437,2,78
3438,2,78
3439,2,78
3440,2,79
3441,2,79
3442,2,79
3443,2,79
3444,2,80
3445,2,80
3446,2,80
3447,2,81
3448,2,80
3449,2,79
3450,2,78
3451,2,77
3452,2,77
3453,2,77
3454,2,78
3455,2,78
3456,2,78
3457,2,79
3458,2,79
3459,2,79
3460,2,79
3461,2,79
3462,2,79
3463,2,79
3464,2,79
3465,2,79
3466,2,79
3467,2,80
3468,2,81
3469,2,81
3470,2,81
3471,2,82
3472,2,82
3473,2,82
3474,2,82
3475,2,82
3476,2,82
3477,2,82
3478,2,82
3479,2,81
3480,2,81
3481,2,80
3482,2,80
3483,2,80
3484,2,79
3485,2,79
3486,2,79
3487,2,80
3488,2,80
3489,2,81
3490,2,81
3491,2,81
3492,2,80
3493,2,80
3494,2,80
3495,2,79
3496,2,79
3497,2,79
3498,2,80
3499,2,81
3501,2,81
3502,2,81
3503,2,81
3504,2,81
3505,2,80
3506,2,80
3507,2,80
3508,2,80
3509,2,82
3510,2,82
3511,2,83
3512,2,83
3513,2,83
3514,2,83
3515,2,83
3516,2,83
3517,2,81
3518,2,81
3519,2,82
3520,2,82
3521,2,83
3522,2,83
3523,2,83
3524,2,83
3525,2,82
3526,2,81
3527,2,81
3528,2,81
3529,2,81
3530,2,81
3531,2,81
3532,2,81
3533,2,81
3534,2,81
3535,2,81
3536,2,81
3537,2,81
3538,2,81
3539,2,81
3540,2,81
3541,2,82
3542,2,82
3543,2,83
3544,2,83
3545,2,84
3546,2,83
3547,2,84
3548,2,84
3549,2,83
3550,2,83
3551,2,83
3552,2,83
3553,2,83
3554,2,83
3555,2,84
3556,2,85
3557,2,86
3558,2,86
3559,2,86
3560,2,86
3561,2,87
3562,2,86
3563,2,86
3564,2,86
3565,2,87
3566,2,85
3567,2,86
3568,2,87
3569,2,87
3570,2,87
3571,2,88
3572,2,86
3573,2,86
3574,2,86
3575,2,86
3576,2,85
3577,2,85
3578,2,86
3579,2,85
3580,2,85
3581,2,85
3582,2,84
3583,2,83
3584,2,83
3585,2,83
3586,2,83
3587,2,83
3588,2,83
3589,2,83
3590,2,83
3591,2,83
3592,2,83
3593,2,83
3594,2,82
3595,2,82
3596,2,81
3597,2,81
3598,2,82
3599,2,82
3601,2,81
3602,2,81
3603,2,81
3604,2,80
3605,2,80
3606,2,80
3607,2,80
3608,2,80
3609,2,79
3610,2,79
3611,2,79
3612,2,78
3613,2,78
3614,2,78
3615,2,78
3616,2,77
3617,2,77
3618,2,77
3619,2,77
3620,2,77
3621,2,77
3622,2,77
3623,2,78
3624,2,78
3625,2,77
3626,2,79
3627,2,79
3628,2,79
3629,2,79
3630,2,79
3631,2,79
3632,2,79
3633,2,79
3634,2,79
3635,2,78
3636,2,78
3637,2,78
3638,2,77
3639,2,77
3640,2,77
3641,2,76
3642,2,75
3643,2,75
3644,2,75
3645,2,75
3646,2,76
3647,2,76
3648,2,76
3649,2,76
3650,2,77
3651,2,77
3652,2,77
3653,2,78
3654,2,78
3655,2,77
3656,2,78
3657,2,77
3658,2,77
3659,2,77
3660,2,76
3661,2,75
3662,2,75
3663,2,74
3664,2,74
3665,2,74
3666,2,75
3667,2,75
3668,2,75
3669,2,75
3670,2,75
3671,2,75
3672,2,75
3673,2,76
3674,2,77
3675,2,77
3676,2,76
3677,2,76
3678,2,76
3679,2,76
3680,2,76
3681,2,76
3682,2,76
3683,2,78
3684,2,79
3685,2,78
3686,2,78
3687,2,78
3688,2,78
3689,2,78
3690,2,78
3691,2,77
3692,2,77
3693,2,77
3694,2,77
3695,2,76
3696,2,75
3697,2,75
3698,2,75
3699,2,75
3701,2,76
3702,2,75
3703,2,75
3704,2,75
3705,2,75
3706,2,75
3707,2,75
3708,2,75
3709,2,75
3710,2,74
3711,2,74
3712,2,74
3713,2,73
3714,2,74
3715,2,74
3716,2,74
3717,2,74
3718,2,73
3719,2,73
3720,2,72
3721,2,71
3722,2,72
3723,2,71
3724,2,71
3725,2,70
3726,2,70
3727,2,70
3728,2,70
3729,2,70
3730,2,70
3731,2,71
3732,2,71
3733,2,71
3734,2,72
3735,2,71
3736,2,71
3737,2,71
3738,2,71
3739,2,71
3740,2,71
3741,2,70
3742,2,69
3743,2,69
3744,2,70
3745,2,70
3746,2,70
3747,2,70
3748,2,71
3749,2,72
3750,2,71
3751,2,70
3752,2,69
3753,2,69
3754,2,69
3755,2,69
3756,2,69
3757,2,69
3758,2,70
3759,2,70
3760,2,69
3761,2,69
3762,2,69
3763,2,69
3764,2,69
3765,2,69
3766,2,69
3767,2,69
3768,2,70
3769,2,70
3770,2,71
3771,2,71
3772,2,71
3773,2,71
3774,2,70
3775,2,70
3776,2,70
3777,2,69
3778,2,69
3779,2,69
3780,2,69
3781,2,69
3782,2,70
3783,2,70
3784,2,70
3785,2,70
3786,2,70
3787,2,70
3788,2,70
3789,2,70
3790,2,69
3791,2,69
3792,2,70
3793,2,70
3794,2,71
3795,2,71
3796,2,71
3797,2,72
3798,2,72
3799,2,71
3801,2,71
3802,2,71
3803,2,72
3804,2,72
3805,2,72
3806,2,72
3807,2,72
3808,2,71
3809,2,71
3810,2,71
3811,2,72
3812,2,72
3813,2,72
3814,2,72
3815,2,73
3816,2,73
3817,2,73
3818,2,72
3819,2,72
3820,2,73
3821,2,74
3822,2,74
3823,2,73
3824,2,73
3825,2,72
3826,2,72
3827,2,71
3828,2,71
3829,2,71
3830,2,72
3831,2,72
3832,2,72
3833,2,72
3834,2,72
3835,2,72
3836,2,72
3837,2,72
3838,2,71
3839,2,71
3840,2,72
3841,2,73
3842,2,72
3843,2,72
3844,2,72
3845,2,73
3846,2,72
3847,2,73
3848,2,73
3849,2,73
3850,2,75
3851,2,74
3852,2,74
3853,2,74
3854,2,74
3855,2,75
3856,2,75
3857,2,74
3858,2,74
3859,2,74
3860,2,75
3861,2,75
3862,2,75
3863,2,75
3864,2,73
3865,2,74
3866,2,74
3867,2,73
3868,2,72
3869,2,72
3870,2,72
3871,2,72
3872,2,72
3873,2,72
3874,2,72
3875,2,72
3876,2,72
3877,2,72
3878,2,72
3879,2,71
3880,2,71
3881,2,71
3882,2,71
3883,2,71
3884,2,71
3885,2,72
3886,2,72
3887,2,73
3888,2,73
3889,2,74
3890,2,74
3891,2,74
3892,2,74
3893,2,74
3894,2,75
3895,2,75
3896,2,74
3897,2,73
3898,2,73
3899,2,74
3901,2,74
3902,2,74
3903,2,72
3904,2,72
3905,2,72
3906,2,72
3907,2,72
3908,2,72
3909,2,73
3910,2,73
3911,2,73
3912,2,74
3913,2,74
3914,2,74
3915,2,74
3916,2,74
3917,2,74
3918,2,74
3919,2,74
3920,2,74
3921,2,72
3922,2,73
3923,2,73
3924,2,74
3925,2,74
3926,2,73
3927,2,73
3928,2,73
3929,2,73
3930,2,73
3931,2,73
3932,2,73
3933,2,73
3934,2,73
3935,2,72
3936,2,72
3937,2,72
3938,2,73
3939,2,73
3940,2,73
3941,2,71
3942,2,71
3943,2,71
3944,2,72
3945,2,72
3946,2,72
3947,2,72
3948,2,73
3949,2,73
3950,2,73
3951,2,73
3952,2,73
3953,2,73
3954,2,73
3955,2,71
3956,2,71
3957,2,71
3958,2,73
3959,2,72
3960,2,72
3961,2,73
3962,2,73
3963,2,73
3964,2,73
3965,2,73
3966,2,73
3967,2,73
3968,2,74
3969,2,74
3970,2,74
3971,2,76
3972,2,76
3973,2,76
3974,2,75
3975,2,75
3976,2,75
3977,2,75
3978,2,75
3979,2,75
3980,2,75
3981,2,74
3982,2,73
3983,2,73
3984,2,72
3985,2,74
3986,2,74
3987,2,74
3988,2,74
3989,2,75
3990,2,74
3991,2,74
3992,2,75
3993,2,75
3994,2,75
3995,2,75
3996,2,75
3997,2,75
3998,2,75
3999,2,75
4001,2,75
4002,2,74
4003,2,74
4004,2,74
4005,2,75
4006,2,75
4007,2,75
4008,2,77
4009,2,77
4010,2,76
4011,2,76
4012,2,76
4013,2,76
4014,2,76
4015,2,76
4016,2,76
4017,2,76
4018,2,76
4019,2,76
4020,2,75
4021,2,75
4022,2,74
4023,2,74
4024,2,74
4025,2,74
4026,2,74
4027,2,74
4028,2,74
4029,2,73
4030,2,73
4031,2,73
4032,2,73
4033,2,73
4034,2,73
4035,2,73
4036,2,74
4037,2,73
4038,2,74
4039,2,74
4040,2,74
4041,2,74
4042,2,74
4043,2,73
4044,2,73
4045,2,73
4046,2,73
4047,2,73
4048,2,74
4049,2,74
4050,2,73
4051,2,72
4052,2,72
4053,2,72
4054,2,72
4055,2,71
4056,2,70
4057,2,70
4058,2,70
4059,2,69
4060,2,69
4061,2,69
4062,2,70
4063,2,70
4064,2,69
4065,2,69
4066,2,69
4067,2,69
4068,2,69
4069,2,70
4070,2,70
4071,2,70
4072,2,70
4073,2,70
4074,2,70
4075,2,69
4076,2,69
4077,2,69
4078,2,69
4079,2,69
4080,2,70
4081,2,70
4082,2,70
4083,2,70
4084,2,71
4085,2,71
4086,2,71
4087,2,71
4088,2,71
4089,2,71
4090,2,72
4091,2,72
4092,2,72
4093,2,72
4094,2,73
4095,2,73
4096,2,73
4097,2,72
4098,2,72
4099,2,72
4101,2,73
4102,2,73
4103,2,74
4104,2,74
4105,2,74
4106,2,73
4107,2,73
4108,2,73
4109,2,73
4110,2,74
4111,2,75
4112,2,74
4113,2,74
4114,2,74
4115,2,74
4116,2,75
4117,2,75
4118,2,75
4119,2,75
4120,2,76
4121,2,76
4122,2,76
4123,2,75
4124,2,74
4125,2,73
4126,2,73
4127,2,72
4128,2,72
4129,2,72
4130,2,72
4131,2,74
4132,2,74
4133,2,74
4134,2,74
4135,2,75
4136,2,75
4137,2,75
4138,2,75
4139,2,75
4140,2,75
4141,2,76
4142,2,76
4143,2,76
4144,2,77
4145,2,78
4146,2,77
4147,2,77
4148,2,77
4149,2,77
4150,2,77
4151,2,78
4152,2,77
4153,2,77
4154,2,77
4155,2,78
4156,2,78
4157,2,78
4158,2,78
4159,2,78
4160,2,78
4161,2,78
4162,2,78
4163,2,77
4164,2,77
4165,2,78
4166,2,78
4167,2,78
4168,2,78
4169,2,77
4170,2,78
4171,2,77
4172,2,77
4173,2,77
4174,2,77
4175,2,78
4176,2,78
4177,2,79
4178,2,79
4179,2,79
4180,2,79
4181,2,79
4182,2,79
4183,2,78
4184,2,78
4185,2,78
4186,2,78
4187,2,79
4188,2,79
4189,2,78
4190,2,79
4191,2,80
4192,2,80
4193,2,80
4194,2,80
4195,2,80
4196,2,80
4197,2,81
4198,2,81
4199,2,81
4201,2,81
4202,2,82
4203,2,81
4204,2,81
4205,2,81
4206,2,81
4207,2,82
4208,2,82
4209,2,82
4210,2,82
4211,2,82
4212,2,81
4213,2,79
4214,2,78
4215,2,77
4216,2,78
4217,2,78
4218,2,78
4219,2,78
4220,2,78
4221,2,78
4222,2,78
4223,2,78
4224,2,76
4225,2,76
4226,2,75
4227,2,75
4228,2,75
4229,2,75
4230,2,75
4231,2,75
4232,2,76
4233,2,76
4234,2,76
4235,2,75
4236,2,75
4237,2,75
4238,2,75
4239,2,75
4240,2,74
4241,2,74
4242,2,74
4243,2,74
4244,2,75
4245,2,73
4246,2,73
4247,2,73
4248,2,72
4249,2,72
4250,2,72
4251,2,72
4252,2,72
4253,2,72
4254,2,72
4255,2,71
4256,2,70
4257,2,70
4258,2,70
4259,2,69
4260,2,69
4261,2,69
4262,2,68
4263,2,68
4264,2,67
4265,2,66
4266,2,66
4267,2,65
4268,2,65
4269,2,66
4270,2,65
4271,2,64
4272,2,64
4273,2,65
4274,2,65
4275,2,66
4276,2,66
4277,2,65
4278,2,65
4279,2,65
4280,2,65
4281,2,65
4282,2,65
4283,2,64
4284,2,64
4285,2,64
4286,2,64
4287,2,64
4288,2,63
4289,2,63
4290,2,63
4291,2,63
4292,2,63
4293,2,64
4294,2,63
4295,2,63
4296,2,63
4297,2,63
4298,2,63
4299,2,63
4301,2,63
4302,2,63
4303,2,64
4304,2,63
4305,2,63
4306,2,63
4307,2,63
4308,2,63
4309,2,63
4310,2,62
4311,2,62
4312,2,62
4313,2,61
4314,2,59
4315,2,59
4316,2,59
4317,2,59
4318,2,60
4319,2,60
4320,2,60
4321,2,59
4322,2,59
4323,2,59
4324,2,59
4325,2,60
4326,2,60
4327,2,61
4328,2,61
4329,2,61
4330,2,61
4331,2,60
4332,2,60
4333,2,60
4334,2,60
4335,2,60
4336,2,60
4337,2,60
4338,2,60
4339,2,60
4340,2,60
4341,2,60
4342,2,61
4343,2,63
4344,2,63
4345,2,63
4346,2,64
4347,2,64
4348,3,65
4349,3,65
4350,3,65
4351,3,65
4352,3,65
4353,3,65
4354,3,65
4355,3,65
4356,3,65
4357,3,65
4358,3,66
4359,3,66
4360,3,66
4361,3,66
4362,3,66
4363,3,66
4364,3,66
4365,3,66
4366,3,66
4367,3,66
4368,3,66
4369,3,66
4370,3,66
4371,3,66
4372,3,65
4373,3,64
4374,3,64
4375,3,63
4376,3,64
4377,3,65
4378,3,65
4379,3,65
4380,3,65
4381,3,65
4382,3,65
4383,3,65
4384,3,65
4385,3,65
4386,3,66
4387,3,66
4388,3,66
4389,3,66
4390,3,65
4391,3,65
4392,3,64
4393,3,64
4394,3,64
4395,3,63
4396,3,64
4397,3,64
4398,4,64
4399,4,63
4401,4,63
4402,4,64
4403,4,65
4404,4,65
4405,4,65
4406,4,67
4407,4,67
4408,4,67
4409,4,67
4410,4,67
4411,4,67
4412,4,68
4413,4,68
4414,4,68
4415,4,68
4416,4,68
4417,4,68
4418,4,68
4419,4,69
4420,4,70
4421,4,71
4422,4,72
4423,4,72
4424,4,73
4425,4,73
4426,4,73
4427,4,73
4428,4,73
4429,4,73
4430,4,74
4431,4,75
4432,4,76
4433,4,75
4434,4,76
4435,4,76
4436,4,76
4437,4,76
4438,4,76
4439,4,75
4440,4,75
4441,4,75
4442,4,75
4443,4,75
4444,4,76
4445,4,76
4446,4,76
4447,4,76
4448,4,77
4449,4,76
4450,4,76
4451,4,76
4452,4,76
4453,4,76
4454,4,76
4455,4,76
4456,4,76
4457,4,77
4458,4,77
4459,4,76
4460,4,76
4461,4,77
4462,4,77
4463,4,78
4464,4,78
4465,4,79
4466,4,79
4467,4,79
4468,4,79
4469,4,80
4470,4,80
4471,4,80
4472,4,81
4473,4,81
4474,4,81
4475,4,81
4476,4,81
4477,4,81
4478,4,81
4479,4,81
4480,4,79
4481,4,80
4482,4,81
4483,4,81
4484,4,81
4485,4,81
4486,4,82
4487,4,82
4488,4,83
4489,4,83
4490,4,83
4491,4,82
4492,4,82
4493,4,83
4494,4,83
4495,4,83
4496,4,83
4497,4,82
4498,4,82
4499,4,82
4501,4,81
4502,4,82
4503,4,81
4504,4,81
4505,4,81
4506,4,81
4507,4,80
4508,4,78
4509,4,78
4510,4,78
4511,4,78
4512,4,80
4513,4,81
4514,4,81
4515,4,81
4516,4,81
4517,4,82
4518,4,82
4519,4,82
4520,4,82
4521,4,82
4522,4,83
4523,4,84
4524,4,85
4525,4,87
4526,4,87
4527,4,86
4528,4,86
4529,4,86
4530,4,85
4531,4,86
4532,4,86
4533,4,87
4534,4,87
4535,4,87
4536,4,88
4537,4,88
4538,4,89
4539,4,89
4540,4,90
4541,4,90
4542,4,90
4543,4,91
4544,4,91
4545,4,91
4546,4,92
4547,4,92
4548,4,93
4549,4,93
4550,4,93
4551,4,93
4552,4,93
4553,4,94
4554,4,94
4555,4,94
4556,4,93
4557,4,92
4558,4,91
4559,4,91
4560,4,91
4561,4,92
4562,4,92
4563,4,93
4564,4,93
4565,4,93
4566,4,93
4567,4,93
4568,4,93
4569,4,93
4570,4,93
4571,4,94
4572,4,94
4573,4,95
4574,4,95
4575,4,95
4576,4,96
4577,4,95
4578,4,94
4579,4,94
4580,4,94
4581,4,94
4582,4,94
4583,4,94
4584,4,94
4585,4,94
4586,4,94
4587,4,94
4588,4,94
4589,4,93
4590,4,94
4591,4,93
4592,4,92
4593,4,92
4594,4,91
4595,4,91
4596,4,90
4597,4,90
4598,4,90
4599,4,90
4601,4,90
4602,4,90
4603,4,89
4604,4,88
4605,4,87
4606,4,86
4607,4,86
4608,4,86
4609,4,86
4610,4,86
4611,4,87
4612,4,87
4613,4,88
4614,4,88
4615,4,88
4616,4,88
4617,4,88
4618,4,88
4619,4,89
4620,4,89
4621,4,89
4622,4,87
4623,4,86
4624,4,85
4625,4,83
4626,4,83
4627,4,83
4628,4,82
4629,4,83
4630,4,83
4631,4,83
4632,4,82
4633,4,82
4634,4,80
4635,4,80
4636,4,80
4637,4,79
4638,5,78
4639,5,77
4640,5,77
4641,5,77
4642,5,77
4643,5,77
4644,5,76
4645,5,76
4646,5,75
4647,5,75
4648,5,75
4649,5,74
4650,5,74
4651,5,74
4652,5,74
4653,5,74
4654,5,74
4655,5,74
4656,5,74
4657,5,72
4658,5,72
4659,5,70
4660,5,69
4661,5,69
4662,5,68
4663,5,68
4664,5,65
4665,5,65
4666,5,65
4667,5,64
4668,5,64
4669,5,64
4670,5,64
4671,5,64
4672,5,64
4673,5,64
4674,5,64
4675,5,63
4676,5,63
4677,5,63
4678,5,62
4679,5,61
4680,5,61
4681,5,61
4682,5,61
4683,5,61
4684,5,61
4685,5,61
4686,5,61
4687,5,61
4688,5,61
4689,5,62
4690,5,62
4691,5,63
4692,5,63
4693,5,63
4694,5,63
4695,5,64
4696,5,64
4697,5,63
4698,5,63
4699,5,63
4701,5,63
4702,5,63
4703,5,62
4704,5,62
4705,5,62
4706,5,62
4707,5,62
4708,5,62
4709,5,62
4710,5,63
4711,5,61
4712,5,61
4713,5,61
4714,5,61
4715,5,61
4716,5,61
4717,5,61
4718,5,61
4719,5,61
4720,5,62
4721,5,62
4722,5,62
4723,5,62
4724,5,62
4725,5,62
4726,5,62
4727,5,61
4728,5,61
4729,5,61
4730,5,62
4731,5,62
4732,5,62
4733,5,61
4734,5,61
4735,5,60
4736,5,60
4737,5,60
4738,5,59
4739,5,58
4740,5,58
4741,5,60
4742,5,60
4743,5,61
4744,5,61
4745,5,61
4746,5,61
4747,5,61
4748,5,61
4749,5,62
4750,5,61
4751,5,62
4752,5,63
4753,5,62
4754,5,61
4755,5,61
4756,5,61
4757,5,61
4758,5,61
4759,5,61
4760,5,61
4761,5,63
4762,5,65
4763,5,65
4764,5,63
4765,5,62
4766,5,62
4767,5,61
4768,5,61
4769,5,61
4770,5,61
4771,5,61
4772,5,62
4773,5,62
4774,5,63
4775,5,63
4776,5,63
4777,5,62
4778,5,62
4779,5,63
4780,5,63
4781,5,63
4782,5,62
4783,5,62
4784,5,62
4785,5,62
4786,5,63
4787,5,63
4788,5,62
4789,5,64
4790,5,64
4791,5,63
4792,5,63
4793,5,63
4794,5,63
4795,5,63
4796,5,63
4797,5,63
4798,5,63
4799,5,65
4801,5,65
4802,5,65
4803,5,65
4804,5,65
4805,5,66
4806,5,66
4807,5,65
4808,5,65
4809,5,66
4810,5,66
4811,5,66
4812,5,66
4813,5,65
4814,5,64
4815,5,64
4816,5,63
4817,5,63
4818,5,63
4819,5,61
4820,5,62
4821,5,62
4822,5,62
4823,5,62
4824,5,62
4825,5,62
4826,5,62
4827,5,62
4828,5,62
4829,5,62
4830,5,62
4831,5,63
4832,5,62
4833,5,61
4834,5,61
4835,5,61
4836,5,61
4837,5,61
4838,5,60
4839,5,60
4840,5,60
4841,5,61
4842,5,62
4843,5,62
4844,5,61
4845,5,61
4846,5,61
4847,5,61
4848,5,61
4849,5,63
4850,5,62
4851,5,63
4852,5,63
4853,5,63
4854,5,63
4855,5,63
4856,5,63
4857,5,63
4858,5,63
4859,5,63
4860,5,63
4861,5,65
4862,5,65
4863,5,64
4864,5,64
4865,5,65
4866,5,66
4867,5,66
4868,5,66
4869,5,66
4870,5,66
4871,5,67
4872,5,66
4873,5,66
4874,5,65
4875,5,65
4876,5,66
4877,5,67
4878,5,68
4879,5,68
4880,5,68
4881,5,68
4882,5,68
4883,5,68
4884,5,67
4885,5,67
4886,5,67
4887,5,68
4888,5,68
4889,5,67
4890,5,68
4891,5,67
4892,5,68
4893,5,68
4894,5,68
4895,5,69
4896,5,70
4897,5,68
4898,5,68
4899,5,68
4901,5,69
4902,5,70
4903,5,70
4904,5,70
4905,5,70
4906,5,70
4907,5,70
4908,5,69
4909,5,69
4910,5,70
4911,5,70
4912,5,70
4913,5,70
4914,5,70
4915,5,70
4916,5,70
4917,5,70
4918,5,71
4919,5,70
4920,5,71
4921,5,72
4922,5,70
4923,5,69
4924,5,69
4925,5,67
4926,5,66
4927,5,65
4928,5,64
4929,5,64
4930,5,64
4931,5,64
4932,5,65
4933,5,64
4934,5,64
4935,5,64
4936,5,64
4937,5,64
4938,5,63
4939,5,63
4940,5,63
4941,5,63
4942,5,63
4943,5,63
4944,5,63
4945,5,63
4946,5,63
4947,5,62
4948,5,62
4949,5,62
4950,5,62
4951,5,62
4952,5,62
4953,5,62
4954,5,62
4955,5,62
4956,5,61
4957,5,61
4958,5,61
4959,5,61
4960,5,61
4961,5,60
4962,5,60
4963,5,60
4964,5,58
4965,5,58
4966,5,57
4967,5,57
4968,5,57
4969,5,56
4970,5,55
4971,5,55
4972,5,55
4973,5,55
4974,5,55
4975,5,55
4976,5,55
4977,5,55
4978,5,54
4979,5,54
4980,5,55
4981,5,55
4982,5,55
4983,5,56
4984,5,57
4985,5,57
4986,5,56
4987,5,56
4988,5,56
4989,5,55
4990,5,56
4991,5,56
4992,5,56
4993,4,57
4994,4,59
4995,4,59
4996,4,59
4997,4,59
4998,4,59
4999,4,57
5001,4,57
5002,4,57
5003,4,58
5004,4,58
5005,4,58
5006,4,58
5007,4,58
5008,4,56
5009,4,57
5010,4,58
5011,4,58
5012,4,58
5013,4,59
5014,4,59
5015,4,59
5016,4,59
5017,4,59
5018,4,58
5019,4,59
5020,4,60
5021,4,60
5022,4,60
5023,4,61
5024,4,61
5025,4,60
5026,4,60
5027,4,60
5028,4,60
5029,4,62
5030,4,63
5031,4,63
5032,4,63
5033,4,64
5034,4,64
5035,4,64
5036,4,64
5037,4,65
5038,4,65
5039,4,67
5040,4,66
5041,4,65
5042,4,65
5043,4,65
5044,4,65
5045,4,65
5046,4,64
5047,4,64
5048,4,63
5049,4,63
5050,4,63
5051,4,63
5052,4,63
5053,4,63
5054,4,63
5055,4,64
5056,4,64
5057,4,65
5058,4,65
5059,4,65
5060,4,65
5061,4,65
5062,4,65
5063,4,65
5064,4,65
5065,4,65
5066,4,64
5067,4,64
5068,4,64
5069,4,64
5070,4,63
5071,4,63
5072,4,63
5073,4,64
5074,4,64
5075,4,64
5076,4,64
5077,4,65
5078,4,65
5079,4,65
5080,5,65
5081,5,65
5082,5,65
5083,5,66
5084,5,66
5085,5,66
5086,5,67
5087,5,67
5088,5,66
5089,5,65
5090,5,65
5091,5,65
5092,5,65
5093,5,65
5094,5,66
5095,5,66
5096,5,67
5097,5,67
5098,5,66
5099,5,66
5101,5,66
5102,5,66
5103,5,66
5104,5,66
5105,5,65
5106,5,66
5107,5,67
5108,5,66
5109,5,66
5110,5,65
5111,5,65
5112,5,65
5113,5,65
5114,5,65
5115,5,65
5116,5,66
5117,5,66
5118,5,65
5119,5,67
5120,5,66
5121,5,66
5122,5,66
5123,5,66
5124,5,66
5125,5,66
5126,5,66
5127,5,64
5128,5,63
5129,5,63
5130,5,63
5131,5,64
5132,5,64
5133,5,64
5134,5,64
5135,5,64
5136,5,65
5137,5,65
5138,5,66
5139,5,67
5140,5,66
5141,5,66
5142,5,66
5143,5,66
5144,5,66
5145,5,66
5146,5,68
5147,5,68
5148,5,68
5149,5,68
5150,5,68
5151,5,68
5152,5,68
5153,5,67
5154,5,67
5155,5,66
5156,5,67
5157,5,67
5158,5,67
5159,5,68
5160,5,68
5161,5,68
5162,5,67
5163,5,66
5164,5,67
5165,5,68
5166,5,68
5167,5,68
5168,5,68
5169,5,67
5170,5,67
5171,5,67
5172,5,67
5173,5,67
5174,5,68
5175,5,68
5176,5,68
5177,5,67
5178,5,66
5179,5,66
5180,5,66
5181,5,65
5182,5,64
5183,5,64
5184,5,65
5185,5,65
5186,5,65
5187,5,65
5188,5,65
5189,5,65
5190,5,65
5191,5,65
5192,5,65
5193,5,65
5194,5,66
5195,5,66
5196,5,68
5197,5,68
5198,5,68
5199,5,67
5201,5,67
5202,5,67
5203,5,66
5204,5,66
5205,5,66
5206,5,67
5207,5,67
5208,5,67
5209,5,69
5210,5,68
5211,5,68
5212,5,68
5213,5,68
5214,5,69
5215,5,69
5216,5,68
5217,5,69
5218,5,70
5219,6,71
5220,6,71
5221,6,71
5222,6,71
5223,6,71
5224,6,71
5225,6,70
5226,6,70
5227,6,68
5228,6,68
5229,6,69
5230,6,69
5231,6,69
5232,6,69
5233,6,69
5234,6,69
5235,6,69
5236,6,69
5237,6,68
5238,6,69
5239,6,70
5240,6,70
5241,6,70
5242,6,70
5243,6,70
5244,6,69
5245,6,69
5246,6,69
5247,6,69
5248,6,70
5249,6,70
5250,6,70
5251,6,70
5252,6,69
5253,6,69
5254,6,69
5255,6,69
5256,6,69
5257,6,69
5258,6,70
5259,6,70
5260,6,69
5261,6,68
5262,6,67
5263,6,68
5264,6,68
5265,6,68
5266,6,67
5267,6,67
5268,6,67
5269,6,67
5270,6,67
5271,6,67
5272,6,68
5273,6,67
5274,6,68
5275,6,68
5276,6,68
5277,6,67
5278,6,67
5279,6,67
5280,6,68
5281,6,68
5282,6,67
5283,6,67
5284,6,69
5285,6,69
5286,6,69
5287,6,69
5288,6,69
5289,6,69
5290,6,68
5291,6,68
5292,6,69
5293,6,68
5294,6,68
5295,6,68
5296,6,67
5297,6,67
5298,6,67
5299,6,67
5301,6,67
5302,6,67
5303,6,67
5304,6,68
5305,6,67
5306,6,65
5307,6,63
5308,6,64
5309,6,63
5310,6,63
5311,6,63
5312,6,62
5313,6,62
5314,6,62
5315,6,63
5316,6,63
5317,6,63
5318,6,63
5319,6,63
5320,6,63
5321,6,63
5322,6,64
5323,6,64
5324,6,64
5325,6,64
5326,6,64
5327,6,63
5328,6,63
5329,6,63
5330,6,63
5331,6,63
5332,6,63
5333,6,62
5334,6,62
5335,6,62
5336,6,62
5337,6,61
5338,6,60
5339,6,60
5340,6,60
5341,6,59
5342,6,59
5343,6,60
5344,6,59
5345,6,59
5346,6,58
5347,6,58
5348,6,58
5349,6,57
5350,6,57
5351,6,57
5352,6,57
5353,6,56
5354,6,57
5355,6,57
5356,6,59
5357,6,59
5358,6,58
5359,6,59
5360,6,59
5361,6,57
5362,6,57
5363,6,57
5364,6,57
5365,6,58
5366,6,59
5367,6,59
5368,6,59
5369,6,59
5370,6,59
5371,6,58
5372,6,56
5373,6,56
5374,6,55
5375,6,55
5376,6,56
5377,6,56
5378,6,55
5379,6,55
5380,6,55
5381,6,55
5382,6,54
5383,6,54
5384,6,54
5385,6,54
5386,6,53
5387,6,53
5388,6,53
5389,6,53
5390,6,53
5391,6,52
5392,6,52
5393,6,53
5394,6,53
5395,6,53
5396,6,53
5397,6,53
5398,6,53
5399,6,52
5401,6,52
5402,6,51
5403,6,51
5404,6,51
5405,6,52
5406,6,52
5407,6,50
5408,6,50
5409,6,50
5410,6,50
5411,6,49
5412,6,49
5413,6,49
5414,6,48
5415,6,48
5416,6,48
5417,6,48
5418,6,48
5419,6,48
5420,6,48
5421,6,48
5422,6,48
5423,6,47
5424,6,47
5425,6,47
5426,6,47
5427,6,46
5428,6,46
5429,6,46
5430,6,46
5431,6,47
5432,6,47
5433,6,47
5434,6,47
5435,6,47
5436,6,47
5437,6,47
5438,6,47
5439,6,47
5440,6,47
5441,6,48
5442,6,48
5443,6,48
5444,6,48
5445,6,48
5446,6,48
5447,6,48
5448,6,48
5449,6,48
5450,6,48
5451,6,49
5452,6,49
5453,6,49
5454,6,49
5455,6,49
5456,6,49
5457,6,49
5458,6,49
5459,6,49
5460,6,49
5461,7,49
5462,7,49
5463,7,50
5464,7,50
5465,7,50
5466,7,50
5467,7,50
5468,7,50
5469,7,50
5470,7,50
5471,7,50
5472,7,50
5473,7,51
5474,7,51
5475,7,51
5476,7,52
5477,7,52
5478,7,53
5479,7,53
5480,7,53
5481,7,53
5482,7,53
5483,7,54
5484,7,54
5485,7,54
5486,7,55
5487,7,54
5488,7,54
5489,7,54
5490,7,54
5491,7,54
5492,7,53
5493,7,53
5494,7,53
5495,7,53
5496,7,53
5497,7,53
5498,7,54
5499,7,53
5501,7,53
5502,7,53
5503,7,53
5504,7,53
5505,7,54
5506,7,54
5507,7,54
5508,7,54
5509,7,54
5510,7,54
5511,7,54
5512,7,54
5513,7,54
5514,7,53
5515,7,55
5516,7,55
5517,7,54
5518,7,54
5519,7,54
5520,7,54
5521,7,54
5522,7,54
5523,7,55
5524,7,55
5525,7,54
5526,7,54
5527,7,54
5528,8,54
5529,8,54
5530,8,54
5531,8,54
5532,8,54
5533,8,55
5534,8,55
5535,8,55
5536,8,56
5537,8,56
5538,8,55
5539,8,55
5540,8,55
5541,8,56
5542,8,55
5543,8,55
5544,8,55
5545,8,56
5546,8,56
5547,8,56
5548,8,56
5549,8,56
5550,8,54
5551,8,55
5552,8,55
5553,8,55
5554,8,56
5555,8,56
5556,8,56
5557,8,56
5558,8,56
5559,8,56
5560,8,55
5561,8,56
5562,8,57
5563,8,57
5564,8,58
5565,8,58
5566,8,58
5567,8,58
5568,8,58
5569,8,58
5570,8,58
5571,8,59
5572,8,61
5573,8,61
5574,8,62
5575,8,62
5576,8,62
5577,8,62
5578,8,62
5579,8,62
5580,8,62
5581,8,63
5582,8,65
5583,8,65
5584,8,66
5585,8,67
5586,8,69
5587,8,69
5588,8,70
5589,8,70
5590,8,70
5591,8,71
5592,8,72
5593,8,72
5594,8,72
5595,8,73
5596,8,75
5597,8,75
5598,8,75
5599,7,75
5601,7,74
5602,7,74
5603,7,76
5604,7,76
5605,7,77
5606,7,79
5607,7,79
5608,7,78
5609,7,78
5610,7,78
5611,7,78
5612,7,77
5613,7,79
5614,7,79
5615,7,80
5616,7,81
5617,7,81
5618,7,81
5619,7,81
5620,7,80
5621,7,79
5622,7,79
5623,7,78
5624,7,78
5625,7,79
5626,7,81
5627,7,81
5628,7,81
5629,7,81
5630,7,81
5631,7,81
5632,7,82
5633,7,83
5634,7,84
5635,7,83
5636,7,85
5637,7,85
5638,7,84
5639,7,84
5640,7,84
5641,7,84
5642,7,84
5643,7,83
5644,7,84
5645,7,85
5646,7,86
5647,7,85
5648,7,84
5649,7,84
5650,7,85
5651,7,85
5652,7,84
5653,7,84
5654,7,84
5655,7,86
5656,7,87
5657,7,87
5658,7,87
5659,7,87
5660,8,88
5661,8,88
5662,8,88
5663,8,88
5664,8,88
5665,8,89
5666,8,89
5667,8,89
5668,8,89
5669,8,89
5670,8,90
5671,8,90
5672,8,91
5673,8,91
5674,8,93
5675,8,94
5676,8,95
5677,8,94
5678,8,94
5679,8,94
5680,8,94
5681,8,93
5682,8,92
5683,8,88
5684,8,89
5685,8,88
5686,8,88
5687,8,87
5688,8,87
5689,8,87
5690,8,87
5691,8,85
5692,8,84
5693,8,84
5694,8,85
5695,8,85
5696,8,86
5697,8,84
5698,8,84
5699,8,82
5701,8,82
5702,8,82
5703,8,81
5704,8,81
5705,8,80
5706,8,81
5707,8,81
5708,8,82
5709,8,82
5710,8,81
5711,8,83
5712,8,83
5713,8,83
5714,8,84
5715,8,84
5716,8,84
5717,8,83
5718,8,83
5719,8,83
5720,8,83
5721,8,84
5722,8,85
5723,8,85
5724,8,86
5725,8,86
5726,8,85
5727,8,86
5728,8,86
5729,8,85
5730,8,86
5731,8,85
5732,8,86
5733,8,86
5734,8,86
5735,8,85
5736,9,82
5737,9,82
5738,9,83
5739,9,83
5740,9,83
5741,9,83
5742,9,84
5743,9,83
5744,9,82
5745,9,82
5746,9,81
5747,9,82
5748,9,82
5749,9,82
5750,9,82
5751,9,82
5752,9,82
5753,9,82
5754,9,82
5755,9,82
5756,9,82
5757,9,83
5758,9,83
5759,9,83
5760,9,81
5761,9,81
5762,9,81
5763,9,79
5764,9,80
5765,9,80
5766,9,80
5767,9,79
5768,9,79
5769,9,79
5770,9,78
5771,9,80
5772,9,80
5773,9,80
5774,9,80
5775,9,79
5776,9,79
5777,9,79
5778,9,80
5779,9,79
5780,9,79
5781,9,80
5782,9,78
5783,9,76
5784,9,76
5785,9,75
5786,9,75
5787,9,74
5788,9,74
5789,9,74
5790,9,74
5791,9,74
5792,9,74
5793,9,74
5794,9,74
5795,9,73
5796,9,73
5797,9,73
5798,9,72
5799,9,72
5801,9,71
5802,9,71
5803,9,70
5804,9,70
5805,9,69
5806,10,68
5807,10,68
5808,10,68
5809,10,69
5810,10,69
5811,10,69
5812,10,70
5813,10,70
5814,10,70
5815,10,70
5816,10,70
5817,10,71
5818,10,70
5819,10,70
5820,10,70
5821,10,70
5822,10,70
5823,10,70
5824,10,70
5825,10,71
5826,10,71
5827,10,71
5828,10,70
5829,10,70
5830,10,70
5831,10,69
5832,10,69
5833,10,69
5834,10,68
5835,10,67
5836,10,67
5837,10,67
5838,10,67
5839,10,67
5840,10,66
5841,10,65
5842,10,66
5843,10,65
5844,10,65
5845,10,65
5846,10,65
5847,10,66
5848,10,66
5849,10,66
5850,10,66
5851,10,66
5852,10,65
5853,10,64
5854,10,64
5855,10,64
5856,10,64
5857,10,64
5858,10,64
5859,10,64
5860,10,65
5861,10,65
5862,10,66
5863,10,66
5864,10,66
5865,10,66
5866,10,66
5867,10,66
5868,10,66
5869,10,66
5870,10,66
5871,10,66
5872,10,67
5873,10,68
5874,10,68
5875,10,67
5876,10,66
5877,10,66
5878,10,65
5879,10,65
5880,10,64
5881,10,63
5882,10,63
5883,10,64
5884,10,64
5885,10,65
5886,10,65
5887,10,65
5888,10,65
5889,10,65
5890,10,65
5891,10,65
5892,10,65
5893,10,65
5894,10,65
5895,10,65
5896,10,65
5897,10,65
5898,10,65
5899,10,65
5901,10,65
5902,10,64
5903,10,64
5904,10,64
5905,10,65
5906,10,64
5907,10,64
5908,10,64
5909,10,64
5910,10,65
5911,10,64
5912,10,64
5913,10,63
5914,10,63
5915,10,64
5916,10,64
5917,10,64
5918,10,63
5919,10,62
5920,10,63
5921,10,63
5922,10,63
5923,10,63
5924,10,63
5925,10,62
5926,10,62
5927,10,61
5928,10,61
5929,10,61
5930,10,62
5931,10,62
5932,10,62
5933,10,62
5934,10,61
5935,10,61
5936,10,61
5937,10,61
5938,10,62
5939,10,62
5940,10,64
5941,10,64
5942,10,63
5943,10,63
5944,10,63
5945,10,63
5946,10,63
5947,10,63
5948,10,62
5949,10,61
5950,10,62
5951,10,63
5952,10,63
5953,9,64
5954,9,64
5955,9,64
5956,9,64
5957,9,63
5958,9,63
5959,9,63
5960,9,62
5961,9,63
5962,9,62
5963,9,62
5964,9,62
5965,9,62
5966,9,62
5967,9,62
5968,9,62
5969,9,62
5970,9,63
5971,9,63
5972,9,63
5973,9,63
5974,9,63
5975,9,63
5976,9,63
5977,9,63
5978,9,62
5979,9,62
5980,9,62
5981,9,61
5982,9,61
5983,9,62
5984,9,62
5985,9,62
5986,8,62
5987,8,62
5988,8,61
5989,8,61
5990,8,61
5991,8,61
5992,8,61
5993,8,63
5994,8,63
5995,8,63
5996,8,64
5997,8,64
5998,8,64
5999,8,63
6001,8,63
6002,8,63
6003,8,64
6004,8,62
6005,8,62
6006,8,62
6007,8,62
6008,8,62
6009,8,62
6010,8,62
6011,8,62
6012,8,62
6013,8,63
6014,8,63
6015,8,63
6016,8,63
6017,8,63
6018,8,62
6019,8,62
6020,8,62
6021,8,61
6022,8,61
6023,8,62
6024,8,62
6025,8,62
6026,8,62
6027,8,60
6028,8,59
6029,8,58
6030,8,57
6031,8,56
6032,8,56
6033,8,57
6034,8,56
6035,7,57
6036,7,57
6037,7,58
6038,7,58
6039,7,57
6040,7,57
6041,7,56
6042,7,56
6043,7,57
6044,7,57
6045,7,57
6046,7,57
6047,7,57
6048,7,58
6049,7,58
6050,7,57
6051,7,57
6052,7,57
6053,7,57
6054,7,57
6055,7,56
6056,7,56
6057,7,57
6058,7,57
6059,7,56
6060,7,55
6061,7,54
6062,7,53
6063,7,53
6064,7,52
6065,7,52
6066,7,52
6067,7,51
6068,7,51
6069,7,53
6070,7,53
6071,7,53
6072,7,54
6073,7,54
6074,7,54
6075,7,54
6076,7,54
6077,7,54
6078,7,54
6079,7,56
6080,7,56
6081,7,55
6082,7,54
6083,6,54
6084,6,54
6085,6,53
6086,6,53
6087,6,52
6088,6,51
6089,6,52
6090,6,52
6091,6,52
6092,6,51
6093,6,52
6094,6,52
6095,6,52
6096,6,53
6097,6,53
6098,6,53
6099,6,54
6101,6,54
6102,6,54
6103,6,55
6104,6,55
6105,6,55
6106,6,56
6107,6,56
6108,6,56
6109,6,57
6110,6,58
6111,6,56
6112,6,57
6113,6,58
6114,6,58
6115,6,57
6116,6,57
6117,6,57
6118,6,57
6119,6,57
6120,6,57
6121,6,57
6122,6,57
6123,6,59
6124,6,59
6125,6,59
6126,6,59
6127,6,60
6128,6,60
6129,6,60
6130,6,60
6131,6,60
6132,6,61
6133,6,63
6134,6,63
6135,6,62
6136,6,62
6137,6,62
6138,6,61
6139,6,61
6140,6,61
6141,6,61
6142,6,60
6143,6,62
6144,6,62
6145,6,61
6146,6,64
6147,6,64
6148,6,64
6149,6,65
6150,6,65
6151,6,65
6152,6,65
6153,6,67
6154,6,65
6155,6,65
6156,6,66
6157,6,66
6158,6,66
6159,6,67
6160,6,67
6161,6,66
6162,6,67
6163,6,68
6164,6,68
6165,6,68
6166,6,69
6167,6,68
6168,5,68
6169,5,68
6170,5,68
6171,5,68
6172,5,69
6173,5,71
6174,5,71
6175,5,71
6176,5,71
6177,5,72
6178,5,73
6179,5,74
6180,5,74
6181,5,74
6182,5,76
6183,5,77
6184,5,77
6185,5,77
6186,5,78
6187,5,79
6188,5,79
6189,5,79
6190,5,79
6191,5,79
6192,5,79
6193,5,79
6194,5,79
6195,5,79
6196,5,79
6197,5,82
6198,5,82
6199,5,82
6201,5,82
6202,5,82
6203,5,85
6204,5,85
6205,5,85
6206,5,85
6207,5,88
6208,5,88
6209,5,87
6210,5,87
6211,5,87
6212,5,87
6213,5,89
6214,5,89
6215,5,89
6216,5,89
6217,5,91
6218,5,91
6219,5,91
6220,5,91
6221,5,91
6222,5,91
6223,5,92
6224,5,91
6225,5,91
6226,5,91
6227,5,92
6228,5,93
6229,5,93
6230,5,93
6231,5,93
6232,5,93
6233,4,93
6234,4,93
6235,4,94
6236,4,94
6237,4,96
6238,4,96
6239,4,96
6240,4,96
6241,4,95
6242,4,94
6243,4,95
6244,4,95
6245,4,96
6246,4,97
6247,4,97
6248,4,97
6249,4,98
6250,4,98
6251,4,98
6252,4,98
6253,4,97
6254,4,97
6255,4,97
6256,4,97
6257,4,98
6258,4,98
6259,4,98
6260,4,98
6261,4,97
6262,4,97
6263,4,96
6264,4,97
6265,4,97
6266,4,97
6267,4,98
6268,4,98
6269,4,98
6270,4,100
6271,4,100
6272,4,100
6273,4,100
6274,4,100
6275,4,100
6276,4,100
6277,4,100
6278,4,101
6279,4,101
6280,4,101
6281,4,101
6282,4,101
6283,4,101
6284,4,101
6285,4,101
6286,4,102
6287,4,101
6288,4,101
6289,4,101
6290,4,101
6291,4,101
6292,4,101
6293,4,101
6294,4,101
6295,4,100
6296,4,101
6297,4,101
6298,4,101
6299,4,101
6301,4,101
6302,4,101
6303,4,101
6304,4,102
6305,4,102
6306,4,102
6307,4,103
6308,4,102
6309,4,102
6310,4,102
6311,4,102
6312,4,102
6313,4,102
6314,4,101
6315,4,102
6316,4,103
6317,4,104
6318,4,103
6319,4,103
6320,3,102
6321,3,102
6322,3,103
6323,3,102
6324,3,101
6325,3,100
6326,3,101
6327,3,99
6328,3,99
6329,3,100
6330,3,100
6331,3,100
6332,3,101
6333,3,100
6334,3,99
6335,3,99
6336,3,98
6337,3,98
6338,3,99
6339,3,100
6340,3,100
6341,3,100
6342,3,101
6343,3,101
6344,3,100
6345,3,99
6346,3,99
6347,3,99
6348,3,98
6349,3,99
6350,3,99
6351,3,99
6352,3,99
6353,3,99
6354,3,98
6355,3,98
6356,3,97
6357,3,95
6358,3,94
6359,3,94
6360,3,94
6361,3,95
6362,3,94
6363,3,94
6364,3,93
6365,3,94
6366,3,93
6367,3,93
6368,3,93
6369,3,93
6370,3,93
6371,3,93
6372,3,92
6373,3,88
6374,3,88
6375,3,88
6376,3,87
6377,3,86
6378,3,85
6379,3,85
6380,3,86
6381,3,87
6382,3,88
6383,3,88
6384,3,88
6385,3,88
6386,3,88
6387,3,89
6388,3,89
6389,3,89
6390,3,89
6391,3,89
6392,3,89
6393,3,89
6394,3,89
6395,3,91
6396,3,89
6397,3,90
6398,3,90
6399,3,90
6401,3,90
6402,3,89
6403,3,89
6404,3,89
6405,3,91
6406,3,91
6407,3,93
6408,3,93
6409,3,92
6410,3,92
6411,3,90
6412,3,90
6413,3,90
6414,2,90
6415,2,92
6416,2,89
6417,2,89
6418,2,89
6419,2,89
6420,2,88
6421,2,88
6422,2,87
6423,2,86
6424,2,86
6425,2,87
6426,2,86
6427,2,86
6428,2,86
6429,2,86
6430,2,85
6431,2,85
6432,2,86
6433,2,86
6434,2,86
6435,2,87
6436,2,87
6437,2,86
6438,2,84
6439,2,83
6440,2,83
6441,2,83
6442,2,83
6443,2,83
6444,2,83
6445,2,85
6446,2,85
6447,2,84
6448,2,83
6449,2,83
6450,2,82
6451,2,83
6452,2,83
6453,2,83
6454,2,83
6455,2,83
6456,2,83
6457,2,83
6458,2,83
6459,2,83
6460,2,83
6461,2,84
6462,2,84
6463,2,83
6464,2,83
6465,2,83
6466,2,83
6467,2,83
6468,2,81
6469,2,80
6470,2,79
6471,2,78
6472,2,77
6473,2,77
6474,2,78
6475,2,78
6476,2,78
6477,2,77
6478,2,76
6479,2,76
6480,2,75
6481,2,75
6482,2,74
6483,2,73
6484,2,73
6485,2,73
6486,2,72
6487,2,71
6488,2,70
6489,2,69
6490,2,69
6491,2,68
6492,2,68
6493,2,68
6494,2,67
6495,2,67
6496,2,67
6497,2,67
6498,2,67
6499,2,67
6501,2,67
6502,2,67
6503,2,67
6504,2,67
6505,2,67
6506,2,67
6507,2,66
6508,2,66
6509,2,66
6510,2,67
6511,2,68
6512,2,68
6513,2,67
6514,2,67
6515,2,67
6516,2,67
6517,2,68
6518,2,68
6519,2,68
6520,2,68
6521,2,68
6522,2,69
6523,2,69
6524,2,69
6525,2,69
6526,2,69
6527,2,70
6528,2,70
6529,2,71
6530,2,71
6531,2,71
6532,2,71
6533,2,71
6534,1,71
6535,1,71
6536,1,71
6537,1,71
6538,1,71
6539,1,71
6540,1,72
6541,1,72
6542,1,72
6543,1,72
6544,1,71
6545,1,71
6546,1,71
6547,1,71
6548,1,71
6549,1,71
6550,1,72
6551,1,72
6552,1,71
6553,1,70
6554,1,70
6555,1,71
6556,1,71
6557,1,71
6558,1,71
6559,1,71
6560,1,71
6561,1,71
6562,1,71
6563,1,71
6564,1,70
6565,1,70
6566,1,69
6567,1,68
6568,1,68
6569,1,68
6570,1,66
6571,1,67
6572,1,68
6573,1,68
6574,1,68
6575,1,68
6576,1,67
6577,1,67
6578,1,67
6579,1,67
6580,1,67
6581,1,67
6582,1,67
6583,1,68
6584,1,67
6585,1,67
6586,1,66
6587,1,66
6588,1,66
6589,1,66
6590,1,67
6591,1,68
6592,1,68
6593,1,69
6594,1,69
6595,1,69
6596,1,69
6597,1,69
6598,1,68
6599,1,66
6601,1,67
6602,1,67
6603,1,67
6604,1,66
6605,1,66
6606,1,66
6607,1,65
6608,1,65
6609,1,65
6610,1,66
6611,1,67
6612,1,66
6613,1,65
6614,1,65
6615,1,64
6616,1,64
6617,1,65
6618,1,65
6619,1,66
6620,1,67
6621,1,67
6622,1,67
6623,1,67
6624,1,67
6625,1,66
6626,1,66
6627,1,67
6628,1,67
6629,1,67
6630,1,70
6631,1,69
6632,1,69
6633,1,70
6634,1,70
6635,1,70
6636,1,70
6637,1,69
6638,1,69
6639,1,69
6640,1,71
6641,1,72
6642,1,72
6643,1,73
6644,1,73
6645,1,74
6646,1,74
6647,1,74
6648,1,73
6649,1,73
6650,1,74
6651,1,75
6652,1,75
6653,1,76
6654,1,76
6655,1,76
6656,1,75
6657,1,74
6658,1,74
6659,1,74
6660,1,74
6661,1,75
6662,1,76
6663,1,76
6664,1,76
6665,1,75
6666,1,76
6667,1,76
6668,1,75
6669,1,75
6670,1,75
6671,1,76
6672,1,76
6673,1,77
6674,1,76
6675,1,77
6676,1,76
6677,1,77
6678,1,77
6679,1,77
6680,1,77
6681,1,78
6682,1,78
6683,1,78
6684,1,77
6685,1,78
6686,1,78
6687,1,79
6688,1,79
6689,1,79
6690,1,79
6691,1,79
6692,1,79
6693,1,79
6694,1,79
6695,1,80
6696,1,80
6697,1,81
6698,1,81
6699,1,81
6701,1,82
6702,1,82
6703,1,82
6704,1,82
6705,1,82
6706,1,82
6707,1,83
6708,1,84
6709,1,84
6710,1,84
6711,1,83
6712,1,83
6713,1,82
6714,1,82
6715,1,83
6716,1,83
6717,1,83
6718,1,82
6719,1,82
6720,1,83
6721,1,83
6722,1,83
6723,1,82
6724,1,82
6725,1,82
6726,1,83
6727,1,83
6728,1,83
6729,1,83
6730,1,83
6731,1,83
6732,1,83
6733,1,83
6734,1,83
6735,1,83
6736,1,85
6737,1,83
6738,1,83
6739,1,83
6740,1,83
6741,1,83
6742,1,83
6743,1,83
6744,1,83
6745,1,83
6746,1,84
6747,1,85
6748,1,85
6749,1,85
6750,1,85
6751,1,85
6752,1,86
6753,1,86
6754,1,86
6755,1,86
6756,1,88
6757,1,88
6758,1,87
6759,1,87
6760,1,88
6761,1,88
6762,1,87
6763,1,87
6764,1,87
6765,1,87
6766,1,89
6767,1,90
6768,1,90
6769,1,90
6770,1,91
6771,1,92
6772,1,92
6773,1,93
6774,1,90
6775,1,88
6776,1,88
6777,1,89
6778,1,88
6779,1,88
6780,1,88
6781,1,88
6782,1,88
6783,1,88
6784,1,88
6785,1,88
6786,1,87
6787,1,86
6788,1,86
6789,1,84
6790,1,84
6791,1,84
6792,1,84
6793,1,84
6794,1,84
6795,1,85
6796,1,85
6797,1,85
6798,1,85
6799,1,85
6801,1,85
6802,1,85
6803,1,84
6804,1,84
6805,1,84
6806,1,84
6807,1,84
6808,1,84
6809,1,84
6810,1,85
6811,1,85
6812,1,85
6813,1,85
6814,1,85
6815,1,85
6816,1,86
6817,1,86
6818,1,86
6819,1,86
6820,1,87
6821,1,87
6822,1,87
6823,1,86
6824,1,86
6825,1,86
6826,1,87
6827,1,87
6828,1,87
6829,1,87
6830,1,86
6831,1,85
6832,1,85
6833,1,85
6834,1,85
6835,1,85
6836,1,86
6837,1,86
6838,1,86
6839,1,86
6840,1,86
6841,1,86
6842,1,87
6843,1,85
6844,1,85
6845,1,85
6846,1,85
6847,1,85
6848,1,85
6849,1,85
6850,1,85
6851,1,85
6852,1,86
6853,1,87
6854,1,87
6855,1,87
6856,1,88
6857,1,88
6858,1,88
6859,1,89
6860,1,89
6861,1,89
6862,1,91
6863,1,91
6864,1,91
6865,1,91
6866,1,91
6867,1,92
6868,1,92
6869,1,91
6870,1,90
6871,1,90
6872,1,90
6873,1,90
6874,1,90
6875,1,90
6876,1,90
6877,1,89
6878,1,89
6879,1,89
6880,1,88
6881,1,88
6882,1,89
6883,1,88
6884,1,88
6885,1,88
6886,1,88
6887,1,88
6888,1,88
6889,1,88
6890,1,87
6891,1,86
6892,1,87
6893,1,87
6894,1,87
6895,1,86
6896,1,87
6897,1,87
6898,1,87
6899,1,86
6901,1,86
6902,1,86
6903,1,87
6904,1,85
6905,1,85
6906,1,84
6907,1,83
6908,1,83
6909,1,83
6910,1,83
6911,1,83
6912,1,83
6913,1,83
6914,1,82
6915,1,82
6916,1,81
6917,1,81
6918,1,82
6919,1,82
6920,1,82
6921,1,82
6922,1,83
6923,1,82
6924,1,82
6925,1,83
6926,1,83
6927,1,82
6928,1,82
6929,1,82
6930,1,82
6931,1,82
6932,1,83
6933,1,83
6934,1,83
6935,1,84
6936,1,83
6937,1,83
6938,1,83
6939,1,83
6940,1,83
6941,1,82
6942,1,82
6943,1,81
6944,1,81
6945,1,82
6946,1,82
6947,1,83
6948,1,84
6949,1,84
6950,1,83
6951,1,83
6952,1,83
6953,1,83
6954,1,83
6955,1,84
6956,1,84
6957,1,84
6958,1,84
6959,1,84
6960,1,84
6961,1,82
6962,1,82
6963,1,82
6964,1,81
6965,1,82
6966,1,81
6967,1,81
6968,1,80
6969,1,80
6970,1,81
6971,1,81
6972,1,79
6973,1,79
6974,1,79
6975,1,80
6976,1,79
6977,1,79
6978,1,79
6979,1,78
6980,1,77
6981,1,76
6982,1,76
6983,1,77
6984,1,76
6985,1,77
6986,1,77
6987,1,77
6988,1,76
6989,1,77
6990,1,77
6991,1,77
6992,1,77
6993,1,78
6994,1,78
6995,1,78
6996,1,78
6997,1,77
6998,1,77
6999,1,78
7001,1,79
7002,1,79
7003,1,78
7004,1,78
7005,1,78
7006,1,78
7007,1,78
7008,1,78
7009,1,78
7010,1,78
7011,1,78
7012,1,78
7013,1,78
7014,1,77
7015,1,77
7016,1,77
7017,1,77
7018,1,78
7019,1,78
7020,1,78
7021,1,78
7022,1,78
7023,1,78
7024,1,78
7025,1,78
7026,1,78
7027,1,78
7028,1,78
7029,1,78
7030,1,78
7031,1,78
7032,1,78
7033,1,79
7034,1,77
7035,1,77
7036,1,77
7037,1,78
7038,1,78
7039,1,78
7040,1,78
7041,1,77
7042,1,77
7043,1,77
7044,1,76
7045,1,76
7046,1,76
7047,1,76
7048,1,76
7049,1,77
7050,1,76
7051,1,75
7052,1,74
7053,1,74
7054,1,74
7055,1,74
7056,1,74
7057,1,74
7058,1,73
7059,1,74
7060,1,74
7061,1,73
7062,1,73
7063,1,72
7064,1,72
7065,1,74
7066,1,73
7067,1,72
7068,1,72
7069,1,73
7070,1,73
7071,1,73
7072,1,73
7073,1,73
7074,1,72
7075,1,70
7076,1,69
7077,1,69
7078,1,68
7079,1,69
7080,1,69
7081,1,70
7082,1,70
7083,1,70
7084,1,69
7085,1,69
7086,1,68
7087,1,68
7088,1,69
7089,1,70
7090,1,70
7091,1,70
7092,1,70
7093,1,70
7094,1,70
7095,1,70
7096,1,69
7097,1,69
7098,1,69
7099,1,70
7101,1,70
7102,1,70
7103,1,70
7104,1,70
7105,1,70
7106,1,70
7107,1,69
7108,1,69
7109,1,69
7110,1,69
7111,1,69
7112,1,69
7113,1,69
7114,1,69
7115,1,68
7116,1,68
7117,1,68
7118,1,68
7119,1,66
7120,1,66
7121,1,66
7122,1,66
7123,1,66
7124,1,66
7125,1,66
7126,1,65
7127,1,65
7128,1,65
7129,1,65
7130,1,65
7131,1,65
7132,1,65
7133,1,64
7134,1,64
7135,1,64
7136,1,64
7137,1,65
7138,1,66
7139,1,65
7140,1,65
7141,1,65
7142,1,66
7143,1,67
7144,1,67
7145,1,67
7146,1,67
7147,1,66
7148,1,66
7149,1,66
7150,1,66
7151,1,66
7152,1,68
7153,1,68
7154,1,68
7155,1,67
7156,1,67
7157,1,66
7158,1,66
7159,1,66
7160,1,66
7161,1,66
7162,1,68
7163,1,68
7164,1,68
7165,1,68
7166,1,68
7167,1,68
7168,1,68
7169,1,68
7170,1,68
7171,1,68
7172,1,69
7173,1,68
7174,1,69
7175,1,69
7176,1,69
7177,1,69
7178,1,69
7179,1,69
7180,1,69
7181,1,69
7182,1,69
7183,1,70
7184,1,70
7185,1,70
7186,1,68
7187,1,67
7188,1,67
7189,1,68
7190,1,68
7191,1,69
7192,1,69
7193,1,69
7194,1,69
7195,1,70
7196,1,70
7197,1,71
7198,1,71
7199,1,70
7201,1,70
7202,1,69
7203,1,70
7204,1,69
7205,1,68
7206,1,68
7207,1,70
7208,1,70
7209,1,70
7210,1,70
7211,1,70
7212,1,70
7213,1,70
7214,1,70
7215,1,70
7216,1,70
7217,1,71
7218,1,72
7219,1,71
7220,1,71
7221,1,71
7222,1,71
7223,1,71
7224,1,71
7225,1,71
7226,1,71
7227,1,72
7228,1,73
7229,1,73
7230,1,73
7231,1,72
7232,1,71
7233,1,71
7234,1,71
7235,1,71
7236,1,71
7237,1,70
7238,1,70
7239,1,70
7240,1,71
7241,1,71
7242,1,71
7243,1,71
7244,1,72
7245,1,72
7246,1,72
7247,1,72
7248,1,73
7249,1,73
7250,1,72
7251,1,72
7252,1,71
7253,1,72
7254,1,73
7255,1,73
7256,1,73
7257,1,73
7258,1,74
7259,1,74
7260,1,74
7261,1,74
7262,1,74
7263,1,74
7264,1,75
7265,1,74
7266,1,74
7267,1,74
7268,1,74
7269,1,74
7270,1,74
7271,1,74
7272,1,74
7273,1,74
7274,1,74
7275,1,75
7276,1,76
7277,1,75
7278,1,75
7279,1,75
7280,1,75
7281,1,75
7282,1,75
7283,1,75
7284,1,75
7285,1,75
7286,1,75
7287,1,76
7288,1,76
7289,1,74
7290,1,74
7291,1,74
7292,1,74
7293,1,74
7294,1,74
7295,1,74
7296,1,73
7297,1,74
7298,1,74
7299,1,75
7301,1,75
7302,1,75
7303,1,75
7304,1,75
7305,1,76
7306,1,75
7307,1,75
7308,1,75
7309,1,76
7310,1,76
7311,1,76
7312,1,76
7313,1,76
7314,1,75
7315,1,76
7316,1,75
7317,1,75
7318,1,75
7319,1,75
7320,1,75
7321,1,75
7322,1,76
7323,1,76
7324,1,77
7325,1,77
7326,1,77
7327,1,77
7328,1,76
7329,1,75
7330,1,75
7331,1,75
7332,1,75
7333,1,74
7334,1,74
7335,1,74
7336,1,74
7337,1,74
7338,1,74
7339,1,73
7340,1,72
7341,1,72
7342,1,73
7343,1,73
7344,1,73
7345,1,73
7346,1,73
7347,1,73
7348,1,73
7349,1,73
7350,1,71
7351,1,71
7352,1,70
7353,1,70
7354,1,70
7355,1,70
7356,1,70
7357,1,68
7358,1,68
7359,1,68
7360,1,67
7361,1,69
7362,1,69
7363,1,70
7364,1,69
7365,1,69
7366,1,68
7367,1,68
7368,1,67
7369,1,68
7370,1,68
7371,1,70
7372,1,70
7373,1,70
7374,1,70
7375,1,70
7376,1,70
7377,1,70
7378,1,69
7379,1,69
7380,1,68
7381,1,69
7382,1,69
7383,1,69
7384,1,69
7385,1,69
7386,1,69
7387,1,68
7388,1,67
7389,1,67
7390,1,67
7391,1,68
7392,1,68
7393,1,69
7394,1,68
7395,1,68
7396,1,69
7397,1,69
7398,1,69
7399,1,70
7401,1,70
7402,1,70
7403,1,71
7404,1,70
7405,1,70
7406,1,70
7407,1,70
7408,1,70
7409,1,71
7410,1,71
7411,1,72
7412,1,72
7413,1,73
7414,1,73
7415,1,73
7416,1,73
7417,1,73
7418,1,72
7419,1,73
7420,1,74
7421,1,74
7422,1,75
7423,1,76
7424,1,76
7425,1,76
7426,1,76
7427,1,76
7428,1,76
7429,1,78
7430,1,78
7431,1,77
7432,1,77
7433,1,78
7434,1,78
7435,1,77
7436,1,77
7437,1,77
7438,1,77
7439,1,78
7440,1,78
7441,1,78
7442,1,78
7443,1,78
7444,1,78
7445,1,78
7446,1,78
7447,1,79
7448,1,79
7449,1,77
7450,1,77
7451,1,75
7452,1,76
7453,1,76
7454,1,75
7455,1,75
7456,1,75
7457,1,75
7458,1,75
7459,1,75
7460,1,75
7461,1,76
7462,1,76
7463,1,76
7464,1,76
7465,1,75
7466,1,75
7467,1,76
7468,1,76
7469,1,76
7470,1,76
7471,1,78
7472,1,78
7473,1,78
7474,1,78
7475,1,77
7476,1,77
7477,1,77
7478,1,77
7479,1,77
7480,1,77
7481,1,77
7482,1,77
7483,1,77
7484,1,77
7485,1,77
7486,1,77
7487,1,78
7488,1,78
7489,1,78
7490,1,78
7491,1,78
7492,1,78
7493,1,77
7494,1,77
7495,1,77
7496,1,77
7497,1,79
7498,1,79
7499,1,80
7501,1,79
7502,1,79
7503,1,78
7504,1,78
7505,1,77
7506,1,76
7507,1,76
7508,1,75
7509,1,76
7510,1,76
7511,1,76
7512,1,76
7513,1,75
7514,1,75
7515,1,75
7516,1,76
7517,1,77
7518,1,77
7519,1,77
7520,1,77
7521,1,78
7522,1,80
7523,1,81
7524,1,81
7525,1,81
7526,1,82
7527,1,82
7528,1,82
7529,1,82
7530,1,83
7531,1,83
7532,1,85
7533,1,85
7534,1,85
7535,1,85
7536,1,85
7537,1,85
7538,1,85
7539,1,85
7540,1,87
7541,1,87
7542,1,86
7543,1,85
7544,1,85
7545,1,85
7546,1,85
7547,1,85
7548,1,85
7549,1,86
7550,1,86
7551,1,86
7552,1,83
7553,1,83
7554,1,83
7555,1,83
7556,1,83
7557,1,83
7558,1,83
7559,1,81
7560,1,81
7561,1,81
7562,1,80
7563,1,80
7564,1,80
7565,1,80
7566,1,81
7567,1,80
7568,1,80
7569,1,80
7570,1,80
7571,1,80
7572,1,80
7573,1,80
7574,1,79
7575,1,79
7576,1,78
7577,1,78
7578,1,78
7579,1,78
7580,1,77
7581,1,78
7582,1,78
7583,1,78
7584,1,78
7585,1,79
7586,1,78
7587,1,78
7588,1,78
7589,1,79
7590,1,79
7591,1,79
7592,1,79
7593,1,80
7594,1,78
7595,1,78
7596,1,78
7597,1,78
7598,1,79
7599,1,77
7601,1,77
7602,1,77
7603,1,77
7604,1,77
7605,1,77
7606,1,77
7607,1,77
7608,1,77
7609,1,77
7610,1,77
7611,1,77
7612,1,77
7613,1,77
7614,1,77
7615,1,77
7616,1,77
7617,1,77
7618,1,77
7619,1,77
7620,1,77
7621,1,77
7622,1,77
7623,1,76
7624,1,76
7625,1,76
7626,1,75
7627,1,73
7628,1,73
7629,1,73
7630,1,73
7631,1,75
7632,1,75
7633,1,75
7634,1,75
7635,1,75
7636,1,75
7637,1,75
7638,1,75
7639,1,75
7640,1,75
7641,1,74
7642,1,74
7643,1,74
7644,1,74
7645,1,74
7646,1,75
7647,1,76
7648,1,76
7649,1,74
7650,1,74
7651,1,74
7652,1,73
7653,1,73
7654,1,72
7655,1,71
7656,1,71
7657,1,71
7658,1,70
7659,1,70
7660,1,70
7661,1,70
7662,1,70
7663,1,69
7664,1,69
7665,1,69
7666,1,69
7667,1,70
7668,1,69
7669,1,69
7670,1,69
7671,1,71
7672,1,71
7673,1,72
7674,1,73
7675,1,73
7676,1,72
7677,1,70
7678,1,70
7679,1,70
7680,1,70
7681,1,70
7682,1,70
7683,1,71
7684,1,70
7685,1,70
7686,1,70
7687,1,70
7688,1,70
7689,1,71
7690,1,71
7691,1,71
7692,1,71
7693,1,72
7694,1,73
7695,1,73
7696,1,74
7697,1,74
7698,1,74
7699,1,74
7701,1,75
7702,1,75
7703,1,75
7704,1,75
7705,1,75
7706,1,75
7707,1,75
7708,1,76
7709,1,76
7710,1,76
7711,1,76
7712,1,78
7713,1,78
7714,1,79
7715,1,79
7716,1,79
7717,1,79
7718,1,80
7719,1,79
7720,1,80
7721,1,80
7722,1,81
7723,1,82
7724,1,82
7725,1,82
7726,1,81
7727,1,81
7728,1,81
7729,1,81
7730,1,81
7731,1,80
7732,1,81
7733,1,83
7734,1,83
7735,1,83
7736,1,84
7737,1,85
7738,1,85
7739,1,85
7740,1,85
7741,1,84
7742,1,84
7743,1,85
7744,1,85
7745,1,85
7746,1,86
7747,1,86
7748,1,86
7749,1,86
7750,1,85
7751,1,83
7752,1,83
7753,1,84
7754,1,84
7755,1,84
7756,1,85
7757,1,85
7758,1,85
7759,1,85
7760,1,85
7761,1,86
7762,1,86
7763,1,85
7764,1,85
7765,1,84
7766,1,84
7767,1,83
7768,1,84
7769,1,85
7770,1,85
7771,1,84
7772,1,84
7773,1,84
7774,1,83
7775,1,83
7776,1,83
7777,1,83
7778,1,83
7779,1,83
7780,1,82
7781,1,82
7782,1,82
7783,1,81
7784,1,83
7785,1,83
7786,1,83
7787,1,83
7788,1,83
7789,1,83
7790,1,83
7791,1,83
7792,1,83
7793,1,83
7794,1,82
7795,1,83
7796,1,83
7797,1,83
7798,1,83
7799,1,82
7801,1,83
7802,1,84
7803,1,85
7804,1,86
7805,1,86
7806,1,86
7807,1,86
7808,1,87
7809,1,87
7810,1,84
7811,1,84
7812,1,86
7813,1,86
7814,1,87
7815,1,87
7816,1,88
7817,1,87
7818,1,88
7819,1,87
7820,1,85
7821,1,85
7822,1,85
7823,1,86
7824,1,86
7825,1,86
7826,1,86
7827,1,86
7828,1,86
7829,1,86
7830,1,86
7831,1,86
7832,1,86
7833,1,88
7834,1,88
7835,1,88
7836,1,88
7837,1,88
7838,1,88
7839,1,88
7840,1,89
7841,1,89
7842,1,89
7843,1,90
7844,1,90
7845,1,90
7846,1,91
7847,1,91
7848,1,92
7849,1,92
7850,1,93
7851,1,93
7852,1,93
7853,1,93
7854,1,93
7855,1,93
7856,1,93
7857,1,93
7858,1,92
7859,1,92
7860,1,92
7861,1,93
7862,1,92
7863,1,91
7864,1,90
7865,1,89
7866,1,89
7867,1,91
7868,1,91
7869,1,91
7870,1,91
7871,1,92
7872,1,92
7873,1,93
7874,1,93
7875,1,93
7876,1,94
7877,1,94
7878,1,94
7879,1,94
7880,1,94
7881,1,95
7882,1,95
7883,1,95
7884,1,95
7885,1,95
7886,1,96
7887,1,96
7888,1,97
7889,1,97
7890,1,97
7891,1,97
7892,1,97
7893,1,97
7894,1,96
7895,1,96
7896,1,96
7897,1,96
7898,1,97
7899,1,97
7901,1,96
7902,1,95
7903,1,94
7904,1,94
7905,1,93
7906,1,93
7907,1,93
7908,1,94
7909,1,94
7910,1,94
7911,1,94
7912,1,93
7913,1,91
7914,1,91
7915,1,91
7916,1,90
7917,1,90
7918,1,90
7919,1,90
7920,1,89
7921,1,89
7922,1,89
7923,1,89
7924,1,89
7925,1,88
7926,1,88
7927,1,89
7928,1,89
7929,1,89
7930,1,88
7931,1,87
7932,1,87
7933,1,87
7934,1,88
7935,1,86
7936,1,85
7937,1,86
7938,1,86
7939,1,87
7940,1,87
7941,1,87
7942,1,87
7943,1,88
7944,1,88
7945,1,87
7946,1,87
7947,1,88
7948,1,88
7949,1,88
7950,1,88
7951,1,88
7952,1,88
7953,1,88
7954,1,88
7955,1,88
7956,1,87
7957,1,86
7958,1,86
7959,1,86
7960,1,85
7961,1,84
7962,1,84
7963,1,84
7964,1,84
7965,1,84
7966,1,84
7967,1,84
7968,1,84
7969,1,84
7970,1,83
7971,1,83
7972,1,83
7973,1,83
7974,1,83
7975,1,83
7976,1,83
7977,1,84
7978,1,83
7979,1,80
7980,1,80
7981,1,80
7982,1,81
7983,1,81
7984,1,81
7985,1,81
7986,1,81
7987,1,80
7988,1,80
7989,1,80
7990,1,80
7991,1,80
7992,1,80
7993,1,79
7994,1,78
7995,1,77
7996,1,75
7997,1,74
7998,1,74
7999,1,74
8001,1,74
8002,1,74
8003,1,73
8004,1,74
8005,1,74
8006,1,74
8007,1,73
8008,1,72
8009,1,72
8010,1,72
8011,1,72
8012,1,72
8013,1,71
8014,1,70
8015,1,70
8016,1,70
8017,1,71
8018,1,69
8019,1,69
8020,1,69
8021,1,69
8022,1,69
8023,1,68
8024,1,68
8025,1,68
8026,1,68
8027,1,69
8028,1,69
8029,1,70
8030,1,70
8031,1,69
8032,1,69
8033,1,69
8034,1,69
8035,1,69
8036,1,69
8037,1,69
8038,1,68
8039,1,69
8040,1,70
8041,1,69
8042,1,68
8043,1,68
8044,1,67
8045,1,67
8046,1,67
8047,1,67
8048,1,67
8049,1,68
8050,1,69
8051,1,69
8052,1,69
8053,1,68
8054,1,67
8055,1,67
8056,1,67
8057,1,64
8058,1,64
8059,1,64
8060,1,64
8061,1,64
8062,1,63
8063,1,63
8064,1,63
8065,1,64
8066,1,65
8067,1,65
8068,1,65
8069,1,66
8070,1,66
8071,1,66
8072,1,67
8073,1,67
8074,1,67
8075,1,67
8076,1,68
8077,1,68
8078,1,68
8079,1,67
8080,1,67
8081,1,67
8082,1,68
8083,1,68
8084,1,68
8085,1,68
8086,1,69
8087,1,69
8088,1,69
8089,1,69
8090,1,70
8091,1,69
8092,1,70
8093,1,70
8094,1,69
8095,1,70
8096,1,70
8097,1,70
8098,1,70
8099,1,70
8101,1,71
8102,1,71
8103,1,71
8104,1,71
8105,1,71
8106,1,71
8107,1,71
8108,1,71
8109,1,71
8110,1,71
8111,1,71
8112,1,72
8113,1,73
8114,1,73
8115,1,73
8116,1,72
8117,1,72
8118,1,72
8119,1,72
8120,1,72
8121,1,72
8122,1,73
8123,1,74
8124,1,73
8125,1,73
8126,1,72
8127,1,72
8128,1,72
8129,1,73
8130,1,73
8131,1,73
8132,1,72
8133,1,72
8134,1,72
8135,1,72
8136,1,72
8137,1,72
8138,1,71
8139,1,71
8140,1,72
8141,1,71
8142,1,71
8143,1,72
8144,1,72
8145,1,72
8146,1,72
8147,1,72
8148,1,72
8149,1,72
8150,1,73
8151,1,73
8152,1,73
8153,1,73
8154,1,72
8155,1,71
8156,1,71
8157,1,72
8158,1,72
8159,1,71
8160,1,71
8161,1,71
8162,1,71
8163,1,71
8164,1,72
8165,1,72
8166,1,72
8167,1,72
8168,1,72
8169,1,72
8170,1,72
8171,1,71
8172,1,72
8173,1,72
8174,1,73
8175,1,73
8176,1,74
8177,1,74
8178,1,74
8179,1,74
8180,1,73
8181,1,73
8182,1,74
8183,1,74
8184,1,74
8185,1,75
8186,1,75
8187,1,75
8188,1,75
8189,1,75
8190,1,75
8191,1,75
8192,1,75
8193,1,75
8194,1,75
8195,1,74
8196,1,75
8197,1,75
8198,1,75
8199,1,75
8201,1,76
8202,1,75
8203,1,74
8204,1,73
8205,1,73
8206,1,74
8207,1,74
8208,1,74
8209,1,74
8210,1,75
8211,1,75
8212,1,72
8213,1,72
8214,1,73
8215,1,73
8216,1,73
8217,1,75
8218,1,75
8219,1,75
8220,1,75
8221,1,75
8222,1,75
8223,1,74
8224,1,73
8225,1,73
8226,1,73
8227,1,73
8228,1,73
8229,1,73
8230,1,72
8231,1,71
8232,1,70
8233,1,70
8234,1,70
8235,1,71
8236,1,71
8237,1,72
8238,1,72
8239,1,71
8240,1,71
8241,1,70
8242,1,70
8243,1,69
8244,1,67
8245,1,69
8246,1,69
8247,1,70
8248,1,70
8249,1,70
8250,1,69
8251,1,70
8252,1,69
8253,1,69
8254,1,68
8255,1,69
8256,1,69
8257,1,70
8258,1,70
8259,1,69
8260,1,69
8261,1,69
8262,1,69
8263,1,68
8264,1,68
8265,1,70
8266,1,70
8267,1,72
8268,1,72
8269,1,71
8270,1,72
8271,1,72
8272,1,72
8273,1,72
8274,1,72
8275,1,72
8276,1,71
8277,1,72
8278,1,72
8279,1,72
8280,1,72
8281,1,72
8282,1,72
8283,1,72
8284,1,72
8285,1,72
8286,1,72
8287,1,72
8288,1,70
8289,1,70
8290,1,70
8291,1,69
8292,1,69
8293,1,70
8294,1,70
8295,1,71
8296,1,70
8297,1,69
8298,1,69
8299,1,69
8301,1,67
8302,1,67
8303,1,68
8304,1,68
8305,1,68
8306,1,67
8307,1,67
8308,1,67
8309,1,67
8310,1,67
8311,1,67
8312,1,67
8313,1,68
8314,1,68
8315,1,69
8316,1,68
8317,1,68
8318,1,68
8319,1,67
8320,1,67
8321,1,67
8322,1,66
8323,1,67
8324,1,67
8325,1,66
8326,1,66
8327,1,66
8328,1,66
8329,1,66
8330,1,67
8331,1,67
8332,1,66
8333,1,66
8334,1,66
8335,1,66
8336,1,65
8337,1,64
8338,1,64
8339,1,64
8340,1,64
8341,1,64
8342,1,64
8343,1,64
8344,1,65
8345,1,65
8346,1,64
8347,1,64
8348,1,64
8349,1,65
8350,1,65
8351,1,65
8352,1,65
8353,1,65
8354,1,65
8355,1,64
8356,1,65
8357,1,63
8358,1,63
8359,1,64
8360,1,64
8361,1,64
8362,1,64
8363,1,63
8364,1,64
8365,1,64
8366,1,63
8367,1,63
8368,1,63
8369,1,63
8370,1,63
8371,1,63
8372,1,63
8373,1,63
8374,1,64
8375,1,63
8376,1,63
8377,1,63
8378,1,63
8379,1,63
8380,1,63
8381,1,63
8382,1,63
8383,1,63
8384,1,64
8385,1,63
8386,1,62
8387,1,63
8388,1,63
8389,1,64
8390,1,64
8391,1,66
8392,1,66
8393,1,66
8394,1,68
8395,1,68
8396,1,68
8397,1,68
8398,1,68
8399,1,69
8401,1,68
8402,1,68
8403,1,68
8404,1,70
8405,1,70
8406,1,69
8407,1,68
8408,1,68
8409,1,69
8410,1,69
8411,1,70
8412,1,70
8413,1,70
8414,1,71
8415,1,71
8416,1,71
8417,1,72
8418,1,72
8419,1,73
8420,1,73
8421,1,74
8422,1,74
8423,1,74
8424,1,75
8425,1,76
8426,1,77
8427,1,77
8428,1,77
8429,1,78
8430,1,79
8431,1,79
8432,1,79
8433,1,79
8434,1,77
8435,1,78
8436,1,78
8437,1,79
8438,1,79
8439,1,79
8440,1,79
8441,1,79
8442,1,78
8443,1,78
8444,1,78
8445,1,79
8446,1,80
8447,1,82
8448,1,82
8449,1,82
8450,1,81
8451,1,81
8452,1,81
8453,1,81
8454,1,81
8455,1,81
8456,1,82
8457,1,81
8458,1,81
8459,1,82
8460,1,82
8461,1,82
8462,1,81
8463,1,81
8464,1,80
8465,1,80
8466,1,81
8467,1,81
8468,1,81
8469,1,82
8470,1,82
8471,1,82
8472,1,82
8473,1,83
8474,1,83
8475,1,83
8476,1,84
8477,1,84
8478,1,83
8479,1,81
8480,1,81
8481,1,81
8482,1,80
8483,1,81
8484,1,81
8485,1,81
8486,1,80
8487,1,79
8488,1,79
8489,1,79
8490,1,79
8491,1,79
8492,1,79
8493,1,78
8494,1,78
8495,1,79
8496,1,79
8497,1,77
8498,1,77
8499,1,76
8501,1,75
8502,1,75
8503,1,75
8504,1,75
8505,1,75
8506,1,76
8507,1,76
8508,1,76
8509,1,76
8510,1,76
8511,1,76
8512,1,76
8513,1,76
8514,1,77
8515,1,77
8516,1,78
8517,1,78
8518,1,79
8519,1,78
8520,1,78
8521,1,78
8522,1,79
8523,1,79
8524,1,78
8525,1,78
8526,1,79
8527,1,78
8528,1,77
8529,1,77
8530,1,77
8531,1,77
8532,1,78
8533,1,78
8534,1,78
8535,1,78
8536,1,79
8537,1,78
8538,1,79
8539,1,79
8540,1,79
8541,1,78
8542,1,78
8543,1,78
8544,1,78
8545,1,80
8546,1,80
8547,1,79
8548,1,80
8549,1,80
8550,1,80
8551,1,80
8552,1,79
8553,1,79
8554,1,79
8555,1,81
8556,1,81
8557,1,80
8558,1,80
8559,1,80
8560,1,80
8561,1,80
8562,1,80
8563,1,80
8564,1,80
8565,1,80
8566,1,80
8567,1,81
8568,1,80
8569,1,80
8570,1,80
8571,1,80
8572,1,81
8573,1,83
8574,1,83
8575,1,83
8576,1,82
8577,1,81
8578,1,81
8579,1,81
8580,1,81
8581,1,81
8582,1,82
8583,1,82
8584,1,83
8585,1,83
8586,1,82
8587,1,82
8588,1,82
8589,1,82
8590,1,81
8591,1,81
8592,1,81
8593,1,81
8594,1,82
8595,1,82
8596,1,82
8597,1,82
8598,1,81
8599,1,81
8601,1,80
8602,1,79
8603,1,79
8604,1,80
8605,1,80
8606,1,80
8607,1,81
8608,1,81
8609,1,81
8610,1,81
8611,1,81
8612,1,81
8613,1,80
8614,1,80
8615,1,80
8616,1,80
8617,1,79
8618,1,79
8619,1,80
8620,1,80
8621,1,78
8622,1,78
8623,1,78
8624,1,77
8625,1,75
8626,1,74
8627,1,74
8628,1,74
8629,1,74
8630,1,74
8631,1,74
8632,1,75
8633,1,76
8634,1,75
8635,1,75
8636,1,74
8637,1,72
8638,1,72
8639,1,72
8640,1,72
8641,1,72
8642,1,72
8643,1,74
8644,1,74
8645,1,74
8646,1,74
8647,1,74
8648,1,74
8649,1,75
8650,1,75
8651,1,75
8652,1,75
8653,1,76
8654,1,76
8655,1,78
8656,1,78
8657,1,78
8658,1,78
8659,1,78
8660,1,78
8661,1,78
8662,1,78
8663,1,79
8664,1,79
8665,1,80
8666,1,81
8667,1,80
8668,1,80
8669,1,81
8670,1,81
8671,1,81
8672,1,81
8673,1,81
8674,1,81
8675,1,82
8676,1,82
8677,1,81
8678,1,81
8679,1,81
8680,1,79
8681,1,79
8682,1,79
8683,1,79
8684,1,80
8685,1,80
8686,1,80
8687,1,80
8688,1,80
8689,1,82
8690,1,83
8691,1,83
8692,1,83
8693,1,83
8694,1,83
8695,1,83
8696,1,83
8697,1,82
8698,1,82
8699,1,84
8701,1,84
8702,1,85
8703,1,86
8704,1,86
8705,1,86
8706,1,85
8707,1,85
8708,1,85
8709,1,87
8710,1,87
8711,1,87
8712,1,88
8713,1,88
8714,1,87
8715,1,87
8716,1,87
8717,1,86
8718,1,88
8719,1,89
8720,1,88
8721,1,89
8722,1,91
8723,1,91
8724,1,91
8725,1,91
8726,1,91
8727,1,91
8728,1,92
8729,1,92
8730,1,93
8731,1,93
8732,1,93
8733,1,94
8734,1,94
8735,1,93
8736,1,93
8737,1,93
8738,1,95
8739,1,95
8740,1,95
8741,1,95
8742,1,94
8743,1,95
8744,1,95
8745,1,95
8746,1,94
8747,1,94
8748,1,96
8749,1,97
8750,1,96
8751,1,96
8752,1,97
8753,1,97
8754,1,97
8755,1,97
8756,1,98
8757,1,98
8758,1,99
8759,1,99
8760,1,99
8761,1,99
8762,1,100
8763,1,100
8764,1,98
8765,1,98
8766,1,99
8767,1,98
8768,1,98
8769,1,98
8770,1,97
8771,1,96
8772,1,96
8773,1,96
8774,1,96
8775,1,96
8776,1,97
8777,1,98
8778,1,98
8779,1,98
8780,1,97
8781,1,96
8782,1,96
8783,1,96
8784,1,97
8785,1,97
8786,1,97
8787,1,98
8788,1,98
8789,1,97
8790,1,96
8791,1,95
8792,1,95
8793,1,95
8794,1,95
8795,1,96
8796,1,96
8797,1,96
8798,1,96
8799,1,96
8801,1,96
8802,1,95
8803,1,95
8804,1,95
8805,1,95
8806,1,94
8807,1,92
8808,1,92
8809,1,92
8810,1,93
8811,1,93
8812,1,93
8813,1,93
8814,1,93
8815,1,92
8816,1,92
8817,1,92
8818,1,90
8819,1,90
8820,1,92
8821,1,92
8822,1,92
8823,1,92
8824,1,91
8825,1,91
8826,1,91
8827,1,91
8828,1,91
8829,1,90
8830,1,90
8831,1,90
8832,1,88
8833,1,88
8834,1,88
8835,1,89
8836,1,89
8837,1,89
8838,1,89
8839,1,89
8840,1,89
8841,1,89
8842,1,89
8843,1,89
8844,1,89
8845,1,89
8846,1,88
8847,1,88
8848,1,86
8849,1,86
8850,1,84
8851,1,84
8852,1,84
8853,1,84
8854,1,85
8855,1,85
8856,1,84
8857,1,83
8858,1,83
8859,1,83
8860,1,84
8861,1,85
8862,1,84
8863,1,84
8864,1,83
8865,1,83
8866,1,82
8867,1,81
8868,1,81
8869,1,81
8870,1,81
8871,1,81
8872,1,81
8873,1,81
8874,1,81
8875,1,81
8876,1,81
8877,1,81
8878,1,81
8879,1,82
8880,1,80
8881,1,80
8882,1,81
8883,1,81
8884,1,82
8885,1,82
8886,1,84
8887,1,83
8888,1,83
8889,1,83
8890,1,83
8891,1,83
8892,1,82
8893,1,81
8894,1,83
8895,1,82
8896,1,83
8897,1,83
8898,1,83
8899,1,83
8901,1,83
8902,1,84
8903,1,84
8904,1,84
8905,1,83
8906,1,83
8907,1,84
8908,1,83
8909,1,83
8910,1,82
8911,1,82
8912,1,83
8913,1,83
8914,1,83
8915,1,83
8916,1,83
8917,1,82
8918,1,82
8919,1,82
8920,1,82
8921,1,79
8922,1,80
8923,1,80
8924,1,80
8925,1,79
8926,1,79
8927,1,78
8928,1,76
8929,1,76
8930,1,76
8931,1,76
8932,1,77
8933,1,77
8934,1,77
8935,1,77
8936,1,77
8937,1,77
8938,1,77
8939,1,77
8940,1,77
8941,1,77
8942,1,77
8943,1,76
8944,1,75
8945,1,74
8946,1,74
8947,1,74
8948,1,74
8949,1,74
8950,1,74
8951,1,74
8952,1,74
8953,1,73
8954,1,73
8955,1,73
8956,1,73
8957,1,73
8958,1,73
8959,1,73
8960,1,72
8961,1,72
8962,1,74
8963,1,74
8964,1,74
8965,1,74
8966,1,73
8967,1,73
8968,1,73
8969,1,73
8970,1,73
8971,1,73
8972,1,72
8973,1,73
8974,1,73
8975,1,74
8976,1,74
8977,1,74
8978,1,74
8979,1,73
8980,1,72
8981,1,72
8982,1,72
8983,1,72
8984,1,72
8985,1,72
8986,1,72
8987,1,72
8988,1,71
8989,1,70
8990,1,70
8991,1,70
8992,1,70
8993,1,70
8994,1,70
8995,1,69
8996,1,69
8997,1,69
8998,1,69
8999,1,69
9001,1,70
9002,1,70
9003,1,70
9004,1,70
9005,1,70
9006,1,70
9007,1,70
9008,1,71
9009,1,71
9010,1,70
9011,1,71
9012,1,71
9013,1,70
9014,1,69
9015,1,69
9016,1,69
9017,1,70
9018,1,70
9019,1,71
9020,1,71
9021,1,72
9022,1,71
9023,1,70
9024,1,70
9025,1,70
9026,1,70
9027,1,70
9028,1,70
9029,1,72
9030,1,72
9031,1,73
9032,1,72
9033,1,73
9034,1,73
9035,1,73
9036,1,72
9037,1,72
9038,1,71
9039,1,68
9040,1,67
9041,1,67
9042,1,66
9043,1,67
9044,1,67
9045,1,67
9046,1,66
9047,1,65
9048,1,64
9049,1,64
9050,1,65
9051,1,65
9052,1,65
9053,1,66
9054,1,66
9055,1,66
9056,1,65
9057,1,65
9058,1,65
9059,1,65
9060,1,65
9061,1,66
9062,1,66
9063,1,66
9064,1,67
9065,1,67
9066,1,67
9067,1,67
9068,1,68
9069,1,68
9070,1,68
9071,1,69
9072,1,69
9073,1,69
9074,1,70
9075,1,70
9076,1,70
9077,1,70
9078,1,70
9079,1,70
9080,1,70
9081,1,71
9082,1,70
9083,1,70
9084,1,70
9085,1,71
9086,1,71
9087,1,71
9088,1,71
9089,1,70
9090,1,70
9091,1,71
9092,1,71
9093,1,71
9094,1,72
9095,1,72
9096,1,71
9097,1,71
9098,1,71
9099,1,71
9101,1,73
9102,1,74
9103,1,74
9104,1,74
9105,1,73
9106,1,73
9107,1,73
9108,1,73
9109,1,73
9110,1,73
9111,1,75
9112,1,76
9113,1,76
9114,1,75
9115,1,75
9116,1,74
9117,1,74
9118,1,74
9119,1,74
9120,1,74
9121,1,74
9122,1,75
9123,1,75
9124,1,75
9125,1,75
9126,1,76
9127,1,77
9128,1,77
9129,1,75
9130,1,75
9131,1,75
9132,1,75
9133,1,75
9134,1,75
9135,1,75
9136,1,76
9137,1,77
9138,1,77
9139,1,77
9140,1,76
9141,1,76
9142,1,76
9143,1,77
9144,1,77
9145,1,77
9146,1,76
9147,1,77
9148,1,77
9149,1,77
9150,1,77
9151,1,77
9152,1,78
9153,1,79
9154,1,79
9155,1,78
9156,1,78
9157,1,79
9158,1,80
9159,1,81
9160,1,80
9161,1,80
9162,1,80
9163,1,79
9164,1,78
9165,1,78
9166,1,78
9167,1,77
9168,1,77
9169,1,78
9170,1,78
9171,1,78
9172,1,78
9173,1,78
9174,1,78
9175,1,78
9176,1,78
9177,1,79
9178,1,78
9179,1,79
9180,1,78
9181,1,78
9182,1,78
9183,1,79
9184,1,79
9185,1,79
9186,1,78
9187,1,78
9188,1,78
9189,1,78
9190,1,79
9191,1,80
9192,1,80
9193,1,79
9194,1,79
9195,1,79
9196,1,79
9197,1,80
9198,1,80
9199,1,81
9201,1,80
9202,1,81
9203,1,81
9204,1,81
9205,1,80
9206,1,80
9207,1,80
9208,1,80
9209,1,81
9210,1,80
9211,1,80
9212,1,79
9213,1,80
9214,1,80
9215,1,80
9216,1,79
9217,1,79
9218,1,78
9219,1,79
9220,1,81
9221,1,81
9222,1,81
9223,1,81
9224,1,82
9225,1,81
9226,1,80
9227,1,80
9228,1,79
9229,1,79
9230,1,79
9231,1,80
9232,1,80
9233,1,81
9234,1,81
9235,1,81
9236,1,81
9237,1,81
9238,1,81
9239,1,82
9240,1,82
9241,1,84
9242,1,84
9243,1,84
9244,1,84
9245,1,83
9246,1,84
9247,1,85
9248,1,85
9249,1,85
9250,1,85
9251,1,87
9252,1,87
9253,1,87
9254,1,87
9255,1,87
9256,1,89
9257,1,89
9258,1,89
9259,1,88
9260,1,88
9261,1,88
9262,1,88
9263,1,88
9264,1,88
9265,1,89
9266,1,90
9267,1,91
9268,1,91
9269,1,91
9270,1,91
9271,1,91
9272,1,90
9273,1,90
9274,1,90
9275,1,90
9276,1,91
9277,1,92
9278,1,91
9279,1,91
9280,1,91
9281,1,91
9282,1,91
9283,1,91
9284,1,90
9285,1,89
9286,1,89
9287,1,90
9288,1,90
9289,1,90
9290,1,90
9291,1,91
9292,1,90
9293,1,90
9294,1,90
9295,1,90
9296,1,91
9297,1,91
9298,1,91
9299,1,92
9301,1,92
9302,1,92
9303,1,91
9304,1,91
9305,1,90
9306,1,91
9307,1,91
9308,1,91
9309,1,91
9310,1,91
9311,1,92
9312,1,92
9313,1,92
9314,1,91
9315,1,92
9316,1,92
9317,1,91
9318,1,91
9319,1,91
9320,1,91
9321,1,92
9322,1,92
9323,1,92
9324,1,90
9325,1,87
9326,1,87
9327,1,87
9328,1,88
9329,1,88
9330,1,88
9331,1,90
9332,1,91
9333,1,92
9334,1,91
9335,1,91
9336,1,91
9337,1,91
9338,1,90
9339,1,90
9340,1,90
9341,1,92
9342,1,90
9343,1,91
9344,1,91
9345,1,90
9346,1,90
9347,1,89
9348,1,88
9349,1,88
9350,1,88
9351,1,88
9352,1,87
9353,1,87
9354,1,87
9355,1,87
9356,1,86
9357,1,85
9358,1,85
9359,1,84
9360,1,84
9361,1,83
9362,1,84
9363,1,84
9364,1,83
9365,1,83
9366,1,82
9367,1,82
9368,1,80
9369,1,80
9370,1,79
9371,1,79
9372,1,79
9373,1,79
9374,1,80
9375,1,80
9376,1,80
9377,1,80
9378,1,80
9379,1,79
9380,1,79
9381,1,80
9382,1,82
9383,1,81
9384,1,82
9385,1,81
9386,1,79
9387,1,79
9388,1,79
9389,1,79
9390,1,79
9391,1,80
9392,1,81
9393,1,81
9394,1,80
9395,1,80
9396,1,79
9397,1,79
9398,1,79
9399,1,80
9401,1,80
9402,1,80
9403,1,80
9404,1,80
9405,1,80
9406,1,80
9407,1,80
9408,1,80
9409,1,80
9410,1,80
9411,1,80
9412,1,79
9413,1,79
9414,1,79
9415,1,80
9416,1,81
9417,1,82
9418,1,81
9419,1,81
9420,1,80
9421,1,80
9422,1,80
9423,1,78
9424,1,78
9425,1,79
9426,1,78
9427,1,77
9428,1,77
9429,1,76
9430,1,76
9431,1,75
9432,1,75
9433,1,75
9434,1,75
9435,1,75
9436,1,77
9437,1,77
9438,1,77
9439,1,76
9440,1,76
9441,1,76
9442,1,77
9443,1,77
9444,1,77
9445,1,77
9446,1,79
9447,1,80
9448,1,80
9449,1,80
9450,1,80
9451,1,80
9452,1,80
9453,1,80
9454,1,79
9455,1,77
9456,1,77
9457,1,77
9458,1,76
9459,1,76
9460,1,76
9461,1,76
9462,1,77
9463,1,75
9464,1,75
9465,1,75
9466,1,75
9467,1,75
9468,1,75
9469,1,75
9470,1,74
9471,1,73
9472,1,74
9473,1,73
9474,1,74
9475,1,74
9476,1,73
9477,1,73
9478,1,73
9479,1,73
9480,1,74
9481,1,73
9482,1,73
9483,1,73
9484,1,73
9485,1,73
9486,1,73
9487,1,73
9488,1,73
9489,1,74
9490,1,73
9491,1,73
9492,1,73
9493,1,73
9494,1,73
9495,1,73
9496,1,72
9497,1,72
9498,1,72
9499,1,73
9501,1,72
9502,1,72
9503,1,72
9504,1,72
9505,1,72
9506,1,72
9507,1,74
9508,1,72
9509,1,72
9510,1,72
9511,1,72
9512,1,71
9513,1,71
9514,1,71
9515,1,71
9516,1,71
9517,1,70
9518,1,69
9519,1,69
9520,1,69
9521,1,69
9522,1,68
9523,1,67
9524,1,68
9525,1,68
9526,1,68
9527,1,68
9528,1,68
9529,1,68
9530,1,68
9531,1,68
9532,1,68
9533,1,68
9534,1,69
9535,1,69
9536,1,69
9537,1,69
9538,1,69
9539,1,68
9540,1,66
9541,1,66
9542,1,65
9543,1,64
9544,1,63
9545,1,63
9546,1,63
9547,1,62
9548,1,63
9549,1,63
9550,1,63
9551,1,63
9552,1,63
9553,1,64
9554,1,65
9555,1,66
9556,1,66
9557,1,66
9558,1,66
9559,1,65
9560,1,64
9561,1,64
9562,1,64
9563,1,64
9564,1,64
9565,1,64
9566,1,64
9567,1,64
9568,1,65
9569,1,65
9570,1,65
9571,1,65
9572,1,65
9573,1,64
9574,1,64
9575,1,62
9576,1,62
9577,1,62
9578,1,62
9579,1,62
9580,1,62
9581,1,62
9582,1,62
9583,1,62
9584,1,62
9585,1,62
9586,1,62
9587,1,62
9588,1,62
9589,1,62
9590,1,62
9591,1,63
9592,1,61
9593,1,61
9594,1,60
9595,1,60
9596,1,60
9597,1,61
9598,1,61
9599,1,61
9601,1,62
9602,1,62
9603,1,62
9604,1,62
9605,1,62
9606,1,62
9607,1,62
9608,1,62
9609,1,62
9610,1,62
9611,1,62
9612,1,62
9613,1,62
9614,1,62
9615,1,62
9616,1,63
9617,1,64
9618,1,64
9619,1,64
9620,1,65
9621,1,65
9622,1,65
9623,1,66
9624,1,65
9625,1,65
9626,1,65
9627,1,65
9628,1,65
9629,1,65
9630,1,67
9631,1,66
9632,1,65
9633,1,66
9634,1,65
9635,1,65
9636,1,65
9637,1,65
9638,1,65
9639,1,66
9640,1,65
9641,1,65
9642,1,65
9643,1,65
9644,1,65
9645,1,65
9646,1,64
9647,1,64
9648,1,64
9649,1,65
9650,1,64
9651,1,65
9652,1,65
9653,1,66
9654,1,66
9655,1,66
9656,1,66
9657,1,66
9658,1,66
9659,1,68
9660,1,68
9661,1,68
9662,1,68
9663,1,69
9664,1,68
9665,1,68
9666,1,68
9667,1,68
9668,1,68
9669,1,69
9670,1,68
9671,1,68
9672,1,68
9673,1,68
9674,1,68
9675,1,68
9676,1,68
9677,1,69
9678,1,69
9679,1,70
9680,1,70
9681,1,70
9682,1,70
9683,1,71
9684,1,71
9685,1,70
9686,1,72
9687,1,72
9688,1,72
9689,1,72
9690,1,72
9691,1,71
9692,1,71
9693,1,71
9694,1,71
9695,1,71
9696,1,72
9697,1,72
9698,1,72
9699,1,74
9701,1,74
9702,1,75
9703,1,77
9704,1,77
9705,1,76
9706,1,77
9707,1,76
9708,1,76
9709,1,77
9710,1,76
9711,1,76
9712,1,76
9713,1,77
9714,1,77
9715,1,77
9716,1,77
9717,1,76
9718,1,76
9719,1,78
9720,1,78
9721,1,78
9722,1,78
9723,1,79
9724,1,80
9725,1,80
9726,1,80
9727,1,80
9728,1,80
9729,1,80
9730,1,81
9731,1,83
9732,1,83
9733,1,84
9734,1,85
9735,1,86
9736,1,86
9737,1,86
9738,1,86
9739,1,86
9740,1,86
9741,1,87
9742,1,87
9743,1,87
9744,1,87
9745,1,88
9746,1,87
9747,1,87
9748,1,87
9749,1,87
9750,1,87
9751,1,86
9752,1,87
9753,1,88
9754,1,89
9755,1,89
9756,1,89
9757,1,90
9758,1,90
9759,1,90
9760,1,90
9761,1,88
9762,1,89
9763,1,89
9764,1,89
9765,1,89
9766,1,89
9767,1,89
9768,1,89
9769,1,89
9770,1,89
9771,1,89
9772,1,88
9773,1,88
9774,1,88
9775,1,87
9776,1,87
9777,1,88
9778,1,88
9779,1,88
9780,1,88
9781,1,89
9782,1,89
9783,1,89
9784,1,90
9785,1,91
9786,1,91
9787,1,90
9788,1,90
9789,1,90
9790,1,90
9791,1,91
9792,1,92
9793,1,92
9794,1,92
9795,1,93
9796,1,93
9797,1,93
9798,1,93
9799,1,93
9801,1,93
9802,1,94
9803,1,94
9804,1,94
9805,1,93
9806,1,93
9807,1,93
9808,1,93
9809,1,92
9810,1,92
9811,1,92
9812,1,91
9813,1,91
9814,1,91
9815,1,91
9816,1,91
9817,1,90
9818,1,90
9819,1,90
9820,1,90
9821,1,90
9822,1,89
9823,1,89
9824,1,89
9825,1,89
9826,1,89
9827,1,89
9828,1,87
9829,1,87
9830,1,88
9831,1,88
9832,1,88
9833,1,88
9834,1,88
9835,1,87
9836,1,87
9837,1,87
9838,1,88
9839,1,88
9840,1,88
9841,1,87
9842,1,87
9843,1,88
9844,1,88
9845,1,88
9846,1,87
9847,1,87
9848,1,87
9849,1,86
9850,1,86
9851,1,86
9852,1,85
9853,1,84
9854,1,84
9855,1,84
9856,1,84
9857,1,84
9858,1,83
9859,1,84
9860,1,84
9861,1,83
9862,1,82
9863,1,81
9864,1,81
9865,1,81
9866,1,81
9867,1,82
9868,1,83
9869,1,83
9870,1,83
9871,1,83
9872,1,83
9873,1,83
9874,1,83
9875,1,82
9876,1,82
9877,1,84
9878,1,84
9879,1,84
9880,1,84
9881,1,84
9882,1,83
9883,1,84
9884,1,84
9885,1,84
9886,1,84
9887,1,84
9888,1,84
9889,1,84
9890,1,84
9891,1,84
9892,1,85
9893,1,85
9894,1,85
9895,1,85
9896,1,84
9897,1,84
9898,1,84
9899,1,83
9901,1,83
9902,1,84
9903,1,83
9904,1,84
9905,1,84
9906,1,84
9907,1,86
9908,1,86
9909,1,86
9910,1,86
9911,1,86
9912,1,86
9913,1,86
9914,1,87
9915,1,87
9916,1,86
9917,1,85
9918,1,85
9919,1,85
9920,1,83
9921,1,84
9922,1,85
9923,1,85
9924,1,84
9925,1,84
9926,1,84
9927,1,84
9928,1,84
9929,1,84
9930,1,83
9931,1,83
9932,1,84
9933,1,83
9934,1,83
9935,1,83
9936,1,85
9937,1,85
9938,1,84
9939,1,84
9940,1,84
9941,1,84
9942,1,85
9943,1,85
9944,1,85
9945,1,85
9946,1,85
9947,1,85
9948,1,85
9949,1,85
9950,1,85
9951,1,84
9952,1,84
9953,1,84
9954,1,85
9955,1,85
9956,1,86
9957,1,85
9958,1,85
9959,1,85
9960,1,85
9961,1,85
9962,1,85
9963,1,85
9964,1,85
9965,1,85
9966,1,85
9967,1,85
9968,1,84
9969,1,85
9970,1,85
9971,1,85
9972,1,85
9973,1,85
9974,1,84
9975,1,84
9976,1,84
9977,1,84
9978,1,84
9979,1,84
9980,1,84
9981,1,84
9982,1,85
9983,1,85
9984,1,84
9985,1,84
9986,1,84
9987,1,84
9988,1,84
9989,1,85
9990,1,85
9991,1,85
9992,1,86
9993,1,86
9994,1,86
9995,1,87
9996,1,87
9997,1,86
9998,1,86
9999,1,86
10001,1,86
10002,1,86
10003,1,84
10004,1,85
10005,1,83
10006,1,83
10007,1,83
10008,1,83
10009,1,83
10010,1,82
10011,1,82
10012,1,84
10013,1,85
10014,1,84
10015,1,84
10016,1,84
10017,1,84
10018,1,83
10019,1,83
10020,1,83
10021,1,83
10022,1,83
10023,1,83
10024,1,84
10025,1,84
10026,1,83
10027,1,83
10028,1,82
10029,1,82
10030,1,81
10031,1,81
10032,1,81
10033,1,80
10034,1,82
10035,1,83
10036,1,83
10037,1,83
10038,1,83
10039,1,83
10040,1,83
10041,1,83
10042,1,83
10043,1,83
10044,1,82
10045,1,82
10046,1,81
10047,1,81
10048,1,82
10049,1,81
10050,1,81
10051,1,81
10052,1,81
10053,1,82
10054,1,82
10055,1,82
10056,1,81
10057,1,81
10058,1,82
10059,1,82
10060,1,82
10061,1,81
10062,1,81
10063,1,81
10064,1,81
10065,1,81
10066,1,80
10067,1,79
10068,1,79
10069,1,79
10070,1,77
10071,1,76
10072,1,75
10073,1,75
10074,1,75
10075,1,76
10076,1,76
10077,1,76
10078,1,76
10079,1,75
10080,1,73
10081,1,73
10082,1,73
10083,1,73
10084,1,72
10085,1,72
10086,1,72
10087,1,72
10088,1,72
10089,1,71
10090,1,72
10091,1,71
10092,1,72
10093,1,72
10094,1,72
10095,1,72
10096,1,72
10097,1,72
10098,1,72
10099,1,72
10101,1,72
10102,1,72
10103,1,72
10104,1,71
10105,1,72
10106,1,72
10107,1,72
10108,1,72
10109,1,72
10110,1,71
10111,1,70
10112,1,70
10113,1,70
10114,1,70
10115,1,71
10116,1,71
10117,1,71
10118,1,71
10119,1,71
10120,1,70
10121,1,70
10122,1,69
10123,1,69
10124,1,69
10125,1,69
10126,1,68
10127,1,68
10128,1,68
10129,1,69
10130,1,69
10131,1,70
10132,1,70
10133,1,70
10134,1,69
10135,1,69
10136,1,69
10137,1,69
10138,1,68
10139,1,68
10140,1,68
10141,1,68
10142,1,68
10143,1,67
10144,1,67
10145,1,67
10146,1,66
10147,1,65
10148,1,66
10149,1,65
10150,1,65
10151,1,66
10152,1,67
10153,1,67
10154,1,67
10155,1,67
10156,1,67
10157,1,67
10158,1,67
10159,1,66
10160,1,67
10161,1,66
10162,1,66
10163,1,66
10164,1,66
10165,1,66
10166,1,66
10167,1,65
10168,1,65
10169,1,65
10170,1,65
10171,1,64
10172,1,65
10173,1,66
10174,1,66
10175,1,66
10176,1,66
10177,1,66
10178,1,67
10179,1,67
10180,1,66
10181,1,66
10182,1,65
10183,1,65
10184,1,65
10185,1,65
10186,1,64
10187,1,64
10188,1,64
10189,1,64
10190,1,63
10191,1,63
10192,1,64
10193,1,64
10194,1,65
10195,1,65
10196,1,65
10197,1,65
10198,1,65
10199,1,65
10201,1,65
10202,1,65
10203,1,65
10204,1,68
10205,1,68
10206,1,68
10207,1,68
10208,1,68
10209,1,68
10210,1,68
10211,1,69
10212,1,67
10213,1,65
10214,1,66
10215,1,66
10216,1,66
10217,1,66
10218,1,66
10219,1,66
10220,1,66
10221,1,66
10222,1,65
10223,1,65
10224,1,67
10225,1,67
10226,1,68
10227,1,68
10228,1,68
10229,1,68
10230,1,68
10231,1,68
10232,1,68
10233,1,68
10234,1,70
10235,1,71
10236,1,71
10237,1,71
10238,1,71
10239,1,71
10240,1,71
10241,1,71
10242,1,71
10243,1,71
10244,1,71
10245,1,71
10246,1,71
10247,1,71
10248,1,72
10249,1,73
10250,1,73
10251,1,73
10252,1,73
10253,1,72
10254,1,72
10255,1,72
10256,1,72
10257,1,72
10258,1,71
10259,1,72
10260,1,71
10261,1,71
10262,1,71
10263,1,72
10264,1,72
10265,1,72
10266,1,72
10267,1,72
10268,1,72
10269,1,72
10270,1,73
10271,1,73
10272,1,73
10273,1,74
10274,1,74
10275,1,74
10276,1,74
10277,1,74
10278,1,74
10279,1,75
10280,1,74
10281,1,75
10282,1,76
10283,1,76
10284,1,76
10285,1,77
10286,1,76
10287,1,76
10288,1,76
10289,1,77
10290,1,77
10291,1,78
10292,1,78
10293,1,78
10294,1,78
10295,1,78
10296,1,78
10297,1,78
10298,1,78
10299,1,78
10301,1,80
10302,1,80
10303,1,80
10304,1,79
10305,1,79
10306,1,79
10307,1,79
10308,1,79
10309,1,79
10310,1,79
10311,1,79
10312,1,78
10313,1,78
10314,1,78
10315,1,78
10316,1,78
10317,1,78
10318,1,77
10319,1,76
10320,1,76
10321,1,77
10322,1,77
10323,1,77
10324,1,77
10325,1,78
10326,1,78
10327,1,79
10328,1,77
10329,1,77
10330,1,78
10331,1,78
10332,1,78
10333,1,78
10334,1,77
10335,1,77
10336,1,77
10337,1,78
10338,1,79
10339,1,79
10340,1,82
10341,1,82
10342,1,82
10343,1,83
10344,1,83
10345,1,83
10346,1,83
10347,1,83
10348,1,84
10349,1,83
10350,1,84
10351,1,84
10352,1,84
10353,1,85
10354,1,85
10355,1,85
10356,1,85
10357,1,85
10358,1,85
10359,1,85
10360,1,83
10361,1,83
10362,1,83
10363,1,83
10364,1,82
10365,1,82
10366,1,82
10367,1,81
10368,1,81
10369,1,81
10370,1,81
10371,1,81
10372,1,81
10373,1,81
10374,1,79
10375,1,79
10376,1,80
10377,1,80
10378,1,80
10379,1,80
10380,1,80
10381,1,79
10382,1,79
10383,1,79
10384,1,79
10385,1,79
10386,1,79
10387,1,79
10388,1,79
10389,1,78
10390,1,77
10391,1,77
10392,1,77
10393,1,77
10394,1,79
10395,1,79
10396,1,76
10397,1,75
10398,1,75
10399,1,75
10401,1,75
10402,1,75
10403,1,74
10404,1,74
10405,1,74
10406,1,74
10407,1,75
10408,1,75
10409,1,75
10410,1,76
10411,1,76
10412,1,76
10413,1,76
10414,1,75
10415,1,75
10416,1,75
10417,1,75
10418,1,75
10419,1,76
10420,1,75
10421,1,75
10422,1,74
10423,1,74
10424,1,74
10425,1,74
10426,1,74
10427,1,73
10428,1,73
10429,1,74
10430,1,75
10431,1,76
10432,1,76
10433,1,76
10434,1,76
10435,1,77
10436,1,77
10437,1,77
10438,1,77
10439,1,77
10440,1,77
10441,1,78
10442,1,79
10443,1,79
10444,1,80
10445,1,80
10446,1,80
10447,1,75
10448,1,75
10449,1,75
10450,1,75
10451,1,76
10452,1,76
10453,1,77
10454,1,76
10455,1,76
10456,1,76
10457,1,76
10458,1,76
10459,1,75
10460,1,75
10461,1,75
10462,1,76
10463,1,75
10464,1,75
10465,1,75
10466,1,74
10467,1,74
10468,1,75
10469,1,75
10470,1,75
10471,1,77
10472,1,78
10473,1,78
10474,1,78
10475,1,77
10476,1,77
10477,1,77
10478,1,78
10479,1,77
10480,1,77
10481,1,79
10482,1,78
10483,1,76
10484,1,76
10485,1,75
10486,1,75
10487,1,75
10488,1,75
10489,1,75
10490,1,74
10491,1,75
10492,1,76
10493,1,76
10494,1,76
10495,1,76
10496,1,76
10497,1,76
10498,1,76
10499,1,76
10501,1,77
10502,1,77
10503,1,77
10504,1,77
10505,1,77
10506,1,77
10507,1,77
10508,1,77
10509,1,77
10510,1,77
10511,1,78
10512,1,78
10513,1,78
10514,1,78
10515,1,79
10516,1,78
10517,1,78
10518,1,78
10519,1,78
10520,1,78
10521,1,78
10522,1,78
10523,1,78
10524,1,78
10525,1,79
10526,1,77
10527,1,77
10528,1,77
10529,1,77
10530,1,77
10531,1,77
10532,1,77
10533,1,77
10534,1,77
10535,1,78
10536,1,77
10537,1,78
10538,1,78
10539,1,78
10540,1,78
10541,1,77
10542,1,76
10543,1,76
10544,1,74
10545,1,74
10546,1,73
10547,1,71
10548,1,71
10549,1,71
10550,1,69
10551,1,69
10552,1,69
10553,1,70
10554,1,70
10555,1,70
10556,1,70
10557,1,70
10558,1,70
10559,1,70
10560,1,70
10561,1,70
10562,1,70
10563,1,71
10564,1,71
10565,1,72
10566,1,72
10567,1,71
10568,1,70
10569,1,70
10570,1,70
10571,1,70
10572,1,70
10573,1,71
10574,1,71
10575,1,71
10576,1,70
10577,1,71
10578,1,71
10579,1,71
10580,1,71
10581,1,71
10582,1,72
10583,1,72
10584,1,71
10585,1,71
10586,1,71
10587,1,70
10588,1,70
10589,1,70
10590,1,71
10591,1,71
10592,1,72
10593,1,73
10594,1,73
10595,1,73
10596,1,73
10597,1,73
10598,1,73
10599,1,72
10601,1,70
10602,1,72
10603,1,73
10604,1,74
10605,1,74
10606,1,73
10607,1,73
10608,1,73
10609,1,73
10610,1,72
10611,1,72
10612,1,72
10613,1,72
10614,1,72
10615,1,73
10616,1,73
10617,1,73
10618,1,73
10619,1,73
10620,1,73
10621,1,73
10622,1,73
10623,1,72
10624,1,73
10625,1,73
10626,1,73
10627,1,73
10628,1,73
10629,1,73
10630,1,73
10631,1,73
10632,1,72
10633,1,72
10634,1,72
10635,1,71
10636,1,71
10637,1,71
10638,1,71
10639,1,71
10640,1,71
10641,1,71
10642,1,72
10643,1,74
10644,1,73
10645,1,71
10646,1,70
10647,1,69
10648,1,70
10649,1,69
10650,1,69
10651,1,69
10652,1,69
10653,1,70
10654,1,71
10655,1,71
10656,1,71
10657,1,71
10658,1,71
10659,1,71
10660,1,71
10661,1,71
10662,1,71
10663,1,72
10664,1,74
10665,1,73
10666,1,73
10667,1,74
10668,1,74
10669,1,74
10670,1,73
10671,1,73
10672,1,73
10673,1,73
10674,1,75
10675,1,75
10676,1,74
10677,1,75
10678,1,75
10679,1,75
10680,1,75
10681,1,76
10682,1,76
10683,1,77
10684,1,78
10685,1,78
10686,1,78
10687,1,78
10688,1,78
10689,1,78
10690,1,78
10691,1,79
10692,1,79
10693,1,79
10694,1,78
10695,1,78
10696,1,78
10697,1,79
10698,1,78
10699,1,78
10701,1,79
10702,1,79
10703,1,79
10704,1,79
10705,1,78
10706,1,78
10707,1,78
10708,1,78
10709,1,77
10710,1,77
10711,1,78
10712,1,79
10713,1,79
10714,1,79
10715,1,79
10716,1,78
10717,1,78
10718,1,76
10719,1,76
10720,1,76
10721,1,77
10722,1,77
10723,1,77
10724,1,78
10725,1,79
10726,1,80
10727,1,80
10728,1,80
10729,1,80
10730,1,80
10731,1,81
10732,1,81
10733,1,81
10734,1,81
10735,1,83
10736,1,84
10737,1,85
10738,1,85
10739,1,84
10740,1,84
10741,1,85
10742,1,85
10743,1,85
10744,1,85
10745,1,85
10746,1,85
10747,1,85
10748,1,85
10749,1,85
10750,1,84
10751,1,84
10752,1,84
10753,1,83
10754,1,83
10755,1,83
10756,1,82
10757,1,82
10758,1,81
10759,1,81
10760,1,81
10761,1,82
10762,1,82
10763,1,82
10764,1,82
10765,1,82
10766,1,82
10767,1,82
10768,1,83
10769,1,83
10770,1,84
10771,1,83
10772,1,83
10773,1,83
10774,1,83
10775,1,83
10776,1,83
10777,1,83
10778,1,84
10779,1,84
10780,1,84
10781,1,84
10782,1,85
10783,1,85
10784,1,85
10785,1,85
10786,1,86
10787,1,86
10788,1,87
10789,1,86
10790,1,86
10791,1,86
10792,1,87
10793,1,88
10794,1,88
10795,1,88
10796,1,87
10797,1,87
10798,1,88
10799,1,88
10801,1,88
10802,1,90
10803,1,91
10804,1,90
10805,1,90
10806,1,90
10807,1,90
10808,1,90
10809,1,89
10810,1,89
10811,1,88
10812,1,89
10813,1,89
10814,1,89
10815,1,89
10816,1,89
10817,1,89
10818,1,88
10819,1,88
10820,1,88
10821,1,88
10822,1,89
10823,1,90
10824,1,90
10825,1,90
10826,1,90
10827,1,90
10828,1,90
10829,1,90
10830,1,89
10831,1,89
10832,1,89
10833,1,89
10834,1,89
10835,1,89
10836,1,89
10837,1,89
10838,1,89
10839,1,89
10840,1,89
10841,1,88
10842,1,89
10843,1,89
10844,1,89
10845,1,89
10846,1,89
10847,1,89
10848,1,89
10849,1,88
10850,1,87
10851,1,89
10852,1,89
10853,1,88
10854,1,88
10855,1,89
10856,1,89
10857,1,89
10858,1,89
10859,1,89
10860,1,89
10861,1,88
10862,1,88
10863,1,87
10864,1,88
10865,1,88
10866,1,88
10867,1,88
10868,1,88
10869,1,88
10870,1,87
10871,1,87
10872,1,86
10873,1,86
10874,1,86
10875,1,87
10876,1,87
10877,1,87
10878,1,86
10879,1,86
10880,1,86
10881,1,86
10882,1,87
10883,1,87
10884,1,87
10885,1,88
10886,1,87
10887,1,88
10888,1,87
10889,1,87
10890,1,88
10891,1,87
10892,1,87
10893,1,86
10894,1,85
10895,1,86
10896,1,86
10897,1,87
10898,1,87
10899,1,87
10901,1,87
10902,1,87
10903,1,86
10904,1,86
10905,1,86
10906,1,87
10907,1,87
10908,1,86
10909,1,86
10910,1,86
10911,1,83
10912,1,82
10913,1,82
10914,1,83
10915,1,83
10916,1,84
10917,1,84
10918,1,84
10919,1,84
10920,1,83
10921,1,81
10922,1,81
10923,1,81
10924,1,81
10925,1,81
10926,1,81
10927,1,81
10928,1,81
10929,1,81
10930,1,80
10931,1,81
10932,1,82
10933,1,82
10934,1,82
10935,1,82
10936,1,80
10937,1,80
10938,1,80
10939,1,80
10940,1,80
10941,1,81
10942,1,81
10943,1,81
10944,1,81
10945,1,81
10946,1,81
10947,1,82
10948,1,82
10949,1,83
10950,1,83
10951,1,83
10952,1,83
10953,1,83
10954,1,83
10955,1,82
10956,1,82
10957,1,82
10958,1,84
10959,1,85
10960,1,85
10961,1,85
10962,1,85
10963,1,84
10964,1,84
10965,1,84
10966,1,83
10967,1,83
10968,1,83
10969,1,84
10970,1,84
10971,1,82
10972,1,81
10973,1,80
10974,1,79
10975,1,79
10976,1,79
10977,1,78
10978,1,78
10979,1,78
10980,1,78
10981,1,78
10982,1,78
10983,1,78
10984,1,77
10985,1,77
10986,1,77
10987,1,77
10988,1,77
10989,1,75
10990,1,75
10991,1,75
10992,1,75
10993,1,75
10994,1,75
10995,1,75
10996,1,76
10997,1,76
10998,1,76
10999,1,76
11001,1,77
11002,1,77
11003,1,77
11004,1,78
11005,1,78
11006,1,78
11007,1,78
11008,1,77
11009,1,77
11010,1,78
11011,1,78
11012,1,79
11013,1,79
11014,1,79
11015,1,79
11016,1,80
11017,1,80
11018,1,79
11019,1,79
11020,1,79
11021,1,79
11022,1,81
11023,1,80
11024,1,80
11025,1,80
11026,1,80
11027,1,81
11028,1,81
11029,1,81
11030,1,81
11031,1,82
11032,1,83
11033,1,83
11034,1,83
11035,1,83
11036,1,83
11037,1,84
11038,1,83
11039,1,82
11040,1,82
11041,1,82
11042,1,81
11043,1,81
11044,1,82
11045,1,83
11046,1,83
11047,1,84
11048,1,85
11049,1,85
11050,1,85
11051,1,84
11052,1,84
11053,1,83
11054,1,83
11055,1,83
11056,1,83
11057,1,83
11058,1,83
11059,1,82
11060,1,81
11061,1,83
11062,1,83
11063,1,83
11064,1,83
11065,1,83
11066,1,83
11067,1,83
11068,1,83
11069,1,83
11070,1,83
11071,1,83
11072,1,83
11073,1,84
11074,1,83
11075,1,83
11076,1,84
11077,1,84
11078,1,84
11079,1,84
11080,1,83
11081,1,83
11082,1,83
11083,1,82
11084,1,82
11085,1,82
11086,1,82
11087,1,80
11088,1,80
11089,1,80
11090,1,80
11091,1,80
11092,1,79
11093,1,78
11094,1,78
11095,1,79
11096,1,80
11097,1,79
11098,1,79
11099,1,78
11101,1,79
11102,1,79
11103,1,78
11104,1,78
11105,1,79
11106,1,79
11107,1,79
11108,1,79
11109,1,79
11110,1,79
11111,1,79
11112,1,79
11113,1,79
11114,1,80
11115,1,81
11116,1,81
11117,1,81
11118,1,81
11119,1,80
11120,1,80
11121,1,80
11122,1,80
11123,1,79
11124,1,79
11125,1,80
11126,1,79
11127,1,79
11128,1,79
11129,1,79
11130,1,78
11131,1,78
11132,1,78
11133,1,77
11134,1,77
11135,1,76
11136,1,77
11137,1,76
11138,1,76
11139,1,76
11140,1,75
11141,1,75
11142,1,75
11143,1,76
11144,1,76
11145,1,76
11146,1,77
11147,1,77
11148,1,76
11149,1,76
11150,1,75
11151,1,74
11152,1,74
11153,1,75
11154,1,75
11155,1,74
11156,1,74
11157,1,74
11158,1,73
11159,1,72
11160,1,72
11161,1,72
11162,1,71
11163,1,72
11164,1,72
11165,1,71
11166,1,71
11167,1,71
11168,1,71
11169,1,70
11170,1,70
11171,1,71
11172,1,72
11173,1,71
11174,1,71
11175,1,71
11176,1,72
11177,1,71
11178,1,71
11179,1,71
11180,1,71
11181,1,70
11182,1,70
11183,1,70
11184,1,72
11185,1,72
11186,1,73
11187,1,73
11188,1,73
11189,1,73
11190,1,73
11191,1,72
11192,1,71
11193,1,71
11194,1,72
11195,1,72
11196,1,72
11197,1,72
11198,1,72
11199,1,72
11201,1,74
11202,1,73
11203,1,73
11204,1,72
11205,1,72
11206,1,72
11207,1,71
11208,1,71
11209,1,70
11210,1,70
11211,1,70
11212,1,70
11213,1,69
11214,1,69
11215,1,69
11216,1,69
11217,1,69
11218,1,71
11219,1,71
11220,1,71
11221,1,69
11222,1,68
11223,1,68
11224,1,68
11225,1,68
11226,1,67
11227,1,67
11228,1,68
11229,1,70
11230,1,70
11231,1,67
11232,1,67
11233,1,67
11234,1,67
11235,1,67
11236,1,67
11237,1,67
11238,1,67
11239,1,67
11240,1,67
11241,1,67
11242,1,68
11243,1,68
11244,1,68
11245,1,68
11246,1,68
11247,1,68
11248,1,68
11249,1,68
11250,1,68
11251,1,68
11252,1,68
11253,1,68
11254,1,68
11255,1,68
11256,1,68
11257,1,68
11258,1,68
11259,1,68
11260,1,68
11261,1,68
11262,1,68
11263,1,68
11264,1,68
11265,1,68
11266,1,67
11267,1,68
11268,1,68
11269,1,68
11270,1,66
11271,1,66
11272,1,66
11273,1,65
11274,1,67
11275,1,67
11276,1,67
11277,1,67
11278,1,68
11279,1,68
11280,1,68
11281,1,67
11282,1,66
11283,1,65
11284,1,66
11285,1,67
11286,1,67
11287,1,67
11288,1,67
11289,1,67
11290,1,67
11291,1,67
11292,1,66
11293,1,66
11294,1,66
11295,1,66
11296,1,66
11297,1,66
11298,1,67
11299,1,68
11301,1,69
11302,1,69
11303,1,69
11304,1,70
11305,1,70
11306,1,70
11307,1,70
11308,1,71
11309,1,72
11310,1,72
11311,1,72
11312,1,73
11313,1,72
11314,1,74
11315,1,74
11316,1,75
11317,1,75
11318,1,75
11319,1,75
11320,1,75
11321,1,75
11322,1,75
11323,1,74
11324,1,75
11325,1,75
11326,1,75
11327,1,75
11328,1,76
11329,1,76
11330,1,77
11331,1,77
11332,1,77
11333,1,77
11334,1,77
11335,1,77
11336,1,77
11337,1,77
11338,1,77
11339,1,77
11340,1,76
11341,1,75
11342,1,75
11343,1,75
11344,1,76
11345,1,76
11346,1,76
11347,1,75
11348,1,75
11349,1,75
11350,1,75
11351,1,75
11352,1,75
11353,1,75
11354,1,76
11355,1,76
11356,1,76
11357,1,76
11358,1,76
11359,1,76
11360,1,76
11361,1,77
11362,1,76
11363,1,76
11364,1,76
11365,1,76
11366,1,76
11367,1,76
11368,1,75
11369,1,75
11370,1,75
11371,1,77
11372,1,77
11373,1,77
11374,1,77
11375,1,77
11376,1,77
11377,1,77
11378,1,77
11379,1,76
11380,1,76
11381,1,76
11382,1,76
11383,1,76
11384,1,76
11385,1,77
11386,1,77
11387,1,77
11388,1,78
11389,1,78
11390,1,78
11391,1,78
11392,1,78
11393,1,78
11394,1,80
11395,1,81
11396,1,81
11397,1,81
11398,1,83
11399,1,83
11401,1,84
11402,1,83
11403,1,83
11404,1,83
11405,1,82
11406,1,82
11407,1,81
11408,1,82
11409,1,82
11410,1,82
11411,1,82
11412,1,82
11413,1,81
11414,1,80
11415,1,80
11416,1,79
11417,1,79
11418,1,79
11419,1,79
11420,1,80
11421,1,81
11422,1,81
11423,1,81
11424,1,79
11425,1,79
11426,1,79
11427,1,80
11428,1,79
11429,1,79
11430,1,79
11431,1,79
11432,1,79
11433,1,79
11434,1,78
11435,1,78
11436,1,78
11437,1,78
11438,1,78
11439,1,78
11440,1,77
11441,1,77
11442,1,78
11443,1,79
11444,1,78
11445,1,78
11446,1,77
11447,1,77
11448,1,77
11449,1,77
11450,1,76
11451,1,77
11452,1,78
11453,1,78
11454,1,78
11455,1,78
11456,1,78
11457,1,78
11458,1,78
11459,1,78
11460,1,78
11461,1,78
11462,1,78
11463,1,77
11464,1,78
11465,1,77
11466,1,77
11467,1,76
11468,1,76
11469,1,76
11470,1,76
11471,1,76
11472,1,75
11473,1,75
11474,1,77
11475,1,77
11476,1,77
11477,1,77
11478,1,77
11479,1,77
11480,1,77
11481,1,77
11482,1,78
11483,1,78
11484,1,78
11485,1,78
11486,1,78
11487,1,78
11488,1,78
11489,1,78
11490,1,78
11491,1,78
11492,1,78
11493,1,78
11494,1,78
11495,1,78
11496,1,78
11497,1,78
11498,1,78
11499,1,77
11501,1,77
11502,1,77
11503,1,77
11504,1,76
11505,1,75
11506,1,75
11507,1,74
11508,1,75
11509,1,75
11510,1,75
11511,1,75
11512,1,75
11513,1,75
11514,1,75
11515,1,75
11516,1,75
11517,1,75
11518,1,74
11519,1,74
11520,1,73
11521,1,73
11522,1,72
11523,1,72
11524,1,72
11525,1,74
11526,1,74
11527,1,74
11528,1,73
11529,1,73
11530,1,73
11531,1,74
11532,1,73
11533,1,72
11534,1,71
11535,1,72
11536,1,71
11537,1,70
11538,1,69
11539,1,70
11540,1,70
11541,1,71
11542,1,71
11543,1,71
11544,1,71
11545,1,73
11546,1,73
11547,1,73
11548,1,73
11549,1,73
11550,1,73
11551,1,73
11552,1,73
11553,1,72
11554,1,70
11555,1,72
11556,1,71
11557,1,70
11558,1,69
11559,1,69
11560,1,68
11561,1,67
11562,1,67
11563,1,67
11564,1,66
11565,1,67
11566,1,67
11567,1,67
11568,1,67
11569,1,66
11570,1,66
11571,1,66
11572,1,66
11573,1,67
11574,1,68
11575,1,67
11576,1,67
11577,1,67
11578,1,67
11579,1,67
11580,1,67
11581,1,67
11582,1,66
11583,1,66
11584,1,67
11585,1,67
11586,1,67
11587,1,67
11588,1,67
11589,1,67
11590,1,67
11591,1,66
11592,1,66
11593,1,66
11594,1,67
11595,1,67
11596,1,66
11597,1,65
11598,1,65
11599,1,65
11601,1,66
11602,1,67
11603,1,67
11604,1,66
11605,1,66
11606,1,66
11607,1,66
11608,1,66
11609,1,66
11610,1,68
11611,1,68
11612,1,69
11613,1,69
11614,1,69
11615,1,69
11616,1,70
11617,1,70
11618,1,70
11619,1,70
11620,1,72
11621,1,71
11622,1,71
11623,1,71
11624,1,71
11625,1,73
11626,1,73
11627,1,72
11628,1,72
11629,1,71
11630,1,72
11631,1,72
11632,1,71
11633,1,71
11634,1,71
11635,1,71
11636,1,71
11637,1,71
11638,1,71
11639,1,71
11640,1,73
11641,1,74
11642,1,74
11643,1,74
11644,1,74
11645,1,75
11646,1,75
11647,1,75
11648,1,75
11649,1,74
11650,1,75
11651,1,75
11652,1,76
11653,1,75
11654,1,74
11655,1,75
11656,1,75
11657,1,75
11658,1,75
11659,1,75
11660,1,76
11661,1,76
11662,1,76
11663,1,76
11664,1,77
11665,1,78
11666,1,78
11667,1,78
11668,1,78
11669,1,78
11670,1,78
11671,1,79
11672,1,79
11673,1,79
11674,1,79
11675,1,79
11676,1,79
11677,1,79
11678,1,80
11679,1,80
11680,1,80
11681,1,80
11682,1,80
11683,1,80
11684,1,80
11685,1,80
11686,1,80
11687,1,80
11688,1,81
11689,1,81
11690,1,81
11691,1,81
11692,1,81
11693,1,82
11694,1,82
11695,1,82
11696,1,81
11697,1,82
11698,1,83
11699,1,82
11701,1,81
11702,1,81
11703,1,82
11704,1,82
11705,1,82
11706,1,82
11707,1,82
11708,1,83
11709,1,82
11710,1,83
11711,1,83
11712,1,81
11713,1,82
11714,1,82
11715,1,82
11716,1,81
11717,1,81
11718,1,82
11719,1,81
11720,1,81
11721,1,80
11722,1,80
11723,1,80
11724,1,80
11725,1,80
11726,1,81
11727,1,82
11728,1,82
11729,1,82
11730,1,83
11731,1,83
11732,1,84
11733,1,84
11734,1,84
11735,1,85
11736,1,85
11737,1,86
11738,1,86
11739,1,86
11740,1,86
11741,1,86
11742,1,87
11743,1,86
11744,1,86
11745,1,87
11746,1,87
11747,1,87
11748,1,87
11749,1,87
11750,1,87
11751,1,87
11752,1,87
11753,1,85
11754,1,85
11755,1,86
11756,1,85
11757,1,85
11758,1,85
11759,1,85
11760,1,84
11761,1,84
11762,1,84
11763,1,83
11764,1,83
11765,1,83
11766,1,83
11767,1,84
11768,1,84
11769,1,84
11770,1,83
11771,1,83
11772,1,82
11773,1,83
11774,1,83
11775,1,84
11776,1,83
11777,1,83
11778,1,82
11779,1,83
11780,1,83
11781,1,83
11782,1,84
11783,1,84
11784,1,84
11785,1,84
11786,1,84
11787,1,84
11788,1,83
11789,1,84
11790,1,84
11791,1,85
11792,1,86
11793,1,87
11794,1,86
11795,1,87
11796,1,87
11797,1,87
11798,1,88
11799,1,88
11801,1,89
11802,1,88
11803,1,89
11804,1,88
11805,1,88
11806,1,87
11807,1,86
11808,1,87
11809,1,87
11810,1,86
11811,1,86
11812,1,86
11813,1,87
11814,1,87
11815,1,87
11816,1,88
11817,1,88
11818,1,87
11819,1,87
11820,1,88
11821,1,89
11822,1,89
11823,1,90
11824,1,91
11825,1,91
11826,1,92
11827,1,92
11828,1,92
11829,1,92
11830,1,91
11831,1,91
11832,1,91
11833,1,90
11834,1,90
11835,1,90
11836,1,91
11837,1,91
11838,1,91
11839,1,90
11840,1,90
11841,1,89
11842,1,88
11843,1,87
11844,1,90
11845,1,91
11846,1,91
11847,1,92
11848,1,92
11849,1,92
11850,1,93
11851,1,93
11852,1,93
11853,1,93
11854,1,94
11855,1,94
11856,1,93
11857,1,93
11858,1,93
11859,1,93
11860,1,92
11861,1,92
11862,1,92
11863,1,91
11864,1,92
11865,1,92
11866,1,91
11867,1,92
11868,1,92
11869,1,92
11870,1,92
11871,1,92
11872,1,93
11873,1,93
11874,1,92
11875,1,91
11876,1,92
11877,1,92
11878,1,92
11879,1,91
11880,1,91
11881,1,90
11882,1,90
11883,1,90
11884,1,89
11885,1,89
11886,1,89
11887,1,89
11888,1,89
11889,1,90
11890,1,89
11891,1,88
11892,1,90
11893,1,90
11894,1,90
11895,1,90
11896,1,90
11897,1,89
11898,1,89
11899,1,89
11901,1,89
11902,1,90
11903,1,90
11904,1,90
11905,1,90
11906,1,91
11907,1,90
11908,1,90
11909,1,89
11910,1,90
11911,1,90
11912,1,90
11913,1,90
11914,1,90
11915,1,91
11916,1,93
11917,1,93
11918,1,92
11919,1,92
11920,1,94
11921,1,93
11922,1,92
11923,1,91
11924,1,91
11925,1,91
11926,1,92
11927,1,92
11928,1,91
11929,1,91
11930,1,91
11931,1,90
11932,1,90
11933,1,91
11934,1,91
11935,1,91
11936,1,91
11937,1,92
11938,1,91
11939,1,89
11940,1,89
11941,1,89
11942,1,89
11943,1,88
11944,1,86
11945,1,87
11946,1,87
11947,1,88
11948,1,88
11949,1,88
11950,1,88
11951,1,87
11952,1,86
11953,1,86
11954,1,84
11955,1,84
11956,1,84
11957,1,84
11958,1,84
11959,1,84
11960,1,83
11961,1,83
11962,1,83
11963,1,83
11964,1,83
11965,1,82
11966,1,82
11967,1,82
11968,1,83
11969,1,83
11970,1,81
11971,1,81
11972,1,81
11973,1,82
11974,1,82
11975,1,81
11976,1,81
11977,1,81
11978,1,82
11979,1,82
11980,1,82
11981,1,82
11982,1,80
11983,1,79
11984,1,78
11985,1,78
11986,1,78
11987,1,78
11988,1,78
11989,1,78
11990,1,78
11991,1,78
11992,1,78
11993,1,77
11994,1,77
11995,1,77
11996,1,77
11997,1,75
11998,1,76
11999,1,76
12001,1,76
12002,1,76
12003,1,76
12004,1,76
12005,1,76
12006,1,75
12007,1,75
12008,1,76
12009,1,76
12010,1,76
12011,1,74
12012,1,75
12013,1,75
12014,1,75
12015,1,75
12016,1,75
12017,1,75
12018,1,76
12019,1,76
12020,1,76
12021,1,76
12022,1,77
12023,1,77
12024,1,77
12025,1,77
12026,1,77
12027,1,76
12028,1,76
12029,1,76
12030,1,76
12031,1,76
12032,1,75
12033,1,75
12034,1,76
12035,1,76
12036,1,76
12037,1,75
12038,1,75
12039,1,75
12040,1,74
12041,1,73
12042,1,73
12043,1,73
12044,1,73
12045,1,73
12046,1,72
12047,1,73
12048,1,72
12049,1,73
12050,1,73
12051,1,72
12052,1,72
12053,1,72
12054,1,73
12055,1,73
12056,1,73
12057,1,74
12058,1,74
12059,1,73
12060,1,73
12061,1,73
12062,1,74
12063,1,73
12064,1,73
12065,1,73
12066,1,73
12067,1,73
12068,1,73
12069,1,72
12070,1,72
12071,1,72
12072,1,73
12073,1,73
12074,1,73
12075,1,73
12076,1,74
12077,1,73
12078,1,73
12079,1,73
12080,1,73
12081,1,72
12082,1,72
12083,1,72
12084,1,71
12085,1,70
12086,1,70
12087,1,71
12088,1,70
12089,1,70
12090,1,70
12091,1,70
12092,1,70
12093,1,70
12094,1,70
12095,1,71
12096,1,70
12097,1,72
12098,1,72
12099,1,71
12101,1,70
12102,1,71
12103,1,71
12104,1,71
12105,1,71
12106,1,71
12107,1,71
12108,1,71
12109,1,71
12110,1,71
12111,1,71
12112,1,71
12113,1,71
12114,1,71
12115,1,72
12116,1,72
12117,1,73
12118,1,73
12119,1,73
12120,1,72
12121,1,72
12122,1,72
12123,1,72
12124,1,72
12125,1,72
12126,1,72
12127,1,72
12128,1,72
12129,1,71
12130,1,71
12131,1,72
12132,1,72
12133,1,72
12134,1,72
12135,1,72
12136,1,71
12137,1,71
12138,1,71
12139,1,72
12140,1,72
12141,1,73
12142,1,73
12143,1,73
12144,1,73
12145,1,73
12146,1,73
12147,1,73
12148,1,73
12149,1,73
12150,1,73
12151,1,71
12152,1,71
12153,1,70
12154,1,70
12155,1,70
12156,1,70
12157,1,70
12158,1,69
12159,1,69
12160,1,69
12161,1,69
12162,1,69
12163,1,69
12164,1,71
12165,1,70
12166,1,70
12167,1,71
12168,1,71
12169,1,71
12170,1,71
12171,1,72
12172,1,71
12173,1,71
12174,1,72
12175,1,72
12176,1,72
12177,1,73
12178,1,72
12179,1,72
12180,1,72
12181,1,72
12182,1,71
12183,1,72
12184,1,72
12185,1,73
12186,1,74
12187,1,74
12188,1,74
12189,1,74
12190,1,74
12191,1,74
12192,1,75
12193,1,75
12194,1,75
12195,1,75
12196,1,75
12197,1,75
12198,1,75
12199,1,76
12201,1,75
12202,1,76
12203,1,76
12204,1,76
12205,1,76
12206,1,76
12207,1,76
12208,1,75
12209,1,76
12210,1,76
12211,1,76
12212,1,76
12213,1,76
12214,1,76
12215,1,76
12216,1,76
12217,1,76
12218,1,76
12219,1,77
12220,1,76
12221,1,74
12222,1,74
12223,1,74
12224,1,73
12225,1,71
12226,1,71
12227,1,71
12228,1,71
12229,1,71
12230,1,71
12231,1,71
12232,1,71
12233,1,71
12234,1,71
12235,1,71
12236,1,71
12237,1,71
12238,1,71
12239,1,71
12240,1,72
12241,1,72
12242,1,72
12243,1,72
12244,1,73
12245,1,74
12246,1,74
12247,1,74
12248,1,75
12249,1,75
12250,1,75
12251,1,75
12252,1,75
12253,1,75
12254,1,75
12255,1,76
12256,1,77
12257,1,77
12258,1,77
12259,1,77
12260,1,77
12261,1,77
12262,1,78
12263,1,77
12264,1,76
12265,1,76
12266,1,77
12267,1,77
12268,1,77
12269,1,77
12270,1,77
12271,1,77
12272,1,78
12273,1,78
12274,1,78
12275,1,78
12276,1,78
12277,1,78
12278,1,78
12279,1,78
12280,1,78
12281,1,78
12282,1,78
12283,1,78
12284,1,78
12285,1,77
12286,1,77
12287,1,76
12288,1,75
12289,1,75
12290,1,75
12291,1,75
12292,1,76
12293,1,76
12294,1,75
12295,1,75
12296,1,76
12297,1,76
12298,1,75
12299,1,75
12301,1,74
12302,1,73
12303,1,72
12304,1,73
12305,1,73
12306,1,72
12307,1,72
12308,1,72
12309,1,72
12310,1,69
12311,1,69
12312,1,69
12313,1,69
12314,1,70
12315,1,71
12316,1,71
12317,1,72
12318,1,72
12319,1,71
12320,1,71
12321,1,70
12322,1,70
12323,1,70
12324,1,71
12325,1,71
12326,1,71
12327,1,71
12328,1,71
12329,1,71
12330,1,70
12331,1,70
12332,1,70
12333,1,70
12334,1,70
12335,1,70
12336,1,70
12337,1,71
12338,1,70
12339,1,71
12340,1,71
12341,1,71
12342,1,71
12343,1,71
12344,1,71
12345,1,71
12346,1,71
12347,1,71
12348,1,71
12349,1,72
12350,1,71
12351,1,71
12352,1,71
12353,1,70
12354,1,70
12355,1,70
12356,1,70
12357,1,70
12358,1,71
12359,1,71
12360,1,71
12361,1,71
12362,1,71
12363,1,72
12364,1,72
12365,1,71
12366,1,71
12367,1,71
12368,1,71
12369,1,72
12370,1,72
12371,1,72
12372,1,72
12373,1,72
12374,1,72
12375,1,71
12376,1,73
12377,1,72
12378,1,72
12379,1,72
12380,1,72
12381,1,72
12382,1,72
12383,1,71
12384,1,72
12385,1,72
12386,1,74
12387,1,74
12388,1,74
12389,1,74
12390,1,74
12391,1,73
12392,1,73
12393,1,73
12394,1,73
12395,1,73
12396,1,73
12397,1,73
12398,1,73
12399,1,72
12401,1,72
12402,1,73
12403,1,73
12404,1,73
12405,1,75
12406,1,75
12407,1,75
12408,1,74
12409,1,74
12410,1,73
12411,1,72
12412,1,74
12413,1,74
12414,1,73
12415,1,75
12416,1,75
12417,1,74
12418,1,74
12419,1,75
12420,1,75
12421,1,74
12422,1,74
12423,1,74
12424,1,74
12425,1,76
12426,1,76
12427,1,76
12428,1,76
12429,1,75
12430,1,74
12431,1,74
12432,1,74
12433,1,74
12434,1,73
12435,1,74
12436,1,74
12437,1,73
12438,1,73
12439,1,73
12440,1,72
12441,1,71
12442,1,71
12443,1,71
12444,1,71
12445,1,72
12446,1,72
12447,1,71
12448,1,71
12449,1,71
12450,1,70
12451,1,70
12452,1,71
12453,1,71
12454,1,71
12455,1,71
12456,1,70
12457,1,70
12458,1,70
12459,1,70
12460,1,70
12461,1,70
12462,1,71
12463,1,71
12464,1,71
12465,1,72
12466,1,72
12467,1,72
12468,1,71
12469,1,71
12470,1,72
12471,1,72
12472,1,71
12473,1,71
12474,1,72
12475,1,72
12476,1,72
12477,1,72
12478,1,73
12479,1,73
12480,1,73
12481,1,74
12482,1,76
12483,1,76
12484,1,76
12485,1,76
12486,1,76
12487,1,76
12488,1,76
12489,1,76
12490,1,75
12491,1,75
12492,1,75
12493,1,75
12494,1,75
12495,1,75
12496,1,74
12497,1,74
12498,1,74
12499,1,75
12501,1,75
12502,1,75
12503,1,75
12504,1,75
12505,1,75
12506,1,73
12507,1,73
12508,1,72
12509,1,72
12510,1,73
12511,1,73
12512,1,73
12513,1,73
12514,1,73
12515,1,73
12516,1,73
12517,1,73
12518,1,72
12519,1,72
12520,1,73
12521,1,72
12522,1,72
12523,1,72
12524,1,72
12525,1,71
12526,1,71
12527,1,70
12528,1,70
12529,1,70
12530,1,70
12531,1,70
12532,1,69
12533,1,69
12534,1,70
12535,1,70
12536,1,70
12537,1,70
12538,1,70
12539,1,70
12540,1,70
12541,1,70
12542,1,70
12543,1,70
12544,1,71
12545,1,71
12546,1,71
12547,1,70
12548,1,71
12549,1,71
12550,1,71
12551,1,71
12552,1,71
12553,1,71
12554,1,72
12555,1,73
12556,1,73
12557,1,73
12558,1,73
12559,1,74
12560,1,74
12561,1,74
12562,1,74
12563,1,73
12564,1,74
12565,1,74
12566,1,75
12567,1,75
12568,1,75
12569,1,74
12570,1,74
12571,1,74
12572,1,73
12573,1,73
12574,1,72
12575,1,72
12576,1,72
12577,1,72
12578,1,72
12579,1,74
12580,1,74
12581,1,74
12582,1,74
12583,1,74
12584,1,72
12585,1,72
12586,1,72
12587,1,72
12588,1,72
12589,1,70
12590,1,70
12591,1,70
12592,1,70
12593,1,70
12594,1,70
12595,1,70
12596,1,70
12597,1,70
12598,1,70
12599,1,70
12601,1,71
12602,1,72
12603,1,71
12604,1,71
12605,1,71
12606,1,71
12607,1,72
12608,1,72
12609,1,72
12610,1,71
12611,1,71
12612,1,71
12613,1,70
12614,1,70
12615,1,70
12616,1,70
12617,1,71
12618,1,72
12619,1,72
12620,1,71
12621,1,72
12622,1,72
12623,1,72
12624,1,72
12625,1,72
12626,1,72
12627,1,71
12628,1,71
12629,1,71
12630,1,71
12631,1,71
12632,1,71
12633,1,71
12634,1,71
12635,1,71
12636,1,71
12637,1,72
12638,1,72
12639,1,74
12640,1,75
12641,1,75
12642,1,75
12643,1,74
12644,1,74
12645,1,74
12646,1,74
12647,1,74
12648,1,74
12649,1,74
12650,1,74
12651,1,74
12652,1,74
12653,1,74
12654,1,74
12655,1,75
12656,1,75
12657,1,75
12658,1,75
12659,1,75
12660,1,75
12661,1,75
12662,1,76
12663,1,76
12664,1,76
12665,1,75
12666,1,75
12667,1,75
12668,1,75
12669,1,74
12670,1,74
12671,1,74
12672,1,74
12673,1,74
12674,1,74
12675,1,74
12676,1,73
12677,1,74
12678,1,75
12679,1,75
12680,1,75
12681,1,75
12682,1,75
12683,1,75
12684,1,76
12685,1,75
12686,1,75
12687,1,76
12688,1,76
12689,1,76
12690,1,75
12691,1,76
12692,1,77
12693,1,76
12694,1,76
12695,1,76
12696,1,76
12697,1,74
12698,1,75
12699,1,75
12701,1,74
12702,1,75
12703,1,75
12704,1,74
12705,1,73
12706,1,75
12707,1,75
12708,1,75
12709,1,75
12710,1,75
12711,1,75
12712,1,77
12713,1,77
12714,1,77
12715,1,77
12716,1,77
12717,1,77
12718,1,77
12719,1,77
12720,1,77
12721,1,77
12722,1,79
12723,1,80
12724,1,80
12725,1,80
12726,1,81
12727,1,81
12728,1,80
12729,1,79
12730,1,80
12731,1,80
12732,1,81
12733,1,82
12734,1,82
12735,1,82
12736,1,83
12737,1,83
12738,1,82
12739,1,82
12740,1,83
12741,1,83
12742,1,84
12743,1,84
12744,1,84
12745,1,84
12746,1,84
12747,1,84
12748,1,85
12749,1,84
12750,1,86
12751,1,85
12752,1,85
12753,1,84
12754,1,84
12755,1,84
12756,1,84
12757,1,82
12758,1,83
12759,1,82
12760,1,84
12761,1,84
12762,1,85
12763,1,84
12764,1,83
12765,1,84
12766,1,84
12767,1,84
12768,1,84
12769,1,84
12770,1,86
12771,1,86
12772,1,87
12773,1,87
12774,1,87
12775,1,87
12776,1,87
12777,1,87
12778,1,86
12779,1,84
12780,1,84
12781,1,83
12782,1,84
12783,1,84
12784,1,84
12785,1,84
12786,1,85
12787,1,85
12788,1,85
12789,1,85
12790,1,85
12791,1,86
12792,1,86
12793,1,86
12794,1,86
12795,1,86
12796,1,87
12797,1,87
12798,1,87
12799,1,87
12801,1,87
12802,1,88
12803,1,88
12804,1,88
12805,1,87
12806,1,86
12807,1,85
12808,1,84
12809,1,84
12810,1,83
12811,1,84
12812,1,84
12813,1,84
12814,1,84
12815,1,85
12816,1,84
12817,1,83
12818,1,82
12819,1,82
12820,1,82
12821,1,82
12822,1,81
12823,1,82
12824,1,82
12825,1,82
12826,1,82
12827,1,82
12828,1,81
12829,1,80
12830,1,80
12831,1,81
12832,1,81
12833,1,81
12834,1,80
12835,1,80
12836,1,79
12837,1,79
12838,1,79
12839,1,79
12840,1,79
12841,1,78
12842,1,78
12843,1,78
12844,1,77
12845,1,77
12846,1,77
12847,1,77
12848,1,76
12849,1,76
12850,1,76
12851,1,76
12852,1,76
12853,1,76
12854,1,76
12855,1,75
12856,1,75
12857,1,75
12858,1,75
12859,1,75
12860,1,75
12861,1,75
12862,1,75
12863,1,75
12864,1,75
12865,1,74
12866,1,73
12867,1,73
12868,1,73
12869,1,73
12870,1,73
12871,1,74
12872,1,74
12873,1,74
12874,1,75
12875,1,75
12876,1,75
12877,1,74
12878,1,74
12879,1,75
12880,1,74
12881,1,75
12882,1,76
12883,1,76
12884,1,77
12885,1,77
12886,1,77
12887,1,77
12888,1,77
12889,1,77
12890,1,77
12891,1,77
12892,1,78
12893,1,78
12894,1,80
12895,1,79
12896,1,79
12897,1,79
12898,1,79
12899,1,78
12901,1,78
12902,1,79
12903,1,77
12904,1,77
12905,1,77
12906,1,76
12907,1,77
12908,1,75
12909,1,75
12910,1,75
12911,1,76
12912,1,77
12913,1,77
12914,1,76
12915,1,76
12916,1,74
12917,1,75
12918,1,75
12919,1,75
12920,1,76
12921,1,76
12922,1,76
12923,1,76
12924,1,76
12925,1,76
12926,1,76
12927,1,77
12928,1,77
12929,1,77
12930,1,77
12931,1,76
12932,1,76
12933,1,75
12934,1,74
12935,1,74
12936,1,72
12937,1,72
12938,1,73
12939,1,73
12940,1,73
12941,1,73
12942,1,72
12943,1,71
12944,1,71
12945,1,72
12946,1,71
12947,1,71
12948,1,72
12949,1,72
12950,1,72
12951,1,72
12952,1,72
12953,1,72
12954,1,72
12955,1,73
12956,1,72
12957,1,73
12958,1,73
12959,1,73
12960,1,73
12961,1,73
12962,1,73
12963,1,73
12964,1,73
12965,1,74
12966,1,75
12967,1,74
12968,1,74
12969,1,73
12970,1,73
12971,1,73
12972,1,72
12973,1,72
12974,1,71
12975,1,71
12976,1,71
12977,1,71
12978,1,71
12979,1,71
12980,1,71
12981,1,71
12982,1,71
12983,1,71
12984,1,71
12985,1,71
12986,1,71
12987,1,71
12988,1,70
12989,1,70
12990,1,69
12991,1,69
12992,1,70
12993,1,70
12994,1,71
12995,1,71
12996,1,71
12997,1,71
12998,1,71
12999,1,70
13001,1,69
13002,1,69
13003,1,69
13004,1,70
13005,1,70
13006,1,70
13007,1,70
13008,1,70
13009,1,71
13010,1,71
13011,1,71
13012,1,72
13013,1,72
13014,1,72
13015,1,72
13016,1,73
13017,1,73
13018,1,73
13019,1,74
13020,1,74
13021,1,74
13022,1,74
13023,1,74
13024,1,74
13025,1,74
13026,1,74
13027,1,73
13028,1,73
13029,1,74
13030,1,74
13031,1,73
13032,1,73
13033,1,74
13034,1,74
13035,1,73
13036,1,74
13037,1,74
13038,1,74
13039,1,74
13040,1,73
13041,1,73
13042,1,72
13043,1,72
13044,1,72
13045,1,72
13046,1,73
13047,1,72
13048,1,72
13049,1,72
13050,1,72
13051,1,72
13052,1,71
13053,1,71
13054,1,71
13055,1,70
13056,1,71
13057,1,71
13058,1,71
13059,1,72
13060,1,72
13061,1,72
13062,1,72
13063,1,72
13064,1,72
13065,1,72
13066,1,72
13067,1,73
13068,1,73
13069,1,73
13070,1,73
13071,1,73
13072,1,73
13073,1,73
13074,1,73
13075,1,72
13076,1,72
13077,1,72
13078,1,72
13079,1,73
13080,1,72
13081,1,70
13082,1,70
13083,1,70
13084,1,70
13085,1,70
13086,1,70
13087,1,70
13088,1,70
13089,1,70
13090,1,70
13091,1,70
13092,1,71
13093,1,70
13094,1,71
13095,1,71
13096,1,72
13097,1,72
13098,1,72
13099,1,72
13101,1,72
13102,1,71
13103,1,71
13104,1,71
13105,1,71
13106,1,70
13107,1,71
13108,1,71
13109,1,71
13110,1,72
13111,1,73
13112,1,73
13113,1,73
13114,1,73
13115,1,72
13116,1,72
13117,1,70
13118,1,70
13119,1,69
13120,1,70
13121,1,71
13122,1,71
13123,1,72
13124,1,73
13125,1,73
13126,1,73
13127,1,72
13128,1,72
13129,1,72
13130,1,72
13131,1,72
13132,1,72
13133,1,72
13134,1,72
13135,1,72
13136,1,72
13137,1,72
13138,1,73
13139,1,73
13140,1,74
13141,1,74
13142,1,75
13143,1,75
13144,1,76
13145,1,76
13146,1,76
13147,1,76
13148,1,77
13149,1,77
13150,1,78
13151,1,78
13152,1,79
13153,1,79
13154,1,79
13155,1,79
13156,1,78
13157,1,78
13158,1,79
13159,1,79
13160,1,79
13161,1,79
13162,1,80
13163,1,81
13164,1,82
13165,1,82
13166,1,80
13167,1,80
13168,1,81
13169,1,82
13170,1,82
13171,1,82
13172,1,82
13173,1,83
13174,1,83
13175,1,83
13176,1,83
13177,1,83
13178,1,83
13179,1,84
13180,1,83
13181,1,83
13182,1,83
13183,1,83
13184,1,83
13185,1,83
13186,1,83
13187,1,82
13188,1,82
13189,1,83
13190,1,83
13191,1,83
13192,1,82
13193,1,82
13194,1,81
13195,1,81
13196,1,81
13197,1,81
13198,1,81
13199,1,81
13201,1,82
13202,1,82
13203,1,82
13204,1,82
13205,1,82
13206,1,84
13207,1,84
13208,1,84
13209,1,84
13210,1,84
13211,1,83
13212,1,83
13213,1,83
13214,1,84
13215,1,84
13216,1,84
13217,1,84
13218,1,84
13219,1,84
13220,1,85
13221,1,86
13222,1,86
13223,1,86
13224,1,87
13225,1,87
13226,1,88
13227,1,88
13228,1,88
13229,1,88
13230,1,88
13231,1,87
13232,1,88
13233,1,88
13234,1,89
13235,1,89
13236,1,88
13237,1,87
13238,1,88
13239,1,89
13240,1,90
13241,1,89
13242,1,88
13243,1,88
13244,1,89
13245,1,89
13246,1,89
13247,1,88
13248,1,89
13249,1,89
13250,1,89
13251,1,89
13252,1,88
13253,1,88
13254,1,89
13255,1,89
13256,1,89
13257,1,88
13258,1,88
13259,1,89
13260,1,89
13261,1,89
13262,1,88
13263,1,88
13264,1,89
13265,1,89
13266,1,88
13267,1,87
13268,1,87
13269,1,87
13270,1,87
13271,1,88
13272,1,88
13273,1,89
13274,1,90
13275,1,90
13276,1,91
13277,1,91
13278,1,91
13279,1,90
13280,1,89
13281,1,90
13282,1,90
13283,1,91
13284,1,90
13285,1,88
13286,1,88
13287,1,88
13288,1,88
13289,1,88
13290,1,88
13291,1,88
13292,1,86
13293,1,86
13294,1,86
13295,1,86
13296,1,86
13297,1,86
13298,1,87
13299,1,88
13301,1,89
13302,1,89
13303,1,89
13304,1,90
13305,1,90
13306,1,90
13307,1,90
13308,1,91
13309,1,90
13310,1,90
13311,1,91
13312,1,92
13313,1,92
13314,1,93
13315,1,93
13316,1,93
13317,1,93
13318,1,93
13319,1,93
13320,1,93
13321,1,93
13322,1,94
13323,1,94
13324,1,96
13325,1,97
13326,1,97
13327,1,97
13328,1,97
13329,1,96
13330,1,94
13331,1,94
13332,1,93
13333,1,93
13334,1,94
13335,1,94
13336,1,93
13337,1,94
13338,1,93
13339,1,93
13340,1,93
13341,1,93
13342,1,93
13343,1,92
13344,1,92
13345,1,92
13346,1,92
13347,1,92
13348,1,92
13349,1,92
13350,1,92
13351,1,93
13352,1,93
13353,1,92
13354,1,93
13355,1,93
13356,1,94
13357,1,94
13358,1,94
13359,1,94
13360,1,94
13361,1,94
13362,1,93
13363,1,93
13364,1,93
13365,1,94
13366,1,95
13367,1,95
13368,1,95
13369,1,95
13370,1,96
13371,1,96
13372,1,96
13373,1,96
13374,1,96
13375,1,97
13376,1,98
13377,1,97
13378,1,97
13379,1,97
13380,1,97
13381,1,97
13382,1,97
13383,1,97
13384,1,96
13385,1,97
13386,1,97
13387,1,97
13388,1,96
13389,1,95
13390,1,95
13391,1,94
13392,1,93
13393,1,93
13394,1,94
13395,1,94
13396,1,94
13397,1,94
13398,1,94
13399,1,95
13401,1,92
13402,1,91
13403,1,91
13404,1,92
13405,1,92
13406,1,92
13407,1,92
13408,1,90
13409,1,91
13410,1,91
13411,1,91
13412,1,90
13413,1,90
13414,1,90
13415,1,89
13416,1,89
13417,1,89
13418,1,89
13419,1,89
13420,1,90
13421,1,90
13422,1,89
13423,1,90
13424,1,90
13425,1,90
13426,1,90
13427,1,91
13428,1,91
13429,1,90
13430,1,90
13431,1,89
13432,1,89
13433,1,89
13434,1,89
13435,1,89
13436,1,89
13437,1,89
13438,1,89
13439,1,89
13440,1,88
13441,1,89
13442,1,88
13443,1,87
13444,1,88
13445,1,89
13446,1,88
13447,1,87
13448,1,87
13449,1,87
13450,1,87
13451,1,86
13452,1,85
13453,1,85
13454,1,85
13455,1,86
13456,1,86
13457,1,85
13458,1,86
13459,1,85
13460,1,84
13461,1,84
13462,1,84
13463,1,84
13464,1,84
13465,1,84
13466,1,84
13467,1,83
13468,1,83
13469,1,82
13470,1,82
13471,1,81
13472,1,80
13473,1,80
13474,1,80
13475,1,81
13476,1,81
13477,1,81
13478,1,81
13479,1,81
13480,1,81
13481,1,81
13482,1,82
13483,1,81
13484,1,81
13485,1,82
13486,1,82
13487,1,82
13488,1,82
13489,1,82
13490,1,82
13491,1,82
13492,1,82
13493,1,82
13494,1,82
13495,1,82
13496,1,84
13497,1,84
13498,1,83
13499,1,83
13501,1,83
13502,1,81
13503,1,82
13504,1,82
13505,1,82
13506,1,83
13507,1,83
13508,1,83
13509,1,83
13510,1,83
13511,1,83
13512,1,83
13513,1,83
13514,1,83
13515,1,83
13516,1,83
13517,1,84
13518,1,83
13519,1,83
13520,1,84
13521,1,85
13522,1,84
13523,1,84
13524,1,84
13525,1,83
13526,1,83
13527,1,83
13528,1,83
13529,1,82
13530,1,82
13531,1,83
13532,1,83
13533,1,83
13534,1,83
13535,1,83
13536,1,83
13537,1,82
13538,1,83
13539,1,80
13540,1,80
13541,1,80
13542,1,80
13543,1,80
13544,1,80
13545,1,80
13546,1,81
13547,1,80
13548,1,80
13549,1,81
13550,1,81
13551,1,81
13552,1,81
13553,1,81
13554,1,81
13555,1,81
13556,1,83
13557,1,83
13558,1,82
13559,1,82
13560,1,80
13561,1,80
13562,1,80
13563,1,80
13564,1,80
13565,1,81
13566,1,82
13567,1,82
13568,1,82
13569,1,82
13570,1,81
13571,1,81
13572,1,81
13573,1,81
13574,1,80
13575,1,81
13576,1,80
13577,1,79
13578,1,79
13579,1,78
13580,1,78
13581,1,79
13582,1,78
13583,1,78
13584,1,78
13585,1,78
13586,1,78
13587,1,77
13588,1,77
13589,1,76
13590,1,76
13591,1,75
13592,1,75
13593,1,75
13594,1,75
13595,1,74
13596,1,73
13597,1,73
13598,1,73
13599,1,73
13601,1,72
13602,1,72
13603,1,71
13604,1,71
13605,1,71
13606,1,72
13607,1,72
13608,1,72
13609,1,72
13610,1,73
13611,1,73
13612,1,73
13613,1,73
13614,1,73
13615,1,72
13616,1,72
13617,1,72
13618,1,72
13619,1,72
13620,1,74
13621,1,73
13622,1,73
13623,1,74
13624,1,74
13625,1,74
13626,1,74
13627,1,74
13628,1,73
13629,1,72
13630,1,74
13631,1,74
13632,1,74
13633,1,74
13634,1,74
13635,1,74
13636,1,74
13637,1,73
13638,1,73
13639,1,73
13640,1,76
13641,1,76
13642,1,77
13643,1,76
13644,1,76
13645,1,76
13646,1,75
13647,1,75
13648,1,75
13649,1,75
13650,1,76
13651,1,75
13652,1,75
13653,1,74
13654,1,74
13655,1,74
13656,1,74
13657,1,73
13658,1,72
13659,1,72
13660,1,73
13661,1,72
13662,1,73
13663,1,73
13664,1,73
13665,1,73
13666,1,73
13667,1,74
13668,1,74
13669,1,74
13670,1,75
13671,1,75
13672,1,75
13673,1,75
13674,1,75
13675,1,75
13676,1,74
13677,1,73
13678,1,73
13679,1,73
13680,1,72
13681,1,71
13682,1,71
13683,1,72
13684,1,73
13685,1,73
13686,1,71
13687,1,69
13688,1,69
13689,1,69
13690,1,68
13691,1,68
13692,1,68
13693,1,68
13694,1,69
13695,1,69
13696,1,69
13697,1,69
13698,1,69
13699,1,69
13701,1,69
13702,1,68
13703,1,68
13704,1,68
13705,1,66
13706,1,67
13707,1,67
13708,1,67
13709,1,67
13710,1,67
13711,1,67
13712,1,67
13713,1,67
13714,1,67
13715,1,68
13716,1,68
13717,1,68
13718,1,67
13719,1,67
13720,1,66
13721,1,67
13722,1,67
13723,1,68
13724,1,68
13725,1,68
13726,1,68
13727,1,68
13728,1,68
13729,1,67
13730,1,66
13731,1,66
13732,1,66
13733,1,67
13734,1,67
13735,1,67
13736,1,68
13737,1,68
13738,1,69
13739,1,69
13740,1,69
13741,1,69
13742,1,69
13743,1,69
13744,1,69
13745,1,69
13746,1,69
13747,1,70
13748,1,71
13749,1,71
13750,1,71
13751,1,71
13752,1,71
13753,1,71
13754,1,71
13755,1,72
13756,1,72
13757,1,73
13758,1,74
13759,1,74
13760,1,75
13761,1,75
13762,1,76
13763,1,77
13764,1,77
13765,1,77
13766,1,77
13767,1,78
13768,1,77
13769,1,77
13770,1,78
13771,1,78
13772,1,79
13773,1,80
13774,1,80
13775,1,81
13776,1,81
13777,1,82
13778,1,82
13779,1,84
13780,1,84
13781,1,84
13782,1,83
13783,1,83
13784,1,83
13785,1,84
13786,1,84
13787,1,84
13788,1,84
13789,1,84
13790,1,84
13791,1,84
13792,1,84
13793,1,85
13794,1,84
13795,1,84
13796,1,84
13797,1,84
13798,1,84
13799,1,84
13801,1,83
13802,1,83
13803,1,82
13804,1,84
13805,1,84
13806,1,84
13807,1,86
13808,1,86
13809,1,86
13810,1,86
13811,1,85
13812,1,85
13813,1,85
13814,1,85
13815,1,85
13816,1,85
13817,1,86
13818,1,87
13819,1,86
13820,1,86
13821,1,86
13822,1,86
13823,1,85
13824,1,85
13825,1,85
13826,1,85
13827,1,85
13828,1,86
13829,1,86
13830,1,86
13831,1,87
13832,1,88
13833,1,88
13834,1,89
13835,1,88
13836,1,88
13837,1,88
13838,1,88
13839,1,88
13840,1,88
13841,1,88
13842,1,87
13843,1,87
13844,1,87
13845,1,87
13846,1,88
13847,1,88
13848,1,87
13849,1,87
13850,1,87
13851,1,87
13852,1,87
13853,1,87
13854,1,87
13855,1,87
13856,1,87
13857,1,88
13858,1,89
13859,1,89
13860,1,88
13861,1,88
13862,1,87
13863,1,87
13864,1,87
13865,1,87
13866,1,86
13867,1,86
13868,1,86
13869,1,86
13870,1,86
13871,1,87
13872,1,86
13873,1,86
13874,1,86
13875,1,84
13876,1,85
13877,1,84
13878,1,84
13879,1,83
13880,1,82
13881,1,82
13882,1,82
13883,1,81
13884,1,81
13885,1,80
13886,1,81
13887,1,80
13888,1,80
13889,1,80
13890,1,80
13891,1,79
13892,1,79
13893,1,79
13894,1,79
13895,1,80
13896,1,80
13897,1,79
13898,1,79
13899,1,80
13901,1,78
13902,1,77
13903,1,77
13904,1,77
13905,1,78
13906,1,78
13907,1,76
13908,1,76
13909,1,76
13910,1,76
13911,1,76
13912,1,75
13913,1,75
13914,1,75
13915,1,75
13916,1,74
13917,1,74
13918,1,74
13919,1,75
13920,1,75
13921,1,75
13922,1,74
13923,1,73
13924,1,74
13925,1,74
13926,1,74
13927,1,76
13928,1,76
13929,1,77
13930,1,77
13931,1,77
13932,1,78
13933,1,78
13934,1,78
13935,1,78
13936,1,77
13937,1,76
13938,1,76
13939,1,77
13940,1,77
13941,1,77
13942,1,77
13943,1,77
13944,1,78
13945,1,78
13946,1,78
13947,1,79
13948,1,78
13949,1,79
13950,1,79
13951,1,79
13952,1,79
13953,1,79
13954,1,78
13955,1,77
13956,1,76
13957,1,77
13958,1,76
13959,1,76
13960,1,76
13961,1,77
13962,1,77
13963,1,77
13964,1,77
13965,1,77
13966,1,76
13967,1,76
13968,1,77
13969,1,78
13970,1,78
13971,1,77
13972,1,76
13973,1,75
13974,1,76
13975,1,76
13976,1,76
13977,1,76
13978,1,76
13979,1,75
13980,1,75
13981,1,75
13982,1,75
13983,1,75
13984,1,75
13985,1,76
13986,1,76
13987,1,76
13988,1,76
13989,1,76
13990,1,75
13991,1,75
13992,1,75
13993,1,74
13994,1,74
13995,1,75
13996,1,75
13997,1,75
13998,1,75
13999,1,75
14001,1,75
14002,1,76
14003,1,76
14004,1,76
14005,1,76
14006,1,75
14007,1,75
14008,1,76
14009,1,76
14010,1,76
14011,1,76
14012,1,76
14013,1,76
14014,1,76
14015,1,76
14016,1,76
14017,1,76
14018,1,76
14019,1,76
14020,1,75
14021,1,75
14022,1,73
14023,1,72
14024,1,73
14025,1,73
14026,1,73
14027,1,73
14028,1,73
14029,1,74
14030,1,73
14031,1,73
14032,1,73
14033,1,73
14034,1,73
14035,1,73
14036,1,73
14037,1,73
14038,1,72
14039,1,72
14040,1,72
14041,1,72
14042,1,73
14043,1,73
14044,1,73
14045,1,73
14046,1,73
14047,1,73
14048,1,73
14049,1,74
14050,1,74
14051,1,74
14052,1,74
14053,1,74
14054,1,74
14055,1,74
14056,1,75
14057,1,76
14058,1,76
14059,1,77
14060,1,77
14061,1,77
14062,1,77
14063,1,77
14064,1,77
14065,1,77
14066,1,77
14067,1,75
14068,1,75
14069,1,76
14070,1,77
14071,1,77
14072,1,77
14073,1,77
14074,1,77
14075,1,77
14076,1,77
14077,1,77
14078,1,76
14079,1,77
14080,1,77
14081,1,79
14082,1,78
14083,1,78
14084,1,78
14085,1,78
14086,1,78
14087,1,78
14088,1,78
14089,1,79
14090,1,79
14091,1,79
14092,1,79
14093,1,79
14094,1,79
14095,1,78
14096,1,77
14097,1,77
14098,1,78
14099,1,78
14101,1,81
14102,1,82
14103,1,81
14104,1,80
14105,1,79
14106,1,80
14107,1,79
14108,1,80
14109,1,80
14110,1,81
14111,1,81
14112,1,81
14113,1,81
14114,1,79
14115,1,79
14116,1,79
14117,1,79
14118,1,79
14119,1,79
14120,1,79
14121,1,78
14122,1,78
14123,1,78
14124,1,78
14125,1,78
14126,1,78
14127,1,76
14128,1,77
14129,1,77
14130,1,77
14131,1,77
14132,1,77
14133,1,77
14134,1,77
14135,1,77
14136,1,78
14137,1,78
14138,1,78
14139,1,78
14140,1,78
14141,1,78
14142,1,77
14143,1,78
14144,1,79
14145,1,78
14146,1,78
14147,1,78
14148,1,77
14149,1,77
14150,1,76
14151,1,76
14152,1,77
14153,1,78
14154,1,79
14155,1,79
14156,1,79
14157,1,79
14158,1,79
14159,1,79
14160,1,79
14161,1,79
14162,1,79
14163,1,81
14164,1,82
14165,1,82
14166,1,81
14167,1,81
14168,1,80
14169,1,80
14170,1,80
14171,1,79
14172,1,79
14173,1,81
14174,1,82
14175,1,82
14176,1,82
14177,1,82
14178,1,82
14179,1,82
14180,1,82
14181,1,82
14182,1,83
14183,1,84
14184,1,84
14185,1,83
14186,1,83
14187,1,83
14188,1,82
14189,1,82
14190,1,83
14191,1,82
14192,1,84
14193,1,84
14194,1,84
14195,1,85
14196,1,85
14197,1,85
14198,1,85
14199,1,85
14201,1,85
14202,1,86
14203,1,85
14204,1,84
14205,1,84
14206,1,84
14207,1,84
14208,1,83
14209,1,82
14210,1,82
14211,1,83
14212,1,83
14213,1,83
14214,1,83
14215,1,83
14216,1,84
14217,1,84
14218,1,85
14219,1,85
14220,1,85
14221,1,85
14222,1,85
14223,1,84
14224,1,83
14225,1,83
14226,1,83
14227,1,84
14228,1,85
14229,1,85
14230,1,84
14231,1,85
14232,1,85
14233,1,85
14234,1,85
14235,1,85
14236,1,85
14237,1,85
14238,1,86
14239,1,86
14240,1,86
14241,1,84
14242,1,84
14243,1,84
14244,1,84
14245,1,84
14246,1,84
14247,1,86
14248,1,86
14249,1,85
14250,1,85
14251,1,86
14252,1,86
14253,1,86
14254,1,87
14255,1,87
14256,1,86
14257,1,86
14258,1,86
14259,1,85
14260,1,85
14261,1,85
14262,1,84
14263,1,84
14264,1,84
14265,1,84
14266,1,84
14267,1,85
14268,1,85
14269,1,85
14270,1,87
14271,1,87
14272,1,86
14273,1,85
14274,1,85
14275,1,85
14276,1,85
14277,1,85
14278,1,85
14279,1,86
14280,1,86
14281,1,86
14282,1,86
14283,1,86
14284,1,86
14285,1,86
14286,1,86
14287,1,85
14288,1,85
14289,1,86
14290,1,85
14291,1,85
14292,1,85
14293,1,85
14294,1,84
14295,1,84
14296,1,84
14297,1,84
14298,1,85
14299,1,87
14301,1,87
14302,1,87
14303,1,87
14304,1,87
14305,1,86
14306,1,84
14307,1,85
14308,1,85
14309,1,84
14310,1,83
14311,1,83
14312,1,82
14313,1,81
14314,1,81
14315,1,81
14316,1,80
14317,1,79
14318,1,78
14319,1,78
14320,1,79
14321,1,79
14322,1,78
14323,1,79
14324,1,79
14325,1,80
14326,1,80
14327,1,79
14328,1,79
14329,1,78
14330,1,79
14331,1,79
14332,1,80
14333,1,80
14334,1,80
14335,1,81
14336,1,80
14337,1,80
14338,1,80
14339,1,79
14340,1,79
14341,1,79
14342,1,78
14343,1,77
14344,1,77
14345,1,77
14346,1,77
14347,1,77
14348,1,77
14349,1,77
14350,1,78
14351,1,77
14352,1,77
14353,1,77
14354,1,77
14355,1,78
14356,1,78
14357,1,78
14358,1,78
14359,1,78
14360,1,78
14361,1,78
14362,1,78
14363,1,78
14364,1,79
14365,1,79
14366,1,78
14367,1,77
14368,1,77
14369,1,77
14370,1,77
14371,1,77
14372,1,76
14373,1,77
14374,1,76
14375,1,76
14376,1,76
14377,1,76
14378,1,75
14379,1,75
14380,1,75
14381,1,75
14382,1,75
14383,1,76
14384,1,76
14385,1,76
14386,1,76
14387,1,75
14388,1,75
14389,1,75
14390,1,75
14391,1,75
14392,1,74
14393,1,74
14394,1,75
14395,1,75
14396,1,74
14397,1,74
14398,1,73
14399,1,71
14401,1,74
14402,1,74
14403,1,74
14404,1,74
14405,1,73
14406,1,73
14407,1,73
14408,1,73
14409,1,72
14410,1,72
14411,1,71
14412,1,71
14413,1,71
14414,1,70
14415,1,70
14416,1,69
14417,1,70
14418,1,68
14419,1,69
14420,1,69
14421,1,69
14422,1,69
14423,1,69
14424,1,69
14425,1,69
14426,1,69
14427,1,69
14428,1,69
14429,1,69
14430,1,70
14431,1,71
14432,1,70
14433,1,70
14434,1,70
14435,1,70
14436,1,70
14437,1,69
14438,1,69
14439,1,69
14440,1,69
14441,1,70
14442,1,71
14443,1,71
14444,1,71
14445,1,71
14446,1,71
14447,1,71
14448,1,71
14449,1,71
14450,1,71
14451,1,71
14452,1,71
14453,1,71
14454,1,71
14455,1,72
14456,1,72
14457,1,72
14458,1,72
14459,1,72
14460,1,72
14461,1,73
14462,1,72
14463,1,72
14464,1,72
14465,1,72
14466,1,72
14467,1,72
14468,1,71
14469,1,71
14470,1,71
14471,1,71
14472,1,70
14473,1,70
14474,1,70
14475,1,71
14476,1,72
14477,1,72
14478,1,72
14479,1,71
14480,1,71
14481,1,71
14482,1,70
14483,1,70
14484,1,71
14485,1,72
14486,1,71
14487,1,71
14488,1,71
14489,1,71
14490,1,69
14491,1,69
14492,1,68
14493,1,68
14494,1,69
14495,1,68
14496,1,68
14497,1,68
14498,1,68
14499,1,68
14501,1,69
14502,1,69
14503,1,69
14504,1,70
14505,1,70
14506,1,71
14507,1,71
14508,1,71
14509,1,71
14510,1,72
14511,1,72
14512,1,72
14513,1,72
14514,1,72
14515,1,72
14516,1,71
14517,1,71
14518,1,71
14519,1,71
14520,1,70
14521,1,70
14522,1,70
14523,1,70
14524,1,70
14525,1,70
14526,1,70
14527,1,70
14528,1,70
14529,1,70
14530,1,70
14531,1,71
14532,1,72
14533,1,73
14534,1,73
14535,1,72
14536,1,72
14537,1,72
14538,1,72
14539,1,73
14540,1,72
14541,1,73
14542,1,74
14543,1,73
14544,1,73
14545,1,74
14546,1,73
14547,1,73
14548,1,73
14549,1,74
14550,1,75
14551,1,76
14552,1,77
14553,1,77
14554,1,77
14555,1,77
14556,1,77
14557,1,77
14558,1,77
14559,1,76
14560,1,76
14561,1,76
14562,1,76
14563,1,76
14564,1,78
14565,1,77
14566,1,77
14567,1,77
14568,1,77
14569,1,77
14570,1,76
14571,1,76
14572,1,76
14573,1,77
14574,1,78
14575,1,78
14576,1,78
14577,1,78
14578,1,78
14579,1,77
14580,1,76
14581,1,76
14582,1,77
14583,1,77
14584,1,78
14585,1,78
14586,1,78
14587,1,78
14588,1,77
14589,1,77
14590,1,77
14591,1,77
14592,1,76
14593,1,77
14594,1,77
14595,1,77
14596,1,78
14597,1,79
14598,1,79
14599,1,78
14601,1,78
14602,1,77
14603,1,79
14604,1,79
14605,1,79
14606,1,79
14607,1,80
14608,1,80
14609,1,80
14610,1,80
14611,1,80
14612,1,80
14613,1,81
14614,1,80
14615,1,80
14616,1,80
14617,1,82
14618,1,82
14619,1,82
14620,1,83
14621,1,83
14622,1,83
14623,1,84
14624,1,84
14625,1,84
14626,1,85
14627,1,84
14628,1,84
14629,1,84
14630,1,85
14631,1,86
14632,1,86
14633,1,87
14634,1,87
14635,1,87
14636,1,88
14637,1,88
14638,1,88
14639,1,88
14640,1,87
14641,1,88
14642,1,87
14643,1,87
14644,1,87
14645,1,86
14646,1,87
14647,1,87
14648,1,87
14649,1,87
14650,1,87
14651,1,87
14652,1,86
14653,1,87
14654,1,87
14655,1,87
14656,1,87
14657,1,87
14658,1,87
14659,1,86
14660,1,86
14661,1,85
14662,1,85
14663,1,85
14664,1,85
14665,1,85
14666,1,85
14667,1,85
14668,1,85
14669,1,84
14670,1,84
14671,1,84
14672,1,85
14673,1,85
14674,1,85
14675,1,85
14676,1,85
14677,1,84
14678,1,85
14679,1,85
14680,1,85
14681,1,86
14682,1,87
14683,1,87
14684,1,86
14685,1,84
14686,1,84
14687,1,84
14688,1,85
14689,1,85
14690,1,85
14691,1,87
14692,1,87
14693,1,86
14694,1,86
14695,1,86
14696,1,86
14697,1,86
14698,1,87
14699,1,87
14701,1,86
14702,1,86
14703,1,86
14704,1,86
14705,1,86
14706,1,86
14707,1,85
14708,1,85
14709,1,86
14710,1,86
14711,1,86
14712,1,87
14713,1,88
14714,1,88
14715,1,87
14716,1,87
14717,1,87
14718,1,88
14719,1,89
14720,1,89
14721,1,89
14722,1,88
14723,1,89
14724,1,88
14725,1,88
14726,1,87
14727,1,86
14728,1,87
14729,1,87
14730,1,87
14731,1,87
14732,1,87
14733,1,88
14734,1,88
14735,1,88
14736,1,88
14737,1,88
14738,1,88
14739,1,89
14740,1,88
14741,1,88
14742,1,88
14743,1,89
14744,1,89
14745,1,88
14746,1,88
14747,1,86
14748,1,84
14749,1,84
14750,1,84
14751,1,84
14752,1,83
14753,1,84
14754,1,85
14755,1,85
14756,1,86
14757,1,86
14758,1,86
14759,1,86
14760,1,85
14761,1,86
14762,1,86
14763,1,85
14764,1,86
14765,1,86
14766,1,86
14767,1,86
14768,1,85
14769,1,84
14770,1,84
14771,1,84
14772,1,84
14773,1,84
14774,1,86
14775,1,86
14776,1,86
14777,1,86
14778,1,86
14779,1,86
14780,1,86
14781,1,86
14782,1,86
14783,1,86
14784,1,88
14785,1,88
14786,1,88
14787,1,88
14788,1,88
14789,1,88
14790,1,88
14791,1,87
14792,1,88
14793,1,88
14794,1,88
14795,1,88
14796,1,88
14797,1,88
14798,1,87
14799,1,87
14801,1,87
14802,1,88
14803,1,88
14804,1,89
14805,1,89
14806,1,89
14807,1,89
14808,1,89
14809,1,89
14810,1,89
14811,1,90
14812,1,90
14813,1,89
14814,1,89
14815,1,90
14816,1,88
14817,1,88
14818,1,87
14819,1,87
14820,1,87
14821,1,88
14822,1,88
14823,1,88
14824,1,88
14825,1,89
14826,1,89
14827,1,89
14828,1,89
14829,1,89
14830,1,89
14831,1,90
14832,1,90
14833,1,90
14834,1,90
14835,1,90
14836,1,90
14837,1,92
14838,1,92
14839,1,92
14840,1,92
14841,1,93
14842,1,93
14843,1,93
14844,1,93
14845,1,93
14846,1,93
14847,1,94
14848,1,94
14849,1,94
14850,1,94
14851,1,95
14852,1,95
14853,1,95
14854,1,94
14855,1,94
14856,1,93
14857,1,92
14858,1,92
14859,1,92
14860,1,91
14861,1,93
14862,1,93
14863,1,93
14864,1,93
14865,1,92
14866,1,91
14867,1,90
14868,1,91
14869,1,90
14870,1,90
14871,1,92
14872,1,92
14873,1,91
14874,1,89
14875,1,89
14876,1,88
14877,1,88
14878,1,85
14879,1,84
14880,1,84
14881,1,84
14882,1,84
14883,1,82
14884,1,82
14885,1,82
14886,1,82
14887,1,82
14888,1,82
14889,1,81
14890,1,81
14891,1,81
14892,1,79
14893,1,79
14894,1,77
14895,1,77
14896,1,77
14897,1,77
14898,1,77
14899,1,77
14901,1,77
14902,1,77
14903,1,77
14904,1,77
14905,1,76
14906,1,76
14907,1,76
14908,1,73
14909,1,74
14910,1,74
14911,1,74
14912,1,74
14913,1,74
14914,1,74
14915,1,74
14916,1,74
14917,1,74
14918,1,74
14919,1,76
14920,1,77
14921,1,77
14922,1,77
14923,1,77
14924,1,77
14925,1,77
14926,1,77
14927,1,77
14928,1,78
14929,1,78
14930,1,80
14931,1,79
14932,1,80
14933,1,81
14934,1,81
14935,1,81
14936,1,81
14937,1,81
14938,1,81
14939,1,81
14940,1,81
14941,1,81
14942,1,81
14943,1,80
14944,1,79
14945,1,79
14946,1,79
14947,1,79
14948,1,79
14949,1,79
14950,1,79
14951,1,79
14952,1,79
14953,1,79
14954,1,79
14955,1,79
14956,1,80
14957,1,80
14958,1,80
14959,1,81
14960,1,81
14961,1,81
14962,1,81
14963,1,81
14964,1,80
14965,1,80
14966,1,81
14967,1,80
14968,1,80
14969,1,80
14970,1,79
14971,1,79
14972,1,79
14973,1,78
14974,1,77
14975,1,77
14976,1,77
14977,1,77
14978,1,75
14979,1,75
14980,1,75
14981,1,75
14982,1,75
14983,1,75
14984,1,75
14985,1,75
14986,1,75
14987,1,77
14988,1,77
14989,1,77
14990,1,76
14991,1,76
14992,1,76
14993,1,76
14994,1,75
14995,1,74
14996,1,74
14997,1,74
14998,1,73
14999,1,73
15001,1,75
15002,1,75
15003,1,75
15004,1,76
15005,1,76
15006,1,76
15007,1,76
15008,1,75
15009,1,76
15010,1,76
15011,1,76
15012,1,76
15013,1,76
15014,1,76
15015,1,74
15016,1,74
15017,1,74
15018,1,74
15019,1,74
15020,1,74
15021,1,75
15022,1,75
15023,1,76
15024,1,76
15025,1,76
15026,1,76
15027,1,76
15028,1,76
15029,1,76
15030,1,76
15031,1,76
15032,1,76
15033,1,76
15034,1,75
15035,1,75
15036,1,75
15037,1,76
15038,1,77
15039,1,76
15040,1,76
15041,1,75
15042,1,75
15043,1,75
15044,1,75
15045,1,75
15046,1,74
15047,1,75
15048,1,76
15049,1,76
15050,1,76
15051,1,76
15052,1,76
15053,1,76
15054,1,77
15055,1,77
15056,1,77
15057,1,76
15058,1,76
15059,1,76
15060,1,76
15061,1,75
15062,1,75
15063,1,75
15064,1,76
15065,1,77
15066,1,76
15067,1,76
15068,1,74
15069,1,74
15070,1,74
15071,1,74
15072,1,73
15073,1,72
15074,1,72
15075,1,73
15076,1,74
15077,1,74
15078,1,74
15079,1,74
15080,1,74
15081,1,74
15082,1,74
15083,1,74
15084,1,74
15085,1,74
15086,1,75
15087,1,75
15088,1,75
15089,1,75
15090,1,74
15091,1,74
15092,1,74
15093,1,74
15094,1,74
15095,1,74
15096,1,74
15097,1,74
15098,1,74
15099,1,74
15101,1,73
15102,1,72
15103,1,72
15104,1,72
15105,1,72
15106,1,71
15107,1,71
15108,1,71
15109,1,71
15110,1,71
15111,1,71
15112,1,71
15113,1,71
15114,1,71
15115,1,71
15116,1,71
15117,1,70
15118,1,70
15119,1,70
15120,1,70
15121,1,71
15122,1,71
15123,1,70
15124,1,69
15125,1,69
15126,1,68
15127,1,67
15128,1,67
15129,1,67
15130,1,67
15131,1,67
15132,1,67
15133,1,67
15134,1,67
15135,1,68
15136,1,68
15137,1,68
15138,1,67
15139,1,67
15140,1,67
15141,1,67
15142,1,67
15143,1,68
15144,1,68
15145,1,68
15146,1,68
15147,1,68
15148,1,68
15149,1,68
15150,1,68
15151,1,70
15152,1,70
15153,1,70
15154,1,70
15155,1,69
15156,1,69
15157,1,70
15158,1,70
15159,1,70
15160,1,70
15161,1,71
15162,1,71
15163,1,71
15164,1,71
15165,1,71
15166,1,71
15167,1,70
15168,1,68
15169,1,68
15170,1,68
15171,1,69
15172,1,69
15173,1,69
15174,1,70
15175,1,70
15176,1,69
15177,1,69
15178,1,69
15179,1,69
15180,1,69
15181,1,69
15182,1,68
15183,1,68
15184,1,69
15185,1,69
15186,1,68
15187,1,68
15188,1,68
15189,1,68
15190,1,68
15191,1,67
15192,1,67
15193,1,68
15194,1,68
15195,1,68
15196,1,69
15197,1,69
15198,1,69
15199,1,69
15201,1,69
15202,1,69
15203,1,70
15204,1,70
15205,1,71
15206,1,72
15207,1,73
15208,1,73
15209,1,73
15210,1,73
15211,1,73
15212,1,73
15213,1,73
15214,1,73
15215,1,73
15216,1,74
15217,1,75
15218,1,75
15219,1,74
15220,1,74
15221,1,72
15222,1,72
15223,1,72
15224,1,72
15225,1,72
15226,1,73
15227,1,74
15228,1,74
15229,1,74
15230,1,74
15231,1,74
15232,1,74
15233,1,75
15234,1,76
15235,1,76
15236,1,76
15237,1,77
15238,1,77
15239,1,77
15240,1,77
15241,1,77
15242,1,78
15243,1,78
15244,1,78
15245,1,78
15246,1,78
15247,1,79
15248,1,79
15249,1,78
15250,1,78
15251,1,77
15252,1,77
15253,1,77
15254,1,77
15255,1,77
15256,1,77
15257,1,79
15258,1,78
15259,1,78
15260,1,78
15261,1,78
15262,1,78
15263,1,79
15264,1,79
15265,1,80
15266,1,79
15267,1,80
15268,1,79
15269,1,80
15270,1,80
15271,1,80
15272,1,80
15273,1,81
15274,1,81
15275,1,82
15276,1,81
15277,1,82
15278,1,81
