step,predator_0,prey_0
1,4,20
2,4,20
3,4,20
4,4,20
5,4,20
6,4,20
7,4,20
8,4,20
9,4,20
10,4,20
11,4,20
12,4,20
13,4,20
14,4,20
15,4,20
16,4,20
17,4,20
18,4,20
19,4,20
20,4,20
21,4,20
22,4,20
23,4,20
24,4,20
25,4,20
26,4,20
27,4,20
28,4,20
29,4,20
30,4,20
31,4,20
32,4,20
33,4,20
34,4,20
35,4,20
36,4,20
37,4,20
38,4,20
39,4,21
40,4,21
41,4,21
42,4,21
43,4,21
44,4,21
45,4,21
46,4,21
47,4,21
48,4,21
49,4,22
50,4,22
51,4,22
52,4,22
53,4,22
54,4,22
55,4,22
56,4,22
57,4,22
58,4,22
59,4,22
60,4,22
61,4,22
62,4,22
63,4,22
64,4,23
65,4,23
66,4,23
67,4,23
68,4,23
69,4,23
70,4,23
71,4,23
72,4,23
73,4,23
74,4,23
75,4,23
76,4,23
77,4,23
78,4,23
79,4,23
80,4,23
81,4,23
82,4,23
83,4,23
84,4,23
85,4,23
86,4,23
87,4,23
88,4,23
89,4,23
90,4,23
91,4,23
92,4,23
93,4,23
94,4,23
95,4,23
96,4,23
97,4,23
98,4,23
99,4,23
101,4,23
102,4,23
103,4,23
104,4,23
105,4,23
106,4,23
107,4,22
108,4,21
109,4,21
110,4,21
111,4,22
112,4,22
113,4,21
114,4,21
115,4,21
116,4,22
117,4,22
118,4,22
119,4,22
120,4,22
121,4,23
122,4,22
123,4,22
124,4,20
125,4,20
126,4,20
127,4,20
128,4,20
129,4,19
130,4,19
131,4,21
132,4,21
133,4,21
134,4,21
135,4,21
136,4,21
137,4,21
138,4,21
139,4,21
140,4,21
141,4,22
142,4,22
143,4,22
144,4,22
145,4,22
146,4,22
147,4,22
148,4,22
149,4,22
150,4,22
151,4,23
152,4,23
153,4,23
154,4,23
155,4,23
156,4,23
157,4,23
158,4,23
159,4,22
160,4,22
161,4,23
162,4,23
163,4,23
164,4,23
165,4,23
166,4,23
167,4,23
168,4,23
169,4,23
170,4,23
171,4,23
172,4,23
173,4,23
174,4,22
175,4,22
176,4,22
177,4,22
178,4,22
179,4,22
180,4,22
181,4,22
182,4,22
183,4,22
184,4,22
185,4,22
186,4,22
187,4,22
188,4,22
189,4,22
190,4,22
191,4,22
192,4,22
193,4,22
194,4,23
195,4,23
196,4,23
197,4,23
198,4,23
199,4,23
201,4,23
202,4,23
203,4,23
204,4,23
205,4,23
206,4,23
207,4,23
208,4,23
209,4,23
210,4,23
211,4,24
212,4,24
213,4,24
214,4,25
215,4,25
216,4,25
217,4,26
218,4,26
219,4,26
220,4,26
221,4,26
222,4,26
223,4,26
224,4,27
225,4,27
226,4,27
227,4,28
228,4,28
229,4,28
230,4,28
231,4,29
232,4,29
233,4,29
234,4,30
235,4,30
236,4,30
237,4,30
238,4,30
239,4,30
240,4,30
241,4,31
242,4,31
243,4,31
244,4,32
245,4,32
246,4,32
247,4,31
248,4,31
249,4,31
250,4,31
251,4,32
252,4,31
253,4,31
254,4,32
255,4,32
256,4,32
257,4,32
258,4,32
259,4,32
260,4,32
261,4,33
262,4,33
263,4,33
264,4,34
265,4,34
266,4,34
267,4,35
268,4,35
269,4,36
270,4,36
271,4,37
272,4,38
273,4,38
274,4,39
275,4,39
276,4,39
277,4,39
278,4,39
279,4,39
280,4,39
281,4,40
282,4,41
283,4,42
284,4,42
285,4,42
286,4,42
287,4,42
288,4,43
289,4,42
290,4,41
291,4,41
292,4,42
293,4,42
294,4,42
295,4,42
296,4,41
297,4,41
298,4,41
299,4,42
301,4,41
302,4,42
303,4,42
304,4,42
305,4,42
306,4,42
307,4,42
308,4,42
309,4,43
310,4,43
311,4,43
312,4,46
313,4,45
314,4,46
315,4,46
316,4,46
317,4,46
318,4,46
319,4,47
320,4,47
321,4,46
322,4,50
323,4,50
324,4,51
325,4,51
326,4,51
327,4,52
328,4,52
329,4,53
330,4,53
331,4,53
332,4,57
333,4,57
334,4,58
335,4,58
336,4,58
337,4,59
338,4,59
339,4,60
340,4,60
341,4,61
342,4,65
343,4,64
344,4,65
345,4,65
346,4,65
347,4,67
348,4,67
349,4,68
350,4,68
351,4,68
352,4,71
353,4,71
354,4,72
355,4,72
356,4,72
357,4,74
358,4,75
359,4,75
360,4,75
361,4,75
362,4,78
363,4,78
364,4,78
365,4,78
366,4,78
367,4,80
368,4,82
369,4,82
370,4,82
371,4,81
372,4,83
373,4,83
374,4,85
375,4,85
376,4,85
377,4,86
378,4,87
379,4,87
380,4,87
381,4,87
382,4,89
383,4,91
384,4,91
385,4,91
386,4,91
387,4,91
388,4,92
389,4,92
390,4,92
391,4,93
392,4,95
393,4,96
394,4,96
395,4,97
396,4,97
397,4,97
398,4,98
399,4,98
401,4,100
402,4,100
403,4,101
404,4,101
405,4,101
406,4,101
407,4,101
408,4,99
409,4,99
410,4,99
411,4,100
412,4,101
413,4,101
414,4,100
415,4,100
416,4,100
417,4,100
418,4,100
419,4,100
420,4,101
421,4,102
422,4,104
423,4,104
424,4,104
425,4,106
426,4,106
427,4,107
428,4,107
429,4,107
430,4,107
431,4,107
432,4,107
433,4,108
434,4,108
435,4,110
436,4,110
437,4,111
438,4,110
439,4,110
440,4,110
441,4,110
442,4,110
443,4,110
444,4,110
445,4,111
446,4,111
447,4,111
448,4,111
449,4,111
450,4,111
451,4,113
452,4,113
453,4,113
454,4,112
455,4,113
456,4,114
457,4,114
458,4,114
459,4,114
460,4,114
461,4,115
462,4,115
463,4,116
464,4,116
465,4,115
466,4,115
467,4,114
468,4,114
469,4,115
470,4,115
471,4,116
472,4,115
473,4,115
474,4,116
475,4,115
476,4,116
477,4,115
478,4,116
479,4,117
480,4,117
481,4,118
482,4,118
483,4,118
484,4,119
485,4,119
486,4,119
487,4,119
488,4,119
489,4,120
490,4,119
491,4,119
492,4,118
493,4,117
494,4,117
495,4,117
496,4,118
497,4,118
498,4,118
499,5,120
501,5,120
502,5,117
503,5,117
504,5,117
505,5,116
506,5,117
507,5,114
508,5,114
509,5,116
510,5,116
511,5,115
512,5,115
513,5,115
514,5,115
515,5,114
516,5,114
517,5,114
518,5,114
519,5,116
520,5,118
521,5,119
522,5,119
523,5,119
524,5,119
525,5,120
526,5,120
527,5,119
528,5,119
529,5,121
530,5,123
531,5,125
532,5,124
533,5,124
534,5,124
535,5,123
536,5,123
537,5,123
538,5,123
539,5,124
540,5,125
541,5,124
542,5,124
543,5,124
544,5,123
545,5,123
546,5,122
547,5,120
548,5,119
549,5,120
550,5,120
551,5,121
552,5,121
553,5,121
554,5,119
555,5,117
556,5,117
557,5,117
558,5,117
559,5,117
560,5,116
561,5,116
562,5,116
563,5,115
564,5,115
565,5,115
566,5,115
567,5,115
568,5,115
569,5,115
570,5,115
571,5,115
572,5,115
573,5,114
574,5,114
575,5,113
576,5,110
577,5,109
578,5,108
579,5,108
580,5,109
581,5,110
582,5,109
583,5,108
584,5,109
585,5,109
586,5,108
587,5,107
588,5,107
589,5,107
590,5,107
591,5,105
592,5,105
593,5,105
594,5,106
595,5,106
596,5,106
597,5,106
598,5,105
599,5,104
601,5,101
602,5,100
603,5,100
604,5,99
605,5,99
606,5,97
607,5,96
608,5,96
609,5,96
610,5,95
611,5,94
612,5,93
613,5,94
614,5,94
615,5,94
616,5,94
617,5,95
618,5,94
619,5,94
620,5,95
621,5,95
622,5,95
623,5,95
624,5,95
625,5,96
626,5,96
627,5,94
628,5,94
629,5,93
630,5,92
631,5,91
632,5,92
633,5,92
634,5,92
635,5,91
636,5,91
637,5,91
638,5,91
639,5,90
640,5,88
641,5,88
642,5,88
643,5,89
644,5,88
645,5,87
646,5,87
647,5,87
648,5,86
649,5,86
650,5,86
651,5,84
652,5,83
653,5,82
654,5,82
655,5,82
656,5,82
657,5,81
658,5,81
659,5,80
660,5,80
661,5,80
662,5,78
663,5,78
664,5,77
665,5,76
666,5,76
667,5,76
668,6,76
669,6,76
670,6,75
671,6,75
672,7,75
673,7,75
674,7,75
675,7,75
676,7,75
677,7,74
678,7,75
679,7,74
680,7,74
681,7,73
682,7,73
683,7,73
684,7,73
685,7,73
686,7,73
687,7,74
688,7,74
689,7,74
690,7,74
691,7,74
692,7,74
693,7,73
694,7,74
695,7,73
696,7,74
697,7,74
698,7,74
699,7,74
701,7,74
702,7,74
703,7,74
704,7,75
705,7,75
706,7,74
707,7,74
708,7,74
709,7,75
710,7,75
711,7,74
712,7,74
713,7,73
714,7,72
715,7,71
716,7,71
717,7,69
718,7,69
719,7,69
720,7,69
721,7,68
722,8,68
723,8,68
724,8,68
725,8,67
726,8,67
727,8,67
728,8,65
729,8,64
730,8,64
731,8,63
732,8,63
733,8,63
734,8,62
735,8,62
736,8,62
737,8,62
738,8,62
739,8,62
740,8,62
741,8,64
742,8,64
743,8,64
744,8,63
745,8,64
746,8,64
747,8,64
748,8,63
749,8,63
750,8,63
751,8,64
752,8,64
753,8,64
754,8,64
755,8,63
756,8,63
757,8,62
758,8,62
759,8,61
760,8,62
761,8,62
762,8,61
763,8,63
764,8,63
765,8,62
766,8,63
767,8,63
768,8,63
769,8,64
770,8,65
771,8,64
772,8,64
773,8,63
774,8,63
775,8,63
776,8,62
777,8,62
778,8,62
779,8,63
780,8,63
781,8,62
782,8,61
783,8,60
784,8,60
785,8,59
786,8,59
787,8,58
788,8,59
789,8,59
790,8,59
791,8,59
792,8,60
793,8,59
794,8,58
795,8,58
796,8,58
797,8,58
798,8,58
799,8,58
801,8,57
802,8,57
803,8,57
804,8,57
805,8,57
806,8,57
807,8,57
808,8,57
809,8,57
810,8,57
811,8,58
812,8,58
813,8,59
814,8,59
815,8,59
816,8,60
817,8,60
818,8,59
819,8,59
820,8,59
821,8,59
822,8,59
823,8,61
824,8,61
825,8,61
826,8,62
827,8,62
828,8,61
829,8,61
830,8,60
831,8,60
832,8,60
833,8,60
834,8,60
835,8,61
836,8,61
837,8,62
838,8,62
839,8,63
840,8,63
841,8,63
842,8,63
843,8,62
844,8,62
845,8,62
846,8,62
847,8,62
848,8,62
849,8,63
850,8,62
851,8,62
852,8,62
853,8,62
854,8,62
855,8,62
856,8,62
857,8,62
858,8,62
859,8,61
860,8,61
861,8,61
862,8,61
863,8,61
864,8,61
865,8,63
866,8,63
867,8,63
868,8,63
869,8,63
870,8,63
871,8,63
872,8,63
873,8,63
874,8,62
875,8,62
876,8,63
877,8,62
878,8,62
879,8,61
880,8,61
881,8,61
882,8,61
883,8,59
884,8,61
885,8,61
886,8,61
887,8,61
888,8,60
889,8,60
890,8,59
891,8,59
892,8,59
893,8,59
894,8,61
895,8,60
896,8,61
897,8,60
898,8,60
899,8,59
901,8,60
902,8,60
903,8,60
904,8,60
905,8,60
906,8,60
907,8,60
908,8,61
909,8,61
910,8,61
911,8,59
912,8,59
913,8,60
914,8,60
915,8,60
916,8,60
917,8,60
918,8,60
919,8,60
920,8,59
921,8,60
922,8,63
923,8,64
924,8,64
925,8,65
926,8,65
927,8,65
928,8,65
929,8,65
930,8,65
931,8,64
932,8,64
933,8,64
934,8,64
935,8,64
936,8,64
937,8,64
938,8,64
939,8,64
940,8,64
941,8,64
942,8,63
943,8,62
944,8,62
945,8,62
946,8,63
947,8,64
948,8,64
949,8,65
950,8,65
951,8,65
952,8,65
953,8,65
954,8,65
955,8,65
956,8,65
957,8,66
958,8,66
959,8,66
960,8,66
961,8,66
962,8,66
963,8,66
964,8,66
965,8,66
966,8,65
967,8,65
968,8,65
969,8,65
970,8,65
971,8,65
972,8,64
973,8,62
974,8,61
975,8,61
976,8,61
977,8,61
978,8,61
979,8,61
980,8,60
981,8,62
982,8,63
983,8,63
984,8,63
985,8,63
986,8,63
987,8,63
988,8,63
989,8,64
990,8,64
991,8,65
992,8,65
993,8,64
994,8,64
995,8,64
996,8,64
997,8,64
998,8,64
999,8,64
1001,8,64
1002,8,65
1003,8,65
1004,8,64
1005,8,64
1006,8,65
1007,8,65
1008,8,65
1009,8,66
1010,8,66
1011,8,66
1012,8,66
1013,8,66
1014,8,66
1015,8,66
1016,8,67
1017,8,67
1018,8,67
1019,8,68
1020,8,67
1021,8,67
1022,8,67
1023,8,67
1024,8,66
1025,8,66
1026,8,67
1027,8,65
1028,8,65
1029,8,65
1030,8,65
1031,8,65
1032,8,64
1033,8,64
1034,8,64
1035,8,63
1036,8,63
1037,8,63
1038,8,63
1039,8,63
1040,8,62
1041,8,62
1042,8,61
1043,8,61
1044,8,60
1045,8,60
1046,8,60
1047,8,60
1048,8,60
1049,8,60
1050,8,59
1051,8,59
1052,8,59
1053,8,58
1054,8,57
1055,8,57
1056,8,57
1057,8,57
1058,8,57
1059,8,57
1060,8,57
1061,8,57
1062,8,58
1063,8,58
1064,8,59
1065,8,59
1066,8,59
1067,8,59
1068,8,59
1069,8,59
1070,8,58
1071,8,58
1072,8,59
1073,8,60
1074,8,60
1075,8,60
1076,8,60
1077,8,60
1078,8,60
1079,8,59
1080,8,60
1081,8,60
1082,8,60
1083,7,61
1084,7,61
1085,7,62
1086,7,62
1087,7,62
1088,7,62
1089,7,62
1090,7,62
1091,7,62
1092,7,62
1093,7,63
1094,7,63
1095,7,64
1096,7,64
1097,7,64
1098,7,64
1099,6,64
1101,6,63
1102,6,63
1103,6,63
1104,6,63
1105,5,64
1106,5,64
1107,5,64
1108,5,63
1109,5,64
1110,5,64
1111,5,64
1112,5,64
1113,5,64
1114,5,64
1115,5,64
1116,5,63
1117,5,63
1118,5,63
1119,5,63
1120,5,62
1121,5,62
1122,5,61
1123,5,61
1124,5,61
1125,5,61
1126,5,61
1127,5,62
1128,5,62
1129,5,62
1130,5,62
1131,5,62
1132,5,62
1133,5,62
1134,5,62
1135,5,62
1136,5,61
1137,5,62
1138,5,62
1139,5,62
1140,5,62
1141,5,62
1142,5,62
1143,5,63
1144,5,64
1145,5,64
1146,5,63
1147,5,64
1148,5,64
1149,5,64
1150,5,64
1151,5,64
1152,5,63
1153,5,64
1154,5,65
1155,5,66
1156,5,66
1157,5,66
1158,5,66
1159,5,66
1160,5,66
1161,5,66
1162,5,66
1163,5,67
1164,5,67
1165,5,69
1166,5,69
1167,4,68
1168,4,68
1169,4,68
1170,4,68
1171,4,68
1172,4,67
1173,4,66
1174,4,67
1175,4,67
1176,4,68
1177,4,67
1178,4,67
1179,4,67
1180,4,67
1181,4,66
1182,4,68
1183,4,68
1184,4,69
1185,4,69
1186,4,70
1187,4,70
1188,4,69
1189,4,69
1190,4,70
1191,4,70
1192,4,72
1193,4,72
1194,4,72
1195,4,71
1196,4,71
1197,4,71
1198,4,71
1199,4,71
1201,4,73
1202,4,72
1203,4,72
1204,4,71
1205,4,71
1206,4,71
1207,4,71
1208,4,71
1209,4,71
1210,4,72
1211,4,72
1212,4,72
1213,4,72
1214,4,72
1215,4,71
1216,4,71
1217,4,70
1218,4,70
1219,4,70
1220,4,71
1221,4,70
1222,4,69
1223,4,67
1224,4,68
1225,4,68
1226,4,67
1227,4,67
1228,4,66
1229,4,66
1230,4,66
1231,4,66
1232,4,66
1233,4,67
1234,4,65
1235,4,65
1236,4,65
1237,4,65
1238,4,65
1239,4,65
1240,4,65
1241,4,65
1242,4,65
1243,4,65
1244,4,65
1245,4,66
1246,4,65
1247,4,65
1248,4,65
1249,4,66
1250,4,66
1251,4,66
1252,4,66
1253,4,66
1254,4,66
1255,4,67
1256,4,67
1257,4,66
1258,4,66
1259,4,66
1260,4,66
1261,4,66
1262,4,66
1263,4,66
1264,4,66
1265,4,68
1266,4,68
1267,4,68
1268,4,69
1269,4,69
1270,4,69
1271,4,69
1272,4,69
1273,4,70
1274,4,70
1275,4,70
1276,4,69
1277,4,68
1278,4,68
1279,4,67
1280,4,67
1281,4,66
1282,4,66
1283,4,66
1284,4,66
1285,4,66
1286,4,66
1287,4,66
1288,4,67
1289,4,67
1290,4,67
1291,4,67
1292,4,66
1293,4,66
1294,4,66
1295,4,65
1296,4,66
1297,5,66
1298,5,65
1299,5,65
1301,5,65
1302,5,65
1303,5,65
1304,5,64
1305,5,64
1306,5,64
1307,5,64
1308,5,64
1309,5,64
1310,5,64
1311,5,65
1312,5,66
1313,5,65
1314,5,65
1315,5,65
1316,5,65
1317,5,65
1318,5,65
1319,5,65
1320,5,65
1321,5,65
1322,5,66
1323,5,66
1324,5,66
1325,5,66
1326,5,66
1327,5,66
1328,5,66
1329,5,66
1330,5,66
1331,5,67
1332,5,68
1333,5,68
1334,5,68
1335,5,68
1336,5,68
1337,5,67
1338,5,67
1339,5,64
1340,5,64
1341,5,64
1342,5,65
1343,5,64
1344,5,64
1345,5,64
1346,5,65
1347,5,65
1348,5,65
1349,5,65
1350,5,64
1351,5,64
1352,5,65
1353,5,66
1354,5,64
1355,5,65
1356,5,64
1357,5,64
1358,5,64
1359,5,63
1360,5,63
1361,5,63
1362,5,63
1363,5,64
1364,5,64
1365,5,64
1366,5,64
1367,5,64
1368,5,64
1369,5,64
1370,5,64
1371,5,64
1372,5,63
1373,5,63
1374,5,63
1375,5,63
1376,5,64
1377,5,65
1378,5,66
1379,5,66
1380,5,66
1381,5,66
1382,5,66
1383,5,66
1384,5,66
1385,5,67
1386,5,67
1387,5,68
1388,5,68
1389,5,68
1390,5,68
1391,5,66
1392,5,66
1393,5,65
1394,5,64
1395,5,64
1396,5,64
1397,5,63
1398,5,63
1399,5,62
1401,5,62
1402,5,62
1403,5,63
1404,5,63
1405,5,63
1406,5,64
1407,5,64
1408,5,64
1409,5,64
1410,5,64
1411,5,63
1412,5,63
1413,5,63
1414,5,63
1415,5,62
1416,5,63
1417,5,63
1418,5,62
1419,5,61
1420,5,61
1421,5,61
1422,5,61
1423,5,61
1424,5,62
1425,5,62
1426,5,63
1427,5,63
1428,5,62
1429,5,62
1430,5,61
1431,5,61
1432,5,61
1433,5,61
1434,5,61
1435,5,61
1436,5,62
1437,5,61
1438,5,61
1439,5,62
1440,5,62
1441,5,62
1442,5,62
1443,5,61
1444,5,60
1445,5,60
1446,5,61
1447,5,60
1448,5,60
1449,5,61
1450,5,63
1451,5,63
1452,5,63
1453,5,63
1454,5,63
1455,5,62
1456,5,63
1457,5,62
1458,5,62
1459,5,63
1460,5,63
1461,5,63
1462,5,63
1463,5,63
1464,5,64
1465,5,64
1466,5,65
1467,5,64
1468,5,63
1469,5,64
1470,5,64
1471,5,63
1472,5,62
1473,5,63
1474,5,66
1475,5,67
1476,5,68
1477,5,68
1478,5,68
1479,5,68
1480,5,68
1481,5,68
1482,5,67
1483,5,67
1484,6,69
1485,6,69
1486,6,70
1487,6,70
1488,6,71
1489,6,72
1490,6,72
1491,6,72
1492,6,72
1493,6,72
1494,6,73
1495,6,73
1496,6,72
1497,6,72
1498,6,72
1499,6,73
1501,6,73
1502,6,73
1503,6,72
1504,6,72
1505,6,72
1506,6,73
1507,6,73
1508,6,73
1509,6,74
1510,6,74
1511,6,74
1512,6,74
1513,6,74
1514,6,74
1515,6,74
1516,6,75
1517,6,75
1518,6,76
1519,6,76
1520,6,75
1521,6,75
1522,6,76
1523,6,76
1524,6,76
1525,6,75
1526,6,75
1527,6,76
1528,6,76
1529,6,76
1530,6,76
1531,6,76
1532,6,75
1533,6,74
1534,6,74
1535,6,74
1536,6,74
1537,6,74
1538,6,74
1539,6,74
1540,6,74
1541,6,75
1542,6,75
1543,6,75
1544,6,75
1545,6,75
1546,6,75
1547,6,74
1548,6,74
1549,6,73
1550,6,73
1551,6,73
1552,6,73
1553,6,72
1554,6,72
1555,6,71
1556,6,71
1557,6,71
1558,6,71
1559,6,72
1560,6,72
1561,6,71
1562,6,71
1563,6,70
1564,6,69
1565,6,69
1566,6,69
1567,6,69
1568,6,69
1569,6,70
1570,6,70
1571,6,70
1572,6,70
1573,6,70
1574,6,71
1575,6,71
1576,6,71
1577,6,70
1578,6,70
1579,6,70
1580,6,71
1581,6,71
1582,6,71
1583,6,71
1584,6,72
1585,6,72
1586,6,72
1587,6,72
1588,6,71
1589,6,71
1590,6,70
1591,6,70
1592,6,69
1593,6,67
1594,6,67
1595,6,67
1596,6,67
1597,6,67
1598,6,67
1599,6,67
1601,6,66
1602,6,69
1603,6,68
1604,6,68
1605,6,68
1606,6,68
1607,6,68
1608,6,68
1609,6,67
1610,6,67
1611,6,67
1612,6,68
1613,6,68
1614,6,66
1615,6,66
1616,6,66
1617,6,65
1618,6,66
1619,6,66
1620,6,66
1621,6,66
1622,6,67
1623,6,66
1624,6,65
1625,6,65
1626,6,65
1627,6,65
1628,6,66
1629,6,66
1630,6,66
1631,6,66
1632,6,68
1633,6,68
1634,6,68
1635,6,68
1636,6,68
1637,6,69
1638,6,69
1639,6,70
1640,6,70
1641,6,69
1642,6,71
1643,6,72
1644,6,72
1645,6,72
1646,6,72
1647,6,72
1648,6,72
1649,6,72
1650,6,72
1651,6,72
1652,6,74
1653,6,74
1654,6,74
1655,6,74
1656,6,74
1657,6,74
1658,6,74
1659,6,74
1660,6,72
1661,6,72
1662,6,74
1663,6,74
1664,6,75
1665,6,75
1666,6,75
1667,6,75
1668,6,74
1669,6,73
1670,6,72
1671,6,72
1672,6,74
1673,6,73
1674,6,73
1675,6,73
1676,6,73
1677,6,73
1678,6,73
1679,6,75
1680,6,75
1681,6,74
1682,6,73
1683,6,73
1684,6,72
1685,6,72
1686,6,71
1687,6,71
1688,6,72
1689,6,73
1690,6,72
1691,6,72
1692,6,72
1693,6,72
1694,6,72
1695,6,71
1696,6,72
1697,6,72
1698,6,71
1699,6,72
1701,6,71
1702,6,70
1703,6,68
1704,6,68
1705,6,68
1706,6,68
1707,6,69
1708,6,69
1709,6,68
1710,6,68
1711,6,67
1712,6,68
1713,6,67
1714,6,67
1715,6,66
1716,6,66
1717,6,66
1718,6,65
1719,6,65
1720,6,65
1721,6,65
1722,6,65
1723,6,65
1724,6,66
1725,6,66
1726,6,66
1727,6,67
1728,6,66
1729,6,65
1730,6,65
1731,6,65
1732,6,65
1733,6,64
1734,6,65
1735,6,64
1736,6,64
1737,6,64
1738,6,64
1739,6,64
1740,6,63
1741,6,63
1742,6,62
1743,6,62
1744,6,63
1745,6,63
1746,6,63
1747,6,63
1748,6,63
1749,6,63
1750,6,63
1751,6,63
1752,6,63
1753,6,63
1754,6,65
1755,6,64
1756,6,64
1757,6,64
1758,6,65
1759,6,65
1760,6,64
1761,6,63
1762,6,63
1763,6,63
1764,6,65
1765,6,65
1766,6,65
1767,6,64
1768,6,66
1769,6,66
1770,6,66
1771,6,66
1772,6,67
1773,6,65
1774,6,66
1775,6,67
1776,6,66
1777,6,66
1778,6,67
1779,6,67
1780,6,67
1781,6,67
1782,6,68
1783,6,68
1784,6,68
1785,6,69
1786,6,69
1787,6,69
1788,6,69
1789,6,69
1790,6,69
1791,6,69
1792,6,70
1793,7,70
1794,7,70
1795,7,71
1796,7,71
1797,7,71
1798,7,72
1799,7,72
1801,7,70
1802,7,69
1803,7,69
1804,7,69
1805,7,69
1806,7,68
1807,7,68
1808,7,68
1809,7,67
1810,7,67
1811,7,67
1812,7,67
1813,7,67
1814,7,67
1815,7,67
1816,7,67
1817,7,67
1818,7,67
1819,7,67
1820,7,65
1821,7,64
1822,7,64
1823,7,64
1824,7,64
1825,7,64
1826,7,65
1827,7,64
1828,7,64
1829,7,64
1830,7,64
1831,7,64
1832,7,64
1833,7,64
1834,7,64
1835,7,64
1836,7,64
1837,7,64
1838,7,64
1839,7,62
1840,7,61
1841,7,61
1842,7,60
1843,7,60
1844,7,59
1845,7,59
1846,7,59
1847,7,59
1848,7,58
1849,7,57
1850,7,57
1851,8,58
1852,8,57
1853,8,56
1854,8,56
1855,8,56
1856,8,55
1857,8,54
1858,8,55
1859,8,55
1860,8,54
1861,8,54
1862,8,53
1863,8,52
1864,8,51
1865,8,51
1866,8,50
1867,8,49
1868,8,49
1869,8,50
1870,8,50
1871,8,50
1872,8,50
1873,8,50
1874,8,50
1875,8,50
1876,8,50
1877,8,50
1878,8,50
1879,8,51
1880,8,51
1881,8,51
1882,8,50
1883,8,50
1884,8,50
1885,8,50
1886,8,50
1887,8,50
1888,8,50
1889,8,51
1890,8,51
1891,8,51
1892,8,51
1893,8,51
1894,8,50
1895,8,50
1896,8,50
1897,8,50
1898,8,51
1899,8,52
1901,9,52
1902,9,51
1903,9,50
1904,9,50
1905,9,50
1906,9,48
1907,9,48
1908,9,49
1909,9,50
1910,9,49
1911,9,49
1912,9,49
1913,9,49
1914,9,49
1915,9,48
1916,9,48
1917,9,47
1918,9,46
1919,9,46
1920,9,46
1921,9,45
1922,9,44
1923,9,43
1924,9,43
1925,9,42
1926,9,42
1927,9,43
1928,9,42
1929,9,44
1930,9,44
1931,9,43
1932,9,43
1933,9,43
1934,9,43
1935,9,43
1936,9,43
1937,9,43
1938,9,42
1939,9,44
1940,9,43
1941,9,42
1942,9,42
1943,9,42
1944,9,42
1945,9,42
1946,9,42
1947,9,42
1948,9,42
1949,9,43
1950,9,43
1951,9,43
1952,9,42
1953,9,42
1954,9,42
1955,9,41
1956,9,41
1957,9,41
1958,9,41
1959,9,41
1960,9,42
1961,9,41
1962,9,40
1963,9,40
1964,9,40
1965,9,40
1966,9,41
1967,9,40
1968,9,40
1969,9,41
1970,9,42
1971,9,42
1972,9,42
1973,9,43
1974,9,43
1975,9,44
1976,9,45
1977,9,45
1978,9,45
1979,9,46
1980,9,46
1981,9,45
1982,9,45
1983,9,45
1984,9,44
1985,9,44
1986,9,44
1987,9,44
1988,9,44
1989,9,44
1990,9,45
1991,9,45
1992,9,45
1993,9,45
1994,9,45
1995,9,45
1996,9,45
1997,9,45
1998,9,45
1999,9,45
2001,9,45
2002,9,44
2003,9,44
2004,9,44
2005,9,44
2006,9,44
2007,9,44
2008,9,44
2009,9,44
2010,8,45
2011,8,47
2012,8,47
2013,8,47
2014,8,48
2015,8,48
2016,8,48
2017,8,49
2018,8,49
2019,8,49
2020,8,49
2021,8,51
2022,8,50
2023,8,49
2024,8,50
2025,8,50
2026,8,50
2027,8,51
2028,8,51
2029,8,51
2030,8,51
2031,8,53
2032,8,53
2033,8,52
2034,8,52
2035,8,52
2036,8,52
2037,8,53
2038,8,52
2039,8,52
2040,8,52
2041,8,53
2042,8,53
2043,8,53
2044,8,53
2045,8,53
2046,8,53
2047,8,54
2048,8,53
2049,8,53
2050,8,53
2051,8,53
2052,8,52
2053,8,53
2054,8,53
2055,8,53
2056,8,54
2057,8,56
2058,8,57
2059,8,57
2060,8,57
2061,8,58
2062,8,58
2063,8,59
2064,8,58
2065,8,58
2066,8,58
2067,8,60
2068,8,61
2069,8,61
2070,8,61
2071,8,61
2072,8,61
2073,8,61
2074,8,61
2075,8,60
2076,8,60
2077,8,61
2078,8,61
2079,8,61
2080,8,62
2081,8,62
2082,8,62
2083,8,62
2084,8,62
2085,8,62
2086,8,62
2087,8,62
2088,8,63
2089,8,63
2090,8,66
2091,8,67
2092,8,67
2093,8,66
2094,8,66
2095,8,66
2096,8,66
2097,8,66
2098,8,66
2099,8,65
2101,8,66
2102,8,66
2103,8,65
2104,8,65
2105,8,65
2106,8,64
2107,8,63
2108,8,63
2109,8,63
2110,8,63
2111,8,61
2112,8,61
2113,8,60
2114,8,60
2115,8,60
2116,8,60
2117,8,60
2118,8,61
2119,8,61
2120,8,61
2121,8,60
2122,8,60
2123,8,60
2124,8,61
2125,8,61
2126,8,62
2127,8,62
2128,8,61
2129,8,61
2130,8,61
2131,8,61
2132,8,62
2133,8,62
2134,8,62
2135,8,61
2136,8,62
2137,8,62
2138,8,62
2139,8,62
2140,8,62
2141,8,62
2142,8,63
2143,8,63
2144,8,62
2145,8,62
2146,8,62
2147,8,62
2148,8,62
2149,8,63
2150,8,64
2151,8,63
2152,8,64
2153,8,65
2154,8,65
2155,8,65
2156,8,65
2157,8,65
2158,8,65
2159,8,66
2160,8,67
2161,8,67
2162,8,66
2163,8,66
2164,8,68
2165,8,68
2166,8,68
2167,8,68
2168,8,68
2169,8,69
2170,8,70
2171,8,69
2172,8,69
2173,8,70
2174,8,71
2175,8,70
2176,8,70
2177,8,70
2178,8,69
2179,8,70
2180,8,71
2181,8,71
2182,8,71
2183,8,70
2184,8,70
2185,8,69
2186,8,69
2187,8,69
2188,8,69
2189,8,69
2190,8,69
2191,8,70
2192,8,69
2193,8,69
2194,8,69
2195,8,69
2196,8,69
2197,8,69
2198,8,70
2199,8,70
2201,8,70
2202,8,71
2203,8,71
2204,8,69
2205,8,69
2206,8,69
2207,8,69
2208,8,71
2209,8,71
2210,8,72
2211,8,72
2212,8,71
2213,8,71
2214,8,72
2215,8,72
2216,8,73
2217,8,71
2218,8,73
2219,8,73
2220,8,74
2221,8,74
2222,8,74
2223,8,74
2224,8,74
2225,8,75
2226,8,73
2227,8,71
2228,8,73
2229,8,73
2230,8,74
2231,8,74
2232,8,74
2233,8,72
2234,8,72
2235,8,74
2236,8,73
2237,8,73
2238,8,73
2239,8,72
2240,8,72
2241,8,71
2242,8,71
2243,8,71
2244,8,71
2245,8,70
2246,8,70
2247,8,70
2248,8,70
2249,8,70
2250,8,70
2251,7,71
2252,7,72
2253,6,71
2254,6,71
2255,6,71
2256,6,70
2257,6,69
2258,6,68
2259,6,68
2260,6,68
2261,6,69
2262,6,70
2263,6,70
2264,6,70
2265,6,69
2266,6,70
2267,6,70
2268,6,70
2269,6,70
2270,6,70
2271,6,70
2272,6,70
2273,6,69
2274,6,68
2275,6,68
2276,6,68
2277,6,68
2278,6,68
2279,6,68
2280,6,69
2281,6,69
2282,6,69
2283,6,69
2284,6,69
2285,6,68
2286,6,68
2287,6,68
2288,6,69
2289,6,69
2290,6,70
2291,6,70
2292,6,69
2293,6,69
2294,6,69
2295,6,69
2296,6,70
2297,6,69
2298,6,69
2299,6,70
2301,6,70
2302,6,70
2303,6,71
2304,6,71
2305,6,72
2306,6,70
2307,6,70
2308,6,71
2309,6,71
2310,6,71
2311,6,71
2312,6,70
2313,6,71
2314,6,70
2315,6,70
2316,6,70
2317,6,69
2318,6,69
2319,6,67
2320,6,67
2321,6,67
2322,6,66
2323,6,67
2324,6,67
2325,6,67
2326,6,67
2327,6,67
2328,6,67
2329,6,68
2330,6,68
2331,6,67
2332,6,67
2333,6,68
2334,6,69
2335,6,69
2336,6,69
2337,6,69
2338,6,69
2339,6,69
2340,6,68
2341,6,68
2342,6,69
2343,6,69
2344,6,69
2345,6,69
2346,6,68
2347,6,67
2348,6,67
2349,6,66
2350,6,64
2351,6,64
2352,6,65
2353,6,65
2354,6,65
2355,6,65
2356,6,64
2357,6,64
2358,6,64
2359,6,63
2360,6,63
2361,6,63
2362,6,63
2363,6,63
2364,6,63
2365,6,63
2366,6,63
2367,6,64
2368,6,64
2369,6,64
2370,6,64
2371,6,64
2372,6,64
2373,6,64
2374,6,63
2375,6,63
2376,6,63
2377,6,65
2378,6,65
2379,6,66
2380,6,66
2381,6,65
2382,6,65
2383,6,65
2384,6,65
2385,6,63
2386,6,63
2387,6,63
2388,6,64
2389,6,65
2390,6,65
2391,6,64
2392,6,64
2393,6,65
2394,6,65
2395,6,66
2396,6,67
2397,6,67
2398,6,67
2399,6,67
2401,6,66
2402,6,66
2403,6,66
2404,6,66
2405,6,68
2406,6,69
2407,6,69
2408,6,69
2409,6,70
2410,6,70
2411,6,70
2412,6,71
2413,6,69
2414,6,69
2415,6,70
2416,6,71
2417,6,70
2418,6,70
2419,6,72
2420,6,72
2421,6,72
2422,6,72
2423,6,72
2424,6,72
2425,6,72
2426,6,73
2427,6,72
2428,6,71
2429,6,71
2430,6,71
2431,6,70
2432,6,70
2433,6,70
2434,6,70
2435,6,72
2436,6,74
2437,6,74
2438,6,74
2439,6,75
2440,6,75
2441,6,74
2442,6,74
2443,6,74
2444,6,74
2445,6,73
2446,6,73
2447,6,73
2448,6,72
2449,6,74
2450,6,74
2451,6,75
2452,6,75
2453,6,75
2454,6,75
2455,6,74
2456,6,74
2457,6,74
2458,6,73
2459,6,75
2460,6,75
2461,6,75
2462,6,75
2463,6,75
2464,6,75
2465,6,75
2466,6,75
2467,6,75
2468,6,76
2469,6,75
2470,6,75
2471,6,76
2472,6,76
2473,6,77
2474,6,77
2475,6,76
2476,6,76
2477,6,76
2478,6,76
2479,6,76
2480,6,76
2481,6,77
2482,6,77
2483,6,78
2484,6,78
2485,6,78
2486,6,79
2487,6,79
2488,6,79
2489,6,79
2490,6,79
2491,6,80
2492,6,80
2493,6,80
2494,6,78
2495,6,78
2496,6,79
2497,6,79
2498,6,79
2499,6,79
2501,6,80
2502,6,80
2503,6,80
2504,6,80
2505,6,80
2506,6,80
2507,6,80
2508,6,80
2509,6,80
2510,6,81
2511,6,82
2512,6,82
2513,6,82
2514,6,81
2515,6,81
2516,6,81
2517,6,81
2518,6,80
2519,6,80
2520,6,79
2521,6,78
2522,6,78
2523,6,77
2524,6,77
2525,6,77
2526,6,77
2527,6,78
2528,6,78
2529,6,77
2530,6,76
2531,6,76
2532,6,76
2533,6,77
2534,6,77
2535,6,76
2536,6,76
2537,6,76
2538,6,76
2539,6,76
2540,6,75
2541,6,75
2542,6,75
2543,6,75
2544,6,75
2545,6,75
2546,6,75
2547,6,75
2548,6,74
2549,6,75
2550,6,75
2551,6,76
2552,6,76
2553,6,76
2554,6,75
2555,6,75
2556,6,74
2557,6,74
2558,6,74
2559,6,75
2560,6,75
2561,6,76
2562,6,76
2563,6,76
2564,6,75
2565,6,75
2566,6,75
2567,6,75
2568,6,75
2569,6,76
2570,6,74
2571,6,75
2572,6,74
2573,6,71
2574,6,71
2575,6,71
2576,6,73
2577,6,73
2578,6,73
2579,6,73
2580,6,73
2581,6,73
2582,6,73
2583,6,73
2584,6,73
2585,6,73
2586,6,74
2587,6,73
2588,6,73
2589,6,73
2590,6,73
2591,6,73
2592,6,72
2593,6,72
2594,6,73
2595,6,73
2596,6,73
2597,6,73
2598,6,73
2599,6,72
2601,6,71
2602,6,70
2603,6,70
2604,6,70
2605,6,70
2606,6,69
2607,6,67
2608,6,67
2609,6,67
2610,6,68
2611,6,68
2612,6,67
2613,6,67
2614,6,67
2615,6,67
2616,6,67
2617,6,66
2618,6,66
2619,6,66
2620,6,66
2621,6,66
2622,6,66
2623,6,65
2624,6,64
2625,6,64
2626,6,64
2627,6,65
2628,6,64
2629,6,64
2630,6,63
2631,6,62
2632,6,61
2633,6,61
2634,6,61
2635,6,61
2636,6,61
2637,6,62
2638,6,63
2639,6,63
2640,6,63
2641,6,63
2642,6,62
2643,6,61
2644,6,61
2645,6,61
2646,6,61
2647,6,62
2648,6,63
2649,6,62
2650,6,62
2651,6,63
2652,6,63
2653,6,63
2654,6,63
2655,6,64
2656,6,63
2657,6,64
2658,6,65
2659,6,66
2660,6,66
2661,6,67
2662,6,67
2663,6,66
2664,6,66
2665,6,66
2666,6,66
2667,6,66
2668,6,67
2669,6,67
2670,6,67
2671,7,68
2672,7,68
2673,7,68
2674,7,66
2675,7,66
2676,7,66
2677,7,66
2678,7,66
2679,7,65
2680,7,65
2681,7,67
2682,7,66
2683,7,66
2684,7,65
2685,7,65
2686,7,65
2687,7,64
2688,7,64
2689,7,63
2690,7,63
2691,7,64
2692,7,64
2693,7,64
2694,7,64
2695,7,64
2696,7,65
2697,7,65
2698,7,65
2699,7,65
2701,7,66
2702,7,65
2703,7,64
2704,7,64
2705,7,63
2706,7,63
2707,7,63
2708,7,63
2709,7,62
2710,7,62
2711,7,63
2712,7,63
2713,7,63
2714,7,63
2715,7,63
2716,7,62
2717,7,62
2718,7,62
2719,7,62
2720,7,62
2721,7,62
2722,7,63
2723,7,63
2724,7,63
2725,7,63
2726,7,63
2727,7,63
2728,7,62
2729,7,63
2730,7,63
2731,7,64
2732,7,63
2733,7,64
2734,7,64
2735,7,64
2736,7,64
2737,7,64
2738,7,64
2739,7,65
2740,7,64
2741,7,64
2742,7,64
2743,7,64
2744,7,65
2745,7,65
2746,7,65
2747,7,65
2748,7,65
2749,7,65
2750,7,65
2751,7,65
2752,7,65
2753,7,65
2754,7,67
2755,7,67
2756,7,67
2757,7,67
2758,7,67
2759,8,67
2760,8,66
2761,8,66
2762,8,65
2763,8,63
2764,8,65
2765,8,65
2766,8,65
2767,8,65
2768,8,66
2769,8,67
2770,8,67
2771,8,67
2772,8,67
2773,8,67
2774,8,68
2775,8,68
2776,8,67
2777,8,66
2778,8,67
2779,8,68
2780,8,68
2781,8,68
2782,8,68
2783,8,68
2784,8,68
2785,8,69
2786,8,68
2787,8,68
2788,8,69
2789,8,71
2790,8,71
2791,8,70
2792,8,71
2793,8,71
2794,8,71
2795,8,70
2796,8,70
2797,8,69
2798,8,69
2799,8,71
2801,8,71
2802,8,72
2803,8,73
2804,8,73
2805,8,73
2806,8,72
2807,8,72
2808,8,71
2809,8,71
2810,8,69
2811,8,69
2812,8,69
2813,8,69
2814,8,69
2815,8,69
2816,8,69
2817,8,68
2818,8,68
2819,8,69
2820,8,69
2821,8,69
2822,8,69
2823,8,69
2824,8,69
2825,8,69
2826,8,69
2827,8,68
2828,8,68
2829,8,67
2830,8,67
2831,8,68
2832,8,68
2833,8,68
2834,8,69
2835,8,69
2836,8,69
2837,8,69
2838,8,69
2839,8,69
2840,8,69
2841,8,70
2842,8,70
2843,8,70
2844,8,68
2845,8,67
2846,8,67
2847,8,67
2848,8,67
2849,8,66
2850,8,66
2851,8,66
2852,8,66
2853,8,66
2854,8,65
2855,8,66
2856,8,65
2857,8,64
2858,8,64
2859,8,63
2860,8,63
2861,8,64
2862,8,64
2863,8,64
2864,8,64
2865,8,64
2866,8,64
2867,8,64
2868,8,64
2869,8,64
2870,8,64
2871,8,65
2872,8,65
2873,8,64
2874,8,64
2875,8,65
2876,8,65
2877,8,65
2878,8,66
2879,8,65
2880,8,65
2881,8,65
2882,8,65
2883,8,65
2884,8,65
2885,8,65
2886,8,65
2887,8,65
2888,8,65
2889,8,65
2890,8,63
2891,8,63
2892,8,62
2893,8,62
2894,8,62
2895,8,62
2896,8,62
2897,8,62
2898,8,62
2899,8,62
2901,8,62
2902,8,61
2903,8,61
2904,8,61
2905,8,61
2906,8,61
2907,8,61
2908,8,61
2909,8,60
2910,8,60
2911,8,60
2912,8,60
2913,8,60
2914,8,60
2915,8,59
2916,8,59
2917,8,60
2918,8,60
2919,8,59
2920,8,60
2921,8,60
2922,8,60
2923,8,61
2924,8,61
2925,8,62
2926,8,63
2927,8,64
2928,8,64
2929,8,64
2930,8,65
2931,7,65
2932,7,65
2933,7,65
2934,7,65
2935,7,64
2936,8,62
2937,8,62
2938,8,62
2939,8,62
2940,8,62
2941,8,59
2942,8,59
2943,8,60
2944,8,59
2945,8,59
2946,8,59
2947,8,59
2948,8,61
2949,8,63
2950,8,62
2951,8,62
2952,8,62
2953,8,62
2954,8,61
2955,8,60
2956,8,60
2957,8,60
2958,8,61
2959,8,62
2960,8,62
2961,8,61
2962,8,61
2963,8,60
2964,8,61
2965,8,61
2966,8,61
2967,8,61
2968,8,61
2969,8,61
2970,8,62
2971,8,62
2972,8,62
2973,8,61
2974,8,63
2975,8,63
2976,8,63
2977,9,64
2978,9,64
2979,9,64
2980,9,65
2981,9,65
2982,9,65
2983,9,64
2984,9,65
2985,9,65
2986,9,63
2987,9,64
2988,9,64
2989,9,64
2990,9,65
2991,9,65
2992,9,65
2993,9,64
2994,9,65
2995,9,64
2996,9,63
2997,9,64
2998,9,64
2999,9,64
3001,9,64
3002,9,63
3003,9,63
3004,9,61
3005,9,62
3006,9,62
3007,9,63
3008,9,63
3009,9,63
3010,9,63
3011,9,62
3012,9,61
3013,9,60
3014,9,58
3015,9,59
3016,9,59
3017,9,60
3018,9,59
3019,9,59
3020,9,59
3021,10,57
3022,10,57
3023,10,58
3024,10,58
3025,10,59
3026,10,58
3027,10,59
3028,10,58
3029,11,58
3030,11,57
3031,11,57
3032,11,57
3033,11,57
3034,11,57
3035,11,58
3036,11,58
3037,11,58
3038,11,58
3039,11,59
3040,11,60
3041,11,61
3042,11,60
3043,11,60
3044,11,60
3045,11,61
3046,11,60
3047,11,60
3048,11,60
3049,11,60
3050,11,61
3051,11,61
3052,11,61
3053,11,61
3054,11,61
3055,11,62
3056,11,62
3057,11,62
3058,11,63
3059,11,65
3060,11,65
3061,11,66
3062,11,66
3063,11,66
3064,11,66
3065,11,66
3066,11,66
3067,11,66
3068,11,64
3069,11,66
3070,11,65
3071,11,64
3072,11,62
3073,11,63
3074,11,63
3075,11,63
3076,11,63
3077,11,62
3078,11,62
3079,11,65
3080,11,65
3081,11,64
3082,11,64
3083,11,63
3084,11,63
3085,11,62
3086,11,60
3087,11,59
3088,11,59
3089,11,61
3090,11,59
3091,11,59
3092,11,59
3093,11,59
3094,11,59
3095,11,59
3096,11,59
3097,11,59
3098,11,60
3099,11,61
3101,11,61
3102,11,61
3103,11,61
3104,11,61
3105,11,60
3106,11,60
3107,11,60
3108,11,61
3109,11,62
3110,11,62
3111,11,61
3112,11,61
3113,11,61
3114,11,60
3115,11,59
3116,11,59
3117,11,59
3118,11,58
3119,11,57
3120,11,57
3121,11,57
3122,11,57
3123,11,57
3124,11,56
3125,11,57
3126,11,57
3127,11,57
3128,11,57
3129,11,57
3130,11,57
3131,11,59
3132,11,58
3133,11,57
3134,11,55
3135,11,56
3136,12,54
3137,12,54
3138,12,54
3139,12,55
3140,12,56
3141,12,55
3142,12,55
3143,12,54
3144,12,53
3145,12,56
3146,12,56
3147,12,56
3148,12,56
3149,12,55
3150,12,55
3151,12,55
3152,12,55
3153,12,55
3154,12,55
3155,12,56
3156,12,55
3157,12,55
3158,12,55
3159,12,54
3160,12,54
3161,12,55
3162,12,55
3163,12,53
3164,12,53
3165,12,55
3166,12,55
3167,12,55
3168,12,54
3169,12,54
3170,12,54
3171,12,54
3172,12,54
3173,12,54
3174,12,54
3175,12,55
3176,12,55
3177,12,55
3178,12,55
3179,12,52
3180,12,52
3181,12,52
3182,12,52
3183,12,53
3184,12,53
3185,12,52
3186,13,52
3187,13,51
3188,13,50
3189,13,50
3190,13,49
3191,13,49
3192,13,48
3193,13,49
3194,13,49
3195,13,49
3196,13,49
3197,13,48
3198,13,48
3199,13,47
3201,13,48
3202,13,48
3203,13,48
3204,13,48
3205,13,48
3206,13,48
3207,13,47
3208,13,47
3209,13,46
3210,13,47
3211,13,47
3212,13,46
3213,13,46
3214,13,44
3215,13,45
3216,13,45
3217,13,45
3218,13,45
3219,13,45
3220,13,45
3221,13,45
3222,13,45
3223,13,46
3224,13,46
3225,13,48
3226,13,48
3227,13,48
3228,13,48
3229,13,48
3230,13,47
3231,13,47
3232,13,47
3233,13,46
3234,13,46
3235,13,47
3236,13,47
3237,13,47
3238,13,47
3239,13,47
3240,13,44
3241,13,44
3242,13,44
3243,13,44
3244,13,44
3245,13,45
3246,13,44
3247,13,44
3248,13,45
3249,13,48
3250,13,48
3251,13,48
3252,13,49
3253,13,49
3254,13,49
3255,13,49
3256,13,49
3257,13,49
3258,13,49
3259,13,49
3260,13,49
3261,13,49
3262,13,48
3263,13,48
3264,13,48
3265,13,48
3266,13,48
3267,13,48
3268,13,47
3269,13,47
3270,13,46
3271,13,45
3272,13,44
3273,13,43
3274,13,43
3275,13,44
3276,13,43
3277,13,42
3278,13,42
3279,13,42
3280,13,42
3281,13,42
3282,13,42
3283,13,41
3284,13,40
3285,13,39
3286,13,39
3287,13,38
3288,13,38
3289,13,38
3290,13,38
3291,13,37
3292,13,36
3293,13,36
3294,13,35
3295,13,34
3296,13,34
3297,13,34
3298,13,34
3299,13,34
3301,13,34
3302,13,35
3303,13,35
3304,13,34
3305,13,34
3306,13,34
3307,13,34
3308,13,34
3309,13,34
3310,13,34
3311,13,34
3312,13,36
3313,13,36
3314,13,36
3315,13,36
3316,13,37
3317,13,37
3318,12,37
3319,12,37
3320,12,37
3321,12,37
3322,12,39
3323,12,39
3324,12,39
3325,12,40
3326,12,41
3327,13,42
3328,13,43
3329,13,43
3330,13,43
3331,13,43
3332,13,47
3333,13,47
3334,13,47
3335,13,48
3336,13,48
3337,13,49
3338,13,49
3339,13,50
3340,13,50
3341,13,49
3342,13,51
3343,13,51
3344,13,51
3345,13,51
3346,13,51
3347,13,51
3348,13,51
3349,13,52
3350,13,52
3351,13,53
3352,13,53
3353,13,54
3354,13,53
3355,13,53
3356,13,52
3357,13,52
3358,13,52
3359,12,54
3360,12,54
3361,12,54
3362,12,54
3363,12,54
3364,12,54
3365,12,53
3366,12,53
3367,12,53
3368,12,53
3369,12,54
3370,12,54
3371,12,54
3372,12,52
3373,12,51
3374,12,51
3375,12,51
3376,12,51
3377,12,50
3378,12,50
3379,12,51
3380,12,51
3381,12,51
3382,12,50
3383,12,50
3384,12,50
3385,12,50
3386,12,51
3387,12,52
3388,12,52
3389,12,52
3390,12,52
3391,12,53
3392,12,53
3393,12,53
3394,12,53
3395,12,52
3396,12,52
3397,12,53
3398,12,52
3399,12,52
3401,12,54
3402,12,53
3403,12,53
3404,12,53
3405,12,53
3406,12,53
3407,12,52
3408,12,51
3409,12,51
3410,12,51
3411,12,51
3412,12,51
3413,12,51
3414,12,51
3415,12,52
3416,12,52
3417,12,52
3418,11,52
3419,11,52
3420,11,52
3421,11,51
3422,11,52
3423,11,52
3424,11,51
3425,11,52
3426,11,52
3427,11,51
3428,11,50
3429,11,50
3430,11,50
3431,11,51
3432,11,51
3433,11,51
3434,11,51
3435,11,52
3436,11,52
3437,11,51
3438,11,51
3439,11,50
3440,11,51
3441,11,53
3442,11,53
3443,11,53
3444,11,52
3445,11,53
3446,11,53
3447,11,53
3448,11,53
3449,11,53
3450,11,54
3451,11,54
3452,11,54
3453,10,54
3454,10,54
3455,10,55
3456,10,55
3457,10,55
3458,10,55
3459,10,56
3460,10,57
3461,10,57
3462,10,57
3463,10,57
3464,10,57
3465,10,57
3466,10,57
3467,10,58
3468,10,56
3469,10,56
3470,10,56
3471,10,56
3472,10,56
3473,10,56
3474,10,55
3475,10,55
3476,10,55
3477,10,56
3478,10,56
3479,10,58
3480,10,57
3481,10,56
3482,10,56
3483,10,56
3484,10,56
3485,10,56
3486,10,55
3487,10,56
3488,10,56
3489,10,57
3490,10,57
3491,10,57
3492,10,57
3493,10,57
3494,10,57
3495,10,57
3496,10,57
3497,10,57
3498,10,58
3499,10,59
3501,10,59
3502,10,59
3503,10,59
3504,10,59
3505,10,59
3506,10,60
3507,10,59
3508,10,60
3509,10,61
3510,10,61
3511,10,61
3512,10,61
3513,10,60
3514,10,59
3515,10,59
3516,10,60
3517,10,60
3518,10,59
3519,10,58
3520,10,58
3521,10,58
3522,10,58
3523,10,57
3524,10,57
3525,10,57
3526,10,55
3527,10,55
3528,10,55
3529,10,55
3530,10,54
3531,10,55
3532,10,55
3533,10,55
3534,10,55
3535,10,55
3536,10,55
3537,10,55
3538,10,55
3539,10,55
3540,10,55
3541,10,56
3542,10,56
3543,10,56
3544,10,56
3545,10,56
3546,10,56
3547,10,57
3548,10,56
3549,10,56
3550,9,56
3551,9,57
3552,9,57
3553,9,57
3554,9,58
3555,9,57
3556,9,56
3557,9,55
3558,9,55
3559,9,55
3560,9,54
3561,9,55
3562,9,55
3563,9,55
3564,9,56
3565,9,55
3566,9,55
3567,9,55
3568,9,56
3569,9,55
3570,9,55
3571,9,54
3572,9,54
3573,9,53
3574,9,53
3575,9,53
3576,9,51
3577,9,52
3578,9,53
3579,9,53
3580,9,52
3581,9,53
3582,9,53
3583,9,53
3584,9,53
3585,9,52
3586,9,52
3587,9,52
3588,9,52
3589,9,52
3590,9,52
3591,9,53
3592,9,53
3593,9,53
3594,9,52
3595,9,52
3596,9,53
3597,9,53
3598,9,52
3599,9,52
3601,9,53
3602,9,53
3603,9,53
3604,9,53
3605,9,53
3606,9,53
3607,9,53
3608,9,53
3609,9,53
3610,9,52
3611,9,55
3612,9,55
3613,9,55
3614,9,54
3615,9,53
3616,9,53
3617,9,53
3618,9,53
3619,9,53
3620,9,53
3621,9,56
3622,9,56
3623,9,55
3624,9,55
3625,9,55
3626,9,55
3627,9,54
3628,9,54
3629,10,54
3630,10,53
3631,10,55
3632,10,54
3633,10,54
3634,10,54
3635,10,54
3636,10,54
3637,10,54
3638,10,54
3639,10,54
3640,10,54
3641,10,55
3642,10,55
3643,10,55
3644,10,56
3645,10,56
3646,10,55
3647,10,53
3648,10,52
3649,10,52
3650,10,53
3651,10,53
3652,10,53
3653,10,53
3654,10,54
3655,10,54
3656,10,54
3657,10,53
3658,10,55
3659,10,55
3660,10,57
3661,10,58
3662,10,58
3663,9,58
3664,9,59
3665,9,59
3666,9,59
3667,9,58
3668,9,59
3669,9,59
3670,9,61
3671,9,61
3672,9,62
3673,9,61
3674,9,61
3675,9,61
3676,9,61
3677,9,61
3678,9,61
3679,9,61
3680,9,63
3681,9,64
3682,9,64
3683,9,64
3684,9,64
3685,9,64
3686,9,64
3687,9,64
3688,9,64
3689,9,64
3690,9,65
3691,9,66
3692,9,66
3693,9,67
3694,9,67
3695,9,67
3696,9,67
3697,9,67
3698,9,67
3699,9,68
3701,9,70
3702,9,70
3703,9,71
3704,9,71
3705,9,71
3706,9,72
3707,9,72
3708,9,72
3709,9,73
3710,9,73
3711,9,74
3712,9,74
3713,9,74
3714,9,73
3715,9,72
3716,9,72
3717,9,72
3718,9,72
3719,9,72
3720,9,72
3721,9,71
3722,9,71
3723,9,72
3724,9,72
3725,9,72
3726,9,72
3727,9,72
3728,9,73
3729,9,73
3730,9,73
3731,9,73
3732,9,73
3733,9,73
3734,9,73
3735,9,73
3736,9,73
3737,9,73
3738,9,74
3739,9,74
3740,9,74
3741,9,74
3742,9,73
3743,9,72
3744,9,71
3745,9,71
3746,9,71
3747,9,70
3748,9,70
3749,9,71
3750,9,71
3751,9,71
3752,9,71
3753,9,71
3754,9,72
3755,9,72
3756,9,72
3757,9,72
3758,9,73
3759,9,74
3760,9,74
3761,9,74
3762,9,73
3763,9,71
3764,9,72
3765,9,72
3766,9,72
3767,9,71
3768,9,73
3769,9,73
3770,9,73
3771,9,74
3772,9,74
3773,9,74
3774,9,72
3775,9,72
3776,9,72
3777,9,72
3778,9,73
3779,9,72
3780,9,72
3781,9,73
3782,9,72
3783,9,72
3784,9,72
3785,9,71
3786,9,70
3787,9,70
3788,9,72
3789,9,72
3790,9,72
3791,9,74
3792,9,74
3793,9,74
3794,9,76
3795,9,77
3796,9,77
3797,9,77
3798,9,77
3799,9,76
3801,9,78
3802,9,78
3803,9,78
3804,9,80
3805,9,81
3806,9,81
3807,9,81
3808,9,81
3809,9,79
3810,9,79
3811,9,81
3812,9,81
3813,9,81
3814,9,82
3815,9,84
3816,9,84
3817,9,83
3818,9,83
3819,9,84
3820,9,84
3821,9,84
3822,9,84
3823,9,84
3824,9,84
3825,9,84
3826,9,84
3827,9,84
3828,9,84
3829,9,84
3830,9,84
3831,9,83
3832,9,84
3833,9,84
3834,9,83
3835,9,83
3836,9,82
3837,9,83
3838,9,82
3839,9,81
3840,9,81
3841,9,81
3842,9,82
3843,9,82
3844,10,81
3845,10,80
3846,10,80
3847,10,80
3848,10,80
3849,10,80
3850,10,80
3851,10,81
3852,10,82
3853,10,82
3854,10,82
3855,10,81
3856,10,81
3857,10,81
3858,10,82
3859,10,80
3860,10,81
3861,10,81
3862,10,82
3863,10,82
3864,10,82
3865,10,82
3866,10,83
3867,10,82
3868,10,82
3869,10,82
3870,10,82
3871,10,79
3872,10,79
3873,10,78
3874,10,78
3875,10,77
3876,10,76
3877,10,76
3878,10,76
3879,10,77
3880,10,77
3881,10,77
3882,10,77
3883,10,78
3884,10,78
3885,10,77
3886,10,77
3887,10,77
3888,10,78
3889,10,80
3890,10,80
3891,10,80
3892,10,79
3893,10,79
3894,10,79
3895,10,78
3896,10,78
3897,10,78
3898,10,78
3899,10,79
3901,10,80
3902,10,79
3903,10,79
3904,10,78
3905,10,78
3906,10,78
3907,10,78
3908,10,78
3909,10,78
3910,10,78
3911,10,77
3912,10,77
3913,10,77
3914,10,77
3915,10,77
3916,10,76
3917,10,76
3918,10,76
3919,10,76
3920,10,76
3921,10,76
3922,10,76
3923,10,76
3924,10,76
3925,10,77
3926,10,76
3927,10,76
3928,10,75
3929,10,75
3930,10,75
3931,10,76
3932,10,76
3933,10,76
3934,10,76
3935,10,75
3936,10,75
3937,10,75
3938,10,74
3939,10,74
3940,10,72
3941,10,72
3942,10,72
3943,10,73
3944,10,73
3945,10,72
3946,10,73
3947,10,73
3948,10,73
3949,10,73
3950,10,73
3951,10,73
3952,10,71
3953,10,71
3954,10,69
3955,10,69
3956,10,69
3957,10,69
3958,10,68
3959,10,68
3960,10,69
3961,10,68
3962,10,67
3963,10,67
3964,10,67
3965,10,67
3966,10,66
3967,10,66
3968,10,67
3969,10,67
3970,10,67
3971,10,68
3972,10,68
3973,10,68
3974,10,68
3975,10,67
3976,10,67
3977,10,68
3978,10,68
3979,10,68
3980,10,66
3981,10,67
3982,10,66
3983,10,66
3984,10,66
3985,10,66
3986,10,67
3987,10,66
3988,10,66
3989,10,65
3990,10,65
3991,10,65
3992,10,64
3993,10,65
3994,10,63
3995,10,62
3996,10,62
3997,10,62
3998,10,62
3999,10,62
4001,11,63
4002,11,63
4003,11,62
4004,11,62
4005,11,63
4006,11,61
4007,11,60
4008,11,60
4009,11,60
4010,11,61
4011,12,60
4012,12,60
4013,12,60
4014,12,59
4015,12,58
4016,12,58
4017,12,58
4018,12,58
4019,12,57
4020,12,57
4021,12,57
4022,12,58
4023,12,57
4024,12,57
4025,12,58
4026,12,59
4027,12,59
4028,12,57
4029,12,57
4030,12,57
4031,12,57
4032,12,58
4033,12,58
4034,12,57
4035,12,57
4036,12,58
4037,12,58
4038,12,58
4039,12,56
4040,12,55
4041,12,55
4042,12,56
4043,12,56
4044,12,56
4045,12,56
4046,12,57
4047,12,56
4048,12,56
4049,12,56
4050,12,57
4051,12,56
4052,12,56
4053,12,55
4054,12,55
4055,12,54
4056,12,54
4057,12,54
4058,12,54
4059,11,52
4060,11,51
4061,11,51
4062,11,51
4063,11,51
4064,11,51
4065,11,51
4066,11,52
4067,11,52
4068,11,52
4069,11,52
4070,11,51
4071,11,51
4072,11,51
4073,11,50
4074,11,50
4075,11,50
4076,11,50
4077,11,50
4078,11,50
4079,11,50
4080,11,50
4081,11,50
4082,11,50
4083,11,50
4084,11,50
4085,11,50
4086,11,50
4087,11,49
4088,11,49
4089,11,50
4090,11,50
4091,11,50
4092,11,51
4093,11,50
4094,11,50
4095,11,48
4096,11,48
4097,11,48
4098,11,48
4099,11,47
4101,11,46
4102,11,46
4103,11,45
4104,11,45
4105,11,46
4106,11,46
4107,11,46
4108,11,46
4109,11,45
4110,11,45
4111,11,45
4112,11,45
4113,11,44
4114,11,43
4115,11,43
4116,11,43
4117,11,42
4118,11,41
4119,11,41
4120,11,41
4121,11,41
4122,11,41
4123,11,41
4124,11,39
4125,11,39
4126,11,39
4127,11,39
4128,11,39
4129,11,39
4130,11,39
4131,11,39
4132,11,39
4133,11,38
4134,11,38
4135,11,38
4136,11,37
4137,11,37
4138,11,37
4139,11,37
4140,11,37
4141,11,36
4142,11,36
4143,11,35
4144,11,34
4145,11,34
4146,11,36
4147,11,36
4148,11,36
4149,11,34
4150,11,34
4151,11,34
4152,11,33
4153,11,34
4154,11,34
4155,11,34
4156,11,34
4157,11,34
4158,11,34
4159,11,35
4160,11,35
4161,11,35
4162,11,35
4163,11,36
4164,11,36
4165,11,35
4166,11,35
4167,11,35
4168,11,36
4169,11,36
4170,11,35
4171,11,35
4172,11,34
4173,11,33
4174,12,33
4175,12,33
4176,12,32
4177,12,31
4178,12,31
4179,12,31
4180,12,31
4181,12,31
4182,12,31
4183,12,31
4184,12,30
4185,12,30
4186,12,30
4187,12,29
4188,12,29
4189,12,29
4190,12,30
4191,12,30
4192,12,30
4193,12,29
4194,12,29
4195,12,29
4196,12,29
4197,12,29
4198,12,30
4199,12,30
4201,12,29
4202,12,29
4203,12,29
4204,12,29
4205,12,29
4206,12,29
4207,12,28
4208,12,29
4209,12,30
4210,12,30
4211,12,30
4212,12,30
4213,12,31
4214,12,31
4215,12,31
4216,12,31
4217,12,31
4218,12,31
4219,12,32
4220,12,32
4221,12,32
4222,12,33
4223,12,32
4224,12,32
4225,12,32
4226,12,31
4227,12,31
4228,12,31
4229,12,31
4230,12,31
4231,12,31
4232,12,32
4233,12,32
4234,12,32
4235,12,32
4236,12,32
4237,12,32
4238,12,32
4239,12,32
4240,12,32
4241,12,31
4242,12,31
4243,12,30
4244,12,30
4245,12,30
4246,12,30
4247,12,29
4248,12,29
4249,12,29
4250,12,30
4251,12,29
4252,12,29
4253,12,29
4254,12,28
4255,12,28
4256,12,28
4257,12,28
4258,12,28
4259,12,28
4260,12,28
4261,12,28
4262,12,28
4263,12,28
4264,12,29
4265,12,29
4266,12,28
4267,12,28
4268,12,28
4269,12,29
4270,12,29
4271,12,29
4272,12,29
4273,12,29
4274,12,29
4275,12,29
4276,12,29
4277,12,29
4278,12,29
4279,12,29
4280,12,29
4281,12,29
4282,12,29
4283,12,29
4284,12,29
4285,12,29
4286,12,29
4287,12,29
4288,12,29
4289,12,30
4290,12,30
4291,12,30
4292,12,31
4293,12,31
4294,12,31
4295,12,31
4296,12,32
4297,12,32
4298,12,32
4299,12,33
4301,12,32
4302,12,32
4303,12,32
4304,12,32
4305,12,32
4306,12,32
4307,12,32
4308,12,32
4309,12,32
4310,12,32
4311,12,32
4312,12,33
4313,12,33
4314,12,33
4315,12,32
4316,12,34
4317,12,34
4318,12,34
4319,12,34
4320,13,34
4321,13,34
4322,13,33
4323,13,33
4324,13,33
4325,13,33
4326,13,35
4327,13,35
4328,13,35
4329,13,35
4330,13,35
4331,13,35
4332,13,35
4333,13,35
4334,13,35
4335,13,35
4336,13,36
4337,13,36
4338,13,36
4339,13,36
4340,13,34
4341,13,34
4342,13,34
4343,13,34
4344,13,34
4345,13,34
4346,13,35
4347,13,35
4348,13,34
4349,13,34
4350,13,34
4351,13,34
4352,13,34
4353,13,34
4354,13,34
4355,13,34
4356,13,35
4357,13,34
4358,13,34
4359,13,34
4360,13,34
4361,13,34
4362,13,34
4363,13,34
4364,13,33
4365,13,33
4366,13,34
4367,13,34
4368,13,35
4369,13,35
4370,13,34
4371,13,33
4372,13,33
4373,13,33
4374,13,33
4375,13,33
4376,13,33
4377,13,33
4378,13,34
4379,13,34
4380,13,35
4381,13,35
4382,13,35
4383,13,35
4384,13,35
4385,13,35
4386,13,35
4387,13,35
4388,13,35
4389,13,35
4390,13,36
4391,13,37
4392,13,37
4393,13,37
4394,13,37
4395,13,37
4396,13,37
4397,13,37
4398,13,37
4399,13,37
4401,13,39
4402,13,39
4403,13,39
4404,13,37
4405,13,36
4406,13,36
4407,13,36
4408,13,36
4409,13,36
4410,13,37
4411,13,38
4412,13,37
4413,13,37
4414,13,37
4415,13,37
4416,13,37
4417,13,37
4418,13,37
4419,13,37
4420,13,38
4421,13,40
4422,13,40
4423,13,40
4424,13,40
4425,13,40
4426,13,40
4427,13,39
4428,13,39
4429,13,39
4430,13,41
4431,13,43
4432,13,43
4433,13,43
4434,13,42
4435,13,41
4436,13,41
4437,13,40
4438,13,40
4439,13,40
4440,13,42
4441,13,44
4442,13,44
4443,13,44
4444,13,43
4445,13,42
4446,13,42
4447,13,41
4448,13,41
4449,13,41
4450,13,44
4451,13,45
4452,13,45
4453,13,44
4454,13,44
4455,13,44
4456,13,44
4457,13,44
4458,13,44
4459,13,44
4460,13,47
4461,13,48
4462,13,48
4463,13,48
4464,13,48
4465,13,48
4466,13,47
4467,13,47
4468,13,45
4469,13,45
4470,13,46
4471,13,47
4472,13,47
4473,13,47
4474,13,47
4475,13,48
4476,13,48
4477,13,48
4478,13,48
4479,13,48
4480,13,51
4481,13,52
4482,13,52
4483,13,52
4484,13,52
4485,13,54
4486,13,53
4487,13,53
4488,13,52
4489,13,51
4490,13,55
4491,13,55
4492,13,56
4493,13,56
4494,13,56
4495,13,56
4496,13,56
4497,13,55
4498,13,55
4499,13,54
4501,13,55
4502,13,55
4503,13,54
4504,13,54
4505,13,54
4506,13,53
4507,13,52
4508,13,52
4509,13,52
4510,13,54
4511,13,56
4512,13,56
4513,13,57
4514,13,57
4515,13,57
4516,13,57
4517,13,58
4518,13,58
4519,12,58
4520,12,59
4521,12,61
4522,12,60
4523,12,60
4524,12,60
4525,12,60
4526,12,60
4527,12,60
4528,12,60
4529,12,60
4530,12,60
4531,12,62
4532,12,61
4533,12,61
4534,12,62
4535,12,61
4536,12,62
4537,12,62
4538,12,62
4539,12,62
4540,12,63
4541,12,63
4542,12,63
4543,12,63
4544,12,65
4545,12,65
4546,12,66
4547,11,66
4548,11,66
4549,11,66
4550,11,66
4551,11,66
4552,11,66
4553,11,66
4554,11,68
4555,11,68
4556,11,68
4557,11,68
4558,11,68
4559,11,68
4560,11,68
4561,11,69
4562,11,70
4563,11,70
4564,11,71
4565,11,71
4566,11,69
4567,11,68
4568,11,67
4569,11,67
4570,11,67
4571,11,67
4572,11,68
4573,11,69
4574,11,71
4575,11,70
4576,11,70
4577,11,70
4578,11,70
4579,11,70
4580,11,69
4581,11,69
4582,11,70
4583,11,71
4584,11,72
4585,11,70
4586,11,69
4587,11,69
4588,11,69
4589,11,68
4590,11,67
4591,11,66
4592,11,67
4593,11,66
4594,11,67
4595,11,65
4596,11,65
4597,11,65
4598,11,64
4599,11,64
4601,11,63
4602,11,63
4603,11,63
4604,11,64
4605,11,64
4606,11,62
4607,11,62
4608,11,63
4609,11,63
4610,11,62
4611,11,62
4612,11,61
4613,11,61
4614,11,62
4615,11,60
4616,11,60
4617,11,60
4618,11,60
4619,11,60
4620,11,60
4621,11,60
4622,11,59
4623,11,59
4624,11,60
4625,11,60
4626,11,59
4627,11,58
4628,11,58
4629,11,58
4630,11,58
4631,11,57
4632,11,56
4633,11,56
4634,11,57
4635,11,57
4636,11,57
4637,11,57
4638,11,57
4639,11,58
4640,11,58
4641,11,58
4642,11,57
4643,10,57
4644,10,57
4645,10,57
4646,10,57
4647,10,57
4648,10,58
4649,10,59
4650,10,59
4651,10,58
4652,10,58
4653,10,59
4654,10,59
4655,10,59
4656,10,59
4657,10,59
4658,10,59
4659,10,61
4660,10,61
4661,10,60
4662,10,60
4663,10,61
4664,10,61
4665,10,60
4666,10,61
4667,10,59
4668,10,59
4669,10,60
4670,10,59
4671,10,59
4672,10,59
4673,10,60
4674,10,59
4675,10,59
4676,10,60
4677,10,60
4678,10,60
4679,10,61
4680,10,60
4681,10,59
4682,10,58
4683,10,57
4684,10,57
4685,10,57
4686,10,58
4687,10,58
4688,10,58
4689,10,59
4690,10,59
4691,10,60
4692,10,57
4693,10,57
4694,10,57
4695,10,57
4696,10,56
4697,10,56
4698,10,56
4699,10,56
4701,10,56
4702,10,56
4703,10,56
4704,10,56
4705,10,56
4706,10,56
4707,10,56
4708,10,56
4709,10,56
4710,10,55
4711,10,56
4712,10,56
4713,10,56
4714,10,56
4715,10,56
4716,10,55
4717,10,54
4718,10,54
4719,10,55
4720,10,55
4721,10,56
4722,10,55
4723,10,55
4724,10,55
4725,10,55
4726,10,54
4727,10,53
4728,10,53
4729,10,53
4730,10,53
4731,10,53
4732,10,53
4733,10,54
4734,10,54
4735,10,53
4736,10,51
4737,10,51
4738,10,50
4739,10,50
4740,10,49
4741,10,49
4742,10,48
4743,10,48
4744,10,48
4745,10,47
4746,10,46
4747,10,46
4748,10,46
4749,10,48
4750,10,48
4751,10,48
4752,10,48
4753,10,48
4754,10,47
4755,10,47
4756,10,46
4757,10,45
4758,10,44
4759,10,46
4760,10,46
4761,10,46
4762,10,46
4763,10,45
4764,10,45
4765,10,45
4766,10,45
4767,10,45
4768,10,44
4769,10,46
4770,10,46
4771,11,45
4772,11,45
4773,11,46
4774,11,45
4775,11,45
4776,11,45
4777,11,46
4778,11,46
4779,11,45
4780,11,45
4781,11,45
4782,11,45
4783,11,46
4784,11,45
4785,11,45
4786,11,45
4787,11,44
4788,11,43
4789,11,42
4790,11,41
4791,11,40
4792,11,40
4793,11,41
4794,11,41
4795,11,41
4796,11,41
4797,11,41
4798,11,41
4799,11,41
4801,11,41
4802,11,41
4803,11,42
4804,11,42
4805,11,42
4806,11,41
4807,11,40
4808,11,40
4809,11,40
4810,11,40
4811,11,39
4812,11,39
4813,11,40
4814,11,40
4815,11,40
4816,11,41
4817,11,41
4818,11,40
4819,11,39
4820,11,38
4821,11,38
4822,11,38
4823,11,39
4824,11,39
4825,11,39
4826,11,39
4827,11,38
4828,11,38
4829,11,38
4830,11,38
4831,11,38
4832,11,38
4833,11,39
4834,11,39
4835,11,39
4836,11,39
4837,12,38
4838,12,38
4839,12,38
4840,12,38
4841,12,38
4842,12,39
4843,12,40
4844,12,40
4845,12,40
4846,12,40
4847,12,40
4848,12,40
4849,12,39
4850,12,39
4851,12,39
4852,12,40
4853,12,40
4854,12,40
4855,12,40
4856,12,40
4857,12,39
4858,12,39
4859,12,39
4860,13,39
4861,13,38
4862,13,39
4863,13,39
4864,13,40
4865,13,40
4866,13,40
4867,13,40
4868,13,40
4869,13,41
4870,13,40
4871,13,40
4872,13,41
4873,13,41
4874,13,42
4875,14,43
4876,14,43
4877,14,43
4878,14,43
4879,14,43
4880,14,43
4881,14,43
4882,14,45
4883,14,45
4884,14,46
4885,14,46
4886,14,47
4887,14,47
4888,14,47
4889,14,47
4890,14,48
4891,14,48
4892,14,49
4893,14,49
4894,14,50
4895,14,50
4896,14,51
4897,14,51
4898,14,50
4899,14,49
4901,14,49
4902,14,49
4903,14,47
4904,14,47
4905,14,47
4906,14,46
4907,14,46
4908,14,46
4909,14,46
4910,15,45
4911,15,44
4912,15,45
4913,15,45
4914,15,46
4915,15,46
4916,15,46
4917,15,45
4918,15,45
4919,15,44
4920,15,44
4921,15,43
4922,15,45
4923,15,45
4924,15,44
4925,15,44
4926,15,45
4927,15,45
4928,15,44
4929,15,44
4930,15,44
4931,15,43
4932,15,44
4933,15,45
4934,15,45
4935,15,45
4936,15,47
4937,15,46
4938,15,46
4939,15,46
4940,15,46
4941,15,46
4942,15,47
4943,15,47
4944,15,47
4945,15,47
4946,15,49
4947,15,49
4948,15,49
4949,15,48
4950,15,48
4951,15,48
4952,15,49
4953,15,49
4954,15,49
4955,15,48
4956,15,50
4957,15,50
4958,15,50
4959,15,49
4960,16,49
4961,16,49
4962,16,50
4963,16,50
4964,16,50
4965,16,50
4966,16,50
4967,16,49
4968,16,49
4969,16,48
4970,16,48
4971,16,48
4972,16,49
4973,16,48
4974,16,49
4975,16,48
4976,16,48
4977,16,48
4978,16,48
4979,16,48
4980,16,48
4981,16,49
4982,16,49
4983,16,50
4984,16,50
4985,16,50
4986,16,50
4987,16,50
4988,16,50
4989,16,50
4990,16,50
4991,16,50
4992,16,52
4993,16,52
4994,16,52
4995,16,52
4996,16,53
4997,16,54
4998,16,54
4999,16,54
5001,16,53
5002,16,56
5003,16,56
5004,16,56
5005,16,56
5006,16,56
5007,16,55
5008,16,55
5009,16,55
5010,16,55
5011,16,55
5012,16,58
5013,16,57
5014,16,57
5015,16,57
5016,16,58
5017,16,59
5018,16,59
5019,16,57
5020,16,57
5021,16,57
5022,17,57
5023,17,57
5024,17,56
5025,17,56
5026,17,57
5027,17,57
5028,17,57
5029,17,57
5030,17,57
5031,17,57
5032,17,58
5033,17,57
5034,17,57
5035,17,57
5036,17,57
5037,17,57
5038,17,57
5039,17,57
5040,17,58
5041,17,58
5042,17,58
5043,17,58
5044,17,58
5045,17,58
5046,17,59
5047,17,59
5048,17,59
5049,17,59
5050,17,59
5051,17,59
5052,17,59
5053,17,59
5054,17,57
5055,17,57
5056,17,56
5057,17,56
5058,17,57
5059,17,57
5060,17,57
5061,17,55
5062,17,55
5063,17,55
5064,17,55
5065,17,54
5066,17,54
5067,17,54
5068,17,55
5069,17,55
5070,17,55
5071,17,54
5072,17,54
5073,18,52
5074,18,51
5075,18,51
5076,18,51
5077,18,51
5078,18,52
5079,18,52
5080,18,52
5081,18,52
5082,18,52
5083,18,51
5084,18,52
5085,18,52
5086,18,52
5087,18,52
5088,18,53
5089,18,52
5090,18,54
5091,18,54
5092,18,54
5093,18,54
5094,18,54
5095,18,55
5096,18,55
5097,18,55
5098,18,56
5099,18,56
5101,18,56
5102,18,56
5103,18,56
5104,18,57
5105,18,57
5106,18,57
5107,18,57
5108,18,57
5109,18,56
5110,18,57
5111,18,57
5112,19,57
5113,19,56
5114,19,56
5115,19,57
5116,19,57
5117,19,57
5118,19,57
5119,18,57
5120,18,57
5121,18,57
5122,18,56
5123,19,56
5124,19,57
5125,18,58
5126,18,58
5127,18,58
5128,18,58
5129,18,58
5130,18,58
5131,18,58
5132,18,59
5133,18,60
5134,18,59
5135,18,60
5136,18,59
5137,18,60
5138,18,60
5139,18,59
5140,18,59
5141,18,59
5142,18,59
5143,18,59
5144,18,58
5145,18,59
5146,18,59
5147,18,58
5148,18,57
5149,18,58
5150,18,58
5151,17,58
5152,17,57
5153,17,56
5154,17,56
5155,17,57
5156,17,57
5157,17,57
5158,17,57
5159,17,56
5160,17,56
5161,17,57
5162,17,57
5163,17,57
5164,17,57
5165,17,58
5166,17,59
5167,17,59
5168,17,58
5169,17,57
5170,17,56
5171,17,54
5172,17,54
5173,17,54
5174,17,55
5175,17,55
5176,17,55
5177,17,55
5178,17,56
5179,17,56
5180,17,56
5181,17,56
5182,17,57
5183,17,56
5184,18,57
5185,18,56
5186,18,57
5187,18,57
5188,18,57
5189,18,57
5190,18,57
5191,18,57
5192,18,57
5193,18,57
5194,18,58
5195,18,58
5196,18,58
5197,18,59
5198,18,59
5199,18,59
5201,18,57
5202,18,57
5203,18,57
5204,18,56
5205,18,56
5206,18,56
5207,18,56
5208,18,56
5209,18,56
5210,18,56
5211,18,57
5212,18,57
5213,18,57
5214,18,56
5215,18,57
5216,18,56
5217,18,56
5218,18,56
5219,18,56
5220,18,56
5221,18,55
5222,18,53
5223,18,52
5224,18,53
5225,18,53
5226,18,53
5227,18,53
5228,18,54
5229,18,53
5230,18,53
5231,18,53
5232,18,52
5233,18,52
5234,18,52
5235,18,51
5236,18,51
5237,18,51
5238,18,51
5239,18,52
5240,18,52
5241,18,50
5242,18,50
5243,18,50
5244,18,49
5245,18,49
5246,18,49
5247,18,49
5248,18,49
5249,18,49
5250,18,49
5251,18,49
5252,18,49
5253,18,48
5254,18,49
5255,17,49
5256,17,49
5257,17,49
5258,17,49
5259,17,50
5260,17,50
5261,17,50
5262,17,50
5263,17,50
5264,17,50
5265,17,50
5266,17,49
5267,17,49
5268,17,49
5269,17,50
5270,17,50
5271,17,49
5272,17,49
5273,17,48
5274,17,48
5275,17,47
5276,17,46
5277,17,45
5278,17,45
5279,17,43
5280,17,44
5281,17,43
5282,17,42
5283,17,42
5284,17,42
5285,17,43
5286,17,43
5287,17,43
5288,17,43
5289,17,43
5290,17,44
5291,17,43
5292,17,44
5293,17,44
5294,17,43
5295,17,43
5296,17,43
5297,17,44
5298,17,44
5299,17,43
5301,17,44
5302,17,44
5303,17,44
5304,17,42
5305,17,42
5306,17,40
5307,17,41
5308,17,41
5309,17,41
5310,17,41
5311,17,41
5312,17,41
5313,17,40
5314,17,40
5315,17,39
5316,17,39
5317,17,40
5318,17,40
5319,16,40
5320,16,40
5321,16,40
5322,16,40
5323,16,40
5324,16,40
5325,16,39
5326,16,39
5327,16,39
5328,16,38
5329,16,38
5330,16,38
5331,16,38
5332,16,38
5333,16,38
5334,16,37
5335,16,36
5336,16,36
5337,16,36
5338,16,36
5339,16,36
5340,16,36
5341,16,36
5342,16,36
5343,16,36
5344,16,35
5345,16,33
5346,16,33
5347,16,32
5348,16,32
5349,16,32
5350,16,31
5351,16,30
5352,16,30
5353,16,30
5354,16,30
5355,16,30
5356,16,30
5357,16,29
5358,16,29
5359,16,29
5360,16,28
5361,16,28
5362,16,28
5363,16,29
5364,16,29
5365,16,29
5366,16,29
5367,16,29
5368,16,28
5369,16,28
5370,16,28
5371,16,28
5372,17,27
5373,17,28
5374,17,28
5375,17,28
5376,17,27
5377,17,26
5378,17,26
5379,17,26
5380,18,26
5381,18,25
5382,18,25
5383,18,26
5384,18,26
5385,18,26
5386,18,25
5387,18,25
5388,18,25
5389,17,25
5390,17,25
5391,17,25
5392,17,24
5393,17,23
5394,17,23
5395,17,22
5396,17,22
5397,17,20
5398,17,20
5399,17,20
5401,17,20
5402,17,20
5403,17,20
5404,17,20
5405,17,19
5406,17,18
5407,17,18
5408,17,17
5409,17,17
5410,17,17
5411,17,17
5412,17,17
5413,17,17
5414,17,17
5415,17,17
5416,17,17
5417,16,17
5418,16,17
5419,16,17
5420,16,17
5421,16,17
5422,16,17
5423,16,17
5424,16,16
5425,16,16
5426,16,16
5427,16,16
5428,16,16
5429,16,16
5430,16,16
5431,16,16
5432,16,16
5433,16,16
5434,16,16
5435,16,16
5436,16,16
5437,16,16
5438,16,16
5439,16,16
5440,16,16
5441,16,16
5442,16,16
5443,16,16
5444,16,16
5445,16,16
5446,16,16
5447,16,16
5448,16,16
5449,16,16
5450,16,16
5451,16,16
5452,16,16
5453,16,16
5454,16,16
5455,16,15
5456,16,15
5457,16,15
5458,16,15
5459,16,15
5460,16,15
5461,16,15
5462,16,15
5463,16,15
5464,16,16
5465,16,16
5466,16,15
5467,16,15
5468,16,15
5469,16,14
5470,16,13
5471,17,12
5472,17,12
5473,17,11
5474,17,13
5475,17,13
5476,17,13
5477,17,13
5478,17,13
5479,17,13
5480,17,13
5481,17,13
5482,17,13
5483,17,11
5484,17,13
5485,17,13
5486,18,13
5487,18,13
5488,18,13
5489,18,13
5490,18,13
5491,18,13
5492,18,13
5493,18,13
5494,18,14
5495,18,14
5496,18,14
5497,18,14
5498,18,14
5499,18,14
5501,18,14
5502,18,14
5503,18,14
5504,18,15
5505,17,15
5506,17,15
5507,17,15
5508,17,15
5509,17,15
5510,17,15
5511,17,15
5512,17,15
5513,17,15
5514,17,16
5515,17,16
5516,17,16
5517,17,16
5518,17,16
5519,17,16
5520,17,16
5521,17,16
5522,17,16
5523,17,16
5524,17,16
5525,17,16
5526,17,17
5527,17,17
5528,17,17
5529,17,17
5530,17,17
5531,17,17
5532,17,17
5533,17,16
5534,17,16
5535,17,15
5536,17,15
5537,17,15
5538,17,15
5539,17,15
5540,17,16
5541,17,16
5542,17,16
5543,16,16
5544,16,16
5545,16,16
5546,16,16
5547,16,16
5548,16,16
5549,16,16
5550,16,16
5551,16,16
5552,16,16
5553,16,16
5554,16,16
5555,16,16
5556,16,16
5557,16,16
5558,16,16
5559,16,16
5560,16,16
5561,16,16
5562,16,16
5563,16,16
5564,16,16
5565,16,15
5566,16,15
5567,16,15
5568,16,15
5569,16,15
5570,16,15
5571,16,15
5572,16,15
5573,16,15
5574,16,15
5575,16,15
5576,16,15
5577,16,15
5578,16,15
5579,16,15
5580,16,15
5581,16,15
5582,16,15
5583,16,15
5584,16,15
5585,16,14
5586,16,14
5587,16,14
5588,15,13
5589,15,13
5590,15,13
5591,15,13
5592,15,12
5593,15,12
5594,15,12
5595,15,12
5596,15,12
5597,15,12
5598,15,12
5599,15,12
5601,15,11
5602,14,11
5603,14,11
5604,14,11
5605,14,12
5606,14,12
5607,14,12
5608,13,12
5609,13,12
5610,13,12
5611,13,12
5612,13,12
5613,13,12
5614,13,12
5615,13,13
5616,13,13
5617,13,13
5618,13,13
5619,13,13
5620,13,13
5621,13,13
5622,13,13
5623,13,13
5624,13,13
5625,13,14
5626,13,14
5627,13,14
5628,13,14
5629,13,14
5630,13,14
5631,13,14
5632,13,14
5633,13,14
5634,13,14
5635,13,15
5636,13,15
5637,13,15
5638,13,15
5639,13,15
5640,13,15
5641,13,15
5642,13,15
5643,13,15
5644,13,15
5645,13,16
5646,13,16
5647,13,16
5648,13,16
5649,13,16
5650,13,16
5651,13,16
5652,13,16
5653,13,16
5654,13,16
5655,13,17
5656,13,17
5657,13,17
5658,13,17
5659,12,17
5660,12,16
5661,12,16
5662,12,16
5663,12,16
5664,12,16
5665,12,17
5666,12,17
5667,12,17
5668,12,17
5669,12,17
5670,12,17
5671,12,18
5672,12,18
5673,12,18
5674,12,18
5675,12,19
5676,12,19
5677,12,19
5678,12,19
5679,12,19
5680,12,19
5681,12,20
5682,12,20
5683,12,20
5684,12,20
5685,12,20
5686,11,20
5687,11,20
5688,11,20
5689,11,20
5690,11,20
5691,11,21
5692,11,21
5693,11,21
5694,11,21
5695,11,21
5696,11,21
5697,11,21
5698,11,21
5699,11,22
5701,11,23
5702,11,23
5703,11,23
5704,11,23
5705,11,23
5706,11,23
5707,11,23
5708,11,23
5709,11,24
5710,11,24
5711,11,24
5712,11,24
5713,11,25
5714,11,25
5715,11,24
5716,11,24
5717,11,24
5718,11,24
5719,11,25
5720,11,25
5721,11,25
5722,11,25
5723,11,25
5724,11,25
5725,11,25
5726,11,25
5727,11,25
5728,11,25
5729,11,25
5730,11,25
5731,11,25
5732,11,25
5733,11,26
5734,11,27
5735,11,27
5736,11,27
5737,11,27
5738,11,27
5739,11,27
5740,11,28
5741,11,28
5742,11,28
5743,11,30
5744,11,30
5745,11,30
5746,11,29
5747,11,29
5748,11,29
5749,11,29
5750,11,30
5751,11,30
5752,11,30
5753,11,32
5754,11,32
5755,11,32
5756,11,32
5757,10,32
5758,10,32
5759,10,32
5760,10,33
5761,10,34
5762,10,34
5763,9,35
5764,9,35
5765,9,35
5766,9,34
5767,8,35
5768,8,35
5769,8,35
5770,8,36
5771,8,38
5772,8,38
5773,8,39
5774,8,39
5775,8,39
5776,8,39
5777,8,40
5778,8,40
5779,8,40
5780,8,41
5781,8,42
5782,8,42
5783,8,43
5784,8,43
5785,8,42
5786,8,42
5787,8,44
5788,8,43
5789,8,43
5790,8,44
5791,7,45
5792,7,45
5793,7,45
5794,7,45
5795,7,45
5796,7,46
5797,7,49
5798,7,49
5799,7,49
5801,6,51
5802,6,51
5803,6,51
5804,6,51
5805,6,52
5806,6,53
5807,6,56
5808,6,56
5809,6,56
5810,6,57
5811,6,58
5812,6,57
5813,6,57
5814,6,56
5815,6,57
5816,6,58
5817,4,61
5818,4,61
5819,4,61
5820,4,61
5821,4,61
5822,4,61
5823,4,61
5824,4,61
5825,4,62
5826,4,62
5827,4,64
5828,4,64
5829,4,65
5830,4,65
5831,4,65
5832,4,64
5833,4,64
5834,4,67
5835,4,68
5836,4,66
5837,4,67
5838,4,68
5839,4,70
5840,4,70
5841,4,70
5842,4,70
5843,4,70
5844,4,74
5845,4,74
5846,4,74
5847,4,75
5848,4,75
5849,4,75
5850,4,75
5851,4,75
5852,4,75
5853,4,75
5854,4,79
5855,4,80
5856,4,81
5857,4,82
5858,4,83
5859,4,85
5860,4,85
5861,4,85
5862,4,85
5863,4,85
5864,4,87
5865,4,88
5866,4,88
5867,4,90
5868,4,91
5869,4,93
5870,4,93
5871,4,94
5872,4,94
5873,4,94
5874,4,97
5875,4,97
5876,4,97
5877,4,99
5878,4,100
5879,4,102
5880,4,102
5881,4,104
5882,4,105
5883,4,105
5884,4,106
5885,4,106
5886,4,106
5887,4,107
5888,4,110
5889,4,113
5890,4,113
5891,4,113
5892,4,114
5893,4,114
5894,4,115
5895,4,116
5896,4,116
5897,4,117
5898,4,119
5899,4,121
5901,4,121
5902,4,122
5903,4,123
5904,4,124
5905,4,125
5906,4,125
5907,4,126
5908,4,129
5909,4,132
5910,4,132
5911,4,132
5912,4,133
5913,4,133
5914,4,132
5915,4,132
5916,4,132
5917,4,133
5918,4,135
5919,4,137
5920,4,136
5921,4,136
5922,4,138
5923,5,139
5924,5,138
5925,5,138
5926,5,138
5927,5,139
5928,5,141
5929,5,142
5930,5,142
5931,5,142
5932,5,143
5933,5,143
5934,5,144
5935,5,144
5936,5,144
5937,5,145
5938,5,146
5939,5,147
5940,5,147
5941,5,147
5942,5,147
5943,5,147
5944,5,148
5945,5,147
5946,5,147
5947,5,147
5948,5,148
5949,5,149
5950,5,149
5951,5,150
5952,5,149
5953,5,149
5954,5,150
5955,5,149
5956,5,149
5957,5,148
5958,5,148
5959,5,147
5960,5,147
5961,5,148
5962,5,147
5963,5,148
5964,5,148
5965,5,148
5966,5,147
5967,5,146
5968,5,145
5969,5,146
5970,5,148
5971,5,148
5972,5,147
5973,5,148
5974,5,146
5975,5,145
5976,5,144
5977,5,143
5978,5,143
5979,5,143
5980,5,142
5981,5,142
5982,5,141
5983,5,142
5984,5,143
5985,5,144
5986,5,143
5987,5,143
5988,5,145
5989,5,143
5990,5,144
5991,5,143
5992,5,143
5993,5,144
5994,5,147
5995,5,147
5996,5,147
5997,5,148
5998,5,151
5999,5,151
6001,5,148
6002,5,147
6003,5,149
6004,5,150
6005,5,150
6006,5,150
6007,5,150
6008,5,151
6009,5,152
6010,5,150
6011,5,149
6012,5,148
6013,5,148
6014,5,150
6015,5,149
6016,5,149
6017,5,148
6018,5,148
6019,5,149
6020,5,149
6021,5,151
6022,5,149
6023,5,149
6024,5,150
6025,5,150
6026,5,150
6027,5,150
6028,5,149
6029,5,150
6030,5,149
6031,5,150
6032,5,149
6033,5,149
6034,5,149
6035,5,149
6036,5,148
6037,5,147
6038,5,147
6039,5,146
6040,5,145
6041,5,145
6042,5,144
6043,5,144
6044,5,145
6045,5,145
6046,5,146
6047,5,145
6048,5,145
6049,5,145
6050,5,145
6051,5,145
6052,5,145
6053,6,145
6054,6,145
6055,6,143
6056,6,142
6057,6,141
6058,6,140
6059,6,139
6060,6,137
6061,6,136
6062,6,134
6063,6,135
6064,6,134
6065,6,134
6066,6,134
6067,6,135
6068,6,133
6069,6,133
6070,6,133
6071,6,132
6072,6,131
6073,6,131
6074,6,131
6075,6,131
6076,6,132
6077,6,134
6078,6,135
6079,6,135
6080,6,135
6081,6,135
6082,6,134
6083,6,134
6084,6,134
6085,6,134
6086,6,133
6087,6,133
6088,6,134
6089,6,134
6090,6,134
6091,6,134
6092,6,133
6093,6,134
6094,6,133
6095,6,135
6096,6,132
6097,6,132
6098,6,131
6099,6,131
6101,6,127
6102,6,125
6103,6,125
6104,6,122
6105,6,123
6106,6,123
6107,6,122
6108,6,121
6109,6,121
6110,6,121
6111,6,121
6112,6,121
6113,6,121
6114,6,120
6115,6,120
6116,6,120
6117,6,119
6118,6,119
6119,6,118
6120,6,118
6121,6,118
6122,6,117
6123,6,115
6124,6,115
6125,6,114
6126,6,112
6127,6,111
6128,6,110
6129,6,110
6130,6,110
6131,6,109
6132,6,109
6133,6,109
6134,6,110
6135,6,110
6136,6,110
6137,6,110
6138,6,110
6139,6,110
6140,6,108
6141,6,107
6142,6,107
6143,6,106
6144,6,106
6145,6,106
6146,6,106
6147,6,104
6148,6,104
6149,6,103
6150,6,102
6151,6,101
6152,6,99
6153,6,99
6154,6,99
6155,6,98
6156,6,98
6157,6,97
6158,6,96
6159,6,95
6160,6,95
6161,6,93
6162,6,93
6163,6,90
6164,6,90
6165,6,89
6166,6,89
6167,6,89
6168,6,87
6169,6,86
6170,6,87
6171,6,85
6172,6,84
6173,6,82
6174,6,82
6175,7,82
6176,7,81
6177,7,79
6178,7,79
6179,7,79
6180,7,79
6181,7,79
6182,7,79
6183,7,79
6184,7,79
6185,7,78
6186,7,77
6187,7,76
6188,7,76
6189,7,76
6190,7,75
6191,7,74
6192,7,74
6193,7,74
6194,7,74
6195,7,72
6196,7,72
6197,7,73
6198,7,73
6199,7,72
6201,7,71
6202,7,72
6203,7,72
6204,7,72
6205,7,72
6206,7,68
6207,7,68
6208,7,67
6209,7,68
6210,7,68
6211,7,68
6212,7,69
6213,7,69
6214,7,70
6215,7,69
6216,7,69
6217,7,68
6218,7,68
6219,7,69
6220,7,68
6221,7,68
6222,7,67
6223,7,67
6224,7,67
6225,7,68
6226,7,68
6227,7,68
6228,7,68
6229,7,68
6230,7,68
6231,7,67
6232,7,66
6233,7,66
6234,7,64
6235,7,64
6236,7,64
6237,7,63
6238,7,63
6239,7,62
6240,7,61
6241,7,61
6242,7,61
6243,7,60
6244,7,59
6245,7,59
6246,7,59
6247,7,59
6248,7,59
6249,7,59
6250,7,59
6251,7,60
6252,7,60
6253,7,60
6254,7,60
6255,7,59
6256,7,59
6257,7,59
6258,8,59
6259,8,58
6260,8,58
6261,8,60
6262,8,60
6263,8,60
6264,8,59
6265,8,59
6266,8,58
6267,8,58
6268,8,57
6269,8,58
6270,8,56
6271,8,55
6272,8,54
6273,8,54
6274,8,54
6275,8,54
6276,8,53
6277,8,53
6278,8,53
6279,8,53
6280,8,52
6281,8,51
6282,8,52
6283,8,53
6284,8,53
6285,8,53
6286,8,53
6287,8,53
6288,8,53
6289,8,52
6290,8,52
6291,8,52
6292,8,53
6293,8,54
6294,8,55
6295,8,55
6296,8,55
6297,8,55
6298,8,55
6299,8,55
6301,8,55
6302,8,56
6303,8,56
6304,8,57
6305,8,56
6306,8,56
6307,8,56
6308,8,56
6309,8,56
6310,8,56
6311,8,55
6312,8,56
6313,8,55
6314,8,55
6315,8,55
6316,8,55
6317,8,55
6318,8,55
6319,8,55
6320,8,54
6321,8,52
6322,8,51
6323,8,51
6324,8,52
6325,8,52
6326,8,52
6327,8,53
6328,8,52
6329,8,52
6330,8,52
6331,8,52
6332,8,51
6333,8,51
6334,8,51
6335,8,51
6336,8,51
6337,8,52
6338,9,52
6339,9,52
6340,9,51
6341,9,51
6342,9,50
6343,9,50
6344,9,50
6345,9,50
6346,9,50
6347,9,50
6348,9,50
6349,9,50
6350,9,50
6351,9,51
6352,9,51
6353,9,49
6354,9,49
6355,9,49
6356,9,49
6357,9,49
6358,9,49
6359,9,49
6360,9,49
6361,9,49
6362,9,49
6363,9,48
6364,9,48
6365,9,48
6366,9,47
6367,9,48
6368,9,48
6369,9,49
6370,9,49
6371,9,49
6372,9,49
6373,9,49
6374,9,48
6375,9,48
6376,9,48
6377,9,49
6378,9,49
6379,9,49
6380,9,49
6381,9,49
6382,9,49
6383,9,49
6384,9,49
6385,9,49
6386,9,49
6387,9,49
6388,9,48
6389,9,49
6390,9,49
6391,9,49
6392,9,49
6393,9,49
6394,9,49
6395,9,49
6396,9,49
6397,9,49
6398,9,49
6399,9,50
6401,9,50
6402,9,50
6403,9,50
6404,9,49
6405,9,50
6406,9,50
6407,9,50
6408,9,50
6409,9,50
6410,9,50
6411,9,50
6412,9,51
6413,9,52
6414,9,51
6415,9,51
6416,9,51
6417,9,51
6418,9,51
6419,9,51
6420,9,51
6421,9,51
6422,9,51
6423,9,52
6424,9,52
6425,9,53
6426,9,53
6427,9,52
6428,9,52
6429,9,52
6430,9,52
6431,9,52
6432,9,52
6433,9,53
6434,9,54
6435,9,56
6436,9,56
6437,9,56
6438,9,56
6439,9,55
6440,9,55
6441,9,54
6442,9,52
6443,9,53
6444,9,54
6445,9,55
6446,9,55
6447,9,55
6448,9,54
6449,9,54
6450,9,54
6451,9,55
6452,9,54
6453,9,54
6454,9,55
6455,9,55
6456,9,55
6457,9,55
6458,9,55
6459,8,55
6460,8,54
6461,8,54
6462,8,54
6463,8,54
6464,8,54
6465,8,54
6466,8,54
6467,8,52
6468,8,51
6469,8,50
6470,8,51
6471,8,52
6472,8,52
6473,7,52
6474,7,52
6475,7,52
6476,7,52
6477,7,52
6478,7,52
6479,7,52
6480,7,52
6481,7,52
6482,7,52
6483,7,52
6484,7,52
6485,7,52
6486,7,52
6487,7,52
6488,7,52
6489,7,52
6490,7,52
6491,7,52
6492,7,51
6493,7,51
6494,7,51
6495,7,51
6496,7,52
6497,7,51
6498,7,50
6499,7,50
6501,7,51
6502,7,51
6503,7,51
6504,7,51
6505,7,52
6506,7,52
6507,7,53
6508,7,53
6509,7,53
6510,7,53
6511,7,53
6512,7,53
6513,7,53
6514,7,53
6515,7,55
6516,7,55
6517,7,55
6518,7,56
6519,7,56
6520,7,56
6521,7,57
6522,7,57
6523,7,57
6524,7,57
6525,7,58
6526,7,58
6527,7,58
6528,7,59
6529,7,59
6530,7,59
6531,7,60
6532,7,60
6533,7,60
6534,7,61
6535,7,62
6536,7,62
6537,7,62
6538,7,62
6539,7,62
6540,7,62
6541,7,62
6542,7,62
6543,7,62
6544,7,63
6545,7,64
6546,7,63
6547,7,63
6548,7,64
6549,7,64
6550,7,64
6551,7,64
6552,7,64
6553,7,64
6554,7,64
6555,7,67
6556,7,66
6557,7,66
6558,7,67
6559,7,66
6560,7,67
6561,8,67
6562,8,67
6563,8,67
6564,8,67
6565,8,69
6566,8,69
6567,8,70
6568,8,70
6569,8,70
6570,8,70
6571,8,71
6572,8,73
6573,8,73
6574,8,73
6575,8,75
6576,7,75
6577,7,74
6578,7,74
6579,7,75
6580,7,75
6581,7,75
6582,7,75
6583,7,75
6584,7,73
6585,7,75
6586,7,76
6587,7,76
6588,7,76
6589,7,77
6590,7,78
6591,7,79
6592,7,79
6593,7,81
6594,7,82
6595,7,83
6596,7,84
6597,7,83
6598,7,83
6599,7,84
6601,7,85
6602,7,86
6603,7,86
6604,7,87
6605,7,88
6606,7,89
6607,7,89
6608,7,89
6609,7,89
6610,7,88
6611,7,88
6612,7,89
6613,7,89
6614,7,90
6615,7,91
6616,7,92
6617,7,92
6618,7,92
6619,7,93
6620,7,93
6621,7,93
6622,7,93
6623,7,93
6624,7,93
6625,7,92
6626,7,92
6627,7,93
6628,7,93
6629,7,93
6630,7,93
6631,7,92
6632,7,91
6633,7,91
6634,7,91
6635,7,91
6636,7,91
6637,7,91
6638,7,91
6639,7,91
6640,7,90
6641,7,88
6642,7,87
6643,7,86
6644,7,85
6645,7,84
6646,7,84
6647,7,84
6648,7,85
6649,7,85
6650,7,85
6651,7,85
6652,7,85
6653,8,83
6654,8,84
6655,8,84
6656,8,83
6657,8,83
6658,8,82
6659,8,82
6660,8,82
6661,8,82
6662,8,81
6663,8,82
6664,8,83
6665,8,82
6666,8,82
6667,8,80
6668,8,80
6669,8,80
6670,8,79
6671,8,81
6672,8,81
6673,8,81
6674,8,79
6675,8,79
6676,8,80
6677,8,80
6678,8,80
6679,8,79
6680,8,79
6681,8,81
6682,8,81
6683,8,81
6684,8,80
6685,8,78
6686,8,77
6687,8,75
6688,8,74
6689,8,74
6690,8,74
6691,8,74
6692,8,73
6693,8,73
6694,8,71
6695,8,71
6696,8,71
6697,8,70
6698,8,70
6699,8,70
6701,8,70
6702,8,69
6703,8,69
6704,8,67
6705,8,66
6706,8,64
6707,8,63
6708,8,62
6709,8,63
6710,8,63
6711,8,63
6712,8,63
6713,8,63
6714,8,63
6715,8,63
6716,8,63
6717,8,64
6718,8,63
6719,8,62
6720,8,63
6721,8,61
6722,8,61
6723,8,60
6724,8,60
6725,8,60
6726,8,60
6727,8,61
6728,8,60
6729,8,60
6730,8,60
6731,8,59
6732,8,58
6733,8,58
6734,8,58
6735,8,58
6736,8,57
6737,8,58
6738,8,58
6739,8,56
6740,8,56
6741,8,56
6742,8,56
6743,8,56
6744,8,56
6745,8,56
6746,8,56
6747,8,56
6748,8,56
6749,8,56
6750,8,56
6751,8,56
6752,8,56
6753,8,56
6754,8,55
6755,8,56
6756,8,56
6757,8,57
6758,8,57
6759,8,57
6760,8,57
6761,8,57
6762,8,56
6763,8,56
6764,8,56
6765,8,57
6766,8,57
6767,8,57
6768,8,57
6769,8,57
6770,8,57
6771,8,57
6772,8,56
6773,8,56
6774,8,56
6775,8,56
6776,8,56
6777,8,55
6778,8,55
6779,8,55
6780,8,55
6781,8,55
6782,8,54
6783,8,54
6784,8,55
6785,8,56
6786,8,56
6787,8,55
6788,8,55
6789,8,55
6790,8,55
6791,8,54
6792,8,54
6793,8,54
6794,8,55
6795,8,56
6796,8,56
6797,8,57
6798,8,56
6799,8,56
6801,8,55
6802,8,55
6803,8,55
6804,8,56
6805,8,56
6806,8,56
6807,8,56
6808,8,56
6809,8,55
6810,8,56
6811,8,56
6812,8,55
6813,8,55
6814,8,55
6815,8,56
6816,8,55
6817,8,55
6818,8,52
6819,8,52
6820,8,52
6821,8,52
6822,8,52
6823,8,52
6824,8,52
6825,8,53
6826,8,53
6827,8,53
6828,8,53
6829,8,53
6830,8,52
6831,8,52
6832,8,52
6833,8,52
6834,8,52
6835,8,52
6836,8,52
6837,8,52
6838,8,51
6839,8,50
6840,8,49
6841,8,49
6842,8,50
6843,8,50
6844,8,50
6845,8,50
6846,8,51
6847,8,51
6848,8,50
6849,8,50
6850,8,51
6851,8,50
6852,8,51
6853,8,50
6854,8,50
6855,8,50
6856,8,50
6857,8,48
6858,8,48
6859,8,49
6860,8,50
6861,8,50
6862,8,51
6863,8,50
6864,8,50
6865,8,50
6866,8,50
6867,8,50
6868,8,50
6869,8,49
6870,8,50
6871,8,50
6872,9,52
6873,9,53
6874,9,53
6875,9,53
6876,9,53
6877,9,51
6878,9,51
6879,9,51
6880,9,51
6881,9,51
6882,9,53
6883,9,53
6884,9,54
6885,9,54
6886,9,54
6887,9,54
6888,9,54
6889,9,54
6890,9,54
6891,9,54
6892,9,55
6893,9,56
6894,9,57
6895,9,57
6896,9,57
6897,9,57
6898,9,57
6899,9,57
6901,9,58
6902,9,59
6903,9,59
6904,9,60
6905,9,61
6906,9,61
6907,9,61
6908,9,61
6909,9,61
6910,9,60
6911,9,60
6912,9,60
6913,9,60
6914,9,60
6915,9,61
6916,9,61
6917,9,60
6918,9,60
6919,9,60
6920,9,60
6921,9,61
6922,10,61
6923,10,61
6924,10,60
6925,10,62
6926,10,63
6927,10,63
6928,10,63
6929,10,64
6930,10,64
6931,10,64
6932,10,64
6933,10,64
6934,10,63
6935,10,64
6936,10,63
6937,10,63
6938,10,63
6939,10,63
6940,10,62
6941,10,62
6942,10,63
6943,10,63
6944,10,63
6945,10,63
6946,10,62
6947,10,62
6948,10,62
6949,10,61
6950,10,61
6951,10,60
6952,10,61
6953,10,61
6954,10,61
6955,10,61
6956,10,61
6957,10,61
6958,10,61
6959,9,61
6960,9,61
6961,9,61
6962,9,62
6963,9,63
6964,9,63
6965,9,63
6966,9,62
6967,9,62
6968,9,62
6969,9,62
6970,9,62
6971,9,62
6972,9,62
6973,9,62
6974,9,62
6975,9,62
6976,9,62
6977,9,63
6978,9,63
6979,9,63
6980,9,63
6981,9,62
6982,9,62
6983,10,61
6984,10,61
6985,10,61
6986,10,62
6987,10,60
6988,10,60
6989,9,59
6990,9,59
6991,9,59
6992,9,59
6993,9,58
6994,9,58
6995,9,58
6996,9,59
6997,9,59
6998,10,59
6999,10,59
7001,10,57
7002,10,57
7003,10,57
7004,10,57
7005,10,57
7006,10,59
7007,10,59
7008,10,60
7009,10,60
7010,10,60
7011,10,60
7012,10,60
7013,10,58
7014,10,59
7015,10,59
7016,10,58
7017,10,58
7018,10,59
7019,10,56
7020,10,56
7021,10,56
7022,11,56
7023,11,57
7024,11,57
7025,11,57
7026,11,57
7027,11,56
7028,11,56
7029,11,56
7030,11,56
7031,11,56
7032,11,56
7033,11,56
7034,11,57
7035,11,57
7036,11,57
7037,11,57
7038,11,57
7039,11,57
7040,11,56
7041,11,55
7042,11,55
7043,11,54
7044,11,53
7045,11,54
7046,11,55
7047,11,54
7048,11,54
7049,11,54
7050,11,54
7051,11,54
7052,11,54
7053,11,53
7054,11,53
7055,11,54
7056,11,55
7057,11,55
7058,11,55
7059,11,55
7060,11,55
7061,11,55
7062,11,55
7063,11,55
7064,11,54
7065,11,54
7066,11,55
7067,11,54
7068,11,55
7069,11,55
7070,11,55
7071,11,55
7072,11,56
7073,11,56
7074,11,57
7075,11,58
7076,11,58
7077,11,58
7078,11,58
7079,11,58
7080,11,58
7081,11,58
7082,11,58
7083,11,57
7084,11,58
7085,11,58
7086,11,59
7087,11,59
7088,12,59
7089,12,59
7090,12,59
7091,12,59
7092,12,59
7093,12,59
7094,12,59
7095,12,59
7096,12,59
7097,12,58
7098,12,58
7099,12,57
7101,12,57
7102,12,57
7103,12,57
7104,12,57
7105,12,56
7106,12,55
7107,12,55
7108,12,55
7109,12,55
7110,12,55
7111,12,54
7112,12,54
7113,12,53
7114,12,54
7115,12,54
7116,12,54
7117,12,53
7118,12,53
7119,12,53
7120,12,53
7121,12,53
7122,12,53
7123,12,52
7124,12,53
7125,12,53
7126,12,53
7127,12,51
7128,12,51
7129,12,50
7130,12,50
7131,12,50
7132,12,50
7133,12,50
7134,12,51
7135,12,51
7136,12,51
7137,12,51
7138,12,52
7139,12,51
7140,12,50
7141,12,50
7142,12,50
7143,12,50
7144,12,51
7145,12,51
7146,12,51
7147,12,50
7148,12,50
7149,12,49
7150,12,49
7151,12,50
7152,12,49
7153,12,49
7154,12,49
7155,12,49
7156,12,48
7157,12,48
7158,12,47
7159,12,47
7160,12,47
7161,12,48
7162,12,48
7163,12,47
7164,12,46
7165,12,46
7166,12,45
7167,12,44
7168,12,44
7169,12,44
7170,12,44
7171,12,45
7172,12,45
7173,12,44
7174,12,45
7175,12,45
7176,12,45
7177,12,43
7178,12,42
7179,12,41
7180,12,41
7181,12,42
7182,12,42
7183,12,42
7184,12,43
7185,12,43
7186,12,43
7187,12,43
7188,12,43
7189,12,43
7190,12,43
7191,12,43
7192,12,43
7193,12,43
7194,12,42
7195,12,42
7196,12,43
7197,12,43
7198,12,43
7199,12,43
7201,12,43
7202,12,42
7203,12,42
7204,12,42
7205,12,42
7206,12,43
7207,12,43
7208,12,43
7209,12,43
7210,12,44
7211,12,43
7212,12,42
7213,12,42
7214,12,42
7215,12,42
7216,12,42
7217,12,42
7218,12,41
7219,12,40
7220,12,40
7221,12,40
7222,12,40
7223,12,40
7224,12,39
7225,12,38
7226,12,38
7227,12,38
7228,12,38
7229,12,38
7230,12,37
7231,12,36
7232,12,36
7233,12,36
7234,12,37
7235,12,36
7236,12,36
7237,12,36
7238,12,36
7239,12,36
7240,12,36
7241,11,37
7242,11,38
7243,11,37
7244,11,37
7245,11,37
7246,11,37
7247,11,37
7248,11,37
7249,11,37
7250,11,37
7251,11,38
7252,11,38
7253,11,39
7254,11,39
7255,11,39
7256,11,39
7257,11,39
7258,11,39
7259,11,39
7260,11,39
7261,11,39
7262,11,40
7263,11,41
7264,11,41
7265,11,41
7266,11,40
7267,11,41
7268,11,41
7269,11,41
7270,11,41
7271,11,41
7272,11,41
7273,11,42
7274,11,42
7275,11,42
7276,11,42
7277,11,43
7278,11,42
7279,11,42
7280,11,42
7281,11,43
7282,11,43
7283,10,43
7284,9,43
7285,9,43
7286,9,43
7287,9,46
7288,9,46
7289,9,46
7290,9,46
7291,9,46
7292,9,47
7293,9,47
7294,9,47
7295,9,47
7296,9,47
7297,9,50
7298,9,50
7299,9,50
7301,9,49
7302,9,50
7303,9,50
7304,9,50
7305,9,49
7306,9,48
7307,9,49
7308,9,49
7309,9,49
7310,9,49
7311,9,49
7312,9,51
7313,9,51
7314,9,51
7315,9,51
7316,9,50
7317,9,51
7318,9,51
7319,9,51
7320,9,51
7321,9,51
7322,9,54
7323,9,54
7324,9,53
7325,9,53
7326,9,53
7327,9,53
7328,9,53
7329,9,53
7330,9,53
7331,9,53
7332,9,56
7333,9,55
7334,9,55
7335,9,55
7336,9,55
7337,9,56
7338,9,55
7339,9,54
7340,9,53
7341,9,53
7342,9,55
7343,9,55
7344,9,55
7345,10,55
7346,10,55
7347,10,55
7348,10,55
7349,10,55
7350,10,55
7351,10,55
7352,10,55
7353,10,56
7354,10,56
7355,10,56
7356,10,56
7357,10,58
7358,10,58
7359,10,58
7360,10,59
7361,9,59
7362,9,59
7363,9,60
7364,9,60
7365,9,60
7366,9,60
7367,9,61
7368,9,60
7369,9,59
7370,9,59
7371,9,59
7372,9,59
7373,9,59
7374,9,59
7375,9,59
7376,9,59
7377,9,59
7378,9,59
7379,9,59
7380,9,59
7381,9,58
7382,9,58
7383,9,58
7384,9,57
7385,9,57
7386,9,57
7387,9,57
7388,9,57
7389,9,58
7390,9,58
7391,9,58
7392,9,59
7393,9,59
7394,9,59
7395,9,59
7396,9,60
7397,9,60
7398,9,60
7399,9,60
7401,9,62
7402,9,62
7403,9,63
7404,9,63
7405,9,64
7406,9,64
7407,9,63
7408,9,64
7409,9,66
7410,9,65
7411,9,65
7412,9,65
7413,9,65
7414,9,65
7415,9,66
7416,9,65
7417,9,63
7418,9,63
7419,9,66
7420,9,66
7421,9,67
7422,9,65
7423,9,65
7424,9,65
7425,9,66
7426,9,65
7427,9,65
7428,9,65
7429,9,67
7430,9,68
7431,9,69
7432,9,69
7433,9,68
7434,9,66
7435,9,66
7436,9,66
7437,9,67
7438,9,65
7439,9,65
7440,9,66
7441,9,65
7442,9,65
7443,9,65
7444,9,63
7445,9,62
7446,9,62
7447,9,61
7448,9,61
7449,9,61
7450,9,62
7451,9,63
7452,9,63
7453,9,63
7454,9,63
7455,9,63
7456,9,63
7457,9,62
7458,9,62
7459,9,62
7460,9,63
7461,9,63
7462,9,63
7463,9,63
7464,9,63
7465,9,64
7466,9,64
7467,9,63
7468,9,63
7469,8,63
7470,8,63
7471,8,63
7472,8,63
7473,8,62
7474,8,62
7475,8,64
7476,8,64
7477,8,66
7478,8,66
7479,8,66
7480,8,68
7481,8,68
7482,8,66
7483,8,66
7484,8,66
7485,8,66
7486,8,66
7487,8,68
7488,8,68
7489,8,68
7490,8,70
7491,8,71
7492,8,71
7493,8,71
7494,8,71
7495,8,71
7496,8,70
7497,8,69
7498,8,69
7499,8,69
7501,8,71
7502,8,72
7503,8,73
7504,8,74
7505,8,74
7506,8,74
7507,8,74
7508,8,74
7509,8,74
7510,8,77
7511,8,76
7512,8,77
7513,8,77
7514,8,76
7515,8,75
7516,8,75
7517,8,74
7518,8,74
7519,8,74
7520,8,74
7521,8,74
7522,8,75
7523,8,75
7524,8,75
7525,8,74
7526,8,74
7527,8,73
7528,8,72
7529,8,72
7530,8,73
7531,8,73
7532,8,73
7533,8,74
7534,8,74
7535,8,73
7536,8,73
7537,8,73
7538,8,73
7539,8,73
7540,8,73
7541,8,73
7542,8,73
7543,8,75
7544,8,75
7545,8,75
7546,8,73
7547,8,73
7548,8,71
7549,8,71
7550,8,71
7551,8,71
7552,8,70
7553,8,70
7554,8,70
7555,8,70
7556,8,70
7557,8,70
7558,8,70
7559,8,70
7560,8,70
7561,8,70
7562,8,69
7563,8,69
7564,8,69
7565,8,70
7566,8,71
7567,8,72
7568,8,72
7569,8,71
7570,8,72
7571,8,73
7572,8,73
7573,8,73
7574,8,73
7575,8,73
7576,8,74
7577,8,74
7578,8,74
7579,8,73
7580,8,72
7581,8,72
7582,8,73
7583,8,73
7584,8,72
7585,8,72
7586,8,73
7587,8,72
7588,7,71
7589,7,72
7590,7,72
7591,7,72
7592,7,72
7593,7,73
7594,7,72
7595,7,72
7596,7,72
7597,7,72
7598,7,73
7599,7,74
7601,7,73
7602,7,73
7603,7,74
7604,7,74
7605,7,74
7606,7,74
7607,7,73
7608,7,73
7609,7,74
7610,7,74
7611,7,74
7612,7,74
7613,7,75
7614,7,75
7615,7,75
7616,7,75
7617,7,75
7618,7,75
7619,7,75
7620,7,75
7621,7,74
7622,8,74
7623,8,74
7624,8,74
7625,8,74
7626,8,72
7627,8,72
7628,8,71
7629,8,72
7630,8,72
7631,8,72
7632,8,72
7633,8,71
7634,8,71
7635,8,71
7636,8,71
7637,8,71
7638,8,71
7639,8,71
7640,8,71
7641,8,71
7642,8,71
7643,8,71
7644,8,71
7645,8,70
7646,8,69
7647,8,69
7648,8,69
7649,8,69
7650,8,69
7651,8,69
7652,8,69
7653,8,69
7654,8,69
7655,8,69
7656,8,69
7657,8,69
7658,8,68
7659,8,68
7660,8,68
7661,8,68
7662,8,68
7663,8,67
7664,8,67
7665,8,67
7666,8,67
7667,8,67
7668,8,67
7669,8,67
7670,8,66
7671,8,66
7672,9,66
7673,9,66
7674,9,66
7675,9,66
7676,9,66
7677,9,65
7678,9,64
7679,9,63
7680,9,63
7681,9,63
7682,9,63
7683,9,63
7684,9,63
7685,9,63
7686,9,62
7687,9,62
7688,9,62
7689,9,61
7690,9,61
7691,9,61
7692,9,60
7693,9,56
7694,9,56
7695,9,56
7696,10,56
7697,10,56
7698,10,56
7699,10,56
7701,10,57
7702,10,57
7703,10,57
7704,10,57
7705,10,57
7706,10,56
7707,10,55
7708,10,55
7709,10,56
7710,10,57
7711,10,55
7712,10,55
7713,10,54
7714,10,55
7715,10,55
7716,10,55
7717,10,55
7718,10,56
7719,10,56
7720,10,56
7721,10,56
7722,10,56
7723,10,55
7724,10,55
7725,10,56
7726,10,55
7727,10,55
7728,10,56
7729,10,56
7730,10,56
7731,10,56
7732,10,56
7733,10,56
7734,10,56
7735,10,56
7736,10,56
7737,10,56
7738,10,57
7739,10,56
7740,10,56
7741,10,55
7742,10,54
7743,10,54
7744,10,52
7745,10,52
7746,10,52
7747,10,52
7748,10,53
7749,10,52
7750,10,51
7751,10,49
7752,10,49
7753,10,49
7754,10,49
7755,10,49
7756,10,50
7757,10,50
7758,10,51
7759,10,52
7760,10,52
7761,10,53
7762,10,53
7763,10,53
7764,10,53
7765,10,54
7766,10,55
7767,10,55
7768,10,55
7769,10,55
7770,10,54
7771,10,55
7772,10,55
7773,10,55
7774,10,55
7775,10,56
7776,10,56
7777,10,57
7778,10,57
7779,10,57
7780,10,57
7781,10,58
7782,10,58
7783,10,58
7784,10,58
7785,10,59
7786,10,59
7787,10,58
7788,10,57
7789,10,57
7790,10,57
7791,10,57
7792,10,57
7793,10,57
7794,10,57
7795,10,57
7796,10,57
7797,10,56
7798,10,55
7799,10,55
7801,10,55
7802,10,55
7803,10,56
7804,10,56
7805,10,56
7806,10,56
7807,10,54
7808,10,53
7809,10,54
7810,10,54
7811,10,54
7812,10,56
7813,10,56
7814,10,56
7815,10,56
7816,10,56
7817,10,55
7818,10,55
7819,10,56
7820,10,56
7821,10,56
7822,10,57
7823,10,57
7824,10,57
7825,10,57
7826,10,57
7827,10,57
7828,10,56
7829,10,57
7830,10,57
7831,10,57
7832,10,57
7833,10,57
7834,10,57
7835,10,57
7836,10,57
7837,10,57
7838,10,56
7839,10,56
7840,10,55
7841,10,55
7842,10,55
7843,10,55
7844,10,56
7845,10,56
7846,10,56
7847,10,57
7848,10,57
7849,10,57
7850,10,57
7851,10,58
7852,10,56
7853,10,57
7854,11,56
7855,11,57
7856,11,57
7857,11,57
7858,11,57
7859,11,58
7860,11,57
7861,11,57
7862,11,58
7863,11,59
7864,11,59
7865,11,59
7866,11,58
7867,11,58
7868,11,58
7869,11,59
7870,11,59
7871,11,59
7872,11,61
7873,11,62
7874,11,62
7875,11,62
7876,11,61
7877,11,62
7878,11,62
7879,10,61
7880,10,61
7881,10,60
7882,10,61
7883,10,61
7884,10,61
7885,10,61
7886,10,61
7887,10,62
7888,10,62
7889,10,62
7890,10,62
7891,10,62
7892,10,64
7893,10,65
7894,10,65
7895,10,65
7896,10,65
7897,10,65
7898,10,65
7899,10,65
7901,10,66
7902,10,67
7903,10,68
7904,10,68
7905,10,68
7906,10,67
7907,10,67
7908,10,67
7909,10,67
7910,10,68
7911,10,69
7912,10,69
7913,10,69
7914,10,69
7915,10,68
7916,10,68
7917,10,67
7918,10,67
7919,10,67
7920,10,67
7921,10,67
7922,10,68
7923,10,68
7924,10,68
7925,10,69
7926,10,68
7927,10,68
7928,10,69
7929,10,69
7930,10,70
7931,10,70
7932,10,71
7933,10,71
7934,10,71
7935,10,72
7936,10,72
7937,10,71
7938,10,70
7939,10,69
7940,10,69
7941,10,68
7942,10,67
7943,10,66
7944,10,66
7945,10,66
7946,10,68
7947,10,68
7948,10,67
7949,10,67
7950,10,67
7951,10,68
7952,10,67
7953,10,67
7954,10,67
7955,10,67
7956,10,66
7957,10,65
7958,10,65
7959,10,64
7960,10,64
7961,10,65
7962,10,65
7963,10,65
7964,10,65
7965,10,64
7966,10,64
7967,10,64
7968,10,64
7969,10,64
7970,10,64
7971,10,65
7972,10,65
7973,10,65
7974,10,65
7975,10,66
7976,10,65
7977,10,65
7978,10,65
7979,10,65
7980,10,64
7981,10,64
7982,10,63
7983,10,63
7984,10,64
7985,10,64
7986,9,65
7987,9,65
7988,9,67
7989,9,67
7990,10,67
7991,10,67
7992,10,66
7993,10,66
7994,10,68
7995,10,67
7996,10,67
7997,10,67
7998,10,68
7999,10,68
8001,10,68
8002,10,68
8003,10,68
8004,10,68
8005,10,68
8006,10,68
8007,10,68
8008,10,68
8009,10,69
8010,10,69
8011,10,69
8012,10,69
8013,10,69
8014,10,68
8015,10,68
8016,10,68
8017,10,68
8018,10,67
8019,10,67
8020,10,68
8021,10,68
8022,10,68
8023,10,67
8024,10,68
8025,10,68
8026,9,68
8027,9,68
8028,9,67
8029,9,67
8030,9,68
8031,9,68
8032,9,70
8033,9,68
8034,9,69
8035,9,69
8036,9,69
8037,9,69
8038,9,69
8039,9,68
8040,10,68
8041,10,67
8042,10,65
8043,10,65
8044,10,64
8045,10,63
8046,10,63
8047,10,63
8048,10,63
8049,10,63
8050,10,64
8051,10,64
8052,10,64
8053,10,64
8054,10,63
8055,10,62
8056,10,63
8057,10,62
8058,10,61
8059,10,61
8060,10,62
8061,10,62
8062,10,62
8063,10,62
8064,10,62
8065,10,62
8066,10,63
8067,10,63
8068,10,63
8069,10,62
8070,10,61
8071,10,60
8072,10,60
8073,10,60
8074,10,60
8075,10,60
8076,10,60
8077,10,60
8078,10,60
8079,10,61
8080,10,61
8081,10,61
8082,10,61
8083,10,62
8084,10,62
8085,10,62
8086,10,62
8087,10,62
8088,10,63
8089,10,64
8090,10,63
8091,10,63
8092,10,63
8093,10,61
8094,10,61
8095,10,60
8096,10,59
8097,10,59
8098,10,60
8099,10,60
8101,10,59
8102,10,60
8103,10,60
8104,10,60
8105,10,61
8106,10,61
8107,10,61
8108,10,62
8109,10,62
8110,10,61
8111,10,61
8112,10,61
8113,10,61
8114,10,60
8115,10,60
8116,10,60
8117,10,60
8118,10,60
8119,10,60
8120,10,60
8121,10,60
8122,10,60
8123,10,59
8124,10,59
8125,10,59
8126,10,59
8127,10,59
8128,10,59
8129,10,58
8130,10,57
8131,10,56
8132,10,56
8133,10,56
8134,10,56
8135,10,56
8136,10,56
8137,10,56
8138,10,58
8139,10,58
8140,10,58
8141,10,58
8142,10,58
8143,10,58
8144,10,57
8145,10,57
8146,10,57
8147,10,57
8148,10,58
8149,10,58
8150,10,58
8151,10,58
8152,10,58
8153,11,58
8154,11,58
8155,11,58
8156,11,58
8157,11,58
8158,11,58
8159,11,58
8160,11,58
8161,11,59
8162,11,59
8163,11,59
8164,11,59
8165,11,59
8166,11,59
8167,11,58
8168,11,58
8169,11,58
8170,11,58
8171,11,58
8172,11,56
8173,11,57
8174,11,56
8175,11,56
8176,11,56
8177,11,56
8178,11,55
8179,11,54
8180,11,55
8181,11,55
8182,11,55
8183,11,54
8184,11,53
8185,11,53
8186,11,51
8187,11,50
8188,11,50
8189,11,50
8190,11,50
8191,11,50
8192,11,51
8193,11,51
8194,11,51
8195,11,51
8196,11,51
8197,11,51
8198,11,52
8199,11,51
8201,11,51
8202,11,51
8203,12,51
8204,12,51
8205,12,51
8206,12,51
8207,12,51
8208,12,50
8209,12,50
8210,12,51
8211,12,50
8212,12,50
8213,12,50
8214,12,50
8215,12,50
8216,12,50
8217,12,51
8218,12,51
8219,12,51
8220,12,53
8221,12,52
8222,12,52
8223,12,52
8224,12,51
8225,12,51
8226,12,51
8227,12,51
8228,12,51
8229,12,51
8230,12,53
8231,12,53
8232,12,53
8233,12,53
8234,12,53
8235,12,53
8236,12,53
8237,12,52
8238,12,52
8239,12,52
8240,12,53
8241,12,53
8242,12,54
8243,12,54
8244,12,54
8245,12,54
8246,12,54
8247,12,54
8248,12,55
8249,12,55
8250,12,56
8251,12,57
8252,12,56
8253,12,56
8254,12,56
8255,12,56
8256,12,56
8257,12,56
8258,12,55
8259,12,55
8260,12,55
8261,12,54
8262,12,54
8263,12,54
8264,12,54
8265,12,54
8266,12,54
8267,12,52
8268,12,52
8269,12,51
8270,12,51
8271,12,50
8272,12,51
8273,12,52
8274,12,52
8275,12,52
8276,12,52
8277,12,52
8278,12,51
8279,12,51
8280,12,51
8281,12,51
8282,12,51
8283,12,50
8284,12,50
8285,12,50
8286,12,50
8287,12,50
8288,12,50
8289,12,49
8290,12,49
8291,12,49
8292,12,48
8293,12,48
8294,12,47
8295,12,47
8296,12,46
8297,12,46
8298,12,46
8299,12,46
8301,12,46
8302,12,46
8303,12,48
8304,12,48
8305,12,48
8306,12,48
8307,12,48
8308,12,46
8309,12,45
8310,12,45
8311,12,44
8312,12,44
8313,12,44
8314,12,45
8315,12,44
8316,12,44
8317,12,44
8318,12,44
8319,12,43
8320,12,43
8321,12,42
8322,12,42
8323,12,42
8324,12,42
8325,12,42
8326,12,42
8327,12,43
8328,12,43
8329,12,43
8330,12,42
8331,12,42
8332,12,41
8333,12,41
8334,12,41
8335,12,40
8336,12,40
8337,12,40
8338,12,41
8339,12,41
8340,12,41
8341,12,41
8342,12,41
8343,12,40
8344,12,39
8345,12,38
8346,12,37
8347,12,37
8348,12,39
8349,12,39
8350,12,38
8351,12,37
8352,12,37
8353,12,38
8354,12,37
8355,12,37
8356,12,37
8357,12,37
8358,12,38
8359,12,38
8360,12,38
8361,12,38
8362,12,37
8363,12,37
8364,12,37
8365,12,37
8366,12,36
8367,12,36
8368,12,36
8369,12,36
8370,12,36
8371,12,36
8372,12,36
8373,12,36
8374,12,37
8375,12,37
8376,12,37
8377,12,37
8378,12,37
8379,12,37
8380,12,36
8381,12,36
8382,12,36
8383,12,35
8384,12,35
8385,12,35
8386,12,36
8387,12,35
8388,12,35
8389,13,35
8390,13,35
8391,13,35
8392,13,35
8393,13,35
8394,13,36
8395,13,36
8396,12,36
8397,12,36
8398,12,36
8399,12,36
8401,12,34
8402,12,34
8403,12,34
8404,12,35
8405,12,35
8406,12,35
8407,12,35
8408,12,34
8409,12,34
8410,12,34
8411,12,34
8412,12,34
8413,12,34
8414,12,34
8415,12,35
8416,12,35
8417,12,33
8418,12,33
8419,12,32
8420,12,32
8421,12,32
8422,12,32
8423,12,31
8424,12,31
8425,13,31
8426,13,32
8427,13,32
8428,13,33
8429,13,33
8430,13,33
8431,13,34
8432,13,34
8433,13,34
8434,13,34
8435,13,35
8436,13,36
8437,12,35
8438,12,36
8439,12,36
8440,12,36
8441,12,36
8442,12,36
8443,12,36
8444,12,36
8445,12,36
8446,12,35
8447,12,35
8448,12,36
8449,12,36
8450,12,35
8451,12,35
8452,12,34
8453,12,34
8454,12,34
8455,12,35
8456,12,36
8457,12,36
8458,12,37
8459,12,37
8460,12,37
8461,12,37
8462,12,37
8463,12,37
8464,12,37
8465,12,37
8466,12,36
8467,12,36
8468,12,36
8469,12,36
8470,12,36
8471,12,36
8472,12,36
8473,12,36
8474,12,36
8475,12,35
8476,12,35
8477,12,35
8478,12,37
8479,12,37
8480,12,37
8481,12,38
8482,12,37
8483,12,37
8484,12,37
8485,12,37
8486,12,38
8487,12,38
8488,12,38
8489,12,38
8490,12,38
8491,12,39
8492,12,39
8493,13,38
8494,13,39
8495,13,39
8496,13,40
8497,13,40
8498,13,40
8499,13,40
8501,13,41
8502,13,41
8503,13,41
8504,13,41
8505,13,41
8506,13,42
8507,13,42
8508,13,42
8509,13,42
8510,13,42
8511,13,43
8512,13,43
8513,13,43
8514,13,43
8515,13,43
8516,13,43
8517,13,43
8518,13,43
8519,13,43
8520,13,44
8521,13,44
8522,13,43
8523,13,43
8524,13,43
8525,13,43
8526,13,43
8527,13,43
8528,13,41
8529,13,41
8530,13,41
8531,13,43
8532,13,43
8533,13,41
8534,13,41
8535,13,39
8536,13,39
8537,13,39
8538,13,39
8539,13,39
8540,13,39
8541,13,40
8542,13,41
8543,13,40
8544,13,40
8545,13,40
8546,13,40
8547,13,40
8548,13,40
8549,13,40
8550,13,40
8551,13,41
8552,13,42
8553,13,42
8554,13,41
8555,13,41
8556,13,41
8557,13,40
8558,13,40
8559,13,40
8560,13,40
8561,13,42
8562,13,43
8563,13,43
8564,13,43
8565,13,43
8566,13,44
8567,13,45
8568,13,45
8569,13,45
8570,13,46
8571,13,47
8572,13,48
8573,13,48
8574,13,49
8575,13,49
8576,13,50
8577,13,50
8578,13,50
8579,13,50
8580,13,51
8581,13,52
8582,13,53
8583,13,53
8584,13,54
8585,13,54
8586,13,55
8587,13,55
8588,13,54
8589,12,54
8590,12,54
8591,12,56
8592,12,57
8593,11,57
8594,11,59
8595,11,59
8596,11,59
8597,11,60
8598,11,60
8599,11,60
8601,11,62
8602,11,62
8603,10,61
8604,10,63
8605,10,62
8606,10,62
8607,10,62
8608,10,62
8609,10,62
8610,10,63
8611,10,64
8612,10,65
8613,10,65
8614,10,66
8615,10,66
8616,10,67
8617,10,67
8618,10,67
8619,10,67
8620,10,68
8621,10,69
8622,10,70
8623,10,70
8624,10,72
8625,10,72
8626,10,72
8627,10,72
8628,10,72
8629,10,72
8630,10,73
8631,10,74
8632,10,73
8633,10,74
8634,10,76
8635,10,76
8636,10,76
8637,10,77
8638,10,77
8639,10,77
8640,10,77
8641,10,77
8642,10,76
8643,10,76
8644,10,78
8645,10,78
8646,10,78
8647,10,77
8648,10,77
8649,10,77
8650,10,76
8651,10,75
8652,10,75
8653,10,75
8654,10,77
8655,10,77
8656,10,76
8657,10,76
8658,10,76
8659,10,75
8660,10,75
8661,10,75
8662,10,75
8663,10,75
8664,10,76
8665,10,74
8666,10,74
8667,10,74
8668,10,75
8669,10,76
8670,10,76
8671,10,76
8672,10,76
8673,10,76
8674,10,76
8675,10,77
8676,10,77
8677,10,77
8678,10,77
8679,10,78
8680,10,78
8681,10,78
8682,10,78
8683,10,78
8684,10,78
8685,10,78
8686,10,78
8687,10,78
8688,10,77
8689,10,77
8690,10,76
8691,10,76
8692,10,76
8693,10,77
8694,10,76
8695,10,76
8696,10,75
8697,10,76
8698,10,76
8699,10,76
8701,10,75
8702,9,75
8703,9,77
8704,9,77
8705,9,77
8706,9,77
8707,9,77
8708,9,77
8709,9,78
8710,9,78
8711,9,78
8712,9,78
8713,9,79
8714,9,78
8715,9,78
8716,9,78
8717,9,77
8718,9,77
8719,9,78
8720,9,79
8721,9,78
8722,9,78
8723,9,75
8724,9,75
8725,9,75
8726,9,76
8727,9,75
8728,9,75
8729,9,77
8730,9,75
8731,9,75
8732,9,75
8733,9,76
8734,9,76
8735,9,76
8736,9,77
8737,9,77
8738,9,77
8739,9,80
8740,9,81
8741,9,81
8742,9,80
8743,9,81
8744,9,80
8745,9,80
8746,9,81
8747,9,81
8748,9,80
8749,9,81
8750,9,81
8751,9,81
8752,9,80
8753,9,81
8754,9,81
8755,9,82
8756,9,82
8757,9,80
8758,9,80
8759,9,80
8760,9,79
8761,9,78
8762,9,76
8763,9,76
8764,9,76
8765,9,77
8766,9,78
8767,9,78
8768,9,76
8769,9,77
8770,9,77
8771,9,77
8772,9,76
8773,9,76
8774,9,77
8775,9,77
8776,9,78
8777,9,78
8778,9,76
8779,9,76
8780,9,75
8781,9,74
8782,9,74
8783,9,74
8784,9,75
8785,9,73
8786,9,74
8787,9,74
8788,9,74
8789,9,74
8790,9,74
8791,9,73
8792,9,73
8793,9,73
8794,9,73
8795,9,73
8796,9,75
8797,9,76
8798,9,74
8799,9,74
8801,9,74
8802,9,74
8803,9,74
8804,9,71
8805,9,71
8806,9,72
8807,9,73
8808,9,71
8809,9,71
8810,9,71
8811,9,72
8812,9,71
8813,9,72
8814,9,72
8815,9,71
8816,9,70
8817,9,72
8818,9,72
8819,9,72
8820,9,73
8821,9,73
8822,9,73
8823,9,73
8824,9,73
8825,9,73
8826,9,73
8827,9,75
8828,9,74
8829,9,73
8830,9,73
8831,9,73
8832,9,71
8833,9,71
8834,9,71
8835,9,71
8836,9,71
8837,9,72
8838,9,71
8839,9,70
8840,9,69
8841,9,69
8842,9,69
8843,9,69
8844,9,69
8845,9,69
8846,9,69
8847,9,70
8848,9,69
8849,9,68
8850,9,69
8851,9,69
8852,9,69
8853,9,69
8854,9,69
8855,9,69
8856,9,69
8857,9,69
8858,9,69
8859,9,70
8860,9,71
8861,9,71
8862,9,71
8863,9,71
8864,9,70
8865,9,70
8866,9,70
8867,9,69
8868,9,67
8869,9,68
8870,9,69
8871,9,69
8872,9,69
8873,9,67
8874,9,65
8875,9,63
8876,9,63
8877,9,63
8878,9,63
8879,9,63
8880,9,63
8881,9,62
8882,9,62
8883,10,63
8884,10,63
8885,10,63
8886,10,63
8887,10,63
8888,10,63
8889,10,63
8890,10,63
8891,10,63
8892,10,63
8893,10,63
8894,10,63
8895,10,63
8896,10,63
8897,10,63
8898,10,63
8899,10,62
8901,10,62
8902,10,62
8903,10,62
8904,10,62
8905,10,62
8906,10,62
8907,10,61
8908,10,60
8909,10,60
8910,10,60
8911,10,60
8912,10,60
8913,10,58
8914,10,58
8915,10,58
8916,10,58
8917,10,57
8918,10,57
8919,10,57
8920,10,57
8921,10,57
8922,10,57
8923,10,57
8924,10,57
8925,10,57
8926,10,57
8927,10,57
8928,10,57
8929,10,57
8930,10,58
8931,10,58
8932,10,58
8933,11,58
8934,11,58
8935,11,58
8936,11,58
8937,11,55
8938,11,55
8939,11,55
8940,11,56
8941,11,56
8942,11,57
8943,11,57
8944,11,57
8945,11,57
8946,11,57
8947,11,57
8948,11,58
8949,11,58
8950,11,58
8951,11,58
8952,11,58
8953,11,58
8954,11,58
8955,11,57
8956,11,57
8957,11,57
8958,11,58
8959,11,58
8960,11,58
8961,11,59
8962,11,59
8963,11,59
8964,11,59
8965,11,59
8966,11,59
8967,11,59
8968,12,58
8969,12,58
8970,12,58
8971,12,59
8972,12,59
8973,12,60
8974,12,60
8975,12,60
8976,12,60
8977,12,60
8978,12,61
8979,12,61
8980,12,61
8981,12,62
8982,12,62
8983,12,62
8984,12,62
8985,12,61
8986,12,60
8987,12,60
8988,12,60
8989,12,60
8990,12,60
8991,12,61
8992,12,60
8993,12,60
8994,12,61
8995,12,61
8996,12,61
8997,12,61
8998,12,61
8999,12,61
9001,12,63
9002,12,63
9003,12,64
9004,12,63
9005,12,63
9006,12,63
9007,12,63
9008,12,63
9009,12,63
9010,12,63
9011,12,64
9012,12,65
9013,12,65
9014,12,65
9015,12,65
9016,12,65
9017,12,65
9018,11,65
9019,11,65
9020,11,64
9021,11,65
9022,11,66
9023,11,66
9024,11,66
9025,11,64
9026,11,64
9027,11,63
9028,11,63
9029,11,63
9030,11,63
9031,11,63
9032,11,63
9033,11,63
9034,11,61
9035,11,61
9036,11,62
9037,11,62
9038,11,62
9039,11,63
9040,11,61
9041,11,61
9042,11,61
9043,11,61
9044,11,61
9045,11,60
9046,11,60
9047,11,59
9048,11,60
9049,11,61
9050,11,61
9051,11,59
9052,11,59
9053,11,59
9054,11,59
9055,11,59
9056,11,58
9057,11,57
9058,11,58
9059,11,59
9060,11,58
9061,11,58
9062,11,58
9063,11,58
9064,11,56
9065,11,56
9066,11,56
9067,11,56
9068,11,58
9069,11,58
9070,11,58
9071,11,58
9072,11,57
9073,11,57
9074,11,57
9075,11,57
9076,11,57
9077,11,57
9078,11,58
9079,11,58
9080,11,58
9081,11,57
9082,11,54
9083,11,54
9084,11,54
9085,11,54
9086,11,54
9087,11,53
9088,11,53
9089,11,53
9090,11,52
9091,11,51
9092,11,52
9093,11,50
9094,11,50
9095,11,50
9096,11,50
9097,11,50
9098,11,50
9099,11,50
9101,11,49
9102,11,50
9103,11,50
9104,11,48
9105,11,48
9106,11,48
9107,11,47
9108,11,47
9109,10,47
9110,10,48
9111,10,47
9112,10,47
9113,10,47
9114,10,47
9115,10,47
9116,10,47
9117,10,47
9118,10,46
9119,10,46
9120,10,47
9121,10,47
9122,10,47
9123,10,47
9124,10,47
9125,10,47
9126,10,47
9127,10,44
9128,10,44
9129,10,44
9130,10,46
9131,10,46
9132,10,46
9133,10,46
9134,10,46
9135,10,46
9136,10,46
9137,10,45
9138,10,45
9139,10,45
9140,10,46
9141,10,46
9142,10,46
9143,10,46
9144,10,46
9145,10,46
9146,10,46
9147,10,46
9148,10,46
9149,10,45
9150,10,46
9151,10,46
9152,10,46
9153,10,45
9154,10,44
9155,10,44
9156,10,44
9157,10,44
9158,10,44
9159,10,43
9160,10,43
9161,10,43
9162,10,45
9163,10,45
9164,10,45
9165,10,44
9166,10,44
9167,10,45
9168,10,45
9169,10,45
9170,10,45
9171,10,45
9172,10,47
9173,10,47
9174,10,47
9175,10,47
9176,10,48
9177,10,49
9178,10,48
9179,10,48
9180,10,47
9181,10,45
9182,10,47
9183,10,47
9184,10,47
9185,10,47
9186,10,49
9187,10,49
9188,10,49
9189,10,49
9190,10,48
9191,10,48
9192,10,49
9193,10,49
9194,10,49
9195,10,48
9196,10,48
9197,10,48
9198,10,47
9199,10,47
9201,10,47
9202,10,48
9203,10,48
9204,10,48
9205,10,48
9206,10,50
9207,10,50
9208,10,49
9209,10,49
9210,10,49
9211,10,49
9212,10,49
9213,10,49
9214,10,49
9215,10,49
9216,10,51
9217,10,50
9218,10,52
9219,10,51
9220,10,52
9221,10,52
9222,10,52
9223,10,50
9224,10,49
9225,10,49
9226,10,49
9227,10,50
9228,10,50
9229,10,50
9230,10,50
9231,10,50
9232,10,50
9233,10,50
9234,11,50
9235,11,50
9236,11,51
9237,11,51
9238,11,51
9239,11,51
9240,11,51
9241,11,51
9242,11,50
9243,11,49
9244,11,50
9245,11,50
9246,11,50
9247,11,49
9248,11,49
9249,11,49
9250,11,50
9251,11,50
9252,11,50
9253,11,50
9254,11,50
9255,11,50
9256,11,49
9257,11,50
9258,11,50
9259,11,50
9260,11,51
9261,11,51
9262,11,51
9263,11,50
9264,11,50
9265,11,50
9266,11,50
9267,11,50
9268,11,49
9269,11,49
9270,11,49
9271,11,49
9272,11,49
9273,11,49
9274,11,50
9275,11,50
9276,11,50
9277,11,50
9278,11,51
9279,11,51
9280,11,51
9281,11,51
9282,11,51
9283,11,51
9284,12,52
9285,12,52
9286,12,52
9287,12,52
9288,12,51
9289,12,51
9290,12,51
9291,12,50
9292,12,50
9293,12,50
9294,11,51
9295,11,50
9296,11,50
9297,11,49
9298,11,50
9299,11,50
9301,11,50
9302,11,50
9303,11,50
9304,11,51
9305,11,51
9306,11,50
9307,11,49
9308,11,49
9309,11,48
9310,11,48
9311,11,48
9312,11,48
9313,11,48
9314,11,49
9315,11,47
9316,11,46
9317,11,47
9318,11,47
9319,11,47
9320,11,47
9321,11,46
9322,11,46
9323,11,45
9324,11,45
9325,11,45
9326,11,45
9327,11,46
9328,11,47
9329,11,47
9330,11,47
9331,11,47
9332,11,47
9333,11,46
9334,11,46
9335,11,45
9336,11,46
9337,11,45
9338,11,46
9339,11,46
9340,11,46
9341,11,46
9342,11,46
9343,11,46
9344,11,46
9345,11,46
9346,11,46
9347,11,45
9348,11,46
9349,11,44
9350,11,45
9351,11,45
9352,11,45
9353,11,45
9354,11,45
9355,11,45
9356,11,46
9357,11,46
9358,11,46
9359,11,45
9360,11,44
9361,11,44
9362,11,43
9363,11,43
9364,11,44
9365,11,43
9366,11,43
9367,11,43
9368,11,43
9369,11,43
9370,12,43
9371,12,43
9372,12,43
9373,12,43
9374,12,44
9375,12,44
9376,12,45
9377,12,45
9378,12,43
9379,12,43
9380,12,43
9381,12,43
9382,12,43
9383,12,43
9384,12,43
9385,12,43
9386,12,43
9387,12,43
9388,12,43
9389,12,43
9390,12,43
9391,12,43
9392,12,43
9393,12,42
9394,12,42
9395,12,42
9396,12,40
9397,12,40
9398,12,40
9399,12,39
9401,13,41
9402,13,41
9403,13,41
9404,13,41
9405,13,41
9406,13,41
9407,13,41
9408,13,42
9409,13,42
9410,13,41
9411,13,43
9412,13,43
9413,13,43
9414,13,42
9415,13,42
9416,13,42
9417,13,42
9418,13,44
9419,13,44
9420,13,44
9421,13,45
9422,13,45
9423,13,45
9424,13,45
9425,13,45
9426,13,45
9427,13,45
9428,13,47
9429,13,48
9430,13,48
9431,13,49
9432,13,49
9433,13,49
9434,13,49
9435,13,49
9436,13,49
9437,13,48
9438,13,49
9439,13,50
9440,13,49
9441,13,50
9442,13,50
9443,13,50
9444,13,50
9445,13,50
9446,13,49
9447,13,48
9448,13,49
9449,13,50
9450,13,50
9451,13,50
9452,13,49
9453,13,49
9454,13,49
9455,13,48
9456,13,48
9457,13,47
9458,13,48
9459,13,49
9460,13,49
9461,13,50
9462,13,50
9463,13,50
9464,13,50
9465,13,50
9466,13,50
9467,13,50
9468,13,49
9469,13,50
9470,13,50
9471,13,52
9472,13,52
9473,13,52
9474,13,52
9475,13,52
9476,13,52
9477,13,51
9478,13,51
9479,13,52
9480,13,52
9481,13,52
9482,13,52
9483,13,52
9484,13,52
9485,13,52
9486,13,51
9487,13,50
9488,13,50
9489,13,51
9490,13,51
9491,13,51
9492,13,51
9493,13,50
9494,13,51
9495,13,50
9496,13,50
9497,13,50
9498,13,50
9499,13,51
9501,13,50
9502,13,50
9503,13,50
9504,13,49
9505,13,49
9506,13,49
9507,13,50
9508,13,50
9509,13,51
9510,13,51
9511,13,50
9512,13,51
9513,13,52
9514,13,52
9515,13,52
9516,13,53
9517,13,54
9518,12,54
9519,12,54
9520,12,54
9521,12,55
9522,12,56
9523,12,57
9524,12,57
9525,12,58
9526,12,59
9527,12,60
9528,12,60
9529,12,60
9530,12,59
9531,12,60
9532,12,60
9533,12,61
9534,12,61
9535,12,60
9536,12,61
9537,12,62
9538,12,62
9539,12,62
9540,12,62
9541,12,63
9542,12,64
9543,12,65
9544,12,64
9545,12,63
9546,12,63
9547,12,63
9548,12,63
9549,12,63
9550,12,64
9551,12,64
9552,12,65
9553,12,66
9554,13,66
9555,13,66
9556,13,66
9557,13,66
9558,13,65
9559,13,66
9560,13,67
9561,13,67
9562,13,68
9563,13,69
9564,13,69
9565,13,69
9566,13,69
9567,13,69
9568,13,68
9569,13,69
9570,13,71
9571,13,70
9572,13,71
9573,13,71
9574,13,71
9575,13,71
9576,13,71
9577,13,69
9578,13,69
9579,13,69
9580,13,69
9581,13,68
9582,13,67
9583,13,65
9584,13,64
9585,13,63
9586,13,63
9587,13,63
9588,13,65
9589,13,66
9590,13,66
9591,13,65
9592,13,65
9593,13,64
9594,13,65
9595,13,65
9596,13,65
9597,13,66
9598,13,68
9599,13,69
9601,12,68
9602,12,68
9603,12,68
9604,12,69
9605,12,69
9606,12,70
9607,12,70
9608,12,71
9609,12,71
9610,12,71
9611,13,71
9612,13,70
9613,13,69
9614,13,69
9615,13,69
9616,13,69
9617,13,69
9618,13,68
9619,13,68
9620,13,68
9621,13,68
9622,13,68
9623,13,68
9624,13,67
9625,13,67
9626,13,67
9627,13,65
9628,13,65
9629,13,64
9630,13,65
9631,13,65
9632,13,65
9633,13,66
9634,13,66
9635,13,66
9636,13,65
9637,13,65
9638,13,65
9639,13,65
9640,13,66
9641,13,65
9642,13,63
9643,13,64
9644,13,64
9645,13,64
9646,13,64
9647,13,64
9648,13,65
9649,13,65
9650,13,66
9651,13,65
9652,13,65
9653,13,66
9654,13,66
9655,13,66
9656,13,65
9657,13,63
9658,13,63
9659,13,63
9660,13,63
9661,13,62
9662,13,62
9663,13,62
9664,13,61
9665,13,61
9666,13,60
9667,13,60
9668,13,60
9669,13,60
9670,13,61
9671,13,60
9672,13,61
9673,13,61
9674,13,60
9675,13,60
9676,13,60
9677,13,60
9678,13,59
9679,13,59
9680,13,61
9681,13,61
9682,13,62
9683,13,62
9684,13,62
9685,13,61
9686,13,61
9687,13,61
9688,13,61
9689,13,61
9690,13,62
9691,13,62
9692,13,62
9693,13,62
9694,13,62
9695,13,62
9696,13,62
9697,13,62
9698,13,62
9699,13,61
9701,13,62
9702,13,62
9703,13,61
9704,13,60
9705,13,60
9706,13,60
9707,13,59
9708,13,58
9709,13,58
9710,13,58
9711,13,56
9712,13,56
9713,13,57
9714,13,57
9715,13,58
9716,13,58
9717,13,58
9718,13,58
9719,13,58
9720,13,57
9721,13,57
9722,13,57
9723,13,58
9724,13,57
9725,13,58
9726,13,58
9727,13,58
9728,12,58
9729,12,58
9730,12,58
9731,12,57
9732,12,57
9733,12,57
9734,12,57
9735,12,56
9736,12,54
9737,12,53
9738,12,53
9739,12,53
9740,12,54
9741,12,53
9742,12,53
9743,12,53
9744,12,53
9745,12,53
9746,12,53
9747,12,54
9748,12,52
9749,12,52
9750,12,52
9751,12,51
9752,12,52
9753,12,52
9754,12,52
9755,12,52
9756,12,49
9757,12,50
9758,12,50
9759,12,48
9760,12,48
9761,12,48
9762,12,47
9763,12,47
9764,12,47
9765,12,46
9766,12,46
9767,12,47
9768,12,47
9769,12,47
9770,12,47
9771,12,47
9772,12,47
9773,12,47
9774,12,47
9775,12,49
9776,12,49
9777,12,48
9778,12,48
9779,12,47
9780,12,47
9781,12,47
9782,12,47
9783,12,47
9784,12,46
9785,12,47
9786,12,47
9787,12,47
9788,12,47
9789,12,47
9790,12,47
9791,12,46
9792,12,47
9793,12,46
9794,12,46
9795,12,47
9796,12,46
9797,12,46
9798,12,46
9799,12,46
9801,12,45
9802,12,45
9803,12,45
9804,12,45
9805,12,45
9806,12,45
9807,12,45
9808,12,45
9809,12,45
9810,12,45
9811,12,45
9812,12,44
9813,12,44
9814,12,45
9815,12,44
9816,12,43
9817,12,43
9818,12,43
9819,12,43
9820,12,43
9821,12,43
9822,12,41
9823,12,41
9824,12,42
9825,12,42
9826,12,42
9827,12,42
9828,12,43
9829,12,43
9830,12,43
9831,12,43
9832,12,43
9833,12,43
9834,12,44
9835,12,44
9836,12,44
9837,12,44
9838,12,45
9839,12,45
9840,12,45
9841,12,45
9842,12,45
9843,12,45
9844,12,45
9845,12,44
9846,12,44
9847,12,43
9848,12,43
9849,12,43
9850,12,43
9851,12,42
9852,12,42
9853,12,42
9854,12,42
9855,12,41
9856,13,39
9857,13,39
9858,13,39
9859,13,39
9860,13,39
9861,13,39
9862,13,39
9863,13,39
9864,13,39
9865,13,39
9866,13,39
9867,13,39
9868,13,39
9869,13,39
9870,13,39
9871,13,38
9872,13,37
9873,13,37
9874,13,37
9875,13,38
9876,13,38
9877,13,37
9878,13,37
9879,13,37
9880,13,38
9881,13,38
9882,13,38
9883,13,38
9884,13,38
9885,13,38
9886,13,38
9887,13,38
9888,13,39
9889,13,39
9890,13,39
9891,13,40
9892,13,40
9893,13,40
9894,13,40
9895,13,41
9896,13,41
9897,13,41
9898,13,42
9899,13,42
9901,13,43
9902,13,43
9903,13,43
9904,13,43
9905,13,44
9906,14,44
9907,14,44
9908,14,45
9909,13,45
9910,13,45
9911,13,46
9912,13,46
9913,13,46
9914,13,46
9915,13,47
9916,13,47
9917,13,47
9918,13,48
9919,13,48
9920,13,48
9921,13,49
9922,13,49
9923,13,49
9924,13,49
9925,13,49
9926,13,49
9927,13,49
9928,13,50
9929,13,50
9930,13,50
9931,13,51
9932,13,51
9933,13,51
9934,13,51
9935,13,51
9936,13,52
9937,13,51
9938,13,52
9939,13,52
9940,13,52
9941,13,52
9942,13,52
9943,13,52
9944,13,52
9945,13,52
9946,13,52
9947,13,52
9948,13,53
9949,13,53
9950,13,53
9951,13,53
9952,13,53
9953,13,52
9954,13,52
9955,13,52
9956,13,52
9957,13,52
9958,13,54
9959,13,54
9960,13,53
9961,13,53
9962,13,53
9963,13,52
9964,13,52
9965,13,52
9966,13,52
9967,13,51
9968,13,52
9969,13,52
9970,13,53
9971,13,52
9972,13,52
9973,13,52
9974,13,51
9975,13,52
9976,13,50
9977,13,50
9978,13,50
9979,13,49
9980,13,49
9981,13,49
9982,13,49
9983,13,49
9984,13,49
9985,13,51
9986,13,51
9987,13,50
9988,13,52
9989,13,52
9990,13,52
9991,13,52
9992,13,52
9993,13,52
9994,13,52
9995,13,54
9996,13,54
9997,13,53
9998,13,53
9999,13,53
10001,13,53
10002,13,52
10003,13,51
10004,14,50
10005,14,51
10006,14,50
10007,14,50
10008,14,50
10009,14,51
10010,14,51
10011,14,51
10012,14,51
10013,14,51
10014,14,51
10015,14,52
10016,14,52
10017,14,51
10018,14,52
10019,14,52
10020,14,52
10021,14,52
10022,14,52
10023,14,52
10024,14,52
10025,14,51
10026,14,51
10027,14,51
10028,14,51
10029,14,50
10030,14,50
10031,14,50
10032,14,50
10033,14,51
10034,14,50
10035,14,49
10036,14,49
10037,14,49
10038,14,50
10039,14,50
10040,14,50
10041,14,51
10042,14,50
10043,14,51
10044,14,51
10045,14,51
10046,14,52
10047,14,52
10048,14,53
10049,14,52
10050,14,52
10051,14,54
10052,14,54
10053,14,53
10054,15,53
10055,15,51
10056,15,52
10057,15,52
10058,15,52
10059,15,52
10060,15,53
10061,15,55
10062,15,55
10063,15,55
10064,15,55
10065,15,55
10066,15,56
10067,15,56
10068,15,56
10069,14,56
10070,14,57
10071,14,59
10072,14,58
10073,14,58
10074,14,58
10075,14,58
10076,14,57
10077,14,57
10078,14,55
10079,14,54
10080,14,54
10081,14,55
10082,14,55
10083,14,55
10084,14,56
10085,14,56
10086,14,56
10087,14,56
10088,14,55
10089,14,55
10090,14,55
10091,14,57
10092,14,57
10093,14,56
10094,14,57
10095,14,57
10096,14,57
10097,14,57
10098,14,56
10099,14,56
10101,14,57
10102,14,58
10103,14,58
10104,14,58
10105,14,58
10106,14,58
10107,14,58
10108,14,58
10109,14,60
10110,14,59
10111,14,61
10112,14,62
10113,14,62
10114,14,60
10115,14,60
10116,14,58
10117,14,58
10118,14,58
10119,14,59
10120,14,59
10121,14,59
10122,14,60
10123,14,60
10124,14,60
10125,14,60
10126,14,58
10127,13,58
10128,13,58
10129,13,57
10130,13,57
10131,13,58
10132,13,60
10133,13,59
10134,13,59
10135,13,59
10136,13,58
10137,13,58
10138,13,59
10139,13,60
10140,13,59
10141,13,59
10142,13,60
10143,13,60
10144,13,60
10145,13,59
10146,13,59
10147,13,59
10148,13,61
10149,13,62
10150,13,63
10151,13,62
10152,13,62
10153,13,61
10154,13,61
10155,13,61
10156,13,61
10157,13,61
10158,13,63
10159,13,63
10160,13,63
10161,13,63
10162,13,61
10163,13,61
10164,13,61
10165,13,60
10166,13,61
10167,13,62
10168,13,64
10169,13,64
10170,13,64
10171,13,64
10172,13,64
10173,13,64
10174,13,64
10175,13,64
10176,13,65
10177,14,65
10178,14,68
10179,14,69
10180,14,69
10181,14,69
10182,14,69
10183,14,68
10184,14,70
10185,14,70
10186,14,71
10187,14,71
10188,14,72
10189,14,72
10190,14,71
10191,14,71
10192,14,72
10193,14,71
10194,13,70
10195,13,70
10196,13,70
10197,13,70
10198,13,71
10199,13,70
10201,12,69
10202,12,70
10203,12,71
10204,12,71
10205,12,68
10206,12,67
10207,12,68
10208,12,67
10209,12,68
10210,12,67
10211,12,66
10212,12,67
10213,12,67
10214,12,67
10215,12,67
10216,12,67
10217,12,68
10218,12,67
10219,12,67
10220,12,67
10221,12,67
10222,12,68
10223,12,69
10224,12,69
10225,12,69
10226,12,69
10227,12,70
10228,12,70
10229,12,70
10230,12,69
10231,12,71
10232,12,71
10233,13,70
10234,13,70
10235,13,70
10236,13,69
10237,13,70
10238,13,69
10239,13,69
10240,13,69
10241,13,70
10242,13,70
10243,13,70
10244,13,70
10245,13,69
10246,13,69
10247,13,69
10248,13,69
10249,13,70
10250,13,70
10251,13,69
10252,13,69
10253,13,69
10254,13,70
10255,13,70
10256,13,70
10257,13,71
10258,13,71
10259,13,70
10260,13,70
10261,13,71
10262,13,71
10263,13,72
10264,13,73
10265,13,73
10266,13,72
10267,13,73
10268,13,73
10269,13,73
10270,13,73
10271,13,74
10272,13,74
10273,13,75
10274,13,75
10275,13,74
10276,13,74
10277,13,74
10278,13,73
10279,13,73
10280,13,73
10281,13,74
10282,13,74
10283,13,75
10284,13,74
10285,13,74
10286,13,73
10287,13,73
10288,13,73
10289,13,73
10290,13,74
10291,13,75
10292,13,74
10293,13,75
10294,13,75
10295,13,74
10296,13,73
10297,13,73
10298,13,73
10299,13,73
10301,13,73
10302,13,72
10303,13,73
10304,13,73
10305,13,73
10306,13,73
10307,13,71
10308,13,71
10309,13,71
10310,13,71
10311,14,71
10312,14,70
10313,14,71
10314,14,71
10315,14,71
10316,14,72
10317,14,71
10318,14,71
10319,14,70
10320,14,70
10321,14,70
10322,14,70
10323,14,71
10324,14,70
10325,14,70
10326,14,70
10327,14,70
10328,14,70
10329,14,69
10330,14,68
10331,14,68
10332,14,65
10333,14,65
10334,14,64
10335,14,64
10336,14,64
10337,14,64
10338,14,62
10339,14,62
10340,14,63
10341,14,63
10342,14,63
10343,14,63
10344,14,63
10345,14,63
10346,14,63
10347,14,62
10348,14,63
10349,14,63
10350,14,62
10351,14,61
10352,14,60
10353,14,60
10354,14,60
10355,14,60
10356,14,62
10357,14,62
10358,14,63
10359,14,62
10360,14,62
10361,14,61
10362,14,60
10363,14,60
10364,14,60
10365,14,59
10366,14,62
10367,14,61
10368,14,60
10369,14,59
10370,14,59
10371,14,59
10372,14,59
10373,14,59
10374,14,58
10375,14,58
10376,14,60
10377,14,60
10378,14,60
10379,14,59
10380,14,59
10381,14,58
10382,14,58
10383,14,58
10384,14,58
10385,14,58
10386,14,59
10387,14,59
10388,14,59
10389,14,59
10390,14,59
10391,14,58
10392,14,58
10393,14,57
10394,15,57
10395,14,57
10396,14,59
10397,14,58
10398,14,58
10399,14,58
10401,14,58
10402,14,57
10403,14,58
10404,14,58
10405,14,58
10406,14,57
10407,14,56
10408,14,56
10409,14,56
10410,14,56
10411,14,56
10412,14,56
10413,14,57
10414,14,56
10415,14,57
10416,14,57
10417,14,57
10418,14,57
10419,14,56
10420,14,55
10421,14,55
10422,14,55
10423,14,56
10424,14,55
10425,14,55
10426,14,54
10427,14,54
10428,14,54
10429,14,55
10430,14,55
10431,14,55
10432,14,55
10433,14,54
10434,14,52
10435,14,51
10436,14,50
10437,14,50
10438,14,49
10439,14,49
10440,14,49
10441,14,49
10442,14,49
10443,14,49
10444,14,49
10445,14,49
10446,14,49
10447,14,49
10448,14,50
10449,14,49
10450,14,49
10451,14,49
10452,13,49
10453,13,50
10454,13,49
10455,13,49
10456,13,49
10457,13,49
10458,13,49
10459,13,49
10460,13,49
10461,13,49
10462,13,48
10463,13,49
10464,13,49
10465,13,49
10466,13,50
10467,13,50
10468,13,50
10469,13,50
10470,13,49
10471,13,48
10472,13,48
10473,13,48
10474,13,49
10475,13,49
10476,13,49
10477,13,49
10478,13,49
10479,13,49
10480,13,49
10481,13,49
10482,13,49
10483,14,49
10484,14,49
10485,14,49
10486,14,49
10487,14,49
10488,14,50
10489,14,49
10490,14,49
10491,14,48
10492,14,47
10493,14,47
10494,14,47
10495,14,46
10496,14,46
10497,14,46
10498,14,47
10499,14,47
10501,14,47
10502,14,47
10503,14,47
10504,14,47
10505,14,47
10506,14,47
10507,14,47
10508,14,46
10509,14,46
10510,14,46
10511,14,46
10512,14,46
10513,14,46
10514,14,46
10515,14,45
10516,14,45
10517,14,45
10518,14,44
10519,14,44
10520,14,44
10521,14,44
10522,14,43
10523,14,42
10524,14,41
10525,14,41
10526,14,41
10527,14,38
10528,14,37
10529,14,37
10530,14,37
10531,14,37
10532,14,36
10533,14,36
10534,14,36
10535,14,36
10536,14,37
10537,14,37
10538,14,37
10539,14,36
10540,14,36
10541,14,36
10542,14,36
10543,14,36
10544,14,36
10545,14,36
10546,14,36
10547,14,36
10548,14,36
10549,14,36
10550,14,36
10551,14,36
10552,14,36
10553,14,35
10554,14,35
10555,14,34
10556,14,34
10557,14,34
10558,14,34
10559,14,34
10560,14,34
10561,14,34
10562,14,34
10563,14,33
10564,14,33
10565,14,33
10566,14,33
10567,14,33
10568,14,33
10569,14,33
10570,13,33
10571,13,33
10572,13,33
10573,13,33
10574,13,32
10575,13,32
10576,13,32
10577,13,33
10578,13,33
10579,13,32
10580,13,32
10581,13,32
10582,13,33
10583,13,33
10584,13,33
10585,13,32
10586,13,32
10587,13,32
10588,13,32
10589,13,32
10590,13,32
10591,13,32
10592,13,33
10593,13,32
10594,13,32
10595,13,32
10596,13,32
10597,13,33
10598,13,33
10599,13,33
10601,13,33
10602,13,34
10603,13,34
10604,13,34
10605,13,34
10606,13,34
10607,13,34
10608,13,34
10609,13,34
10610,13,34
10611,13,35
10612,13,36
10613,13,36
10614,13,35
10615,13,35
10616,13,35
10617,13,34
10618,13,34
10619,13,36
10620,13,36
10621,13,36
10622,13,38
10623,13,38
10624,13,38
10625,13,38
10626,13,38
10627,13,37
10628,13,37
10629,13,38
10630,13,37
10631,13,36
10632,13,37
10633,13,37
10634,13,38
10635,13,38
10636,13,36
10637,13,36
10638,13,37
10639,13,39
10640,13,39
10641,13,39
10642,13,41
10643,13,40
10644,13,40
10645,13,40
10646,13,40
10647,13,40
10648,13,41
10649,13,43
10650,13,43
10651,13,43
10652,13,44
10653,13,44
10654,13,44
10655,13,44
10656,13,44
10657,13,44
10658,13,46
10659,13,47
10660,13,47
10661,13,47
10662,13,46
10663,13,46
10664,13,46
10665,13,45
10666,13,45
10667,13,45
10668,13,47
10669,13,48
10670,13,48
10671,13,48
10672,13,47
10673,13,47
10674,13,48
10675,13,47
10676,13,48
10677,13,48
10678,13,49
10679,13,49
10680,13,49
10681,13,49
10682,13,49
10683,13,49
10684,13,49
10685,13,49
10686,13,49
10687,13,49
10688,13,50
10689,13,50
10690,13,50
10691,13,50
10692,13,50
10693,13,50
10694,13,50
10695,13,49
10696,13,50
10697,13,49
10698,13,49
10699,13,49
10701,13,50
10702,13,50
10703,13,50
10704,13,50
10705,13,50
10706,13,50
10707,13,50
10708,13,50
10709,13,50
10710,13,51
10711,13,51
10712,13,51
10713,13,51
10714,13,51
10715,13,51
10716,13,51
10717,13,52
10718,13,51
10719,13,51
10720,13,51
10721,13,51
10722,13,51
10723,13,51
10724,13,51
10725,13,51
10726,13,51
10727,13,52
10728,13,52
10729,13,53
10730,13,53
10731,13,53
10732,13,54
10733,13,55
10734,13,56
10735,13,56
10736,13,56
10737,13,56
10738,13,56
10739,13,55
10740,13,55
10741,13,55
10742,13,55
10743,13,55
10744,13,55
10745,13,55
10746,13,55
10747,13,55
10748,13,55
10749,13,56
10750,13,56
10751,13,56
10752,13,56
10753,13,55
10754,13,55
10755,13,55
10756,13,55
10757,13,55
10758,13,55
10759,12,56
10760,12,56
10761,12,58
10762,12,58
10763,12,58
10764,12,58
10765,12,57
10766,12,57
10767,12,57
10768,12,56
10769,12,57
10770,12,57
10771,12,59
10772,12,59
10773,12,59
10774,12,59
10775,12,59
10776,12,59
10777,12,60
10778,12,60
10779,12,60
10780,12,61
10781,12,61
10782,12,60
10783,12,60
10784,12,60
10785,12,60
10786,12,60
10787,12,61
10788,12,61
10789,12,61
10790,12,61
10791,12,62
10792,12,61
10793,12,61
10794,12,62
10795,12,62
10796,12,61
10797,12,62
10798,12,62
10799,12,63
10801,12,64
10802,12,64
10803,12,63
10804,12,63
10805,12,63
10806,12,62
10807,12,62
10808,12,62
10809,12,62
10810,12,63
10811,12,63
10812,12,63
10813,12,62
10814,12,63
10815,12,63
10816,12,62
10817,12,62
10818,12,62
10819,12,61
10820,12,62
10821,12,62
10822,12,62
10823,12,61
10824,12,62
10825,12,62
10826,12,61
10827,12,61
10828,12,61
10829,12,60
10830,12,62
10831,12,63
10832,12,64
10833,12,63
10834,12,64
10835,12,64
10836,12,64
10837,12,64
10838,12,64
10839,12,63
10840,12,64
10841,12,63
10842,12,62
10843,12,62
10844,12,61
10845,12,62
10846,12,61
10847,12,62
10848,12,61
10849,12,62
10850,12,62
10851,12,62
10852,12,62
10853,12,63
10854,12,63
10855,12,65
10856,12,65
10857,12,67
10858,12,67
10859,12,67
10860,12,68
10861,12,66
10862,12,66
10863,12,67
10864,12,66
10865,12,67
10866,12,66
10867,12,68
10868,12,68
10869,12,68
10870,12,68
10871,12,68
10872,12,68
10873,12,68
10874,12,67
10875,12,66
10876,12,66
10877,12,68
10878,12,68
10879,12,68
10880,12,68
10881,12,68
10882,12,67
10883,12,64
10884,12,65
10885,12,65
10886,12,65
10887,12,67
10888,12,67
10889,12,67
10890,12,67
10891,12,66
10892,12,66
10893,12,66
10894,12,66
10895,12,67
10896,12,67
10897,12,68
10898,12,68
10899,12,68
10901,12,68
10902,12,68
10903,12,68
10904,12,68
10905,12,68
10906,12,67
10907,12,67
10908,12,66
10909,12,66
10910,12,65
10911,12,65
10912,12,65
10913,12,65
10914,12,65
10915,12,66
10916,12,65
10917,12,66
10918,12,66
10919,11,66
10920,11,66
10921,11,66
10922,11,66
10923,11,67
10924,11,67
10925,11,65
10926,11,65
10927,11,64
10928,11,64
10929,11,64
10930,12,65
10931,12,64
10932,12,63
10933,12,64
10934,12,64
10935,12,64
10936,12,64
10937,12,63
10938,12,62
10939,12,62
10940,12,61
10941,12,61
10942,12,60
10943,12,61
10944,12,61
10945,12,61
10946,12,61
10947,12,61
10948,12,61
10949,12,60
10950,12,60
10951,12,60
10952,12,60
10953,12,61
10954,12,61
10955,12,60
10956,12,59
10957,12,59
10958,12,59
10959,12,59
10960,12,59
10961,12,59
10962,12,59
10963,12,59
10964,12,59
10965,12,59
10966,12,59
10967,12,59
10968,12,59
10969,12,59
10970,11,59
10971,11,59
10972,11,59
10973,11,61
10974,11,61
10975,11,60
10976,11,60
10977,11,59
10978,11,59
10979,11,59
10980,11,60
10981,11,59
10982,11,58
10983,11,57
10984,11,57
10985,11,57
10986,11,57
10987,11,57
10988,11,58
10989,11,58
10990,11,58
10991,11,58
10992,11,58
10993,11,57
10994,11,56
10995,11,55
10996,11,55
10997,11,55
10998,11,55
10999,11,55
11001,12,54
11002,12,54
11003,12,54
11004,12,54
11005,12,54
11006,12,53
11007,12,51
11008,12,51
11009,12,51
11010,12,51
11011,12,49
11012,12,49
11013,12,48
11014,12,51
11015,12,51
11016,12,52
11017,12,52
11018,12,52
11019,12,52
11020,12,52
11021,12,52
11022,12,52
11023,12,52
11024,12,52
11025,12,51
11026,12,51
11027,12,51
11028,12,51
11029,12,53
11030,12,52
11031,12,52
11032,12,51
11033,12,52
11034,12,52
11035,12,52
11036,12,53
11037,12,52
11038,12,52
11039,12,52
11040,12,51
11041,12,51
11042,12,50
11043,12,51
11044,12,52
11045,12,52
11046,12,54
11047,12,54
11048,12,54
11049,12,54
11050,13,54
11051,13,54
11052,13,53
11053,13,54
11054,13,54
11055,13,53
11056,13,54
11057,13,54
11058,13,54
11059,13,54
11060,13,54
11061,13,55
11062,13,56
11063,13,56
11064,13,56
11065,13,55
11066,13,56
11067,13,55
11068,13,55
11069,13,55
11070,13,55
11071,13,55
11072,13,55
11073,13,56
11074,13,56
11075,13,56
11076,13,57
11077,13,58
11078,13,58
11079,13,58
11080,13,58
11081,13,59
11082,13,59
11083,13,60
11084,13,61
11085,13,60
11086,13,60
11087,13,59
11088,13,58
11089,13,59
11090,13,59
11091,12,59
11092,12,59
11093,12,60
11094,12,58
11095,12,57
11096,12,57
11097,12,57
11098,12,56
11099,12,56
11101,12,58
11102,12,58
11103,12,60
11104,12,61
11105,12,61
11106,12,61
11107,12,60
11108,12,60
11109,12,59
11110,12,59
11111,12,59
11112,12,59
11113,12,61
11114,12,62
11115,13,62
11116,13,62
11117,13,62
11118,13,62
11119,13,61
11120,13,61
11121,13,61
11122,13,61
11123,13,62
11124,13,64
11125,13,63
11126,13,63
11127,13,62
11128,13,61
11129,13,60
11130,13,60
11131,13,60
11132,13,60
11133,13,61
11134,13,63
11135,13,62
11136,13,61
11137,13,61
11138,13,61
11139,13,61
11140,13,61
11141,13,61
11142,13,61
11143,13,60
11144,13,61
11145,13,61
11146,13,60
11147,13,60
11148,13,61
11149,13,60
11150,13,59
11151,13,58
11152,13,57
11153,13,58
11154,13,58
11155,13,59
11156,13,59
11157,13,59
11158,13,58
11159,13,58
11160,13,57
11161,13,56
11162,13,54
11163,13,55
11164,13,55
11165,14,54
11166,14,54
11167,14,53
11168,14,53
11169,14,53
11170,14,53
11171,14,54
11172,14,54
11173,14,54
11174,14,54
11175,14,53
11176,14,51
11177,14,50
11178,14,50
11179,14,50
11180,14,50
11181,14,51
11182,14,51
11183,14,50
11184,14,49
11185,14,49
11186,15,49
11187,15,49
11188,15,47
11189,14,47
11190,14,48
11191,14,48
11192,14,49
11193,14,49
11194,14,49
11195,14,49
11196,14,48
11197,14,47
11198,14,46
11199,14,47
11201,14,48
11202,14,49
11203,14,49
11204,14,49
11205,14,48
11206,14,48
11207,14,48
11208,14,46
11209,14,46
11210,14,46
11211,14,47
11212,14,48
11213,14,48
11214,14,48
11215,14,47
11216,14,47
11217,14,47
11218,14,47
11219,14,46
11220,14,46
11221,14,47
11222,14,47
11223,14,47
11224,14,47
11225,14,46
11226,14,46
11227,14,45
11228,14,45
11229,14,46
11230,14,46
11231,14,46
11232,14,46
11233,14,46
11234,14,46
11235,14,45
11236,14,45
11237,14,45
11238,14,45
11239,14,45
11240,14,45
11241,14,45
11242,14,45
11243,14,44
11244,14,44
11245,14,44
11246,14,44
11247,14,44
11248,14,44
11249,14,44
11250,14,44
11251,14,44
11252,14,45
11253,14,45
11254,14,45
11255,14,45
11256,14,44
11257,14,44
11258,14,45
11259,14,45
11260,14,45
11261,14,44
11262,14,44
11263,14,43
11264,14,43
11265,14,43
11266,14,44
11267,14,45
11268,14,44
11269,14,43
11270,14,43
11271,14,43
11272,14,43
11273,14,43
11274,14,43
11275,14,43
11276,14,44
11277,14,44
11278,14,44
11279,14,44
11280,14,44
11281,14,45
11282,14,45
11283,14,45
11284,14,45
11285,14,45
11286,14,45
11287,14,44
11288,14,44
11289,14,44
11290,14,44
11291,14,45
11292,14,45
11293,14,45
11294,13,45
11295,13,45
11296,13,46
11297,13,47
11298,13,47
11299,13,48
11301,13,50
11302,13,50
11303,13,50
11304,13,50
11305,13,50
11306,13,52
11307,13,52
11308,13,52
11309,13,52
11310,13,51
11311,13,53
11312,13,53
11313,13,53
11314,13,53
11315,13,53
11316,13,54
11317,13,54
11318,13,53
11319,13,53
11320,13,53
11321,13,53
11322,13,52
11323,13,52
11324,13,52
11325,13,52
11326,13,53
11327,13,53
11328,13,53
11329,13,53
11330,13,53
11331,13,52
11332,13,51
11333,13,51
11334,13,51
11335,13,50
11336,13,51
11337,13,51
11338,13,51
11339,13,51
11340,13,50
11341,13,50
11342,13,49
11343,13,49
11344,13,48
11345,13,49
11346,13,50
11347,13,50
11348,13,50
11349,13,50
11350,13,50
11351,13,50
11352,13,50
11353,13,50
11354,13,50
11355,13,50
11356,13,50
11357,13,51
11358,13,51
11359,13,51
11360,13,51
11361,13,51
11362,13,51
11363,13,51
11364,13,51
11365,13,51
11366,13,52
11367,13,53
11368,13,53
11369,13,53
11370,13,52
11371,13,51
11372,13,51
11373,13,51
11374,13,52
11375,13,52
11376,13,52
11377,13,51
11378,13,51
11379,13,51
11380,13,50
11381,12,50
11382,12,49
11383,12,50
11384,12,51
11385,12,52
11386,12,52
11387,12,53
11388,12,53
11389,12,52
11390,12,52
11391,12,52
11392,12,52
11393,12,54
11394,12,54
11395,12,55
11396,12,54
11397,12,54
11398,12,54
11399,12,54
11401,12,54
11402,12,53
11403,12,54
11404,12,54
11405,12,54
11406,12,54
11407,12,53
11408,12,53
11409,12,52
11410,12,52
11411,12,52
11412,12,52
11413,12,53
11414,12,53
11415,12,53
11416,12,53
11417,12,53
11418,12,53
11419,12,54
11420,12,53
11421,12,53
11422,12,53
11423,12,52
11424,12,52
11425,12,52
11426,12,52
11427,12,52
11428,11,52
11429,11,53
11430,11,52
11431,11,51
11432,11,51
11433,11,52
11434,11,52
11435,11,51
11436,11,51
11437,11,51
11438,11,51
11439,11,51
11440,11,50
11441,11,51
11442,11,51
11443,11,52
11444,11,52
11445,11,52
11446,11,52
11447,11,52
11448,11,52
11449,12,52
11450,12,51
11451,12,52
11452,12,52
11453,12,52
11454,12,52
11455,12,52
11456,12,52
11457,12,52
11458,12,52
11459,12,53
11460,12,53
11461,12,53
11462,12,53
11463,12,53
11464,12,53
11465,12,53
11466,12,53
11467,12,53
11468,12,53
11469,12,53
11470,12,52
11471,12,52
11472,12,52
11473,12,52
11474,12,52
11475,12,52
11476,12,52
11477,12,52
11478,12,52
11479,12,52
11480,12,52
11481,12,53
11482,12,53
11483,12,53
11484,12,52
11485,12,52
11486,12,52
11487,12,52
11488,12,52
11489,12,50
11490,12,51
11491,12,52
11492,12,51
11493,12,50
11494,12,50
11495,12,50
11496,12,51
11497,12,50
11498,12,50
11499,12,50
11501,12,51
11502,12,51
11503,12,51
11504,12,51
11505,12,51
11506,12,52
11507,12,51
11508,12,53
11509,12,53
11510,12,55
11511,12,55
11512,12,55
11513,12,54
11514,12,54
11515,12,54
11516,12,56
11517,12,55
11518,12,57
11519,12,58
11520,12,59
11521,12,58
11522,12,58
11523,12,58
11524,12,57
11525,12,57
11526,12,57
11527,12,56
11528,12,57
11529,12,55
11530,12,54
11531,12,54
11532,12,54
11533,12,54
11534,12,54
11535,12,54
11536,12,53
11537,12,53
11538,12,52
11539,12,52
11540,12,51
11541,12,50
11542,12,48
11543,12,48
11544,12,49
11545,12,49
11546,12,48
11547,12,48
11548,12,48
11549,12,48
11550,12,49
11551,12,50
11552,12,50
11553,12,50
11554,12,50
11555,13,49
11556,13,48
11557,13,48
11558,13,47
11559,13,47
11560,13,47
11561,13,48
11562,13,48
11563,13,48
11564,13,48
11565,13,48
11566,13,48
11567,13,50
11568,13,50
11569,13,50
11570,13,50
11571,13,50
11572,13,50
11573,13,50
11574,13,50
11575,13,49
11576,13,49
11577,13,49
11578,13,50
11579,13,50
11580,13,50
11581,13,49
11582,13,49
11583,13,49
11584,13,49
11585,13,48
11586,13,49
11587,13,49
11588,13,48
11589,13,48
11590,13,48
11591,13,48
11592,13,48
11593,13,48
11594,13,47
11595,13,45
11596,13,45
11597,13,46
11598,13,46
11599,13,46
11601,13,46
11602,13,45
11603,13,46
11604,13,46
11605,13,46
11606,13,45
11607,13,45
11608,14,45
11609,14,46
11610,14,46
11611,14,46
11612,14,46
11613,14,47
11614,14,48
11615,14,48
11616,13,48
11617,13,49
11618,13,50
11619,13,51
11620,13,51
11621,13,51
11622,13,51
11623,13,51
11624,13,52
11625,13,51
11626,13,51
11627,13,52
11628,13,50
11629,13,50
11630,13,50
11631,13,50
11632,13,50
11633,13,50
11634,13,52
11635,13,52
11636,13,52
11637,13,53
11638,13,53
11639,13,54
11640,13,54
11641,13,53
11642,13,52
11643,13,52
11644,13,52
11645,13,53
11646,13,52
11647,13,53
11648,13,53
11649,13,54
11650,13,54
11651,13,54
11652,13,54
11653,13,54
11654,13,56
11655,13,55
11656,13,55
11657,13,56
11658,13,55
11659,13,55
11660,13,55
11661,13,55
11662,13,55
11663,13,55
11664,13,57
11665,12,57
11666,12,56
11667,12,56
11668,12,54
11669,12,53
11670,12,53
11671,12,52
11672,12,51
11673,12,51
11674,12,51
11675,12,49
11676,12,49
11677,12,48
11678,12,48
11679,12,49
11680,12,49
11681,12,49
11682,12,49
11683,12,49
11684,12,50
11685,12,50
11686,12,50
11687,12,49
11688,12,49
11689,12,50
11690,12,50
11691,12,50
11692,12,50
11693,12,50
11694,12,49
11695,12,49
11696,12,50
11697,12,50
11698,12,50
11699,12,50
11701,12,51
11702,12,51
11703,12,51
11704,12,51
11705,12,51
11706,12,52
11707,12,52
11708,12,52
11709,12,51
11710,12,52
11711,12,52
11712,12,51
11713,12,51
11714,12,51
11715,12,51
11716,12,51
11717,12,51
11718,12,51
11719,12,51
11720,11,52
11721,11,52
11722,11,53
11723,11,53
11724,11,53
11725,11,53
11726,11,53
11727,11,53
11728,11,53
11729,11,53
11730,11,54
11731,11,53
11732,11,53
11733,11,54
11734,11,56
11735,11,56
11736,11,56
11737,11,56
11738,11,56
11739,11,56
11740,11,57
11741,11,57
11742,11,57
11743,11,58
11744,11,60
11745,11,56
11746,11,56
11747,11,57
11748,11,56
11749,11,54
11750,11,53
11751,11,54
11752,11,53
11753,11,52
11754,11,53
11755,11,53
11756,11,53
11757,11,54
11758,11,54
11759,11,54
11760,11,54
11761,11,54
11762,11,54
11763,11,54
11764,11,55
11765,11,55
11766,11,55
11767,11,54
11768,11,54
11769,11,54
11770,11,53
11771,11,52
11772,11,52
11773,11,52
11774,11,53
11775,10,53
11776,10,54
11777,10,54
11778,10,54
11779,10,54
11780,10,54
11781,10,53
11782,10,53
11783,10,53
11784,10,52
11785,10,52
11786,10,53
11787,10,53
11788,10,53
11789,10,52
11790,10,52
11791,10,52
11792,10,53
11793,11,53
11794,11,53
11795,11,53
11796,11,53
11797,11,53
11798,11,53
11799,11,53
11801,11,52
11802,11,54
11803,11,54
11804,11,53
11805,11,53
11806,11,54
11807,11,53
11808,11,53
11809,11,54
11810,11,54
11811,11,54
11812,11,55
11813,11,55
11814,11,55
11815,11,55
11816,11,55
11817,11,55
11818,11,55
11819,11,56
11820,11,56
11821,11,56
11822,11,57
11823,11,57
11824,11,57
11825,11,57
11826,11,58
11827,11,58
11828,11,58
11829,11,59
11830,11,59
11831,11,59
11832,11,59
11833,11,59
11834,11,56
11835,11,56
11836,11,57
11837,11,57
11838,11,57
11839,11,56
11840,11,56
11841,11,56
11842,11,55
11843,11,55
11844,11,55
11845,11,55
11846,11,55
11847,11,55
11848,11,55
11849,11,55
11850,11,56
11851,11,56
11852,11,56
11853,11,56
11854,11,56
11855,11,58
11856,11,58
11857,11,56
11858,11,56
11859,11,56
11860,11,57
11861,11,58
11862,11,58
11863,11,58
11864,11,58
11865,11,59
11866,11,59
11867,11,59
11868,11,60
11869,11,59
11870,11,61
11871,11,61
11872,11,61
11873,11,61
11874,11,61
11875,11,61
11876,11,62
11877,11,61
11878,11,61
11879,11,62
11880,11,62
11881,11,61
11882,11,63
11883,11,64
11884,11,64
11885,11,64
11886,11,64
11887,11,64
11888,11,65
11889,11,66
11890,11,66
11891,11,66
11892,11,68
11893,11,68
11894,11,67
11895,11,67
11896,11,68
11897,11,67
11898,11,68
11899,11,69
11901,11,69
11902,11,71
11903,11,70
11904,11,69
11905,11,69
11906,11,70
11907,11,70
11908,11,70
11909,11,70
11910,11,71
11911,11,71
11912,11,73
11913,11,73
11914,11,72
11915,11,72
11916,11,72
11917,11,72
11918,11,71
11919,11,71
11920,11,73
11921,11,72
11922,11,72
11923,11,71
11924,11,71
11925,11,72
11926,11,72
11927,11,71
11928,11,70
11929,11,70
11930,11,69
11931,11,69
11932,11,69
11933,11,69
11934,11,69
11935,11,69
11936,11,69
11937,11,69
11938,11,69
11939,11,69
11940,10,68
11941,10,68
11942,10,68
11943,10,69
11944,10,69
11945,10,68
11946,10,68
11947,10,69
11948,10,69
11949,10,70
11950,10,70
11951,10,70
11952,10,69
11953,10,69
11954,10,70
11955,10,70
11956,10,69
11957,10,69
11958,10,69
11959,10,70
11960,10,68
11961,10,67
11962,10,67
11963,10,67
11964,10,68
11965,10,67
11966,10,67
11967,10,67
11968,10,67
11969,10,67
11970,10,66
11971,11,64
11972,11,63
11973,11,63
11974,11,64
11975,11,64
11976,11,64
11977,11,64
11978,11,64
11979,11,63
11980,11,63
11981,11,62
11982,11,62
11983,11,62
11984,11,61
11985,11,61
11986,11,61
11987,11,61
11988,11,60
11989,11,60
11990,11,60
11991,11,60
11992,11,60
11993,11,61
11994,11,60
11995,11,60
11996,11,61
11997,11,61
11998,11,61
11999,11,61
12001,11,61
12002,11,61
12003,11,61
12004,11,61
12005,11,60
12006,11,59
12007,11,60
12008,11,60
12009,11,60
12010,11,60
12011,11,60
12012,11,61
12013,11,61
12014,11,62
12015,11,62
12016,11,61
12017,11,61
12018,11,61
12019,11,62
12020,11,60
12021,12,60
12022,12,61
12023,12,61
12024,12,62
12025,12,62
12026,12,62
12027,12,62
12028,12,62
12029,12,63
12030,12,63
12031,12,65
12032,12,63
12033,12,63
12034,12,64
12035,12,64
12036,12,65
12037,12,64
12038,12,64
12039,12,65
12040,12,64
12041,12,65
12042,12,65
12043,12,66
12044,12,65
12045,12,65
12046,12,65
12047,12,66
12048,12,66
12049,12,68
12050,12,68
12051,12,69
12052,12,68
12053,12,68
12054,12,67
12055,12,67
12056,12,67
12057,12,67
12058,12,66
12059,12,66
12060,12,66
12061,12,68
12062,12,68
12063,12,68
12064,12,68
12065,12,68
12066,12,69
12067,12,69
12068,12,69
12069,12,69
12070,12,69
12071,12,70
12072,12,70
12073,12,71
12074,12,70
12075,12,69
12076,12,69
12077,12,69
12078,12,69
12079,12,69
12080,12,69
12081,12,70
12082,12,69
12083,12,70
12084,12,69
12085,12,69
12086,12,68
12087,12,68
12088,12,69
12089,12,69
12090,12,68
12091,12,69
12092,12,68
12093,12,68
12094,12,68
12095,12,68
12096,12,68
12097,12,69
12098,12,69
12099,12,70
12101,12,72
12102,12,71
12103,12,70
12104,12,69
12105,12,68
12106,12,67
12107,12,67
12108,12,67
12109,12,68
12110,12,68
12111,12,69
12112,12,69
12113,12,69
12114,12,69
12115,12,69
12116,12,69
12117,12,69
12118,12,69
12119,12,69
12120,12,69
12121,12,69
12122,12,68
12123,12,67
12124,12,67
12125,12,66
12126,12,66
12127,12,66
12128,12,67
12129,12,67
12130,12,67
12131,12,69
12132,12,69
12133,12,69
12134,12,69
12135,12,69
12136,12,69
12137,12,70
12138,12,71
12139,12,69
12140,12,69
12141,12,71
12142,12,71
12143,12,71
12144,12,70
12145,12,70
12146,12,69
12147,12,69
12148,12,70
12149,12,70
12150,12,70
12151,12,72
12152,12,72
12153,12,72
12154,12,71
12155,12,71
12156,12,69
12157,12,68
12158,12,68
12159,12,68
12160,12,68
12161,12,70
12162,12,69
12163,12,69
12164,12,69
12165,12,68
12166,12,68
12167,12,69
12168,12,68
12169,12,69
12170,12,70
12171,12,71
12172,12,70
12173,12,70
12174,12,69
12175,12,68
12176,12,67
12177,11,68
12178,11,67
12179,11,68
12180,11,68
12181,11,67
12182,11,67
12183,11,67
12184,11,67
12185,11,67
12186,11,67
12187,11,67
12188,11,67
12189,11,67
12190,11,67
12191,11,67
12192,11,67
12193,11,67
12194,11,66
12195,11,65
12196,11,65
12197,11,65
12198,11,65
12199,11,65
12201,11,66
12202,11,64
12203,11,63
12204,11,63
12205,11,63
12206,11,62
12207,11,63
12208,11,63
12209,11,63
12210,11,64
12211,11,64
12212,11,63
12213,11,63
12214,11,63
12215,11,63
12216,11,63
12217,11,63
12218,11,63
12219,11,63
12220,11,62
12221,11,61
12222,11,61
12223,11,61
12224,11,61
12225,11,61
12226,11,61
12227,11,61
12228,11,60
12229,11,59
12230,11,59
12231,11,61
12232,11,60
12233,11,60
12234,11,60
12235,11,58
12236,11,57
12237,11,57
12238,11,56
12239,11,56
12240,11,56
12241,11,56
12242,11,56
12243,11,56
12244,11,55
12245,11,55
12246,11,54
12247,11,54
12248,11,54
12249,11,53
12250,11,53
12251,11,52
12252,11,52
12253,11,52
12254,11,52
12255,11,51
12256,11,52
12257,11,53
12258,11,53
12259,11,50
12260,11,51
12261,11,51
12262,11,51
12263,12,51
12264,12,51
12265,12,52
12266,12,53
12267,12,53
12268,12,53
12269,12,49
12270,12,50
12271,12,50
12272,12,49
12273,12,49
12274,12,48
12275,12,48
12276,12,49
12277,12,49
12278,12,50
12279,12,49
12280,12,48
12281,12,48
12282,12,48
12283,12,48
12284,12,48
12285,12,48
12286,12,48
12287,12,49
12288,12,49
12289,12,49
12290,12,49
12291,12,49
12292,12,49
12293,12,49
12294,12,49
12295,12,49
12296,12,50
12297,12,50
12298,12,50
12299,12,50
12301,12,49
12302,11,49
12303,11,49
12304,11,50
12305,11,50
12306,11,48
12307,11,47
12308,11,47
12309,11,47
12310,11,47
12311,11,47
12312,11,47
12313,12,47
12314,12,48
12315,12,48
12316,12,48
12317,12,47
12318,12,47
12319,12,47
12320,12,47
12321,12,47
12322,12,47
12323,12,47
12324,12,45
12325,12,45
12326,12,45
12327,12,45
12328,12,44
12329,12,44
12330,12,44
12331,12,44
12332,12,44
12333,12,43
12334,12,43
12335,12,42
12336,12,41
12337,12,41
12338,11,40
12339,11,40
12340,11,39
12341,11,39
12342,11,39
12343,11,39
12344,11,40
12345,11,40
12346,11,40
12347,11,40
12348,11,41
12349,11,41
12350,11,40
12351,11,40
12352,11,40
12353,11,40
12354,11,39
12355,11,39
12356,11,39
12357,11,38
12358,11,39
12359,11,39
12360,11,39
12361,11,40
12362,11,40
12363,11,38
12364,11,38
12365,11,38
12366,11,38
12367,11,38
12368,11,39
12369,11,37
12370,11,37
12371,11,38
12372,11,38
12373,11,38
12374,11,38
12375,11,38
12376,11,38
12377,11,38
12378,11,38
12379,11,38
12380,11,38
12381,11,39
12382,11,39
12383,12,39
12384,12,39
12385,12,38
12386,12,38
12387,12,37
12388,12,37
12389,12,38
12390,12,37
12391,12,38
12392,12,37
12393,12,37
12394,12,37
12395,12,37
12396,12,36
12397,12,36
12398,12,36
12399,12,36
12401,12,36
12402,12,37
12403,12,36
12404,12,36
12405,12,36
12406,12,36
12407,12,37
12408,12,37
12409,12,37
12410,12,37
12411,12,37
12412,12,37
12413,12,37
12414,12,37
12415,12,38
12416,12,38
12417,12,39
12418,12,39
12419,12,39
12420,12,39
12421,12,39
12422,12,37
12423,12,38
12424,12,37
12425,12,38
12426,12,38
12427,12,39
12428,12,39
12429,12,39
12430,12,38
12431,12,38
12432,12,37
12433,12,38
12434,12,38
12435,12,38
12436,12,38
12437,12,39
12438,12,37
12439,12,37
12440,12,37
12441,12,37
12442,12,37
12443,12,38
12444,12,38
12445,12,38
12446,12,38
12447,12,39
12448,12,39
12449,12,39
12450,12,39
12451,12,39
12452,12,39
12453,12,39
12454,12,39
12455,12,39
12456,12,40
12457,12,39
12458,12,40
12459,12,40
12460,12,40
12461,12,40
12462,12,40
12463,12,40
12464,12,40
12465,12,40
12466,12,41
12467,12,41
12468,12,41
12469,12,41
12470,12,41
12471,12,41
12472,12,41
12473,12,41
12474,12,41
12475,12,41
12476,12,42
12477,12,42
12478,12,41
12479,12,41
12480,12,41
12481,12,41
12482,12,41
12483,12,42
12484,12,41
12485,12,41
12486,12,42
12487,12,42
12488,12,42
12489,12,42
12490,12,42
12491,12,42
12492,12,42
12493,12,42
12494,12,42
12495,12,42
12496,12,42
12497,12,42
12498,12,42
12499,12,42
12501,12,41
12502,12,42
12503,12,42
12504,12,43
12505,12,43
12506,12,43
12507,12,43
12508,12,43
12509,12,43
12510,12,43
12511,12,43
12512,12,44
12513,12,44
12514,12,45
12515,12,45
12516,12,45
12517,12,45
12518,12,45
12519,12,45
12520,12,44
12521,12,44
12522,12,44
12523,11,44
12524,11,45
12525,11,45
12526,11,45
12527,11,45
12528,11,45
12529,11,45
12530,11,44
12531,11,44
12532,11,44
12533,11,44
12534,11,45
12535,11,45
12536,11,45
12537,11,45
12538,11,45
12539,11,45
12540,11,45
12541,11,45
12542,11,45
12543,11,45
12544,11,46
12545,11,45
12546,11,45
12547,11,45
12548,11,45
12549,11,45
12550,11,45
12551,11,44
12552,11,44
12553,11,44
12554,11,44
12555,11,44
12556,11,44
12557,11,44
12558,10,45
12559,10,45
12560,10,44
12561,10,44
12562,10,45
12563,10,45
12564,11,44
12565,11,42
12566,11,42
12567,11,41
12568,11,43
12569,11,43
12570,11,41
12571,11,39
12572,11,39
12573,11,39
12574,11,39
12575,11,39
12576,11,40
12577,11,40
12578,11,41
12579,11,42
12580,11,42
12581,11,41
12582,11,41
12583,11,41
12584,11,41
12585,11,42
12586,11,43
12587,11,43
12588,11,43
12589,11,43
12590,11,42
12591,11,41
12592,11,41
12593,11,41
12594,11,40
12595,11,41
12596,11,42
12597,11,41
12598,11,41
12599,11,41
12601,11,41
12602,11,42
12603,11,42
12604,11,42
12605,11,42
12606,11,44
12607,11,44
12608,11,44
12609,11,43
12610,11,43
12611,11,43
12612,11,45
12613,11,44
12614,11,44
12615,11,42
12616,11,44
12617,11,45
12618,11,44
12619,11,44
12620,11,44
12621,11,44
12622,11,45
12623,11,46
12624,11,46
12625,11,46
12626,11,47
12627,11,48
12628,11,48
12629,11,48
12630,11,48
12631,11,48
12632,11,48
12633,11,49
12634,11,50
12635,11,50
12636,11,50
12637,11,51
12638,11,50
12639,11,50
12640,11,51
12641,11,51
12642,11,51
12643,11,52
12644,11,53
12645,11,53
12646,11,53
12647,11,54
12648,11,54
12649,11,54
12650,11,54
12651,11,53
12652,11,53
12653,11,54
12654,11,55
12655,11,55
12656,11,55
12657,11,56
12658,11,55
12659,11,55
12660,11,55
12661,11,56
12662,11,57
12663,11,57
12664,11,56
12665,11,56
12666,11,55
12667,11,56
12668,11,56
12669,11,56
12670,11,56
12671,11,57
12672,11,57
12673,11,58
12674,11,58
12675,11,59
12676,11,59
12677,11,61
12678,11,61
12679,11,61
12680,11,60
12681,11,61
12682,11,61
12683,11,61
12684,11,62
12685,11,60
12686,11,60
12687,11,61
12688,11,61
12689,11,61
12690,11,61
12691,11,62
12692,11,62
12693,11,63
12694,11,63
12695,11,63
12696,11,63
12697,11,63
12698,11,64
12699,11,64
12701,11,63
12702,11,63
12703,11,64
12704,11,64
12705,11,64
12706,11,64
12707,11,64
12708,11,65
12709,11,65
12710,11,65
12711,11,65
12712,11,65
12713,11,64
12714,11,62
12715,11,62
12716,11,62
12717,11,62
12718,11,63
12719,11,64
12720,11,64
12721,11,64
12722,11,64
12723,11,63
12724,11,63
12725,11,64
12726,11,64
12727,11,64
12728,11,64
12729,11,66
12730,11,64
12731,11,65
12732,11,65
12733,11,65
12734,11,65
12735,11,64
12736,11,63
12737,11,63
12738,11,62
12739,11,65
12740,11,65
12741,11,66
12742,11,65
12743,11,64
12744,11,64
12745,11,64
12746,11,64
12747,11,64
12748,11,64
12749,11,65
12750,11,65
12751,11,65
12752,11,63
12753,12,63
12754,12,64
12755,12,63
12756,12,64
12757,12,64
12758,12,64
12759,12,65
12760,12,65
12761,12,64
12762,12,64
12763,12,64
12764,12,63
12765,12,63
12766,12,63
12767,12,63
12768,12,62
12769,12,63
12770,12,63
12771,12,64
12772,12,63
12773,12,63
12774,12,62
12775,12,62
12776,12,62
12777,12,62
12778,12,62
12779,11,62
12780,11,62
12781,11,63
12782,11,63
12783,11,63
12784,11,63
12785,11,62
12786,11,61
12787,11,60
12788,11,60
12789,11,60
12790,11,60
12791,11,62
12792,11,62
12793,11,62
12794,11,62
12795,11,62
12796,11,62
12797,11,63
12798,11,63
12799,11,63
12801,11,66
12802,11,65
12803,12,65
12804,12,65
12805,12,64
12806,12,62
12807,12,63
12808,12,63
12809,12,63
12810,12,62
12811,12,63
12812,12,63
12813,12,63
12814,12,63
12815,12,63
12816,12,63
12817,12,63
12818,12,63
12819,12,64
12820,12,65
12821,12,64
12822,12,64
12823,12,64
12824,12,64
12825,12,64
12826,12,64
12827,12,65
12828,12,65
12829,12,65
12830,12,65
12831,12,64
12832,12,64
12833,12,63
12834,12,63
12835,12,64
12836,12,64
12837,12,65
12838,12,65
12839,12,66
12840,12,65
12841,12,65
12842,12,65
12843,12,65
12844,12,65
12845,12,65
12846,12,64
12847,12,63
12848,12,64
12849,12,64
12850,12,64
12851,12,64
12852,12,64
12853,13,64
12854,13,64
12855,13,64
12856,13,64
12857,13,64
12858,13,63
12859,13,63
12860,13,64
12861,13,64
12862,13,64
12863,13,64
12864,13,64
12865,13,63
12866,13,65
12867,13,65
12868,13,64
12869,13,64
12870,13,64
12871,13,64
12872,13,63
12873,13,63
12874,13,61
12875,13,61
12876,13,62
12877,13,62
12878,13,61
12879,13,62
12880,13,62
12881,13,62
12882,13,61
12883,13,61
12884,13,61
12885,13,61
12886,13,61
12887,13,61
12888,13,61
12889,13,61
12890,13,61
12891,13,61
12892,13,60
12893,13,60
12894,13,60
12895,13,60
12896,13,62
12897,13,63
12898,13,63
12899,13,63
12901,12,64
12902,12,64
12903,12,64
12904,12,64
12905,12,64
12906,12,66
12907,12,66
12908,12,67
12909,12,67
12910,12,68
12911,12,69
12912,12,69
12913,12,69
12914,12,71
12915,12,71
12916,12,72
12917,12,72
12918,12,73
12919,12,72
12920,12,73
12921,12,74
12922,12,74
12923,12,74
12924,12,75
12925,12,76
12926,12,77
12927,12,77
12928,12,78
12929,12,77
12930,12,76
12931,12,76
12932,12,77
12933,12,76
12934,12,78
12935,12,79
12936,12,79
12937,12,79
12938,12,78
12939,12,78
12940,12,78
12941,12,78
12942,12,78
12943,12,79
12944,12,79
12945,12,78
12946,12,74
12947,12,73
12948,12,73
12949,12,73
12950,12,72
12951,12,72
12952,12,73
12953,12,73
12954,12,74
12955,12,76
12956,12,74
12957,12,74
12958,12,75
12959,12,74
12960,12,74
12961,12,74
12962,12,74
12963,12,73
12964,12,74
12965,12,75
12966,12,75
12967,12,75
12968,12,75
12969,12,74
12970,12,74
12971,12,75
12972,12,74
12973,12,74
12974,12,75
12975,12,76
12976,12,75
12977,12,72
12978,12,73
12979,12,73
12980,12,72
12981,12,71
12982,12,71
12983,12,71
12984,12,71
12985,12,72
12986,12,72
12987,12,71
12988,12,72
12989,13,72
12990,13,71
12991,13,71
12992,13,71
12993,13,72
12994,13,72
12995,13,74
12996,13,74
12997,13,74
12998,13,75
12999,13,75
13001,13,74
13002,13,73
13003,13,73
13004,13,72
13005,13,73
13006,13,73
13007,13,72
13008,13,72
13009,13,71
13010,13,71
13011,13,71
13012,13,70
13013,13,69
13014,13,69
13015,13,69
13016,13,69
13017,13,69
13018,13,70
13019,13,70
13020,13,70
13021,13,70
13022,13,70
13023,13,70
13024,13,70
13025,13,70
13026,13,70
13027,13,69
13028,13,69
13029,13,68
13030,13,68
13031,13,68
13032,13,67
13033,13,66
13034,13,65
13035,13,65
13036,13,64
13037,13,64
13038,13,61
13039,13,62
13040,13,62
13041,13,62
13042,12,62
13043,12,61
13044,12,61
13045,12,59
13046,12,61
13047,12,61
13048,12,61
13049,12,63
13050,12,63
13051,12,63
13052,12,62
13053,12,62
13054,12,60
13055,12,59
13056,12,59
13057,12,59
13058,12,58
13059,12,59
13060,12,58
13061,12,58
13062,12,58
13063,12,58
13064,12,58
13065,12,58
13066,12,57
13067,12,55
13068,12,55
13069,12,55
13070,12,55
13071,12,55
13072,12,55
13073,12,55
13074,11,54
13075,11,56
13076,11,56
13077,11,56
13078,11,56
13079,11,56
13080,11,55
13081,11,53
13082,11,52
13083,11,52
13084,11,53
13085,11,54
13086,11,54
13087,11,55
13088,11,55
13089,11,54
13090,11,54
13091,11,55
13092,11,56
13093,11,56
13094,11,57
13095,11,57
13096,11,57
13097,11,57
13098,11,57
13099,11,57
13101,11,59
13102,11,60
13103,11,60
13104,11,61
13105,11,60
13106,11,60
13107,11,60
13108,11,60
13109,11,60
13110,11,60
13111,11,60
13112,11,61
13113,11,60
13114,11,61
13115,11,61
13116,11,61
13117,11,62
13118,11,62
13119,11,62
13120,11,62
13121,11,62
13122,11,64
13123,11,64
13124,11,63
13125,11,62
13126,11,63
13127,11,63
13128,11,62
13129,11,62
13130,11,62
13131,11,63
13132,11,63
13133,11,63
13134,11,62
13135,11,62
13136,11,62
13137,11,62
13138,11,62
13139,11,61
13140,11,61
13141,11,61
13142,11,62
13143,11,62
13144,11,62
13145,11,61
13146,11,59
13147,11,59
13148,11,59
13149,11,59
13150,11,59
13151,11,60
13152,11,60
13153,11,59
13154,11,59
13155,11,58
13156,11,58
13157,11,58
13158,11,58
13159,11,58
13160,11,58
13161,11,58
13162,11,56
13163,11,55
13164,11,55
13165,11,55
13166,11,55
13167,11,55
13168,11,57
13169,11,57
13170,11,56
13171,11,56
13172,11,56
13173,11,55
13174,11,55
13175,11,55
13176,11,55
13177,11,54
13178,11,54
13179,11,54
13180,11,54
13181,11,54
13182,11,54
13183,11,53
13184,11,52
13185,11,52
13186,11,52
13187,11,51
13188,11,50
13189,11,50
13190,11,50
13191,11,49
13192,11,49
13193,11,49
13194,11,49
13195,11,50
13196,11,50
13197,11,50
13198,11,51
13199,11,50
13201,11,52
13202,11,51
13203,11,51
13204,11,51
13205,11,51
13206,11,51
13207,11,49
13208,11,50
13209,11,50
13210,11,51
13211,11,51
13212,11,51
13213,11,51
13214,11,52
13215,11,52
13216,11,51
13217,11,51
13218,11,51
13219,11,52
13220,11,52
13221,11,52
13222,11,52
13223,11,52
13224,11,52
13225,11,52
13226,11,53
13227,11,52
13228,11,52
13229,11,52
13230,11,51
13231,11,51
13232,11,50
13233,11,50
13234,11,50
13235,11,50
13236,11,50
13237,11,50
13238,11,50
13239,11,50
13240,11,49
13241,11,49
13242,11,49
13243,11,51
13244,11,51
13245,11,51
13246,11,51
13247,11,50
13248,11,51
13249,10,51
13250,10,51
13251,10,52
13252,10,52
13253,10,54
13254,10,54
13255,10,53
13256,10,53
13257,10,52
13258,10,51
13259,10,51
13260,10,51
13261,10,52
13262,10,52
13263,10,53
13264,10,53
13265,10,53
13266,10,52
13267,10,52
13268,10,52
13269,10,52
13270,10,52
13271,10,54
13272,10,54
13273,10,54
13274,10,54
13275,10,53
13276,10,53
13277,10,49
13278,10,49
13279,10,48
13280,10,48
13281,10,49
13282,10,49
13283,10,49
13284,10,49
13285,10,49
13286,9,49
13287,9,49
13288,9,49
13289,9,49
13290,9,49
13291,9,50
13292,9,50
13293,9,50
13294,9,50
13295,9,50
13296,9,51
13297,9,51
13298,9,51
13299,9,51
13301,9,52
13302,9,52
13303,9,52
13304,9,52
13305,9,52
13306,9,53
13307,9,53
13308,9,53
13309,9,52
13310,9,52
13311,9,52
13312,9,52
13313,9,51
13314,9,51
13315,9,53
13316,9,54
13317,9,52
13318,9,52
13319,9,52
13320,9,52
13321,9,51
13322,9,51
13323,9,51
13324,9,51
13325,9,52
13326,9,53
13327,9,53
13328,9,53
13329,9,51
13330,9,50
13331,9,50
13332,9,50
13333,9,50
13334,9,50
13335,9,51
13336,9,52
13337,9,51
13338,9,51
13339,9,51
13340,9,51
13341,9,51
13342,9,50
13343,9,51
13344,9,51
13345,9,53
13346,9,54
13347,9,53
13348,9,53
13349,9,53
13350,9,53
13351,9,53
13352,9,53
13353,9,54
13354,9,54
13355,9,55
13356,9,56
13357,9,56
13358,9,56
13359,9,56
13360,9,56
13361,9,56
13362,9,56
13363,9,57
13364,9,56
13365,9,56
13366,9,57
13367,9,57
13368,9,57
13369,9,57
13370,9,57
13371,9,57
13372,9,58
13373,9,59
13374,9,59
13375,9,59
13376,9,59
13377,9,60
13378,9,60
13379,9,60
13380,9,61
13381,9,60
13382,9,60
13383,9,61
13384,9,60
13385,9,60
13386,9,60
13387,9,61
13388,9,61
13389,9,61
13390,9,61
13391,9,61
13392,9,60
13393,9,60
13394,9,60
13395,9,60
13396,9,59
13397,9,59
13398,9,59
13399,9,59
13401,9,58
13402,9,58
13403,9,58
13404,9,58
13405,9,58
13406,9,60
13407,9,61
13408,9,61
13409,9,61
13410,9,62
13411,9,61
13412,9,61
13413,9,60
13414,9,59
13415,9,58
13416,9,59
13417,9,59
13418,9,59
13419,9,59
13420,9,59
13421,9,60
13422,9,60
13423,9,60
13424,8,60
13425,8,59
13426,8,60
13427,8,59
13428,8,59
13429,8,59
13430,8,59
13431,8,58
13432,8,58
13433,8,58
13434,8,58
13435,8,59
13436,8,60
13437,8,60
13438,8,60
13439,8,59
13440,8,59
13441,8,57
13442,8,57
13443,8,58
13444,8,58
13445,8,57
13446,8,58
13447,8,59
13448,8,60
13449,8,60
13450,8,59
13451,8,59
13452,8,58
13453,8,58
13454,8,58
13455,8,58
13456,8,58
13457,8,58
13458,8,59
13459,8,59
13460,8,61
13461,8,61
13462,8,62
13463,8,62
13464,8,62
13465,8,62
13466,8,62
13467,8,62
13468,8,63
13469,8,62
13470,8,62
13471,8,61
13472,8,61
13473,8,61
13474,8,60
13475,8,61
13476,8,62
13477,8,62
13478,8,61
13479,8,61
13480,8,61
13481,8,61
13482,8,61
13483,8,61
13484,8,60
13485,8,61
13486,8,62
13487,8,62
13488,8,62
13489,8,63
13490,8,63
13491,8,63
13492,8,63
13493,8,63
13494,8,63
13495,8,64
13496,8,64
13497,8,64
13498,8,64
13499,8,64
13501,8,63
13502,8,63
13503,8,64
13504,8,64
13505,8,64
13506,8,66
13507,8,66
13508,8,66
13509,8,67
13510,8,67
13511,8,66
13512,8,66
13513,8,67
13514,8,67
13515,8,67
13516,8,67
13517,8,68
13518,8,68
13519,8,69
13520,8,68
13521,8,68
13522,8,67
13523,8,67
13524,8,66
13525,8,64
13526,8,64
13527,8,65
13528,8,65
13529,8,66
13530,8,66
13531,8,64
13532,8,64
13533,8,64
13534,8,65
13535,8,65
13536,8,65
13537,8,65
13538,7,63
13539,7,64
13540,7,64
13541,7,64
13542,7,64
13543,7,65
13544,7,65
13545,7,65
13546,7,65
13547,7,65
13548,7,64
13549,7,63
13550,7,63
13551,7,62
13552,7,62
13553,7,61
13554,7,61
13555,7,61
13556,7,61
13557,7,61
13558,7,61
13559,7,61
13560,7,61
13561,7,60
13562,7,60
13563,7,59
13564,7,58
13565,7,58
13566,7,58
13567,7,58
13568,7,58
13569,7,57
13570,7,57
13571,7,56
13572,7,56
13573,7,55
13574,7,54
13575,7,54
13576,7,55
13577,7,55
13578,7,56
13579,7,57
13580,7,57
13581,7,57
13582,7,57
13583,7,57
13584,7,57
13585,7,57
13586,7,57
13587,7,57
13588,7,58
13589,7,57
13590,7,57
13591,7,57
13592,7,57
13593,7,57
13594,7,57
13595,7,57
13596,7,57
13597,7,57
13598,7,57
13599,7,56
13601,7,56
13602,7,56
13603,7,56
13604,7,57
13605,7,57
13606,7,57
13607,7,57
13608,7,58
13609,7,58
13610,7,60
13611,7,60
13612,7,59
13613,7,60
13614,7,60
13615,7,59
13616,7,59
13617,7,59
13618,7,59
13619,7,59
13620,7,61
13621,7,61
13622,7,61
13623,7,61
13624,7,60
13625,7,60
13626,7,60
13627,7,60
13628,7,61
13629,7,61
13630,7,62
13631,7,62
13632,7,61
13633,7,61
13634,7,60
13635,7,60
13636,7,61
13637,7,60
13638,7,60
13639,7,60
13640,7,61
13641,7,60
13642,7,61
13643,7,61
13644,7,61
13645,7,61
13646,7,62
13647,7,62
13648,7,63
13649,7,63
13650,7,63
13651,7,63
13652,7,63
13653,7,63
13654,7,63
13655,7,63
13656,7,63
13657,7,61
13658,8,61
13659,8,61
13660,8,62
13661,8,60
13662,8,60
13663,8,59
13664,8,59
13665,8,59
13666,8,59
13667,8,58
13668,8,59
13669,8,59
13670,8,59
13671,8,59
13672,8,59
13673,8,60
13674,8,60
13675,8,61
13676,8,61
13677,8,61
13678,8,61
13679,8,61
13680,8,61
13681,8,61
13682,8,62
13683,9,62
13684,8,61
13685,8,61
13686,8,61
13687,8,61
13688,8,62
13689,8,62
13690,8,62
13691,8,63
13692,8,64
13693,8,64
13694,8,64
13695,8,65
13696,8,65
13697,8,65
13698,8,64
13699,8,64
13701,8,64
13702,8,65
13703,8,65
13704,8,65
13705,8,65
13706,8,65
13707,8,65
13708,8,64
13709,8,64
13710,8,64
13711,8,64
13712,8,64
13713,8,64
13714,8,62
13715,8,62
13716,8,62
13717,8,62
13718,8,62
13719,8,62
13720,8,62
13721,8,62
13722,8,62
13723,8,62
13724,8,62
13725,8,61
13726,8,61
13727,8,61
13728,8,60
13729,8,60
13730,8,60
13731,8,59
13732,8,60
13733,8,60
13734,8,60
13735,8,60
13736,8,59
13737,8,60
13738,8,60
13739,8,60
13740,8,60
13741,8,60
13742,8,60
13743,8,61
13744,8,61
13745,8,61
13746,8,60
13747,8,61
13748,8,61
13749,8,61
13750,8,61
13751,8,61
13752,8,61
13753,8,62
13754,8,62
13755,8,62
13756,8,63
13757,8,62
13758,8,62
13759,8,61
13760,8,62
13761,8,61
13762,8,61
13763,8,62
13764,8,62
13765,8,62
13766,8,62
13767,8,62
13768,8,63
13769,8,63
13770,8,62
13771,8,62
13772,8,61
13773,8,62
13774,8,63
13775,8,60
13776,8,59
13777,8,59
13778,8,60
13779,8,59
13780,8,58
13781,8,58
13782,8,58
13783,8,60
13784,8,60
13785,8,60
13786,8,59
13787,8,59
13788,8,59
13789,8,59
13790,8,59
13791,8,59
13792,8,59
13793,8,60
13794,8,60
13795,8,60
13796,8,59
13797,8,59
13798,8,59
13799,8,58
13801,8,58
13802,8,57
13803,8,58
13804,8,58
13805,8,57
13806,8,57
13807,8,57
13808,8,57
13809,8,57
13810,8,55
13811,8,55
13812,8,55
13813,8,56
13814,8,56
13815,8,56
13816,8,56
13817,8,56
13818,8,57
13819,8,57
13820,8,57
13821,8,56
13822,8,56
13823,8,56
13824,8,55
13825,8,55
13826,8,55
13827,8,56
13828,8,56
13829,8,57
13830,9,57
13831,9,57
13832,9,57
13833,9,57
13834,9,57
13835,9,58
13836,9,58
13837,9,59
13838,9,59
13839,9,59
13840,9,59
13841,9,58
13842,9,58
13843,9,58
13844,9,58
13845,9,57
13846,9,57
13847,9,58
13848,9,58
13849,9,58
13850,9,58
13851,9,58
13852,9,58
13853,9,58
13854,9,58
13855,9,57
13856,9,57
13857,9,57
13858,9,56
13859,9,57
13860,9,57
13861,9,57
13862,9,56
13863,9,56
13864,9,56
13865,9,56
13866,9,56
13867,9,56
13868,9,56
13869,9,56
13870,9,57
13871,9,57
13872,9,57
13873,9,57
13874,9,57
13875,9,57
13876,9,56
13877,9,56
13878,9,56
13879,9,56
13880,10,58
13881,10,56
13882,10,56
13883,10,56
13884,10,56
13885,10,55
13886,10,54
13887,10,53
13888,10,53
13889,10,53
13890,10,55
13891,10,55
13892,10,55
13893,10,55
13894,10,56
13895,10,56
13896,10,56
13897,10,55
13898,10,55
13899,10,55
13901,10,55
13902,10,55
13903,10,55
13904,10,55
13905,10,56
13906,10,56
13907,10,55
13908,10,55
13909,10,55
13910,10,54
13911,10,54
13912,10,54
13913,10,53
13914,10,54
13915,10,55
13916,10,55
13917,10,55
13918,10,56
13919,10,56
13920,10,57
13921,10,57
13922,10,57
13923,10,55
13924,10,55
13925,10,55
13926,10,55
13927,10,55
13928,10,55
13929,10,55
13930,10,56
13931,10,56
13932,10,56
13933,10,56
13934,10,58
13935,10,58
13936,10,57
13937,10,57
13938,10,57
13939,10,57
13940,10,59
13941,10,59
13942,10,58
13943,10,56
13944,10,57
13945,10,58
13946,10,57
13947,10,56
13948,10,55
13949,10,55
13950,10,56
13951,10,57
13952,10,57
13953,10,56
13954,9,57
13955,9,57
13956,9,57
13957,9,57
13958,9,57
13959,9,57
13960,9,57
13961,9,58
13962,9,57
13963,9,57
13964,9,57
13965,10,57
13966,10,56
13967,10,56
13968,10,56
13969,10,56
13970,10,55
13971,10,54
13972,10,54
13973,10,54
13974,10,56
13975,10,55
13976,10,54
13977,10,54
13978,10,55
13979,10,54
13980,10,54
13981,10,54
13982,10,54
13983,10,53
13984,10,54
13985,10,54
13986,10,53
13987,10,53
13988,10,54
13989,10,54
13990,10,54
13991,10,53
13992,10,53
13993,10,53
13994,10,55
13995,10,55
13996,10,54
13997,10,54
13998,10,55
13999,10,54
14001,10,53
14002,10,53
14003,10,53
14004,10,52
14005,10,52
14006,10,52
14007,10,53
14008,10,53
14009,10,53
14010,10,53
14011,10,53
14012,10,53
14013,10,53
14014,10,53
14015,10,53
14016,10,53
14017,10,52
14018,10,52
14019,10,52
14020,10,51
14021,10,51
14022,10,52
14023,10,53
14024,10,52
14025,10,52
14026,10,51
14027,10,51
14028,10,50
14029,10,50
14030,10,50
14031,10,50
14032,10,50
14033,11,50
14034,11,50
14035,11,50
14036,11,51
14037,11,52
14038,11,52
14039,11,52
14040,11,52
14041,11,52
14042,11,51
14043,11,52
14044,11,51
14045,11,51
14046,11,51
14047,11,53
14048,11,53
14049,11,52
14050,11,52
14051,11,52
14052,11,52
14053,11,52
14054,11,52
14055,11,52
14056,11,53
14057,11,55
14058,11,55
14059,11,55
14060,11,55
14061,11,55
14062,11,54
14063,11,53
14064,11,53
14065,11,53
14066,11,53
14067,11,54
14068,11,54
14069,11,54
14070,11,54
14071,11,54
14072,11,54
14073,11,53
14074,11,53
14075,11,53
14076,11,52
14077,11,51
14078,11,51
14079,11,50
14080,11,50
14081,11,51
14082,11,51
14083,11,51
14084,11,51
14085,11,51
14086,11,51
14087,11,51
14088,11,51
14089,11,51
14090,11,51
14091,11,51
14092,11,51
14093,11,51
14094,11,51
14095,11,52
14096,11,51
14097,11,49
14098,11,49
14099,11,49
14101,11,49
14102,11,49
14103,11,49
14104,11,48
14105,11,50
14106,11,50
14107,11,50
14108,11,49
14109,11,48
14110,11,48
14111,11,48
14112,12,48
14113,12,48
14114,12,48
14115,12,50
14116,12,49
14117,12,49
14118,12,49
14119,12,49
14120,12,49
14121,12,49
14122,12,49
14123,12,49
14124,12,48
14125,12,49
14126,12,48
14127,12,47
14128,12,47
14129,12,47
14130,12,47
14131,12,48
14132,12,48
14133,12,47
14134,12,47
14135,12,47
14136,12,46
14137,12,46
14138,12,46
14139,12,45
14140,12,45
14141,12,45
14142,12,45
14143,12,45
14144,12,42
14145,12,42
14146,12,41
14147,12,41
14148,12,41
14149,12,41
14150,12,41
14151,12,40
14152,12,38
14153,12,38
14154,12,38
14155,12,38
14156,12,37
14157,12,37
14158,12,37
14159,12,37
14160,12,35
14161,12,35
14162,12,35
14163,12,36
14164,12,35
14165,12,35
14166,12,34
14167,12,33
14168,12,34
14169,12,34
14170,12,33
14171,12,32
14172,12,32
14173,12,32
14174,12,32
14175,12,32
14176,12,32
14177,12,31
14178,12,32
14179,12,32
14180,12,32
14181,12,32
14182,12,31
14183,12,30
14184,12,30
14185,12,30
14186,12,30
14187,12,30
14188,12,28
14189,12,28
14190,12,28
14191,12,28
14192,12,27
14193,12,26
14194,12,26
14195,12,26
14196,12,26
14197,12,26
14198,12,26
14199,12,26
14201,12,26
14202,12,26
14203,12,26
14204,12,26
14205,12,26
14206,12,26
14207,12,26
14208,12,26
14209,12,26
14210,12,26
14211,12,26
14212,12,25
14213,12,25
14214,12,25
14215,12,25
14216,12,25
14217,13,25
14218,13,25
14219,13,25
14220,13,26
14221,13,27
14222,13,27
14223,13,28
14224,13,28
14225,13,28
14226,13,28
14227,13,28
14228,13,28
14229,13,28
14230,13,29
14231,12,29
14232,12,29
14233,13,29
14234,13,28
14235,13,28
14236,13,27
14237,13,27
14238,13,27
14239,13,26
14240,12,26
14241,11,26
14242,11,27
14243,11,27
14244,11,27
14245,11,27
14246,11,27
14247,11,28
14248,11,28
14249,11,27
14250,11,28
14251,11,28
14252,11,28
14253,11,28
14254,11,28
14255,11,28
14256,11,28
14257,11,28
14258,11,28
14259,11,28
14260,11,28
14261,11,29
14262,11,29
14263,11,30
14264,11,31
14265,11,31
14266,11,31
14267,11,31
14268,11,31
14269,11,31
14270,11,31
14271,11,31
14272,11,31
14273,11,32
14274,11,34
14275,11,34
14276,11,34
14277,11,34
14278,11,34
14279,11,34
14280,11,33
14281,11,34
14282,11,34
14283,11,35
14284,11,36
14285,11,36
14286,11,36
14287,12,36
14288,12,36
14289,12,36
14290,12,36
14291,12,37
14292,12,37
14293,12,38
14294,12,39
14295,12,39
14296,12,39
14297,12,39
14298,12,39
14299,12,39
14301,12,39
14302,12,39
14303,12,40
14304,12,40
14305,12,40
14306,12,41
14307,12,41
14308,12,41
14309,12,41
14310,12,41
14311,12,41
14312,12,42
14313,12,43
14314,13,42
14315,13,42
14316,13,43
14317,13,43
14318,13,43
14319,13,43
14320,13,43
14321,13,43
14322,13,45
14323,13,46
14324,13,46
14325,13,46
14326,13,47
14327,13,47
14328,13,47
14329,13,47
14330,13,47
14331,13,47
14332,13,48
14333,13,49
14334,13,49
14335,13,49
14336,13,50
14337,13,50
14338,13,50
14339,13,50
14340,13,47
14341,13,47
14342,13,47
14343,13,48
14344,13,47
14345,13,47
14346,13,48
14347,13,48
14348,13,48
14349,13,48
14350,13,48
14351,13,48
14352,13,48
14353,13,48
14354,13,48
14355,13,49
14356,13,50
14357,13,50
14358,13,50
14359,13,50
14360,13,50
14361,13,50
14362,13,49
14363,13,50
14364,13,49
14365,13,50
14366,13,50
14367,13,50
14368,13,50
14369,13,50
14370,13,49
14371,13,49
14372,13,51
14373,13,52
14374,13,52
14375,13,53
14376,13,53
14377,13,53
14378,13,53
14379,13,53
14380,13,53
14381,13,53
14382,13,54
14383,13,55
14384,13,54
14385,13,55
14386,13,54
14387,13,53
14388,13,51
14389,13,51
14390,13,51
14391,13,50
14392,13,49
14393,13,48
14394,13,48
14395,13,46
14396,13,46
14397,13,46
14398,13,44
14399,13,44
14401,13,42
14402,13,42
14403,13,42
14404,13,41
14405,13,41
14406,13,41
14407,13,39
14408,14,38
14409,14,38
14410,14,39
14411,14,38
14412,14,38
14413,14,38
14414,14,38
14415,14,38
14416,14,38
14417,14,38
14418,14,38
14419,14,37
14420,14,39
14421,14,39
14422,14,38
14423,14,37
14424,14,37
14425,14,37
14426,14,37
14427,14,37
14428,14,37
14429,14,37
14430,14,37
14431,14,36
14432,14,34
14433,14,34
14434,14,34
14435,14,34
14436,14,34
14437,14,34
14438,14,36
14439,14,36
14440,14,36
14441,14,36
14442,14,35
14443,14,35
14444,14,35
14445,14,35
14446,14,35
14447,14,33
14448,14,33
14449,14,32
14450,15,32
14451,15,32
14452,15,31
14453,15,31
14454,15,31
14455,15,31
14456,15,30
14457,15,30
14458,16,30
14459,16,30
14460,16,30
14461,16,30
14462,16,30
14463,16,30
14464,16,30
14465,16,30
14466,16,30
14467,16,30
14468,16,30
14469,16,30
14470,16,30
14471,16,30
14472,16,30
14473,16,30
14474,16,30
14475,16,30
14476,16,30
14477,16,30
14478,16,29
14479,16,30
14480,16,29
14481,16,30
14482,16,29
14483,16,28
14484,16,28
14485,16,28
14486,16,28
14487,16,28
14488,16,28
14489,16,29
14490,16,29
14491,16,29
14492,16,29
14493,16,29
14494,16,29
14495,16,29
14496,16,28
14497,16,28
14498,16,28
14499,16,28
14501,16,27
14502,16,26
14503,16,26
14504,17,25
14505,17,25
14506,17,25
14507,17,25
14508,17,25
14509,17,27
14510,17,27
14511,17,27
14512,17,27
14513,17,27
14514,17,27
14515,17,27
14516,17,27
14517,17,27
14518,17,28
14519,17,30
14520,17,30
14521,17,30
14522,17,29
14523,17,29
14524,17,29
14525,17,29
14526,17,29
14527,17,30
14528,17,31
14529,17,34
14530,17,34
14531,17,34
14532,17,34
14533,17,34
14534,17,33
14535,17,33
14536,17,33
14537,17,32
14538,17,31
14539,17,34
14540,17,34
14541,17,34
14542,17,33
14543,17,33
14544,17,33
14545,17,33
14546,17,33
14547,17,32
14548,17,33
14549,17,35
14550,17,34
14551,17,34
14552,17,34
14553,17,33
14554,17,33
14555,17,33
14556,17,33
14557,17,33
14558,17,33
14559,17,34
14560,17,34
14561,17,33
14562,17,33
14563,17,31
14564,17,31
14565,17,31
14566,17,31
14567,17,31
14568,17,31
14569,17,31
14570,17,31
14571,17,31
14572,17,31
14573,17,31
14574,17,31
14575,17,31
14576,17,31
14577,17,31
14578,17,31
14579,17,33
14580,17,33
14581,17,33
14582,17,33
14583,17,33
14584,17,34
14585,17,35
14586,17,35
14587,17,35
14588,17,35
14589,17,36
14590,17,36
14591,18,35
14592,18,35
14593,18,35
14594,18,35
14595,18,36
14596,18,36
14597,18,36
14598,18,36
14599,18,37
14601,18,37
14602,18,37
14603,18,40
14604,18,40
14605,18,40
14606,18,40
14607,18,40
14608,18,40
14609,18,42
14610,18,42
14611,18,41
14612,18,41
14613,18,44
14614,18,44
14615,18,44
14616,18,44
14617,18,44
14618,18,44
14619,18,46
14620,18,46
14621,18,46
14622,18,46
14623,18,48
14624,18,48
14625,18,48
14626,18,48
14627,18,48
14628,18,48
14629,18,49
14630,18,49
14631,18,49
14632,18,49
14633,18,50
14634,18,50
14635,18,50
14636,18,50
14637,18,50
14638,18,50
14639,17,50
14640,17,51
14641,17,52
14642,17,52
14643,17,51
14644,17,51
14645,17,51
14646,16,51
14647,16,51
14648,16,51
14649,15,51
14650,15,52
14651,15,53
14652,15,53
14653,15,52
14654,15,53
14655,15,53
14656,15,54
14657,15,56
14658,15,56
14659,15,56
14660,15,56
14661,15,56
14662,15,56
14663,15,57
14664,15,57
14665,15,57
14666,15,58
14667,15,59
14668,15,58
14669,15,58
14670,15,57
14671,15,56
14672,15,56
14673,15,56
14674,15,57
14675,15,56
14676,15,56
14677,15,57
14678,15,57
14679,15,55
14680,15,55
14681,15,55
14682,15,54
14683,15,54
14684,15,53
14685,15,53
14686,15,52
14687,15,53
14688,15,53
14689,15,54
14690,15,54
14691,15,54
14692,15,54
14693,15,54
14694,15,54
14695,14,54
14696,14,54
14697,14,54
14698,14,54
14699,14,55
14701,14,53
14702,14,53
14703,14,52
14704,14,53
14705,14,53
14706,14,52
14707,14,52
14708,14,52
14709,14,51
14710,14,52
14711,14,52
14712,14,52
14713,14,52
14714,14,52
14715,14,51
14716,14,50
14717,14,50
14718,14,50
14719,14,49
14720,14,51
14721,14,51
14722,14,51
14723,14,51
14724,14,51
14725,14,51
14726,14,50
14727,14,50
14728,14,50
14729,14,48
14730,14,51
14731,14,49
14732,14,49
14733,14,48
14734,14,48
14735,14,46
14736,14,47
14737,14,45
14738,14,45
14739,14,45
14740,14,47
14741,14,45
14742,14,44
14743,14,43
14744,14,42
14745,14,41
14746,14,41
14747,13,42
14748,13,42
14749,13,41
14750,13,40
14751,13,40
14752,13,40
14753,13,41
14754,13,41
14755,13,41
14756,13,41
14757,13,42
14758,13,41
14759,13,40
14760,14,40
14761,14,41
14762,14,41
14763,14,41
14764,14,42
14765,14,42
14766,14,42
14767,14,42
14768,14,42
14769,14,42
14770,14,42
14771,14,43
14772,14,43
14773,14,44
14774,14,45
14775,14,45
14776,14,45
14777,14,45
14778,14,45
14779,14,45
14780,14,46
14781,14,47
14782,14,47
14783,14,47
14784,14,47
14785,14,46
14786,14,46
14787,14,45
14788,14,45
14789,14,45
14790,14,48
14791,14,49
14792,14,49
14793,14,49
14794,14,50
14795,14,50
14796,14,50
14797,14,50
14798,14,49
14799,14,49
14801,14,52
14802,14,52
14803,14,52
14804,14,53
14805,14,53
14806,14,53
14807,14,53
14808,14,53
14809,14,53
14810,14,55
14811,14,56
14812,14,56
14813,14,57
14814,14,57
14815,14,56
14816,14,56
14817,14,56
14818,14,56
14819,14,56
14820,14,58
14821,14,59
14822,14,60
14823,14,61
14824,14,61
14825,14,61
14826,14,61
14827,14,61
14828,14,61
14829,14,61
14830,14,62
14831,14,63
14832,14,65
14833,14,67
14834,14,67
14835,14,67
14836,14,66
14837,14,65
14838,14,65
14839,14,65
14840,14,66
14841,14,67
14842,14,68
14843,14,68
14844,14,68
14845,13,68
14846,13,67
14847,13,65
14848,13,64
14849,13,65
14850,13,66
14851,13,66
14852,13,67
14853,13,67
14854,13,67
14855,12,67
14856,12,66
14857,12,66
14858,12,67
14859,12,68
14860,12,67
14861,12,68
14862,12,68
14863,12,68
14864,12,68
14865,12,68
14866,12,69
14867,12,69
14868,12,70
14869,12,71
14870,12,71
14871,12,73
14872,12,73
14873,12,73
14874,12,73
14875,12,73
14876,12,73
14877,12,73
14878,12,74
14879,12,75
14880,12,75
14881,12,75
14882,12,75
14883,12,74
14884,12,74
14885,12,74
14886,12,76
14887,12,76
14888,12,76
14889,12,76
14890,12,76
14891,12,76
14892,12,76
14893,12,76
14894,12,76
14895,12,76
14896,12,76
14897,12,76
14898,13,78
14899,13,77
14901,13,77
14902,13,77
14903,13,77
14904,13,77
14905,13,77
14906,13,78
14907,13,79
14908,13,79
14909,13,79
14910,13,79
14911,13,79
14912,13,79
14913,13,79
14914,13,79
14915,13,80
14916,13,81
14917,13,81
14918,13,81
14919,13,81
14920,13,81
14921,13,81
14922,13,80
14923,13,79
14924,13,78
14925,13,79
14926,13,79
14927,12,77
14928,12,76
14929,12,76
14930,12,77
14931,12,76
14932,12,75
14933,12,73
14934,12,73
14935,12,74
14936,12,74
14937,12,74
14938,12,73
14939,12,73
14940,12,74
14941,12,73
14942,12,72
14943,12,72
14944,12,70
14945,12,71
14946,12,71
14947,12,72
14948,12,72
14949,12,70
14950,12,71
14951,12,70
14952,12,71
14953,12,71
14954,12,71
14955,12,70
14956,11,70
14957,11,71
14958,11,71
14959,11,71
14960,11,72
14961,11,72
14962,11,74
14963,11,74
14964,11,75
14965,11,77
14966,11,77
14967,11,78
14968,11,78
14969,11,77
14970,11,77
14971,11,77
14972,11,76
14973,11,76
14974,11,77
14975,11,78
14976,11,78
14977,11,79
14978,11,80
14979,11,80
14980,11,80
14981,11,80
14982,11,81
14983,11,80
14984,11,80
14985,11,81
14986,11,81
14987,11,81
14988,11,81
14989,11,81
14990,11,81
14991,11,81
14992,11,81
14993,11,80
14994,11,80
14995,11,80
14996,11,79
14997,11,79
14998,11,78
14999,11,77
15001,11,76
15002,11,76
15003,11,76
15004,11,76
15005,11,77
15006,11,77
15007,11,76
15008,11,75
15009,11,75
15010,11,75
15011,11,75
15012,11,74
15013,11,74
15014,11,74
15015,11,76
15016,11,76
15017,11,75
15018,11,75
15019,11,74
15020,11,74
15021,11,75
15022,11,75
15023,11,76
15024,11,76
15025,11,76
15026,11,76
15027,11,77
15028,11,76
15029,11,76
15030,11,76
15031,11,76
15032,11,77
15033,11,77
15034,11,77
15035,11,77
15036,11,77
15037,11,77
15038,11,76
15039,11,77
15040,11,77
15041,11,77
15042,11,78
15043,11,76
15044,11,76
15045,11,75
15046,11,73
15047,11,73
15048,11,73
15049,11,72
15050,11,72
15051,11,71
15052,11,72
15053,11,72
15054,11,71
15055,11,71
15056,11,72
15057,11,72
15058,11,72
15059,11,72
15060,11,72
15061,11,72
15062,11,72
15063,11,71
15064,11,70
15065,11,70
15066,11,70
15067,11,70
15068,11,68
15069,11,68
15070,11,68
15071,11,67
15072,11,67
15073,11,65
15074,11,65
15075,11,64
15076,11,62
15077,11,63
15078,11,63
15079,11,63
15080,11,61
15081,11,61
15082,11,60
15083,11,59
15084,11,59
15085,11,60
15086,11,59
15087,11,58
15088,11,57
15089,11,57
15090,11,57
15091,11,57
15092,11,55
15093,11,55
15094,11,54
15095,11,55
15096,11,55
15097,11,55
15098,11,55
15099,11,54
15101,11,55
15102,11,55
15103,11,56
15104,11,55
15105,11,56
15106,11,56
15107,11,56
15108,11,55
15109,11,55
15110,11,56
15111,11,55
15112,11,54
15113,11,53
15114,11,51
15115,11,52
15116,11,52
15117,11,53
15118,11,53
15119,12,53
15120,12,53
15121,12,53
15122,12,52
15123,12,52
15124,12,51
15125,12,53
15126,12,52
15127,12,53
15128,12,53
15129,12,53
15130,12,53
15131,12,52
15132,12,51
15133,12,51
15134,12,51
15135,12,51
15136,12,51
15137,12,51
15138,12,51
15139,12,50
15140,12,49
15141,12,49
15142,12,49
15143,12,48
15144,12,47
15145,12,47
15146,12,48
15147,12,47
15148,12,47
15149,12,47
15150,12,46
15151,12,46
15152,11,46
15153,11,46
15154,11,46
15155,11,46
15156,11,45
15157,11,45
15158,11,42
15159,11,42
15160,11,41
15161,11,41
15162,11,41
15163,11,41
15164,11,41
15165,11,41
15166,11,41
15167,11,40
15168,11,40
15169,12,39
15170,12,39
15171,12,40
15172,12,40
15173,12,40
15174,12,40
15175,12,40
15176,12,40
15177,12,41
15178,12,41
15179,12,41
15180,12,41
15181,12,41
15182,12,41
15183,12,41
15184,12,41
15185,12,41
15186,12,41
15187,12,42
15188,12,42
15189,12,40
15190,12,40
15191,12,41
15192,12,41
15193,12,41
15194,12,41
15195,12,41
15196,12,39
15197,12,40
15198,12,40
15199,12,40
15201,12,41
15202,12,40
15203,12,40
15204,12,40
15205,12,40
15206,12,38
15207,12,39
15208,12,39
15209,12,39
15210,12,39
15211,12,38
15212,12,37
15213,12,37
15214,12,36
15215,12,36
15216,12,36
15217,12,36
15218,11,37
15219,11,38
15220,11,38
15221,11,39
15222,11,39
15223,11,39
15224,11,39
15225,11,39
15226,11,39
15227,11,41
15228,11,42
15229,11,43
15230,11,43
15231,11,44
15232,11,43
15233,11,43
15234,11,43
15235,11,42
15236,11,42
15237,11,44
15238,11,40
15239,11,39
15240,11,39
15241,11,40
15242,11,40
15243,11,40
15244,11,39
15245,11,39
15246,11,39
15247,11,38
15248,11,38
15249,11,38
15250,11,38
15251,11,38
15252,11,38
15253,11,38
15254,11,38
15255,11,38
15256,11,39
15257,11,39
15258,11,39
15259,11,38
15260,11,38
15261,11,38
15262,11,37
15263,11,38
15264,11,38
15265,11,38
15266,11,38
15267,11,38
15268,11,37
15269,11,37
15270,11,38
15271,11,38
15272,11,38
15273,12,38
15274,12,38
15275,12,39
15276,12,39
15277,12,39
15278,12,39
15279,12,39
15280,12,39
15281,12,39
15282,12,39
15283,12,39
15284,12,39
15285,12,39
15286,12,39
15287,12,39
15288,12,39
15289,12,39
15290,12,39
15291,12,39
15292,12,40
15293,12,40
15294,12,40
15295,12,40
15296,12,40
15297,12,40
15298,12,40
15299,12,40
15301,12,41
15302,12,41
15303,12,41
15304,12,41
15305,12,39
15306,12,39
15307,12,39
15308,12,38
15309,12,37
15310,12,38
15311,12,39
15312,12,38
15313,12,37
15314,12,37
15315,12,36
15316,12,36
15317,12,35
15318,12,35
15319,12,35
15320,12,35
15321,12,38
15322,12,38
15323,12,38
15324,12,38
15325,12,37
15326,12,37
15327,12,37
15328,12,37
15329,12,38
15330,12,38
15331,12,39
15332,12,40
15333,12,40
15334,12,40
15335,12,40
15336,12,40
15337,12,40
15338,12,41
15339,12,40
15340,13,39
15341,13,40
15342,13,40
15343,13,40
15344,13,42
15345,13,42
15346,13,42
15347,13,42
15348,13,42
15349,13,43
15350,14,43
15351,14,43
15352,14,43
15353,14,43
15354,14,45
15355,14,45
15356,14,45
15357,14,45
15358,14,44
15359,14,44
15360,14,44
15361,14,44
15362,14,43
15363,14,43
15364,14,46
15365,14,46
15366,14,46
15367,14,46
15368,14,45
15369,14,45
15370,14,45
15371,14,45
15372,14,45
15373,14,45
15374,14,46
15375,14,46
15376,14,46
15377,14,46
15378,14,47
15379,14,47
15380,15,46
15381,15,46
15382,15,46
15383,15,46
15384,15,47
15385,15,45
15386,15,44
15387,15,43
15388,15,44
15389,15,44
15390,15,44
15391,15,44
15392,15,43
15393,15,43
15394,15,43
15395,15,43
15396,15,43
15397,15,42
15398,15,42
15399,15,42
15401,15,42
15402,16,42
15403,16,42
15404,16,42
15405,16,41
15406,16,43
15407,16,44
15408,16,44
15409,16,44
15410,16,44
15411,16,44
15412,16,43
15413,16,44
15414,16,44
15415,16,44
15416,16,46
15417,16,46
15418,16,46
15419,16,46
15420,16,46
15421,16,46
15422,16,46
15423,16,46
15424,16,45
15425,17,45
15426,17,45
15427,17,44
15428,17,44
15429,17,44
15430,18,44
15431,18,44
15432,18,46
15433,18,46
15434,18,46
15435,18,46
15436,18,46
15437,18,46
15438,18,46
15439,18,46
15440,18,45
15441,18,45
15442,18,46
15443,18,46
15444,18,46
15445,18,46
15446,18,46
15447,18,46
15448,18,45
15449,18,45
15450,18,46
15451,18,47
15452,18,47
15453,18,47
15454,18,47
15455,18,47
15456,18,46
15457,18,46
15458,18,47
15459,18,47
15460,18,47
15461,18,47
15462,18,47
15463,18,47
15464,18,47
15465,18,47
15466,18,47
15467,18,48
15468,18,49
15469,18,50
15470,18,50
15471,18,50
15472,18,50
15473,18,50
15474,18,50
15475,19,50
15476,19,50
15477,19,50
15478,19,50
15479,19,50
15480,19,50
15481,19,49
15482,19,49
15483,19,49
15484,19,50
15485,20,50
15486,20,50
15487,20,49
15488,20,49
15489,20,49
15490,20,47
15491,20,46
15492,20,45
15493,20,46
15494,20,47
15495,20,46
15496,20,46
15497,20,46
15498,20,46
15499,20,45
15501,20,45
15502,20,44
15503,20,45
15504,20,45
15505,20,45
15506,20,44
15507,19,44
15508,19,43
15509,19,43
15510,19,42
15511,19,42
15512,19,42
15513,19,43
15514,19,43
15515,19,44
15516,19,44
15517,19,44
15518,19,44
15519,19,44
15520,19,44
15521,19,44
15522,19,44
15523,19,45
15524,19,44
15525,19,45
15526,19,45
15527,19,45
15528,19,44
15529,19,44
15530,19,44
15531,19,43
15532,19,43
15533,19,44
15534,19,43
15535,20,43
15536,20,43
15537,20,43
15538,20,43
15539,20,43
15540,20,43
15541,20,43
15542,20,43
15543,20,44
15544,20,44
15545,20,44
15546,20,44
15547,20,43
15548,20,42
15549,20,42
15550,20,42
15551,20,42
15552,20,42
15553,20,42
15554,20,42
15555,20,42
15556,20,41
15557,20,41
15558,20,41
15559,21,41
15560,21,42
15561,21,41
15562,21,40
15563,21,40
15564,21,39
15565,21,39
15566,21,39
15567,21,39
15568,21,38
15569,21,38
15570,21,39
15571,21,39
15572,21,39
15573,21,39
15574,21,39
15575,21,38
15576,21,38
15577,21,38
15578,21,38
15579,21,36
15580,21,37
15581,21,37
15582,21,37
15583,21,37
15584,21,37
15585,21,36
15586,21,36
15587,21,36
15588,21,36
15589,21,36
15590,21,38
15591,21,37
15592,21,35
15593,21,33
15594,21,32
15595,21,32
15596,21,32
15597,21,31
15598,21,31
15599,21,31
15601,21,32
15602,21,32
15603,21,32
15604,21,31
15605,21,31
15606,21,31
15607,21,31
15608,21,31
15609,21,31
15610,21,31
15611,21,30
15612,21,30
15613,21,29
15614,21,29
15615,21,29
15616,21,29
15617,21,29
15618,21,29
15619,21,31
15620,21,31
15621,21,32
15622,21,32
15623,21,32
15624,21,30
15625,21,27
15626,21,26
15627,21,26
15628,21,26
15629,21,28
15630,21,28
15631,21,28
15632,21,28
15633,21,27
15634,21,27
15635,21,27
15636,21,27
15637,21,27
15638,21,27
15639,21,29
15640,21,29
15641,21,29
15642,21,29
15643,21,29
15644,21,28
15645,21,28
15646,21,28
15647,21,28
15648,21,28
15649,21,30
15650,21,30
15651,20,31
15652,20,31
15653,20,30
15654,20,30
15655,20,30
15656,20,30
15657,20,30
15658,20,31
15659,20,33
15660,20,33
15661,19,33
15662,19,33
15663,19,33
15664,19,32
15665,19,32
15666,19,32
15667,19,32
15668,19,32
15669,19,33
15670,19,33
15671,19,34
15672,19,34
15673,19,34
15674,19,34
15675,19,34
15676,19,34
15677,19,33
15678,19,32
15679,19,32
15680,19,32
15681,19,32
15682,19,31
15683,19,32
15684,19,32
15685,19,32
15686,19,31
15687,19,31
15688,19,32
15689,19,32
15690,19,33
15691,19,33
15692,19,33
15693,19,34
15694,19,34
15695,19,34
15696,19,34
15697,19,34
15698,19,34
15699,19,34
15701,18,35
15702,18,35
15703,18,36
15704,18,36
15705,18,36
15706,18,36
15707,18,36
15708,18,36
15709,18,37
15710,18,38
15711,18,39
15712,18,39
15713,18,40
15714,18,39
15715,18,39
15716,18,38
15717,18,38
15718,18,38
15719,18,40
15720,18,41
15721,18,41
15722,18,41
15723,18,42
15724,17,43
15725,17,43
15726,17,43
15727,17,43
15728,17,43
15729,17,45
15730,17,46
15731,17,44
15732,17,43
15733,17,44
15734,17,45
15735,17,45
15736,17,45
15737,17,45
15738,17,44
15739,17,45
15740,17,45
15741,17,45
15742,17,45
15743,17,45
15744,17,45
15745,17,44
15746,17,44
15747,17,44
15748,17,45
15749,17,46
15750,17,45
15751,17,45
15752,17,45
15753,17,45
15754,17,45
15755,17,45
15756,17,45
15757,17,46
15758,17,47
15759,17,48
15760,17,47
15761,17,48
15762,17,48
15763,17,48
15764,17,48
15765,17,48
15766,17,47
15767,17,46
15768,17,46
15769,17,46
15770,17,46
15771,17,45
15772,17,44
15773,17,44
15774,17,44
15775,17,44
15776,17,43
15777,17,43
15778,17,43
15779,17,43
15780,16,43
15781,16,41
15782,16,41
15783,16,40
15784,16,40
15785,16,40
15786,16,40
15787,16,39
15788,16,39
15789,16,38
15790,16,38
15791,16,38
15792,16,38
15793,16,39
15794,16,39
15795,16,39
15796,16,40
15797,16,40
15798,16,39
15799,16,38
15801,16,38
15802,16,38
15803,16,39
15804,16,39
15805,16,39
15806,16,40
15807,16,40
15808,16,40
15809,16,40
15810,16,41
15811,16,41
15812,16,41
15813,16,42
15814,16,42
15815,16,42
15816,15,43
15817,15,43
15818,15,43
15819,15,43
15820,15,44
15821,15,44
15822,15,44
15823,15,43
15824,15,43
15825,15,41
15826,15,41
15827,15,41
15828,15,40
15829,15,40
15830,15,42
15831,15,42
15832,15,41
15833,15,41
15834,15,40
15835,14,39
15836,14,39
15837,14,39
15838,14,39
15839,14,38
15840,14,40
15841,14,40
15842,14,40
15843,14,40
15844,14,40
15845,14,40
15846,14,39
15847,14,39
15848,14,38
15849,14,38
15850,14,39
15851,14,39
15852,14,39
15853,14,39
15854,14,40
15855,14,40
15856,14,39
15857,14,38
15858,14,38
15859,13,38
15860,13,39
15861,13,39
15862,12,39
15863,12,40
15864,12,41
15865,12,41
15866,12,41
15867,12,41
15868,12,41
15869,12,41
15870,12,40
15871,12,40
15872,12,39
15873,12,36
15874,12,37
15875,12,37
15876,12,37
15877,12,37
15878,12,37
15879,12,37
15880,12,37
15881,12,37
15882,12,37
15883,12,37
15884,12,39
15885,12,40
15886,12,40
15887,12,39
15888,12,39
15889,12,39
15890,12,38
15891,12,38
15892,12,38
15893,12,39
15894,12,40
15895,12,39
15896,12,39
15897,12,39
15898,12,39
15899,12,37
15901,12,37
15902,12,37
15903,12,39
15904,12,39
15905,12,39
15906,12,39
15907,12,39
15908,12,39
15909,12,39
15910,12,38
15911,12,38
15912,12,38
15913,12,40
15914,12,40
15915,12,40
15916,12,39
15917,12,39
15918,12,39
15919,12,40
15920,12,40
15921,12,40
15922,12,39
15923,12,39
15924,12,39
15925,12,39
15926,12,39
15927,12,40
15928,12,40
15929,12,41
15930,12,41
15931,12,41
15932,12,41
15933,12,42
15934,12,42
15935,12,40
15936,12,41
15937,12,42
15938,12,42
15939,12,41
15940,12,40
15941,12,40
15942,12,40
15943,12,42
15944,12,42
15945,12,41
15946,12,42
15947,12,42
15948,12,42
15949,12,41
15950,12,41
15951,12,41
15952,12,41
15953,12,42
15954,12,42
15955,12,42
15956,12,43
15957,12,43
15958,12,43
15959,12,43
15960,12,43
15961,12,43
15962,12,42
15963,12,43
15964,12,42
15965,12,41
15966,12,42
15967,12,42
15968,12,42
15969,12,42
15970,12,42
15971,12,42
15972,12,42
15973,12,43
15974,12,43
15975,12,43
15976,12,44
15977,12,44
15978,12,44
15979,12,44
15980,12,46
15981,12,46
15982,12,46
15983,12,48
15984,12,48
15985,12,48
15986,11,49
15987,11,49
15988,11,48
15989,11,48
15990,11,49
15991,11,49
15992,11,49
15993,11,51
15994,11,51
15995,11,51
15996,11,52
15997,11,52
15998,11,52
15999,11,51
16001,11,52
16002,12,52
16003,12,53
16004,12,53
16005,12,53
16006,12,53
16007,12,53
16008,11,53
16009,11,53
16010,11,54
16011,11,54
16012,11,54
16013,11,55
16014,11,55
16015,11,55
16016,11,56
16017,11,56
16018,11,56
16019,11,56
16020,11,55
16021,11,55
16022,11,54
16023,11,55
16024,11,56
16025,11,57
16026,11,58
16027,10,58
16028,10,58
16029,10,58
16030,10,58
16031,10,58
16032,10,58
16033,10,59
16034,10,60
16035,10,61
16036,10,62
16037,10,62
16038,10,61
16039,10,61
16040,10,61
16041,10,61
16042,10,61
16043,10,61
16044,10,61
16045,10,63
16046,10,64
16047,10,64
16048,10,64
16049,10,65
16050,10,65
16051,10,65
16052,10,64
16053,10,66
16054,10,67
16055,10,69
16056,10,69
16057,10,69
16058,10,69
16059,10,70
16060,10,69
16061,10,69
16062,10,69
16063,10,70
16064,10,70
16065,11,72
16066,11,73
16067,11,73
16068,11,73
16069,11,73
16070,12,73
16071,12,73
16072,12,73
16073,12,72
16074,12,72
16075,12,75
16076,12,76
16077,12,76
16078,12,76
16079,12,76
16080,12,76
16081,12,76
16082,12,76
16083,12,76
16084,12,76
16085,12,77
16086,12,77
16087,12,76
16088,12,75
16089,12,75
16090,12,75
16091,12,75
16092,12,75
16093,12,75
16094,12,74
16095,12,74
16096,12,75
16097,12,76
16098,12,74
16099,12,74
16101,12,74
16102,12,74
16103,12,74
16104,12,74
16105,12,74
16106,12,74
16107,12,74
16108,12,74
16109,12,74
16110,12,75
16111,12,74
16112,12,75
16113,12,76
16114,12,76
16115,12,78
16116,12,80
16117,12,80
16118,12,80
16119,12,79
16120,13,80
16121,13,80
16122,13,80
16123,13,81
16124,13,80
16125,13,79
16126,13,81
16127,13,81
16128,13,80
16129,13,80
16130,13,82
16131,13,82
16132,13,82
16133,13,83
16134,13,83
16135,13,83
16136,13,84
16137,13,84
16138,13,84
16139,13,83
16140,13,85
16141,13,85
16142,13,84
16143,13,85
16144,13,83
16145,13,83
16146,13,83
16147,13,83
16148,13,82
16149,13,82
16150,13,83
16151,13,83
16152,13,83
16153,13,84
16154,13,85
16155,13,83
16156,13,83
16157,13,83
16158,13,83
16159,13,83
16160,13,82
16161,13,82
16162,13,81
16163,13,81
16164,13,82
16165,13,80
16166,13,81
16167,13,81
16168,13,80
16169,13,80
16170,14,80
16171,14,79
16172,14,79
16173,14,76
16174,14,75
16175,14,74
16176,14,73
16177,14,72
16178,14,72
16179,14,72
16180,14,72
16181,14,71
16182,14,71
16183,14,71
16184,15,71
16185,15,70
16186,15,70
16187,15,70
16188,15,71
16189,15,71
16190,15,71
16191,15,67
16192,15,67
16193,15,68
16194,15,68
16195,15,67
16196,15,67
16197,15,67
16198,15,67
16199,15,67
16201,16,65
16202,16,65
16203,16,66
16204,16,66
16205,16,67
16206,16,67
16207,16,66
16208,16,66
16209,16,66
16210,16,67
16211,16,67
16212,16,67
16213,16,65
16214,16,64
16215,17,64
16216,17,61
16217,17,60
16218,17,60
16219,17,60
16220,18,61
16221,18,60
16222,18,61
16223,18,61
16224,18,61
16225,18,61
16226,18,61
16227,18,61
16228,18,61
16229,18,61
16230,18,61
16231,18,59
16232,18,59
16233,18,59
16234,19,58
16235,19,57
16236,19,56
16237,19,57
16238,19,55
16239,19,54
16240,19,54
16241,19,54
16242,19,54
16243,19,53
16244,19,53
16245,19,53
16246,19,53
16247,19,54
16248,19,53
16249,19,53
16250,19,53
16251,19,52
16252,19,52
16253,19,51
16254,19,53
16255,19,53
16256,19,53
16257,19,54
16258,19,53
16259,19,53
16260,19,52
16261,19,52
16262,19,51
16263,19,50
16264,19,50
16265,19,50
16266,19,50
16267,19,50
16268,19,50
16269,19,50
16270,19,50
16271,19,50
16272,19,49
16273,19,47
16274,19,46
16275,19,46
16276,19,46
16277,19,46
16278,19,46
16279,19,46
16280,19,47
16281,19,47
16282,19,47
16283,19,47
16284,19,47
16285,19,47
16286,19,48
16287,19,48
16288,19,47
16289,19,46
16290,19,46
16291,19,47
16292,19,47
16293,20,47
16294,20,47
16295,20,47
16296,20,46
16297,20,45
16298,20,45
16299,20,45
16301,20,45
16302,20,45
16303,20,45
16304,20,46
16305,20,44
16306,20,44
16307,20,43
16308,20,43
16309,20,43
16310,20,43
16311,20,44
16312,20,44
16313,20,44
16314,20,44
16315,20,44
16316,20,44
16317,20,45
16318,20,45
16319,21,45
16320,21,44
16321,21,47
16322,21,46
16323,21,46
16324,21,45
16325,21,44
16326,21,43
16327,21,44
16328,21,44
16329,21,44
16330,21,43
16331,21,44
16332,21,44
16333,21,44
16334,21,44
16335,21,45
16336,21,44
16337,21,44
16338,22,43
16339,22,43
16340,22,43
16341,22,44
16342,22,44
16343,22,43
16344,22,43
16345,22,43
16346,22,43
16347,22,43
16348,22,43
16349,22,43
16350,22,41
16351,22,41
16352,22,41
16353,22,42
16354,22,42
16355,22,42
16356,22,41
16357,22,41
16358,22,41
16359,22,41
16360,22,41
16361,22,41
16362,22,41
16363,22,43
16364,22,44
16365,22,44
16366,22,45
16367,22,45
16368,22,45
16369,23,44
16370,23,43
16371,23,43
16372,23,43
16373,23,44
